bootstrap_id,hazard_mode,agent,half_boundary,right_censored,monotonicity_violations
0,lethal,expected_sarsa,,True,0
1,lethal,expected_sarsa,,True,0
2,lethal,expected_sarsa,,True,0
3,lethal,expected_sarsa,,True,0
4,lethal,expected_sarsa,,True,0
5,lethal,expected_sarsa,,True,0
6,lethal,expected_sarsa,,True,0
7,lethal,expected_sarsa,,True,0
8,lethal,expected_sarsa,,True,0
9,lethal,expected_sarsa,,True,0
10,lethal,expected_sarsa,,True,0
11,lethal,expected_sarsa,,True,0
12,lethal,expected_sarsa,,True,0
13,lethal,expected_sarsa,,True,0
14,lethal,expected_sarsa,,True,0
15,lethal,expected_sarsa,,True,0
16,lethal,expected_sarsa,,True,0
17,lethal,expected_sarsa,,True,0
18,lethal,expected_sarsa,,True,0
19,lethal,expected_sarsa,,True,0
20,lethal,expected_sarsa,,True,0
21,lethal,expected_sarsa,,True,0
22,lethal,expected_sarsa,,True,0
23,lethal,expected_sarsa,,True,0
24,lethal,expected_sarsa,,True,0
25,lethal,expected_sarsa,,True,0
26,lethal,expected_sarsa,,True,0
27,lethal,expected_sarsa,,True,0
28,lethal,expected_sarsa,,True,0
29,lethal,expected_sarsa,,True,0
30,lethal,expected_sarsa,,True,0
31,lethal,expected_sarsa,,True,0
32,lethal,expected_sarsa,,True,0
33,lethal,expected_sarsa,,True,0
34,lethal,expected_sarsa,,True,0
35,lethal,expected_sarsa,,True,0
36,lethal,expected_sarsa,,True,0
37,lethal,expected_sarsa,,True,0
38,lethal,expected_sarsa,,True,0
39,lethal,expected_sarsa,,True,0
40,lethal,expected_sarsa,,True,0
41,lethal,expected_sarsa,,True,0
42,lethal,expected_sarsa,,True,0
43,lethal,expected_sarsa,,True,0
44,lethal,expected_sarsa,,True,0
45,lethal,expected_sarsa,,True,0
46,lethal,expected_sarsa,,True,0
47,lethal,expected_sarsa,,True,0
48,lethal,expected_sarsa,,True,0
49,lethal,expected_sarsa,,True,0
50,lethal,expected_sarsa,,True,0
51,lethal,expected_sarsa,,True,0
52,lethal,expected_sarsa,,True,0
53,lethal,expected_sarsa,,True,0
54,lethal,expected_sarsa,,True,0
55,lethal,expected_sarsa,,True,0
56,lethal,expected_sarsa,,True,0
57,lethal,expected_sarsa,,True,0
58,lethal,expected_sarsa,,True,0
59,lethal,expected_sarsa,,True,0
60,lethal,expected_sarsa,,True,0
61,lethal,expected_sarsa,,True,0
62,lethal,expected_sarsa,,True,0
63,lethal,expected_sarsa,,True,0
64,lethal,expected_sarsa,,True,0
65,lethal,expected_sarsa,,True,0
66,lethal,expected_sarsa,,True,0
67,lethal,expected_sarsa,,True,0
68,lethal,expected_sarsa,,True,0
69,lethal,expected_sarsa,,True,0
70,lethal,expected_sarsa,,True,0
71,lethal,expected_sarsa,,True,0
72,lethal,expected_sarsa,,True,0
73,lethal,expected_sarsa,,True,0
74,lethal,expected_sarsa,,True,0
75,lethal,expected_sarsa,,True,0
76,lethal,expected_sarsa,,True,0
77,lethal,expected_sarsa,,True,0
78,lethal,expected_sarsa,,True,0
79,lethal,expected_sarsa,,True,0
80,lethal,expected_sarsa,,True,0
81,lethal,expected_sarsa,,True,0
82,lethal,expected_sarsa,,True,0
83,lethal,expected_sarsa,,True,0
84,lethal,expected_sarsa,,True,0
85,lethal,expected_sarsa,,True,0
86,lethal,expected_sarsa,,True,0
87,lethal,expected_sarsa,,True,0
88,lethal,expected_sarsa,,True,0
89,lethal,expected_sarsa,,True,0
90,lethal,expected_sarsa,,True,0
91,lethal,expected_sarsa,,True,0
92,lethal,expected_sarsa,,True,0
93,lethal,expected_sarsa,,True,0
94,lethal,expected_sarsa,,True,0
95,lethal,expected_sarsa,,True,0
96,lethal,expected_sarsa,,True,0
97,lethal,expected_sarsa,,True,0
98,lethal,expected_sarsa,,True,0
99,lethal,expected_sarsa,,True,0
100,lethal,expected_sarsa,,True,0
101,lethal,expected_sarsa,,True,0
102,lethal,expected_sarsa,,True,0
103,lethal,expected_sarsa,,True,0
104,lethal,expected_sarsa,,True,0
105,lethal,expected_sarsa,,True,0
106,lethal,expected_sarsa,,True,0
107,lethal,expected_sarsa,,True,0
108,lethal,expected_sarsa,,True,0
109,lethal,expected_sarsa,,True,0
110,lethal,expected_sarsa,,True,0
111,lethal,expected_sarsa,,True,0
112,lethal,expected_sarsa,,True,0
113,lethal,expected_sarsa,,True,0
114,lethal,expected_sarsa,,True,0
115,lethal,expected_sarsa,,True,0
116,lethal,expected_sarsa,,True,0
117,lethal,expected_sarsa,,True,0
118,lethal,expected_sarsa,,True,0
119,lethal,expected_sarsa,,True,0
120,lethal,expected_sarsa,,True,0
121,lethal,expected_sarsa,,True,0
122,lethal,expected_sarsa,,True,0
123,lethal,expected_sarsa,,True,0
124,lethal,expected_sarsa,,True,0
125,lethal,expected_sarsa,,True,0
126,lethal,expected_sarsa,,True,0
127,lethal,expected_sarsa,,True,0
128,lethal,expected_sarsa,,True,0
129,lethal,expected_sarsa,,True,0
130,lethal,expected_sarsa,,True,0
131,lethal,expected_sarsa,,True,0
132,lethal,expected_sarsa,,True,0
133,lethal,expected_sarsa,,True,0
134,lethal,expected_sarsa,,True,0
135,lethal,expected_sarsa,,True,0
136,lethal,expected_sarsa,,True,0
137,lethal,expected_sarsa,,True,0
138,lethal,expected_sarsa,,True,0
139,lethal,expected_sarsa,,True,0
140,lethal,expected_sarsa,,True,0
141,lethal,expected_sarsa,,True,0
142,lethal,expected_sarsa,,True,0
143,lethal,expected_sarsa,,True,0
144,lethal,expected_sarsa,,True,0
145,lethal,expected_sarsa,,True,0
146,lethal,expected_sarsa,,True,0
147,lethal,expected_sarsa,,True,0
148,lethal,expected_sarsa,,True,0
149,lethal,expected_sarsa,,True,0
150,lethal,expected_sarsa,,True,0
151,lethal,expected_sarsa,,True,0
152,lethal,expected_sarsa,,True,0
153,lethal,expected_sarsa,,True,0
154,lethal,expected_sarsa,,True,0
155,lethal,expected_sarsa,,True,0
156,lethal,expected_sarsa,,True,0
157,lethal,expected_sarsa,,True,0
158,lethal,expected_sarsa,,True,0
159,lethal,expected_sarsa,,True,0
160,lethal,expected_sarsa,,True,0
161,lethal,expected_sarsa,,True,0
162,lethal,expected_sarsa,,True,0
163,lethal,expected_sarsa,,True,0
164,lethal,expected_sarsa,,True,0
165,lethal,expected_sarsa,,True,0
166,lethal,expected_sarsa,,True,0
167,lethal,expected_sarsa,,True,0
168,lethal,expected_sarsa,,True,0
169,lethal,expected_sarsa,,True,0
170,lethal,expected_sarsa,,True,0
171,lethal,expected_sarsa,,True,0
172,lethal,expected_sarsa,,True,0
173,lethal,expected_sarsa,,True,0
174,lethal,expected_sarsa,,True,0
175,lethal,expected_sarsa,,True,0
176,lethal,expected_sarsa,,True,0
177,lethal,expected_sarsa,,True,0
178,lethal,expected_sarsa,,True,0
179,lethal,expected_sarsa,,True,0
180,lethal,expected_sarsa,,True,0
181,lethal,expected_sarsa,,True,0
182,lethal,expected_sarsa,,True,0
183,lethal,expected_sarsa,,True,0
184,lethal,expected_sarsa,,True,0
185,lethal,expected_sarsa,,True,0
186,lethal,expected_sarsa,,True,0
187,lethal,expected_sarsa,,True,0
188,lethal,expected_sarsa,,True,0
189,lethal,expected_sarsa,,True,0
190,lethal,expected_sarsa,,True,0
191,lethal,expected_sarsa,,True,0
192,lethal,expected_sarsa,,True,0
193,lethal,expected_sarsa,,True,0
194,lethal,expected_sarsa,,True,0
195,lethal,expected_sarsa,,True,0
196,lethal,expected_sarsa,,True,0
197,lethal,expected_sarsa,,True,0
198,lethal,expected_sarsa,,True,0
199,lethal,expected_sarsa,,True,0
200,lethal,expected_sarsa,,True,0
201,lethal,expected_sarsa,,True,0
202,lethal,expected_sarsa,,True,0
203,lethal,expected_sarsa,,True,0
204,lethal,expected_sarsa,,True,0
205,lethal,expected_sarsa,,True,0
206,lethal,expected_sarsa,,True,0
207,lethal,expected_sarsa,,True,0
208,lethal,expected_sarsa,,True,0
209,lethal,expected_sarsa,,True,0
210,lethal,expected_sarsa,,True,0
211,lethal,expected_sarsa,,True,0
212,lethal,expected_sarsa,,True,0
213,lethal,expected_sarsa,,True,0
214,lethal,expected_sarsa,,True,0
215,lethal,expected_sarsa,,True,0
216,lethal,expected_sarsa,,True,0
217,lethal,expected_sarsa,,True,0
218,lethal,expected_sarsa,,True,0
219,lethal,expected_sarsa,,True,0
220,lethal,expected_sarsa,,True,0
221,lethal,expected_sarsa,,True,0
222,lethal,expected_sarsa,,True,0
223,lethal,expected_sarsa,,True,0
224,lethal,expected_sarsa,,True,0
225,lethal,expected_sarsa,,True,0
226,lethal,expected_sarsa,,True,0
227,lethal,expected_sarsa,,True,0
228,lethal,expected_sarsa,,True,0
229,lethal,expected_sarsa,,True,0
230,lethal,expected_sarsa,,True,0
231,lethal,expected_sarsa,,True,0
232,lethal,expected_sarsa,,True,0
233,lethal,expected_sarsa,,True,0
234,lethal,expected_sarsa,,True,0
235,lethal,expected_sarsa,,True,0
236,lethal,expected_sarsa,,True,0
237,lethal,expected_sarsa,,True,0
238,lethal,expected_sarsa,,True,0
239,lethal,expected_sarsa,,True,0
240,lethal,expected_sarsa,,True,0
241,lethal,expected_sarsa,,True,0
242,lethal,expected_sarsa,,True,0
243,lethal,expected_sarsa,,True,0
244,lethal,expected_sarsa,,True,0
245,lethal,expected_sarsa,,True,0
246,lethal,expected_sarsa,,True,0
247,lethal,expected_sarsa,,True,0
248,lethal,expected_sarsa,,True,0
249,lethal,expected_sarsa,,True,0
250,lethal,expected_sarsa,,True,0
251,lethal,expected_sarsa,,True,0
252,lethal,expected_sarsa,,True,0
253,lethal,expected_sarsa,,True,0
254,lethal,expected_sarsa,,True,0
255,lethal,expected_sarsa,,True,0
256,lethal,expected_sarsa,,True,0
257,lethal,expected_sarsa,,True,0
258,lethal,expected_sarsa,,True,0
259,lethal,expected_sarsa,,True,0
260,lethal,expected_sarsa,,True,0
261,lethal,expected_sarsa,,True,0
262,lethal,expected_sarsa,,True,0
263,lethal,expected_sarsa,,True,0
264,lethal,expected_sarsa,,True,0
265,lethal,expected_sarsa,,True,0
266,lethal,expected_sarsa,,True,0
267,lethal,expected_sarsa,,True,0
268,lethal,expected_sarsa,,True,0
269,lethal,expected_sarsa,,True,0
270,lethal,expected_sarsa,,True,0
271,lethal,expected_sarsa,,True,0
272,lethal,expected_sarsa,,True,0
273,lethal,expected_sarsa,,True,0
274,lethal,expected_sarsa,,True,0
275,lethal,expected_sarsa,,True,0
276,lethal,expected_sarsa,,True,0
277,lethal,expected_sarsa,,True,0
278,lethal,expected_sarsa,,True,0
279,lethal,expected_sarsa,,True,0
280,lethal,expected_sarsa,,True,0
281,lethal,expected_sarsa,,True,0
282,lethal,expected_sarsa,,True,0
283,lethal,expected_sarsa,,True,0
284,lethal,expected_sarsa,,True,0
285,lethal,expected_sarsa,,True,0
286,lethal,expected_sarsa,,True,0
287,lethal,expected_sarsa,,True,0
288,lethal,expected_sarsa,,True,0
289,lethal,expected_sarsa,,True,0
290,lethal,expected_sarsa,,True,0
291,lethal,expected_sarsa,,True,0
292,lethal,expected_sarsa,,True,0
293,lethal,expected_sarsa,,True,0
294,lethal,expected_sarsa,,True,0
295,lethal,expected_sarsa,,True,0
296,lethal,expected_sarsa,,True,0
297,lethal,expected_sarsa,,True,0
298,lethal,expected_sarsa,,True,0
299,lethal,expected_sarsa,,True,0
300,lethal,expected_sarsa,,True,0
301,lethal,expected_sarsa,,True,0
302,lethal,expected_sarsa,,True,0
303,lethal,expected_sarsa,,True,0
304,lethal,expected_sarsa,,True,0
305,lethal,expected_sarsa,,True,0
306,lethal,expected_sarsa,,True,0
307,lethal,expected_sarsa,,True,0
308,lethal,expected_sarsa,,True,0
309,lethal,expected_sarsa,,True,0
310,lethal,expected_sarsa,,True,0
311,lethal,expected_sarsa,,True,0
312,lethal,expected_sarsa,,True,0
313,lethal,expected_sarsa,,True,0
314,lethal,expected_sarsa,,True,0
315,lethal,expected_sarsa,,True,0
316,lethal,expected_sarsa,,True,0
317,lethal,expected_sarsa,,True,0
318,lethal,expected_sarsa,,True,0
319,lethal,expected_sarsa,,True,0
320,lethal,expected_sarsa,,True,0
321,lethal,expected_sarsa,,True,0
322,lethal,expected_sarsa,,True,0
323,lethal,expected_sarsa,,True,0
324,lethal,expected_sarsa,,True,0
325,lethal,expected_sarsa,,True,0
326,lethal,expected_sarsa,,True,0
327,lethal,expected_sarsa,,True,0
328,lethal,expected_sarsa,,True,0
329,lethal,expected_sarsa,,True,0
330,lethal,expected_sarsa,,True,0
331,lethal,expected_sarsa,,True,0
332,lethal,expected_sarsa,,True,0
333,lethal,expected_sarsa,,True,0
334,lethal,expected_sarsa,,True,0
335,lethal,expected_sarsa,,True,0
336,lethal,expected_sarsa,,True,0
337,lethal,expected_sarsa,,True,0
338,lethal,expected_sarsa,,True,0
339,lethal,expected_sarsa,,True,0
340,lethal,expected_sarsa,,True,0
341,lethal,expected_sarsa,,True,0
342,lethal,expected_sarsa,,True,0
343,lethal,expected_sarsa,,True,0
344,lethal,expected_sarsa,,True,0
345,lethal,expected_sarsa,,True,0
346,lethal,expected_sarsa,,True,0
347,lethal,expected_sarsa,,True,0
348,lethal,expected_sarsa,,True,0
349,lethal,expected_sarsa,,True,0
350,lethal,expected_sarsa,,True,0
351,lethal,expected_sarsa,,True,0
352,lethal,expected_sarsa,,True,0
353,lethal,expected_sarsa,,True,0
354,lethal,expected_sarsa,,True,0
355,lethal,expected_sarsa,,True,0
356,lethal,expected_sarsa,,True,0
357,lethal,expected_sarsa,,True,0
358,lethal,expected_sarsa,,True,0
359,lethal,expected_sarsa,,True,0
360,lethal,expected_sarsa,,True,0
361,lethal,expected_sarsa,,True,0
362,lethal,expected_sarsa,,True,0
363,lethal,expected_sarsa,,True,0
364,lethal,expected_sarsa,,True,0
365,lethal,expected_sarsa,,True,0
366,lethal,expected_sarsa,,True,0
367,lethal,expected_sarsa,,True,0
368,lethal,expected_sarsa,,True,0
369,lethal,expected_sarsa,,True,0
370,lethal,expected_sarsa,,True,0
371,lethal,expected_sarsa,,True,0
372,lethal,expected_sarsa,,True,0
373,lethal,expected_sarsa,,True,0
374,lethal,expected_sarsa,,True,0
375,lethal,expected_sarsa,,True,0
376,lethal,expected_sarsa,,True,0
377,lethal,expected_sarsa,,True,0
378,lethal,expected_sarsa,,True,0
379,lethal,expected_sarsa,,True,0
380,lethal,expected_sarsa,,True,0
381,lethal,expected_sarsa,,True,0
382,lethal,expected_sarsa,,True,0
383,lethal,expected_sarsa,,True,0
384,lethal,expected_sarsa,,True,0
385,lethal,expected_sarsa,,True,0
386,lethal,expected_sarsa,,True,0
387,lethal,expected_sarsa,,True,0
388,lethal,expected_sarsa,,True,0
389,lethal,expected_sarsa,,True,0
390,lethal,expected_sarsa,,True,0
391,lethal,expected_sarsa,,True,0
392,lethal,expected_sarsa,,True,0
393,lethal,expected_sarsa,,True,0
394,lethal,expected_sarsa,,True,0
395,lethal,expected_sarsa,,True,0
396,lethal,expected_sarsa,,True,0
397,lethal,expected_sarsa,,True,0
398,lethal,expected_sarsa,,True,0
399,lethal,expected_sarsa,,True,0
400,lethal,expected_sarsa,,True,0
401,lethal,expected_sarsa,,True,0
402,lethal,expected_sarsa,,True,0
403,lethal,expected_sarsa,,True,0
404,lethal,expected_sarsa,,True,0
405,lethal,expected_sarsa,,True,0
406,lethal,expected_sarsa,,True,0
407,lethal,expected_sarsa,,True,0
408,lethal,expected_sarsa,,True,0
409,lethal,expected_sarsa,,True,0
410,lethal,expected_sarsa,,True,0
411,lethal,expected_sarsa,,True,0
412,lethal,expected_sarsa,,True,0
413,lethal,expected_sarsa,,True,0
414,lethal,expected_sarsa,,True,0
415,lethal,expected_sarsa,,True,0
416,lethal,expected_sarsa,,True,0
417,lethal,expected_sarsa,,True,0
418,lethal,expected_sarsa,,True,0
419,lethal,expected_sarsa,,True,0
420,lethal,expected_sarsa,,True,0
421,lethal,expected_sarsa,,True,0
422,lethal,expected_sarsa,,True,0
423,lethal,expected_sarsa,,True,0
424,lethal,expected_sarsa,,True,0
425,lethal,expected_sarsa,,True,0
426,lethal,expected_sarsa,,True,0
427,lethal,expected_sarsa,,True,0
428,lethal,expected_sarsa,,True,0
429,lethal,expected_sarsa,,True,0
430,lethal,expected_sarsa,,True,0
431,lethal,expected_sarsa,,True,0
432,lethal,expected_sarsa,,True,0
433,lethal,expected_sarsa,,True,0
434,lethal,expected_sarsa,,True,0
435,lethal,expected_sarsa,,True,0
436,lethal,expected_sarsa,,True,0
437,lethal,expected_sarsa,,True,0
438,lethal,expected_sarsa,,True,0
439,lethal,expected_sarsa,,True,0
440,lethal,expected_sarsa,,True,0
441,lethal,expected_sarsa,,True,0
442,lethal,expected_sarsa,,True,0
443,lethal,expected_sarsa,,True,0
444,lethal,expected_sarsa,,True,0
445,lethal,expected_sarsa,,True,0
446,lethal,expected_sarsa,,True,0
447,lethal,expected_sarsa,,True,0
448,lethal,expected_sarsa,,True,0
449,lethal,expected_sarsa,,True,0
450,lethal,expected_sarsa,,True,0
451,lethal,expected_sarsa,,True,0
452,lethal,expected_sarsa,,True,0
453,lethal,expected_sarsa,,True,0
454,lethal,expected_sarsa,,True,0
455,lethal,expected_sarsa,,True,0
456,lethal,expected_sarsa,,True,0
457,lethal,expected_sarsa,,True,0
458,lethal,expected_sarsa,,True,0
459,lethal,expected_sarsa,,True,0
460,lethal,expected_sarsa,,True,0
461,lethal,expected_sarsa,,True,0
462,lethal,expected_sarsa,,True,0
463,lethal,expected_sarsa,,True,0
464,lethal,expected_sarsa,,True,0
465,lethal,expected_sarsa,,True,0
466,lethal,expected_sarsa,,True,0
467,lethal,expected_sarsa,,True,0
468,lethal,expected_sarsa,,True,0
469,lethal,expected_sarsa,,True,0
470,lethal,expected_sarsa,,True,0
471,lethal,expected_sarsa,,True,0
472,lethal,expected_sarsa,,True,0
473,lethal,expected_sarsa,,True,0
474,lethal,expected_sarsa,,True,0
475,lethal,expected_sarsa,,True,0
476,lethal,expected_sarsa,,True,0
477,lethal,expected_sarsa,,True,0
478,lethal,expected_sarsa,,True,0
479,lethal,expected_sarsa,,True,0
480,lethal,expected_sarsa,,True,0
481,lethal,expected_sarsa,,True,0
482,lethal,expected_sarsa,,True,0
483,lethal,expected_sarsa,,True,0
484,lethal,expected_sarsa,,True,0
485,lethal,expected_sarsa,,True,0
486,lethal,expected_sarsa,,True,0
487,lethal,expected_sarsa,,True,0
488,lethal,expected_sarsa,,True,0
489,lethal,expected_sarsa,,True,0
490,lethal,expected_sarsa,,True,0
491,lethal,expected_sarsa,,True,0
492,lethal,expected_sarsa,,True,0
493,lethal,expected_sarsa,,True,0
494,lethal,expected_sarsa,,True,0
495,lethal,expected_sarsa,,True,0
496,lethal,expected_sarsa,,True,0
497,lethal,expected_sarsa,,True,0
498,lethal,expected_sarsa,,True,0
499,lethal,expected_sarsa,,True,0
500,lethal,expected_sarsa,,True,0
501,lethal,expected_sarsa,,True,0
502,lethal,expected_sarsa,,True,0
503,lethal,expected_sarsa,,True,0
504,lethal,expected_sarsa,,True,0
505,lethal,expected_sarsa,,True,0
506,lethal,expected_sarsa,,True,0
507,lethal,expected_sarsa,,True,0
508,lethal,expected_sarsa,,True,0
509,lethal,expected_sarsa,,True,0
510,lethal,expected_sarsa,,True,0
511,lethal,expected_sarsa,,True,0
512,lethal,expected_sarsa,,True,0
513,lethal,expected_sarsa,,True,0
514,lethal,expected_sarsa,,True,0
515,lethal,expected_sarsa,,True,0
516,lethal,expected_sarsa,,True,0
517,lethal,expected_sarsa,,True,0
518,lethal,expected_sarsa,,True,0
519,lethal,expected_sarsa,,True,0
520,lethal,expected_sarsa,,True,0
521,lethal,expected_sarsa,,True,0
522,lethal,expected_sarsa,,True,0
523,lethal,expected_sarsa,,True,0
524,lethal,expected_sarsa,,True,0
525,lethal,expected_sarsa,,True,0
526,lethal,expected_sarsa,,True,0
527,lethal,expected_sarsa,,True,0
528,lethal,expected_sarsa,,True,0
529,lethal,expected_sarsa,,True,0
530,lethal,expected_sarsa,,True,0
531,lethal,expected_sarsa,,True,0
532,lethal,expected_sarsa,,True,0
533,lethal,expected_sarsa,,True,0
534,lethal,expected_sarsa,,True,0
535,lethal,expected_sarsa,,True,0
536,lethal,expected_sarsa,,True,0
537,lethal,expected_sarsa,,True,0
538,lethal,expected_sarsa,,True,0
539,lethal,expected_sarsa,,True,0
540,lethal,expected_sarsa,,True,0
541,lethal,expected_sarsa,,True,0
542,lethal,expected_sarsa,,True,0
543,lethal,expected_sarsa,,True,0
544,lethal,expected_sarsa,,True,0
545,lethal,expected_sarsa,,True,0
546,lethal,expected_sarsa,,True,0
547,lethal,expected_sarsa,,True,0
548,lethal,expected_sarsa,,True,0
549,lethal,expected_sarsa,,True,0
550,lethal,expected_sarsa,,True,0
551,lethal,expected_sarsa,,True,0
552,lethal,expected_sarsa,,True,0
553,lethal,expected_sarsa,,True,0
554,lethal,expected_sarsa,,True,0
555,lethal,expected_sarsa,,True,0
556,lethal,expected_sarsa,,True,0
557,lethal,expected_sarsa,,True,0
558,lethal,expected_sarsa,,True,0
559,lethal,expected_sarsa,,True,0
560,lethal,expected_sarsa,,True,0
561,lethal,expected_sarsa,,True,0
562,lethal,expected_sarsa,,True,0
563,lethal,expected_sarsa,,True,0
564,lethal,expected_sarsa,,True,0
565,lethal,expected_sarsa,,True,0
566,lethal,expected_sarsa,,True,0
567,lethal,expected_sarsa,,True,0
568,lethal,expected_sarsa,,True,0
569,lethal,expected_sarsa,,True,0
570,lethal,expected_sarsa,,True,0
571,lethal,expected_sarsa,,True,0
572,lethal,expected_sarsa,,True,0
573,lethal,expected_sarsa,,True,0
574,lethal,expected_sarsa,,True,0
575,lethal,expected_sarsa,,True,0
576,lethal,expected_sarsa,,True,0
577,lethal,expected_sarsa,,True,0
578,lethal,expected_sarsa,,True,0
579,lethal,expected_sarsa,,True,0
580,lethal,expected_sarsa,,True,0
581,lethal,expected_sarsa,,True,0
582,lethal,expected_sarsa,,True,0
583,lethal,expected_sarsa,,True,0
584,lethal,expected_sarsa,,True,0
585,lethal,expected_sarsa,,True,0
586,lethal,expected_sarsa,,True,0
587,lethal,expected_sarsa,,True,0
588,lethal,expected_sarsa,,True,0
589,lethal,expected_sarsa,,True,0
590,lethal,expected_sarsa,,True,0
591,lethal,expected_sarsa,,True,0
592,lethal,expected_sarsa,,True,0
593,lethal,expected_sarsa,,True,0
594,lethal,expected_sarsa,,True,0
595,lethal,expected_sarsa,,True,0
596,lethal,expected_sarsa,,True,0
597,lethal,expected_sarsa,,True,0
598,lethal,expected_sarsa,,True,0
599,lethal,expected_sarsa,,True,0
600,lethal,expected_sarsa,,True,0
601,lethal,expected_sarsa,,True,0
602,lethal,expected_sarsa,,True,0
603,lethal,expected_sarsa,,True,0
604,lethal,expected_sarsa,,True,0
605,lethal,expected_sarsa,,True,0
606,lethal,expected_sarsa,,True,0
607,lethal,expected_sarsa,,True,0
608,lethal,expected_sarsa,,True,0
609,lethal,expected_sarsa,,True,0
610,lethal,expected_sarsa,,True,0
611,lethal,expected_sarsa,,True,0
612,lethal,expected_sarsa,,True,0
613,lethal,expected_sarsa,,True,0
614,lethal,expected_sarsa,,True,0
615,lethal,expected_sarsa,,True,0
616,lethal,expected_sarsa,,True,0
617,lethal,expected_sarsa,,True,0
618,lethal,expected_sarsa,,True,0
619,lethal,expected_sarsa,,True,0
620,lethal,expected_sarsa,,True,0
621,lethal,expected_sarsa,,True,0
622,lethal,expected_sarsa,,True,0
623,lethal,expected_sarsa,,True,0
624,lethal,expected_sarsa,,True,0
625,lethal,expected_sarsa,,True,0
626,lethal,expected_sarsa,,True,0
627,lethal,expected_sarsa,,True,0
628,lethal,expected_sarsa,,True,0
629,lethal,expected_sarsa,,True,0
630,lethal,expected_sarsa,,True,0
631,lethal,expected_sarsa,,True,0
632,lethal,expected_sarsa,,True,0
633,lethal,expected_sarsa,,True,0
634,lethal,expected_sarsa,,True,0
635,lethal,expected_sarsa,,True,0
636,lethal,expected_sarsa,,True,0
637,lethal,expected_sarsa,,True,0
638,lethal,expected_sarsa,,True,0
639,lethal,expected_sarsa,,True,0
640,lethal,expected_sarsa,,True,0
641,lethal,expected_sarsa,,True,0
642,lethal,expected_sarsa,,True,0
643,lethal,expected_sarsa,,True,0
644,lethal,expected_sarsa,,True,0
645,lethal,expected_sarsa,,True,0
646,lethal,expected_sarsa,,True,0
647,lethal,expected_sarsa,,True,0
648,lethal,expected_sarsa,,True,0
649,lethal,expected_sarsa,,True,0
650,lethal,expected_sarsa,,True,0
651,lethal,expected_sarsa,,True,0
652,lethal,expected_sarsa,,True,0
653,lethal,expected_sarsa,,True,0
654,lethal,expected_sarsa,,True,0
655,lethal,expected_sarsa,,True,0
656,lethal,expected_sarsa,,True,0
657,lethal,expected_sarsa,,True,0
658,lethal,expected_sarsa,,True,0
659,lethal,expected_sarsa,,True,0
660,lethal,expected_sarsa,,True,0
661,lethal,expected_sarsa,,True,0
662,lethal,expected_sarsa,,True,0
663,lethal,expected_sarsa,,True,0
664,lethal,expected_sarsa,,True,0
665,lethal,expected_sarsa,,True,0
666,lethal,expected_sarsa,,True,0
667,lethal,expected_sarsa,,True,0
668,lethal,expected_sarsa,,True,0
669,lethal,expected_sarsa,,True,0
670,lethal,expected_sarsa,,True,0
671,lethal,expected_sarsa,,True,0
672,lethal,expected_sarsa,,True,0
673,lethal,expected_sarsa,,True,0
674,lethal,expected_sarsa,,True,0
675,lethal,expected_sarsa,,True,0
676,lethal,expected_sarsa,,True,0
677,lethal,expected_sarsa,,True,0
678,lethal,expected_sarsa,,True,0
679,lethal,expected_sarsa,,True,0
680,lethal,expected_sarsa,,True,0
681,lethal,expected_sarsa,,True,0
682,lethal,expected_sarsa,,True,0
683,lethal,expected_sarsa,,True,0
684,lethal,expected_sarsa,,True,0
685,lethal,expected_sarsa,,True,0
686,lethal,expected_sarsa,,True,0
687,lethal,expected_sarsa,,True,0
688,lethal,expected_sarsa,,True,0
689,lethal,expected_sarsa,,True,0
690,lethal,expected_sarsa,,True,0
691,lethal,expected_sarsa,,True,0
692,lethal,expected_sarsa,,True,0
693,lethal,expected_sarsa,,True,0
694,lethal,expected_sarsa,,True,0
695,lethal,expected_sarsa,,True,0
696,lethal,expected_sarsa,,True,0
697,lethal,expected_sarsa,,True,0
698,lethal,expected_sarsa,,True,0
699,lethal,expected_sarsa,,True,0
700,lethal,expected_sarsa,,True,0
701,lethal,expected_sarsa,,True,0
702,lethal,expected_sarsa,,True,0
703,lethal,expected_sarsa,,True,0
704,lethal,expected_sarsa,,True,0
705,lethal,expected_sarsa,,True,0
706,lethal,expected_sarsa,,True,0
707,lethal,expected_sarsa,,True,0
708,lethal,expected_sarsa,,True,0
709,lethal,expected_sarsa,,True,0
710,lethal,expected_sarsa,,True,0
711,lethal,expected_sarsa,,True,0
712,lethal,expected_sarsa,,True,0
713,lethal,expected_sarsa,,True,0
714,lethal,expected_sarsa,,True,0
715,lethal,expected_sarsa,,True,0
716,lethal,expected_sarsa,,True,0
717,lethal,expected_sarsa,,True,0
718,lethal,expected_sarsa,,True,0
719,lethal,expected_sarsa,,True,0
720,lethal,expected_sarsa,,True,0
721,lethal,expected_sarsa,,True,0
722,lethal,expected_sarsa,,True,0
723,lethal,expected_sarsa,,True,0
724,lethal,expected_sarsa,,True,0
725,lethal,expected_sarsa,,True,0
726,lethal,expected_sarsa,,True,0
727,lethal,expected_sarsa,,True,0
728,lethal,expected_sarsa,,True,0
729,lethal,expected_sarsa,,True,0
730,lethal,expected_sarsa,,True,0
731,lethal,expected_sarsa,,True,0
732,lethal,expected_sarsa,,True,0
733,lethal,expected_sarsa,,True,0
734,lethal,expected_sarsa,,True,0
735,lethal,expected_sarsa,,True,0
736,lethal,expected_sarsa,,True,0
737,lethal,expected_sarsa,,True,0
738,lethal,expected_sarsa,,True,0
739,lethal,expected_sarsa,,True,0
740,lethal,expected_sarsa,,True,0
741,lethal,expected_sarsa,,True,0
742,lethal,expected_sarsa,,True,0
743,lethal,expected_sarsa,,True,0
744,lethal,expected_sarsa,,True,0
745,lethal,expected_sarsa,,True,0
746,lethal,expected_sarsa,,True,0
747,lethal,expected_sarsa,,True,0
748,lethal,expected_sarsa,,True,0
749,lethal,expected_sarsa,,True,0
750,lethal,expected_sarsa,,True,0
751,lethal,expected_sarsa,,True,0
752,lethal,expected_sarsa,,True,0
753,lethal,expected_sarsa,,True,0
754,lethal,expected_sarsa,,True,0
755,lethal,expected_sarsa,,True,0
756,lethal,expected_sarsa,,True,0
757,lethal,expected_sarsa,,True,0
758,lethal,expected_sarsa,,True,0
759,lethal,expected_sarsa,,True,0
760,lethal,expected_sarsa,,True,0
761,lethal,expected_sarsa,,True,0
762,lethal,expected_sarsa,,True,0
763,lethal,expected_sarsa,,True,0
764,lethal,expected_sarsa,,True,0
765,lethal,expected_sarsa,,True,0
766,lethal,expected_sarsa,,True,0
767,lethal,expected_sarsa,,True,0
768,lethal,expected_sarsa,,True,0
769,lethal,expected_sarsa,,True,0
770,lethal,expected_sarsa,,True,0
771,lethal,expected_sarsa,,True,0
772,lethal,expected_sarsa,,True,0
773,lethal,expected_sarsa,,True,0
774,lethal,expected_sarsa,,True,0
775,lethal,expected_sarsa,,True,0
776,lethal,expected_sarsa,,True,0
777,lethal,expected_sarsa,,True,0
778,lethal,expected_sarsa,,True,0
779,lethal,expected_sarsa,,True,0
780,lethal,expected_sarsa,,True,0
781,lethal,expected_sarsa,,True,0
782,lethal,expected_sarsa,,True,0
783,lethal,expected_sarsa,,True,0
784,lethal,expected_sarsa,,True,0
785,lethal,expected_sarsa,,True,0
786,lethal,expected_sarsa,,True,0
787,lethal,expected_sarsa,,True,0
788,lethal,expected_sarsa,,True,0
789,lethal,expected_sarsa,,True,0
790,lethal,expected_sarsa,,True,0
791,lethal,expected_sarsa,,True,0
792,lethal,expected_sarsa,,True,0
793,lethal,expected_sarsa,,True,0
794,lethal,expected_sarsa,,True,0
795,lethal,expected_sarsa,,True,0
796,lethal,expected_sarsa,,True,0
797,lethal,expected_sarsa,,True,0
798,lethal,expected_sarsa,,True,0
799,lethal,expected_sarsa,,True,0
800,lethal,expected_sarsa,,True,0
801,lethal,expected_sarsa,,True,0
802,lethal,expected_sarsa,,True,0
803,lethal,expected_sarsa,,True,0
804,lethal,expected_sarsa,,True,0
805,lethal,expected_sarsa,,True,0
806,lethal,expected_sarsa,,True,0
807,lethal,expected_sarsa,,True,0
808,lethal,expected_sarsa,,True,0
809,lethal,expected_sarsa,,True,0
810,lethal,expected_sarsa,,True,0
811,lethal,expected_sarsa,,True,0
812,lethal,expected_sarsa,,True,0
813,lethal,expected_sarsa,,True,0
814,lethal,expected_sarsa,,True,0
815,lethal,expected_sarsa,,True,0
816,lethal,expected_sarsa,,True,0
817,lethal,expected_sarsa,,True,0
818,lethal,expected_sarsa,,True,0
819,lethal,expected_sarsa,,True,0
820,lethal,expected_sarsa,,True,0
821,lethal,expected_sarsa,,True,0
822,lethal,expected_sarsa,,True,0
823,lethal,expected_sarsa,,True,0
824,lethal,expected_sarsa,,True,0
825,lethal,expected_sarsa,,True,0
826,lethal,expected_sarsa,,True,0
827,lethal,expected_sarsa,,True,0
828,lethal,expected_sarsa,,True,0
829,lethal,expected_sarsa,,True,0
830,lethal,expected_sarsa,,True,0
831,lethal,expected_sarsa,,True,0
832,lethal,expected_sarsa,,True,0
833,lethal,expected_sarsa,,True,0
834,lethal,expected_sarsa,,True,0
835,lethal,expected_sarsa,,True,0
836,lethal,expected_sarsa,,True,0
837,lethal,expected_sarsa,,True,0
838,lethal,expected_sarsa,,True,0
839,lethal,expected_sarsa,,True,0
840,lethal,expected_sarsa,,True,0
841,lethal,expected_sarsa,,True,0
842,lethal,expected_sarsa,,True,0
843,lethal,expected_sarsa,,True,0
844,lethal,expected_sarsa,,True,0
845,lethal,expected_sarsa,,True,0
846,lethal,expected_sarsa,,True,0
847,lethal,expected_sarsa,,True,0
848,lethal,expected_sarsa,,True,0
849,lethal,expected_sarsa,,True,0
850,lethal,expected_sarsa,,True,0
851,lethal,expected_sarsa,,True,0
852,lethal,expected_sarsa,,True,0
853,lethal,expected_sarsa,,True,0
854,lethal,expected_sarsa,,True,0
855,lethal,expected_sarsa,,True,0
856,lethal,expected_sarsa,,True,0
857,lethal,expected_sarsa,,True,0
858,lethal,expected_sarsa,,True,0
859,lethal,expected_sarsa,,True,0
860,lethal,expected_sarsa,,True,0
861,lethal,expected_sarsa,,True,0
862,lethal,expected_sarsa,,True,0
863,lethal,expected_sarsa,,True,0
864,lethal,expected_sarsa,,True,0
865,lethal,expected_sarsa,,True,0
866,lethal,expected_sarsa,,True,0
867,lethal,expected_sarsa,,True,0
868,lethal,expected_sarsa,,True,0
869,lethal,expected_sarsa,,True,0
870,lethal,expected_sarsa,,True,0
871,lethal,expected_sarsa,,True,0
872,lethal,expected_sarsa,,True,0
873,lethal,expected_sarsa,,True,0
874,lethal,expected_sarsa,,True,0
875,lethal,expected_sarsa,,True,0
876,lethal,expected_sarsa,,True,0
877,lethal,expected_sarsa,,True,0
878,lethal,expected_sarsa,,True,0
879,lethal,expected_sarsa,,True,0
880,lethal,expected_sarsa,,True,0
881,lethal,expected_sarsa,,True,0
882,lethal,expected_sarsa,,True,0
883,lethal,expected_sarsa,,True,0
884,lethal,expected_sarsa,,True,0
885,lethal,expected_sarsa,,True,0
886,lethal,expected_sarsa,,True,0
887,lethal,expected_sarsa,,True,0
888,lethal,expected_sarsa,,True,0
889,lethal,expected_sarsa,,True,0
890,lethal,expected_sarsa,,True,0
891,lethal,expected_sarsa,,True,0
892,lethal,expected_sarsa,,True,0
893,lethal,expected_sarsa,,True,0
894,lethal,expected_sarsa,,True,0
895,lethal,expected_sarsa,,True,0
896,lethal,expected_sarsa,,True,0
897,lethal,expected_sarsa,,True,0
898,lethal,expected_sarsa,,True,0
899,lethal,expected_sarsa,,True,0
900,lethal,expected_sarsa,,True,0
901,lethal,expected_sarsa,,True,0
902,lethal,expected_sarsa,,True,0
903,lethal,expected_sarsa,,True,0
904,lethal,expected_sarsa,,True,0
905,lethal,expected_sarsa,,True,0
906,lethal,expected_sarsa,,True,0
907,lethal,expected_sarsa,,True,0
908,lethal,expected_sarsa,,True,0
909,lethal,expected_sarsa,,True,0
910,lethal,expected_sarsa,,True,0
911,lethal,expected_sarsa,,True,0
912,lethal,expected_sarsa,,True,0
913,lethal,expected_sarsa,,True,0
914,lethal,expected_sarsa,,True,0
915,lethal,expected_sarsa,,True,0
916,lethal,expected_sarsa,,True,0
917,lethal,expected_sarsa,,True,0
918,lethal,expected_sarsa,,True,0
919,lethal,expected_sarsa,,True,0
920,lethal,expected_sarsa,,True,0
921,lethal,expected_sarsa,,True,0
922,lethal,expected_sarsa,,True,0
923,lethal,expected_sarsa,,True,0
924,lethal,expected_sarsa,,True,0
925,lethal,expected_sarsa,,True,0
926,lethal,expected_sarsa,,True,0
927,lethal,expected_sarsa,,True,0
928,lethal,expected_sarsa,,True,0
929,lethal,expected_sarsa,,True,0
930,lethal,expected_sarsa,,True,0
931,lethal,expected_sarsa,,True,0
932,lethal,expected_sarsa,,True,0
933,lethal,expected_sarsa,,True,0
934,lethal,expected_sarsa,,True,0
935,lethal,expected_sarsa,,True,0
936,lethal,expected_sarsa,,True,0
937,lethal,expected_sarsa,,True,0
938,lethal,expected_sarsa,,True,0
939,lethal,expected_sarsa,,True,0
940,lethal,expected_sarsa,,True,0
941,lethal,expected_sarsa,,True,0
942,lethal,expected_sarsa,,True,0
943,lethal,expected_sarsa,,True,0
944,lethal,expected_sarsa,,True,0
945,lethal,expected_sarsa,,True,0
946,lethal,expected_sarsa,,True,0
947,lethal,expected_sarsa,,True,0
948,lethal,expected_sarsa,,True,0
949,lethal,expected_sarsa,,True,0
950,lethal,expected_sarsa,,True,0
951,lethal,expected_sarsa,,True,0
952,lethal,expected_sarsa,,True,0
953,lethal,expected_sarsa,,True,0
954,lethal,expected_sarsa,,True,0
955,lethal,expected_sarsa,,True,0
956,lethal,expected_sarsa,,True,0
957,lethal,expected_sarsa,,True,0
958,lethal,expected_sarsa,,True,0
959,lethal,expected_sarsa,,True,0
960,lethal,expected_sarsa,,True,0
961,lethal,expected_sarsa,,True,0
962,lethal,expected_sarsa,,True,0
963,lethal,expected_sarsa,,True,0
964,lethal,expected_sarsa,,True,0
965,lethal,expected_sarsa,,True,0
966,lethal,expected_sarsa,,True,0
967,lethal,expected_sarsa,,True,0
968,lethal,expected_sarsa,,True,0
969,lethal,expected_sarsa,,True,0
970,lethal,expected_sarsa,,True,0
971,lethal,expected_sarsa,,True,0
972,lethal,expected_sarsa,,True,0
973,lethal,expected_sarsa,,True,0
974,lethal,expected_sarsa,,True,0
975,lethal,expected_sarsa,,True,0
976,lethal,expected_sarsa,,True,0
977,lethal,expected_sarsa,,True,0
978,lethal,expected_sarsa,,True,0
979,lethal,expected_sarsa,,True,0
980,lethal,expected_sarsa,,True,0
981,lethal,expected_sarsa,,True,0
982,lethal,expected_sarsa,,True,0
983,lethal,expected_sarsa,,True,0
984,lethal,expected_sarsa,,True,0
985,lethal,expected_sarsa,,True,0
986,lethal,expected_sarsa,,True,0
987,lethal,expected_sarsa,,True,0
988,lethal,expected_sarsa,,True,0
989,lethal,expected_sarsa,,True,0
990,lethal,expected_sarsa,,True,0
991,lethal,expected_sarsa,,True,0
992,lethal,expected_sarsa,,True,0
993,lethal,expected_sarsa,,True,0
994,lethal,expected_sarsa,,True,0
995,lethal,expected_sarsa,,True,0
996,lethal,expected_sarsa,,True,0
997,lethal,expected_sarsa,,True,0
998,lethal,expected_sarsa,,True,0
999,lethal,expected_sarsa,,True,0
1000,lethal,expected_sarsa,,True,0
1001,lethal,expected_sarsa,,True,0
1002,lethal,expected_sarsa,,True,0
1003,lethal,expected_sarsa,,True,0
1004,lethal,expected_sarsa,,True,0
1005,lethal,expected_sarsa,,True,0
1006,lethal,expected_sarsa,,True,0
1007,lethal,expected_sarsa,,True,0
1008,lethal,expected_sarsa,,True,0
1009,lethal,expected_sarsa,,True,0
1010,lethal,expected_sarsa,,True,0
1011,lethal,expected_sarsa,,True,0
1012,lethal,expected_sarsa,,True,0
1013,lethal,expected_sarsa,,True,0
1014,lethal,expected_sarsa,,True,0
1015,lethal,expected_sarsa,,True,0
1016,lethal,expected_sarsa,,True,0
1017,lethal,expected_sarsa,,True,0
1018,lethal,expected_sarsa,,True,0
1019,lethal,expected_sarsa,,True,0
1020,lethal,expected_sarsa,,True,0
1021,lethal,expected_sarsa,,True,0
1022,lethal,expected_sarsa,,True,0
1023,lethal,expected_sarsa,,True,0
1024,lethal,expected_sarsa,,True,0
1025,lethal,expected_sarsa,,True,0
1026,lethal,expected_sarsa,,True,0
1027,lethal,expected_sarsa,,True,0
1028,lethal,expected_sarsa,,True,0
1029,lethal,expected_sarsa,,True,0
1030,lethal,expected_sarsa,,True,0
1031,lethal,expected_sarsa,,True,0
1032,lethal,expected_sarsa,,True,0
1033,lethal,expected_sarsa,,True,0
1034,lethal,expected_sarsa,,True,0
1035,lethal,expected_sarsa,,True,0
1036,lethal,expected_sarsa,,True,0
1037,lethal,expected_sarsa,,True,0
1038,lethal,expected_sarsa,,True,0
1039,lethal,expected_sarsa,,True,0
1040,lethal,expected_sarsa,,True,0
1041,lethal,expected_sarsa,,True,0
1042,lethal,expected_sarsa,,True,0
1043,lethal,expected_sarsa,,True,0
1044,lethal,expected_sarsa,,True,0
1045,lethal,expected_sarsa,,True,0
1046,lethal,expected_sarsa,,True,0
1047,lethal,expected_sarsa,,True,0
1048,lethal,expected_sarsa,,True,0
1049,lethal,expected_sarsa,,True,0
1050,lethal,expected_sarsa,,True,0
1051,lethal,expected_sarsa,,True,0
1052,lethal,expected_sarsa,,True,0
1053,lethal,expected_sarsa,,True,0
1054,lethal,expected_sarsa,,True,0
1055,lethal,expected_sarsa,,True,0
1056,lethal,expected_sarsa,,True,0
1057,lethal,expected_sarsa,,True,0
1058,lethal,expected_sarsa,,True,0
1059,lethal,expected_sarsa,,True,0
1060,lethal,expected_sarsa,,True,0
1061,lethal,expected_sarsa,,True,0
1062,lethal,expected_sarsa,,True,0
1063,lethal,expected_sarsa,,True,0
1064,lethal,expected_sarsa,,True,0
1065,lethal,expected_sarsa,,True,0
1066,lethal,expected_sarsa,,True,0
1067,lethal,expected_sarsa,,True,0
1068,lethal,expected_sarsa,,True,0
1069,lethal,expected_sarsa,,True,0
1070,lethal,expected_sarsa,,True,0
1071,lethal,expected_sarsa,,True,0
1072,lethal,expected_sarsa,,True,0
1073,lethal,expected_sarsa,,True,0
1074,lethal,expected_sarsa,,True,0
1075,lethal,expected_sarsa,,True,0
1076,lethal,expected_sarsa,,True,0
1077,lethal,expected_sarsa,,True,0
1078,lethal,expected_sarsa,,True,0
1079,lethal,expected_sarsa,,True,0
1080,lethal,expected_sarsa,,True,0
1081,lethal,expected_sarsa,,True,0
1082,lethal,expected_sarsa,,True,0
1083,lethal,expected_sarsa,,True,0
1084,lethal,expected_sarsa,,True,0
1085,lethal,expected_sarsa,,True,0
1086,lethal,expected_sarsa,,True,0
1087,lethal,expected_sarsa,,True,0
1088,lethal,expected_sarsa,,True,0
1089,lethal,expected_sarsa,,True,0
1090,lethal,expected_sarsa,,True,0
1091,lethal,expected_sarsa,,True,0
1092,lethal,expected_sarsa,,True,0
1093,lethal,expected_sarsa,,True,0
1094,lethal,expected_sarsa,,True,0
1095,lethal,expected_sarsa,,True,0
1096,lethal,expected_sarsa,,True,0
1097,lethal,expected_sarsa,,True,0
1098,lethal,expected_sarsa,,True,0
1099,lethal,expected_sarsa,,True,0
1100,lethal,expected_sarsa,,True,0
1101,lethal,expected_sarsa,,True,0
1102,lethal,expected_sarsa,,True,0
1103,lethal,expected_sarsa,,True,0
1104,lethal,expected_sarsa,,True,0
1105,lethal,expected_sarsa,,True,0
1106,lethal,expected_sarsa,,True,0
1107,lethal,expected_sarsa,,True,0
1108,lethal,expected_sarsa,,True,0
1109,lethal,expected_sarsa,,True,0
1110,lethal,expected_sarsa,,True,0
1111,lethal,expected_sarsa,,True,0
1112,lethal,expected_sarsa,,True,0
1113,lethal,expected_sarsa,,True,0
1114,lethal,expected_sarsa,,True,0
1115,lethal,expected_sarsa,,True,0
1116,lethal,expected_sarsa,,True,0
1117,lethal,expected_sarsa,,True,0
1118,lethal,expected_sarsa,,True,0
1119,lethal,expected_sarsa,,True,0
1120,lethal,expected_sarsa,,True,0
1121,lethal,expected_sarsa,,True,0
1122,lethal,expected_sarsa,,True,0
1123,lethal,expected_sarsa,,True,0
1124,lethal,expected_sarsa,,True,0
1125,lethal,expected_sarsa,,True,0
1126,lethal,expected_sarsa,,True,0
1127,lethal,expected_sarsa,,True,0
1128,lethal,expected_sarsa,,True,0
1129,lethal,expected_sarsa,,True,0
1130,lethal,expected_sarsa,,True,0
1131,lethal,expected_sarsa,,True,0
1132,lethal,expected_sarsa,,True,0
1133,lethal,expected_sarsa,,True,0
1134,lethal,expected_sarsa,,True,0
1135,lethal,expected_sarsa,,True,0
1136,lethal,expected_sarsa,,True,0
1137,lethal,expected_sarsa,,True,0
1138,lethal,expected_sarsa,,True,0
1139,lethal,expected_sarsa,,True,0
1140,lethal,expected_sarsa,,True,0
1141,lethal,expected_sarsa,,True,0
1142,lethal,expected_sarsa,,True,0
1143,lethal,expected_sarsa,,True,0
1144,lethal,expected_sarsa,,True,0
1145,lethal,expected_sarsa,,True,0
1146,lethal,expected_sarsa,,True,0
1147,lethal,expected_sarsa,,True,0
1148,lethal,expected_sarsa,,True,0
1149,lethal,expected_sarsa,,True,0
1150,lethal,expected_sarsa,,True,0
1151,lethal,expected_sarsa,,True,0
1152,lethal,expected_sarsa,,True,0
1153,lethal,expected_sarsa,,True,0
1154,lethal,expected_sarsa,,True,0
1155,lethal,expected_sarsa,,True,0
1156,lethal,expected_sarsa,,True,0
1157,lethal,expected_sarsa,,True,0
1158,lethal,expected_sarsa,,True,0
1159,lethal,expected_sarsa,,True,0
1160,lethal,expected_sarsa,,True,0
1161,lethal,expected_sarsa,,True,0
1162,lethal,expected_sarsa,,True,0
1163,lethal,expected_sarsa,,True,0
1164,lethal,expected_sarsa,,True,0
1165,lethal,expected_sarsa,,True,0
1166,lethal,expected_sarsa,,True,0
1167,lethal,expected_sarsa,,True,0
1168,lethal,expected_sarsa,,True,0
1169,lethal,expected_sarsa,,True,0
1170,lethal,expected_sarsa,,True,0
1171,lethal,expected_sarsa,,True,0
1172,lethal,expected_sarsa,,True,0
1173,lethal,expected_sarsa,,True,0
1174,lethal,expected_sarsa,,True,0
1175,lethal,expected_sarsa,,True,0
1176,lethal,expected_sarsa,,True,0
1177,lethal,expected_sarsa,,True,0
1178,lethal,expected_sarsa,,True,0
1179,lethal,expected_sarsa,,True,0
1180,lethal,expected_sarsa,,True,0
1181,lethal,expected_sarsa,,True,0
1182,lethal,expected_sarsa,,True,0
1183,lethal,expected_sarsa,,True,0
1184,lethal,expected_sarsa,,True,0
1185,lethal,expected_sarsa,,True,0
1186,lethal,expected_sarsa,,True,0
1187,lethal,expected_sarsa,,True,0
1188,lethal,expected_sarsa,,True,0
1189,lethal,expected_sarsa,,True,0
1190,lethal,expected_sarsa,,True,0
1191,lethal,expected_sarsa,,True,0
1192,lethal,expected_sarsa,,True,0
1193,lethal,expected_sarsa,,True,0
1194,lethal,expected_sarsa,,True,0
1195,lethal,expected_sarsa,,True,0
1196,lethal,expected_sarsa,,True,0
1197,lethal,expected_sarsa,,True,0
1198,lethal,expected_sarsa,,True,0
1199,lethal,expected_sarsa,,True,0
1200,lethal,expected_sarsa,,True,0
1201,lethal,expected_sarsa,,True,0
1202,lethal,expected_sarsa,,True,0
1203,lethal,expected_sarsa,,True,0
1204,lethal,expected_sarsa,,True,0
1205,lethal,expected_sarsa,,True,0
1206,lethal,expected_sarsa,,True,0
1207,lethal,expected_sarsa,,True,0
1208,lethal,expected_sarsa,,True,0
1209,lethal,expected_sarsa,,True,0
1210,lethal,expected_sarsa,,True,0
1211,lethal,expected_sarsa,,True,0
1212,lethal,expected_sarsa,,True,0
1213,lethal,expected_sarsa,,True,0
1214,lethal,expected_sarsa,,True,0
1215,lethal,expected_sarsa,,True,0
1216,lethal,expected_sarsa,,True,0
1217,lethal,expected_sarsa,,True,0
1218,lethal,expected_sarsa,,True,0
1219,lethal,expected_sarsa,,True,0
1220,lethal,expected_sarsa,,True,0
1221,lethal,expected_sarsa,,True,0
1222,lethal,expected_sarsa,,True,0
1223,lethal,expected_sarsa,,True,0
1224,lethal,expected_sarsa,,True,0
1225,lethal,expected_sarsa,,True,0
1226,lethal,expected_sarsa,,True,0
1227,lethal,expected_sarsa,,True,0
1228,lethal,expected_sarsa,,True,0
1229,lethal,expected_sarsa,,True,0
1230,lethal,expected_sarsa,,True,0
1231,lethal,expected_sarsa,,True,0
1232,lethal,expected_sarsa,,True,0
1233,lethal,expected_sarsa,,True,0
1234,lethal,expected_sarsa,,True,0
1235,lethal,expected_sarsa,,True,0
1236,lethal,expected_sarsa,,True,0
1237,lethal,expected_sarsa,,True,0
1238,lethal,expected_sarsa,,True,0
1239,lethal,expected_sarsa,,True,0
1240,lethal,expected_sarsa,,True,0
1241,lethal,expected_sarsa,,True,0
1242,lethal,expected_sarsa,,True,0
1243,lethal,expected_sarsa,,True,0
1244,lethal,expected_sarsa,,True,0
1245,lethal,expected_sarsa,,True,0
1246,lethal,expected_sarsa,,True,0
1247,lethal,expected_sarsa,,True,0
1248,lethal,expected_sarsa,,True,0
1249,lethal,expected_sarsa,,True,0
1250,lethal,expected_sarsa,,True,0
1251,lethal,expected_sarsa,,True,0
1252,lethal,expected_sarsa,,True,0
1253,lethal,expected_sarsa,,True,0
1254,lethal,expected_sarsa,,True,0
1255,lethal,expected_sarsa,,True,0
1256,lethal,expected_sarsa,,True,0
1257,lethal,expected_sarsa,,True,0
1258,lethal,expected_sarsa,,True,0
1259,lethal,expected_sarsa,,True,0
1260,lethal,expected_sarsa,,True,0
1261,lethal,expected_sarsa,,True,0
1262,lethal,expected_sarsa,,True,0
1263,lethal,expected_sarsa,,True,0
1264,lethal,expected_sarsa,,True,0
1265,lethal,expected_sarsa,,True,0
1266,lethal,expected_sarsa,,True,0
1267,lethal,expected_sarsa,,True,0
1268,lethal,expected_sarsa,,True,0
1269,lethal,expected_sarsa,,True,0
1270,lethal,expected_sarsa,,True,0
1271,lethal,expected_sarsa,,True,0
1272,lethal,expected_sarsa,,True,0
1273,lethal,expected_sarsa,,True,0
1274,lethal,expected_sarsa,,True,0
1275,lethal,expected_sarsa,,True,0
1276,lethal,expected_sarsa,,True,0
1277,lethal,expected_sarsa,,True,0
1278,lethal,expected_sarsa,,True,0
1279,lethal,expected_sarsa,,True,0
1280,lethal,expected_sarsa,,True,0
1281,lethal,expected_sarsa,,True,0
1282,lethal,expected_sarsa,,True,0
1283,lethal,expected_sarsa,,True,0
1284,lethal,expected_sarsa,,True,0
1285,lethal,expected_sarsa,,True,0
1286,lethal,expected_sarsa,,True,0
1287,lethal,expected_sarsa,,True,0
1288,lethal,expected_sarsa,,True,0
1289,lethal,expected_sarsa,,True,0
1290,lethal,expected_sarsa,,True,0
1291,lethal,expected_sarsa,,True,0
1292,lethal,expected_sarsa,,True,0
1293,lethal,expected_sarsa,,True,0
1294,lethal,expected_sarsa,,True,0
1295,lethal,expected_sarsa,,True,0
1296,lethal,expected_sarsa,,True,0
1297,lethal,expected_sarsa,,True,0
1298,lethal,expected_sarsa,,True,0
1299,lethal,expected_sarsa,,True,0
1300,lethal,expected_sarsa,,True,0
1301,lethal,expected_sarsa,,True,0
1302,lethal,expected_sarsa,,True,0
1303,lethal,expected_sarsa,,True,0
1304,lethal,expected_sarsa,,True,0
1305,lethal,expected_sarsa,,True,0
1306,lethal,expected_sarsa,,True,0
1307,lethal,expected_sarsa,,True,0
1308,lethal,expected_sarsa,,True,0
1309,lethal,expected_sarsa,,True,0
1310,lethal,expected_sarsa,,True,0
1311,lethal,expected_sarsa,,True,0
1312,lethal,expected_sarsa,,True,0
1313,lethal,expected_sarsa,,True,0
1314,lethal,expected_sarsa,,True,0
1315,lethal,expected_sarsa,,True,0
1316,lethal,expected_sarsa,,True,0
1317,lethal,expected_sarsa,,True,0
1318,lethal,expected_sarsa,,True,0
1319,lethal,expected_sarsa,,True,0
1320,lethal,expected_sarsa,,True,0
1321,lethal,expected_sarsa,,True,0
1322,lethal,expected_sarsa,,True,0
1323,lethal,expected_sarsa,,True,0
1324,lethal,expected_sarsa,,True,0
1325,lethal,expected_sarsa,,True,0
1326,lethal,expected_sarsa,,True,0
1327,lethal,expected_sarsa,,True,0
1328,lethal,expected_sarsa,,True,0
1329,lethal,expected_sarsa,,True,0
1330,lethal,expected_sarsa,,True,0
1331,lethal,expected_sarsa,,True,0
1332,lethal,expected_sarsa,,True,0
1333,lethal,expected_sarsa,,True,0
1334,lethal,expected_sarsa,,True,0
1335,lethal,expected_sarsa,,True,0
1336,lethal,expected_sarsa,,True,0
1337,lethal,expected_sarsa,,True,0
1338,lethal,expected_sarsa,,True,0
1339,lethal,expected_sarsa,,True,0
1340,lethal,expected_sarsa,,True,0
1341,lethal,expected_sarsa,,True,0
1342,lethal,expected_sarsa,,True,0
1343,lethal,expected_sarsa,,True,0
1344,lethal,expected_sarsa,,True,0
1345,lethal,expected_sarsa,,True,0
1346,lethal,expected_sarsa,,True,0
1347,lethal,expected_sarsa,,True,0
1348,lethal,expected_sarsa,,True,0
1349,lethal,expected_sarsa,,True,0
1350,lethal,expected_sarsa,,True,0
1351,lethal,expected_sarsa,,True,0
1352,lethal,expected_sarsa,,True,0
1353,lethal,expected_sarsa,,True,0
1354,lethal,expected_sarsa,,True,0
1355,lethal,expected_sarsa,,True,0
1356,lethal,expected_sarsa,,True,0
1357,lethal,expected_sarsa,,True,0
1358,lethal,expected_sarsa,,True,0
1359,lethal,expected_sarsa,,True,0
1360,lethal,expected_sarsa,,True,0
1361,lethal,expected_sarsa,,True,0
1362,lethal,expected_sarsa,,True,0
1363,lethal,expected_sarsa,,True,0
1364,lethal,expected_sarsa,,True,0
1365,lethal,expected_sarsa,,True,0
1366,lethal,expected_sarsa,,True,0
1367,lethal,expected_sarsa,,True,0
1368,lethal,expected_sarsa,,True,0
1369,lethal,expected_sarsa,,True,0
1370,lethal,expected_sarsa,,True,0
1371,lethal,expected_sarsa,,True,0
1372,lethal,expected_sarsa,,True,0
1373,lethal,expected_sarsa,,True,0
1374,lethal,expected_sarsa,,True,0
1375,lethal,expected_sarsa,,True,0
1376,lethal,expected_sarsa,,True,0
1377,lethal,expected_sarsa,,True,0
1378,lethal,expected_sarsa,,True,0
1379,lethal,expected_sarsa,,True,0
1380,lethal,expected_sarsa,,True,0
1381,lethal,expected_sarsa,,True,0
1382,lethal,expected_sarsa,,True,0
1383,lethal,expected_sarsa,,True,0
1384,lethal,expected_sarsa,,True,0
1385,lethal,expected_sarsa,,True,0
1386,lethal,expected_sarsa,,True,0
1387,lethal,expected_sarsa,,True,0
1388,lethal,expected_sarsa,,True,0
1389,lethal,expected_sarsa,,True,0
1390,lethal,expected_sarsa,,True,0
1391,lethal,expected_sarsa,,True,0
1392,lethal,expected_sarsa,,True,0
1393,lethal,expected_sarsa,,True,0
1394,lethal,expected_sarsa,,True,0
1395,lethal,expected_sarsa,,True,0
1396,lethal,expected_sarsa,,True,0
1397,lethal,expected_sarsa,,True,0
1398,lethal,expected_sarsa,,True,0
1399,lethal,expected_sarsa,,True,0
1400,lethal,expected_sarsa,,True,0
1401,lethal,expected_sarsa,,True,0
1402,lethal,expected_sarsa,,True,0
1403,lethal,expected_sarsa,,True,0
1404,lethal,expected_sarsa,,True,0
1405,lethal,expected_sarsa,,True,0
1406,lethal,expected_sarsa,,True,0
1407,lethal,expected_sarsa,,True,0
1408,lethal,expected_sarsa,,True,0
1409,lethal,expected_sarsa,,True,0
1410,lethal,expected_sarsa,,True,0
1411,lethal,expected_sarsa,,True,0
1412,lethal,expected_sarsa,,True,0
1413,lethal,expected_sarsa,,True,0
1414,lethal,expected_sarsa,,True,0
1415,lethal,expected_sarsa,,True,0
1416,lethal,expected_sarsa,,True,0
1417,lethal,expected_sarsa,,True,0
1418,lethal,expected_sarsa,,True,0
1419,lethal,expected_sarsa,,True,0
1420,lethal,expected_sarsa,,True,0
1421,lethal,expected_sarsa,,True,0
1422,lethal,expected_sarsa,,True,0
1423,lethal,expected_sarsa,,True,0
1424,lethal,expected_sarsa,,True,0
1425,lethal,expected_sarsa,,True,0
1426,lethal,expected_sarsa,,True,0
1427,lethal,expected_sarsa,,True,0
1428,lethal,expected_sarsa,,True,0
1429,lethal,expected_sarsa,,True,0
1430,lethal,expected_sarsa,,True,0
1431,lethal,expected_sarsa,,True,0
1432,lethal,expected_sarsa,,True,0
1433,lethal,expected_sarsa,,True,0
1434,lethal,expected_sarsa,,True,0
1435,lethal,expected_sarsa,,True,0
1436,lethal,expected_sarsa,,True,0
1437,lethal,expected_sarsa,,True,0
1438,lethal,expected_sarsa,,True,0
1439,lethal,expected_sarsa,,True,0
1440,lethal,expected_sarsa,,True,0
1441,lethal,expected_sarsa,,True,0
1442,lethal,expected_sarsa,,True,0
1443,lethal,expected_sarsa,,True,0
1444,lethal,expected_sarsa,,True,0
1445,lethal,expected_sarsa,,True,0
1446,lethal,expected_sarsa,,True,0
1447,lethal,expected_sarsa,,True,0
1448,lethal,expected_sarsa,,True,0
1449,lethal,expected_sarsa,,True,0
1450,lethal,expected_sarsa,,True,0
1451,lethal,expected_sarsa,,True,0
1452,lethal,expected_sarsa,,True,0
1453,lethal,expected_sarsa,,True,0
1454,lethal,expected_sarsa,,True,0
1455,lethal,expected_sarsa,,True,0
1456,lethal,expected_sarsa,,True,0
1457,lethal,expected_sarsa,,True,0
1458,lethal,expected_sarsa,,True,0
1459,lethal,expected_sarsa,,True,0
1460,lethal,expected_sarsa,,True,0
1461,lethal,expected_sarsa,,True,0
1462,lethal,expected_sarsa,,True,0
1463,lethal,expected_sarsa,,True,0
1464,lethal,expected_sarsa,,True,0
1465,lethal,expected_sarsa,,True,0
1466,lethal,expected_sarsa,,True,0
1467,lethal,expected_sarsa,,True,0
1468,lethal,expected_sarsa,,True,0
1469,lethal,expected_sarsa,,True,0
1470,lethal,expected_sarsa,,True,0
1471,lethal,expected_sarsa,,True,0
1472,lethal,expected_sarsa,,True,0
1473,lethal,expected_sarsa,,True,0
1474,lethal,expected_sarsa,,True,0
1475,lethal,expected_sarsa,,True,0
1476,lethal,expected_sarsa,,True,0
1477,lethal,expected_sarsa,,True,0
1478,lethal,expected_sarsa,,True,0
1479,lethal,expected_sarsa,,True,0
1480,lethal,expected_sarsa,,True,0
1481,lethal,expected_sarsa,,True,0
1482,lethal,expected_sarsa,,True,0
1483,lethal,expected_sarsa,,True,0
1484,lethal,expected_sarsa,,True,0
1485,lethal,expected_sarsa,,True,0
1486,lethal,expected_sarsa,,True,0
1487,lethal,expected_sarsa,,True,0
1488,lethal,expected_sarsa,,True,0
1489,lethal,expected_sarsa,,True,0
1490,lethal,expected_sarsa,,True,0
1491,lethal,expected_sarsa,,True,0
1492,lethal,expected_sarsa,,True,0
1493,lethal,expected_sarsa,,True,0
1494,lethal,expected_sarsa,,True,0
1495,lethal,expected_sarsa,,True,0
1496,lethal,expected_sarsa,,True,0
1497,lethal,expected_sarsa,,True,0
1498,lethal,expected_sarsa,,True,0
1499,lethal,expected_sarsa,,True,0
1500,lethal,expected_sarsa,,True,0
1501,lethal,expected_sarsa,,True,0
1502,lethal,expected_sarsa,,True,0
1503,lethal,expected_sarsa,,True,0
1504,lethal,expected_sarsa,,True,0
1505,lethal,expected_sarsa,,True,0
1506,lethal,expected_sarsa,,True,0
1507,lethal,expected_sarsa,,True,0
1508,lethal,expected_sarsa,,True,0
1509,lethal,expected_sarsa,,True,0
1510,lethal,expected_sarsa,,True,0
1511,lethal,expected_sarsa,,True,0
1512,lethal,expected_sarsa,,True,0
1513,lethal,expected_sarsa,,True,0
1514,lethal,expected_sarsa,,True,0
1515,lethal,expected_sarsa,,True,0
1516,lethal,expected_sarsa,,True,0
1517,lethal,expected_sarsa,,True,0
1518,lethal,expected_sarsa,,True,0
1519,lethal,expected_sarsa,,True,0
1520,lethal,expected_sarsa,,True,0
1521,lethal,expected_sarsa,,True,0
1522,lethal,expected_sarsa,,True,0
1523,lethal,expected_sarsa,,True,0
1524,lethal,expected_sarsa,,True,0
1525,lethal,expected_sarsa,,True,0
1526,lethal,expected_sarsa,,True,0
1527,lethal,expected_sarsa,,True,0
1528,lethal,expected_sarsa,,True,0
1529,lethal,expected_sarsa,,True,0
1530,lethal,expected_sarsa,,True,0
1531,lethal,expected_sarsa,,True,0
1532,lethal,expected_sarsa,,True,0
1533,lethal,expected_sarsa,,True,0
1534,lethal,expected_sarsa,,True,0
1535,lethal,expected_sarsa,,True,0
1536,lethal,expected_sarsa,,True,0
1537,lethal,expected_sarsa,,True,0
1538,lethal,expected_sarsa,,True,0
1539,lethal,expected_sarsa,,True,0
1540,lethal,expected_sarsa,,True,0
1541,lethal,expected_sarsa,,True,0
1542,lethal,expected_sarsa,,True,0
1543,lethal,expected_sarsa,,True,0
1544,lethal,expected_sarsa,,True,0
1545,lethal,expected_sarsa,,True,0
1546,lethal,expected_sarsa,,True,0
1547,lethal,expected_sarsa,,True,0
1548,lethal,expected_sarsa,,True,0
1549,lethal,expected_sarsa,,True,0
1550,lethal,expected_sarsa,,True,0
1551,lethal,expected_sarsa,,True,0
1552,lethal,expected_sarsa,,True,0
1553,lethal,expected_sarsa,,True,0
1554,lethal,expected_sarsa,,True,0
1555,lethal,expected_sarsa,,True,0
1556,lethal,expected_sarsa,,True,0
1557,lethal,expected_sarsa,,True,0
1558,lethal,expected_sarsa,,True,0
1559,lethal,expected_sarsa,,True,0
1560,lethal,expected_sarsa,,True,0
1561,lethal,expected_sarsa,,True,0
1562,lethal,expected_sarsa,,True,0
1563,lethal,expected_sarsa,,True,0
1564,lethal,expected_sarsa,,True,0
1565,lethal,expected_sarsa,,True,0
1566,lethal,expected_sarsa,,True,0
1567,lethal,expected_sarsa,,True,0
1568,lethal,expected_sarsa,,True,0
1569,lethal,expected_sarsa,,True,0
1570,lethal,expected_sarsa,,True,0
1571,lethal,expected_sarsa,,True,0
1572,lethal,expected_sarsa,,True,0
1573,lethal,expected_sarsa,,True,0
1574,lethal,expected_sarsa,,True,0
1575,lethal,expected_sarsa,,True,0
1576,lethal,expected_sarsa,,True,0
1577,lethal,expected_sarsa,,True,0
1578,lethal,expected_sarsa,,True,0
1579,lethal,expected_sarsa,,True,0
1580,lethal,expected_sarsa,,True,0
1581,lethal,expected_sarsa,,True,0
1582,lethal,expected_sarsa,,True,0
1583,lethal,expected_sarsa,,True,0
1584,lethal,expected_sarsa,,True,0
1585,lethal,expected_sarsa,,True,0
1586,lethal,expected_sarsa,,True,0
1587,lethal,expected_sarsa,,True,0
1588,lethal,expected_sarsa,,True,0
1589,lethal,expected_sarsa,,True,0
1590,lethal,expected_sarsa,,True,0
1591,lethal,expected_sarsa,,True,0
1592,lethal,expected_sarsa,,True,0
1593,lethal,expected_sarsa,,True,0
1594,lethal,expected_sarsa,,True,0
1595,lethal,expected_sarsa,,True,0
1596,lethal,expected_sarsa,,True,0
1597,lethal,expected_sarsa,,True,0
1598,lethal,expected_sarsa,,True,0
1599,lethal,expected_sarsa,,True,0
1600,lethal,expected_sarsa,,True,0
1601,lethal,expected_sarsa,,True,0
1602,lethal,expected_sarsa,,True,0
1603,lethal,expected_sarsa,,True,0
1604,lethal,expected_sarsa,,True,0
1605,lethal,expected_sarsa,,True,0
1606,lethal,expected_sarsa,,True,0
1607,lethal,expected_sarsa,,True,0
1608,lethal,expected_sarsa,,True,0
1609,lethal,expected_sarsa,,True,0
1610,lethal,expected_sarsa,,True,0
1611,lethal,expected_sarsa,,True,0
1612,lethal,expected_sarsa,,True,0
1613,lethal,expected_sarsa,,True,0
1614,lethal,expected_sarsa,,True,0
1615,lethal,expected_sarsa,,True,0
1616,lethal,expected_sarsa,,True,0
1617,lethal,expected_sarsa,,True,0
1618,lethal,expected_sarsa,,True,0
1619,lethal,expected_sarsa,,True,0
1620,lethal,expected_sarsa,,True,0
1621,lethal,expected_sarsa,,True,0
1622,lethal,expected_sarsa,,True,0
1623,lethal,expected_sarsa,,True,0
1624,lethal,expected_sarsa,,True,0
1625,lethal,expected_sarsa,,True,0
1626,lethal,expected_sarsa,,True,0
1627,lethal,expected_sarsa,,True,0
1628,lethal,expected_sarsa,,True,0
1629,lethal,expected_sarsa,,True,0
1630,lethal,expected_sarsa,,True,0
1631,lethal,expected_sarsa,,True,0
1632,lethal,expected_sarsa,,True,0
1633,lethal,expected_sarsa,,True,0
1634,lethal,expected_sarsa,,True,0
1635,lethal,expected_sarsa,,True,0
1636,lethal,expected_sarsa,,True,0
1637,lethal,expected_sarsa,,True,0
1638,lethal,expected_sarsa,,True,0
1639,lethal,expected_sarsa,,True,0
1640,lethal,expected_sarsa,,True,0
1641,lethal,expected_sarsa,,True,0
1642,lethal,expected_sarsa,,True,0
1643,lethal,expected_sarsa,,True,0
1644,lethal,expected_sarsa,,True,0
1645,lethal,expected_sarsa,,True,0
1646,lethal,expected_sarsa,,True,0
1647,lethal,expected_sarsa,,True,0
1648,lethal,expected_sarsa,,True,0
1649,lethal,expected_sarsa,,True,0
1650,lethal,expected_sarsa,,True,0
1651,lethal,expected_sarsa,,True,0
1652,lethal,expected_sarsa,,True,0
1653,lethal,expected_sarsa,,True,0
1654,lethal,expected_sarsa,,True,0
1655,lethal,expected_sarsa,,True,0
1656,lethal,expected_sarsa,,True,0
1657,lethal,expected_sarsa,,True,0
1658,lethal,expected_sarsa,,True,0
1659,lethal,expected_sarsa,,True,0
1660,lethal,expected_sarsa,,True,0
1661,lethal,expected_sarsa,,True,0
1662,lethal,expected_sarsa,,True,0
1663,lethal,expected_sarsa,,True,0
1664,lethal,expected_sarsa,,True,0
1665,lethal,expected_sarsa,,True,0
1666,lethal,expected_sarsa,,True,0
1667,lethal,expected_sarsa,,True,0
1668,lethal,expected_sarsa,,True,0
1669,lethal,expected_sarsa,,True,0
1670,lethal,expected_sarsa,,True,0
1671,lethal,expected_sarsa,,True,0
1672,lethal,expected_sarsa,,True,0
1673,lethal,expected_sarsa,,True,0
1674,lethal,expected_sarsa,,True,0
1675,lethal,expected_sarsa,,True,0
1676,lethal,expected_sarsa,,True,0
1677,lethal,expected_sarsa,,True,0
1678,lethal,expected_sarsa,,True,0
1679,lethal,expected_sarsa,,True,0
1680,lethal,expected_sarsa,,True,0
1681,lethal,expected_sarsa,,True,0
1682,lethal,expected_sarsa,,True,0
1683,lethal,expected_sarsa,,True,0
1684,lethal,expected_sarsa,,True,0
1685,lethal,expected_sarsa,,True,0
1686,lethal,expected_sarsa,,True,0
1687,lethal,expected_sarsa,,True,0
1688,lethal,expected_sarsa,,True,0
1689,lethal,expected_sarsa,,True,0
1690,lethal,expected_sarsa,,True,0
1691,lethal,expected_sarsa,,True,0
1692,lethal,expected_sarsa,,True,0
1693,lethal,expected_sarsa,,True,0
1694,lethal,expected_sarsa,,True,0
1695,lethal,expected_sarsa,,True,0
1696,lethal,expected_sarsa,,True,0
1697,lethal,expected_sarsa,,True,0
1698,lethal,expected_sarsa,,True,0
1699,lethal,expected_sarsa,,True,0
1700,lethal,expected_sarsa,,True,0
1701,lethal,expected_sarsa,,True,0
1702,lethal,expected_sarsa,,True,0
1703,lethal,expected_sarsa,,True,0
1704,lethal,expected_sarsa,,True,0
1705,lethal,expected_sarsa,,True,0
1706,lethal,expected_sarsa,,True,0
1707,lethal,expected_sarsa,,True,0
1708,lethal,expected_sarsa,,True,0
1709,lethal,expected_sarsa,,True,0
1710,lethal,expected_sarsa,,True,0
1711,lethal,expected_sarsa,,True,0
1712,lethal,expected_sarsa,,True,0
1713,lethal,expected_sarsa,,True,0
1714,lethal,expected_sarsa,,True,0
1715,lethal,expected_sarsa,,True,0
1716,lethal,expected_sarsa,,True,0
1717,lethal,expected_sarsa,,True,0
1718,lethal,expected_sarsa,,True,0
1719,lethal,expected_sarsa,,True,0
1720,lethal,expected_sarsa,,True,0
1721,lethal,expected_sarsa,,True,0
1722,lethal,expected_sarsa,,True,0
1723,lethal,expected_sarsa,,True,0
1724,lethal,expected_sarsa,,True,0
1725,lethal,expected_sarsa,,True,0
1726,lethal,expected_sarsa,,True,0
1727,lethal,expected_sarsa,,True,0
1728,lethal,expected_sarsa,,True,0
1729,lethal,expected_sarsa,,True,0
1730,lethal,expected_sarsa,,True,0
1731,lethal,expected_sarsa,,True,0
1732,lethal,expected_sarsa,,True,0
1733,lethal,expected_sarsa,,True,0
1734,lethal,expected_sarsa,,True,0
1735,lethal,expected_sarsa,,True,0
1736,lethal,expected_sarsa,,True,0
1737,lethal,expected_sarsa,,True,0
1738,lethal,expected_sarsa,,True,0
1739,lethal,expected_sarsa,,True,0
1740,lethal,expected_sarsa,,True,0
1741,lethal,expected_sarsa,,True,0
1742,lethal,expected_sarsa,,True,0
1743,lethal,expected_sarsa,,True,0
1744,lethal,expected_sarsa,,True,0
1745,lethal,expected_sarsa,,True,0
1746,lethal,expected_sarsa,,True,0
1747,lethal,expected_sarsa,,True,0
1748,lethal,expected_sarsa,,True,0
1749,lethal,expected_sarsa,,True,0
1750,lethal,expected_sarsa,,True,0
1751,lethal,expected_sarsa,,True,0
1752,lethal,expected_sarsa,,True,0
1753,lethal,expected_sarsa,,True,0
1754,lethal,expected_sarsa,,True,0
1755,lethal,expected_sarsa,,True,0
1756,lethal,expected_sarsa,,True,0
1757,lethal,expected_sarsa,,True,0
1758,lethal,expected_sarsa,,True,0
1759,lethal,expected_sarsa,,True,0
1760,lethal,expected_sarsa,,True,0
1761,lethal,expected_sarsa,,True,0
1762,lethal,expected_sarsa,,True,0
1763,lethal,expected_sarsa,,True,0
1764,lethal,expected_sarsa,,True,0
1765,lethal,expected_sarsa,,True,0
1766,lethal,expected_sarsa,,True,0
1767,lethal,expected_sarsa,,True,0
1768,lethal,expected_sarsa,,True,0
1769,lethal,expected_sarsa,,True,0
1770,lethal,expected_sarsa,,True,0
1771,lethal,expected_sarsa,,True,0
1772,lethal,expected_sarsa,,True,0
1773,lethal,expected_sarsa,,True,0
1774,lethal,expected_sarsa,,True,0
1775,lethal,expected_sarsa,,True,0
1776,lethal,expected_sarsa,,True,0
1777,lethal,expected_sarsa,,True,0
1778,lethal,expected_sarsa,,True,0
1779,lethal,expected_sarsa,,True,0
1780,lethal,expected_sarsa,,True,0
1781,lethal,expected_sarsa,,True,0
1782,lethal,expected_sarsa,,True,0
1783,lethal,expected_sarsa,,True,0
1784,lethal,expected_sarsa,,True,0
1785,lethal,expected_sarsa,,True,0
1786,lethal,expected_sarsa,,True,0
1787,lethal,expected_sarsa,,True,0
1788,lethal,expected_sarsa,,True,0
1789,lethal,expected_sarsa,,True,0
1790,lethal,expected_sarsa,,True,0
1791,lethal,expected_sarsa,,True,0
1792,lethal,expected_sarsa,,True,0
1793,lethal,expected_sarsa,,True,0
1794,lethal,expected_sarsa,,True,0
1795,lethal,expected_sarsa,,True,0
1796,lethal,expected_sarsa,,True,0
1797,lethal,expected_sarsa,,True,0
1798,lethal,expected_sarsa,,True,0
1799,lethal,expected_sarsa,,True,0
1800,lethal,expected_sarsa,,True,0
1801,lethal,expected_sarsa,,True,0
1802,lethal,expected_sarsa,,True,0
1803,lethal,expected_sarsa,,True,0
1804,lethal,expected_sarsa,,True,0
1805,lethal,expected_sarsa,,True,0
1806,lethal,expected_sarsa,,True,0
1807,lethal,expected_sarsa,,True,0
1808,lethal,expected_sarsa,,True,0
1809,lethal,expected_sarsa,,True,0
1810,lethal,expected_sarsa,,True,0
1811,lethal,expected_sarsa,,True,0
1812,lethal,expected_sarsa,,True,0
1813,lethal,expected_sarsa,,True,0
1814,lethal,expected_sarsa,,True,0
1815,lethal,expected_sarsa,,True,0
1816,lethal,expected_sarsa,,True,0
1817,lethal,expected_sarsa,,True,0
1818,lethal,expected_sarsa,,True,0
1819,lethal,expected_sarsa,,True,0
1820,lethal,expected_sarsa,,True,0
1821,lethal,expected_sarsa,,True,0
1822,lethal,expected_sarsa,,True,0
1823,lethal,expected_sarsa,,True,0
1824,lethal,expected_sarsa,,True,0
1825,lethal,expected_sarsa,,True,0
1826,lethal,expected_sarsa,,True,0
1827,lethal,expected_sarsa,,True,0
1828,lethal,expected_sarsa,,True,0
1829,lethal,expected_sarsa,,True,0
1830,lethal,expected_sarsa,,True,0
1831,lethal,expected_sarsa,,True,0
1832,lethal,expected_sarsa,,True,0
1833,lethal,expected_sarsa,,True,0
1834,lethal,expected_sarsa,,True,0
1835,lethal,expected_sarsa,,True,0
1836,lethal,expected_sarsa,,True,0
1837,lethal,expected_sarsa,,True,0
1838,lethal,expected_sarsa,,True,0
1839,lethal,expected_sarsa,,True,0
1840,lethal,expected_sarsa,,True,0
1841,lethal,expected_sarsa,,True,0
1842,lethal,expected_sarsa,,True,0
1843,lethal,expected_sarsa,,True,0
1844,lethal,expected_sarsa,,True,0
1845,lethal,expected_sarsa,,True,0
1846,lethal,expected_sarsa,,True,0
1847,lethal,expected_sarsa,,True,0
1848,lethal,expected_sarsa,,True,0
1849,lethal,expected_sarsa,,True,0
1850,lethal,expected_sarsa,,True,0
1851,lethal,expected_sarsa,,True,0
1852,lethal,expected_sarsa,,True,0
1853,lethal,expected_sarsa,,True,0
1854,lethal,expected_sarsa,,True,0
1855,lethal,expected_sarsa,,True,0
1856,lethal,expected_sarsa,,True,0
1857,lethal,expected_sarsa,,True,0
1858,lethal,expected_sarsa,,True,0
1859,lethal,expected_sarsa,,True,0
1860,lethal,expected_sarsa,,True,0
1861,lethal,expected_sarsa,,True,0
1862,lethal,expected_sarsa,,True,0
1863,lethal,expected_sarsa,,True,0
1864,lethal,expected_sarsa,,True,0
1865,lethal,expected_sarsa,,True,0
1866,lethal,expected_sarsa,,True,0
1867,lethal,expected_sarsa,,True,0
1868,lethal,expected_sarsa,,True,0
1869,lethal,expected_sarsa,,True,0
1870,lethal,expected_sarsa,,True,0
1871,lethal,expected_sarsa,,True,0
1872,lethal,expected_sarsa,,True,0
1873,lethal,expected_sarsa,,True,0
1874,lethal,expected_sarsa,,True,0
1875,lethal,expected_sarsa,,True,0
1876,lethal,expected_sarsa,,True,0
1877,lethal,expected_sarsa,,True,0
1878,lethal,expected_sarsa,,True,0
1879,lethal,expected_sarsa,,True,0
1880,lethal,expected_sarsa,,True,0
1881,lethal,expected_sarsa,,True,0
1882,lethal,expected_sarsa,,True,0
1883,lethal,expected_sarsa,,True,0
1884,lethal,expected_sarsa,,True,0
1885,lethal,expected_sarsa,,True,0
1886,lethal,expected_sarsa,,True,0
1887,lethal,expected_sarsa,,True,0
1888,lethal,expected_sarsa,,True,0
1889,lethal,expected_sarsa,,True,0
1890,lethal,expected_sarsa,,True,0
1891,lethal,expected_sarsa,,True,0
1892,lethal,expected_sarsa,,True,0
1893,lethal,expected_sarsa,,True,0
1894,lethal,expected_sarsa,,True,0
1895,lethal,expected_sarsa,,True,0
1896,lethal,expected_sarsa,,True,0
1897,lethal,expected_sarsa,,True,0
1898,lethal,expected_sarsa,,True,0
1899,lethal,expected_sarsa,,True,0
1900,lethal,expected_sarsa,,True,0
1901,lethal,expected_sarsa,,True,0
1902,lethal,expected_sarsa,,True,0
1903,lethal,expected_sarsa,,True,0
1904,lethal,expected_sarsa,,True,0
1905,lethal,expected_sarsa,,True,0
1906,lethal,expected_sarsa,,True,0
1907,lethal,expected_sarsa,,True,0
1908,lethal,expected_sarsa,,True,0
1909,lethal,expected_sarsa,,True,0
1910,lethal,expected_sarsa,,True,0
1911,lethal,expected_sarsa,,True,0
1912,lethal,expected_sarsa,,True,0
1913,lethal,expected_sarsa,,True,0
1914,lethal,expected_sarsa,,True,0
1915,lethal,expected_sarsa,,True,0
1916,lethal,expected_sarsa,,True,0
1917,lethal,expected_sarsa,,True,0
1918,lethal,expected_sarsa,,True,0
1919,lethal,expected_sarsa,,True,0
1920,lethal,expected_sarsa,,True,0
1921,lethal,expected_sarsa,,True,0
1922,lethal,expected_sarsa,,True,0
1923,lethal,expected_sarsa,,True,0
1924,lethal,expected_sarsa,,True,0
1925,lethal,expected_sarsa,,True,0
1926,lethal,expected_sarsa,,True,0
1927,lethal,expected_sarsa,,True,0
1928,lethal,expected_sarsa,,True,0
1929,lethal,expected_sarsa,,True,0
1930,lethal,expected_sarsa,,True,0
1931,lethal,expected_sarsa,,True,0
1932,lethal,expected_sarsa,,True,0
1933,lethal,expected_sarsa,,True,0
1934,lethal,expected_sarsa,,True,0
1935,lethal,expected_sarsa,,True,0
1936,lethal,expected_sarsa,,True,0
1937,lethal,expected_sarsa,,True,0
1938,lethal,expected_sarsa,,True,0
1939,lethal,expected_sarsa,,True,0
1940,lethal,expected_sarsa,,True,0
1941,lethal,expected_sarsa,,True,0
1942,lethal,expected_sarsa,,True,0
1943,lethal,expected_sarsa,,True,0
1944,lethal,expected_sarsa,,True,0
1945,lethal,expected_sarsa,,True,0
1946,lethal,expected_sarsa,,True,0
1947,lethal,expected_sarsa,,True,0
1948,lethal,expected_sarsa,,True,0
1949,lethal,expected_sarsa,,True,0
1950,lethal,expected_sarsa,,True,0
1951,lethal,expected_sarsa,,True,0
1952,lethal,expected_sarsa,,True,0
1953,lethal,expected_sarsa,,True,0
1954,lethal,expected_sarsa,,True,0
1955,lethal,expected_sarsa,,True,0
1956,lethal,expected_sarsa,,True,0
1957,lethal,expected_sarsa,,True,0
1958,lethal,expected_sarsa,,True,0
1959,lethal,expected_sarsa,,True,0
1960,lethal,expected_sarsa,,True,0
1961,lethal,expected_sarsa,,True,0
1962,lethal,expected_sarsa,,True,0
1963,lethal,expected_sarsa,,True,0
1964,lethal,expected_sarsa,,True,0
1965,lethal,expected_sarsa,,True,0
1966,lethal,expected_sarsa,,True,0
1967,lethal,expected_sarsa,,True,0
1968,lethal,expected_sarsa,,True,0
1969,lethal,expected_sarsa,,True,0
1970,lethal,expected_sarsa,,True,0
1971,lethal,expected_sarsa,,True,0
1972,lethal,expected_sarsa,,True,0
1973,lethal,expected_sarsa,,True,0
1974,lethal,expected_sarsa,,True,0
1975,lethal,expected_sarsa,,True,0
1976,lethal,expected_sarsa,,True,0
1977,lethal,expected_sarsa,,True,0
1978,lethal,expected_sarsa,,True,0
1979,lethal,expected_sarsa,,True,0
1980,lethal,expected_sarsa,,True,0
1981,lethal,expected_sarsa,,True,0
1982,lethal,expected_sarsa,,True,0
1983,lethal,expected_sarsa,,True,0
1984,lethal,expected_sarsa,,True,0
1985,lethal,expected_sarsa,,True,0
1986,lethal,expected_sarsa,,True,0
1987,lethal,expected_sarsa,,True,0
1988,lethal,expected_sarsa,,True,0
1989,lethal,expected_sarsa,,True,0
1990,lethal,expected_sarsa,,True,0
1991,lethal,expected_sarsa,,True,0
1992,lethal,expected_sarsa,,True,0
1993,lethal,expected_sarsa,,True,0
1994,lethal,expected_sarsa,,True,0
1995,lethal,expected_sarsa,,True,0
1996,lethal,expected_sarsa,,True,0
1997,lethal,expected_sarsa,,True,0
1998,lethal,expected_sarsa,,True,0
1999,lethal,expected_sarsa,,True,0
0,lethal,q_learning,0.998823529412,False,0
1,lethal,q_learning,0.998823529412,False,0
2,lethal,q_learning,0.998666666667,False,0
3,lethal,q_learning,0.99875,False,0
4,lethal,q_learning,0.998823529412,False,0
5,lethal,q_learning,0.998666666667,False,0
6,lethal,q_learning,0.998666666667,False,0
7,lethal,q_learning,0.99875,False,0
8,lethal,q_learning,0.99875,False,0
9,lethal,q_learning,0.998666666667,False,0
10,lethal,q_learning,0.998666666667,False,0
11,lethal,q_learning,0.998823529412,False,0
12,lethal,q_learning,0.998823529412,False,0
13,lethal,q_learning,0.998666666667,False,0
14,lethal,q_learning,0.998461538462,False,0
15,lethal,q_learning,0.998666666667,False,0
16,lethal,q_learning,0.99875,False,0
17,lethal,q_learning,0.998666666667,False,0
18,lethal,q_learning,0.998823529412,False,0
19,lethal,q_learning,0.998666666667,False,0
20,lethal,q_learning,0.998571428571,False,0
21,lethal,q_learning,0.998571428571,False,0
22,lethal,q_learning,0.998333333333,False,0
23,lethal,q_learning,0.99875,False,0
24,lethal,q_learning,0.99875,False,0
25,lethal,q_learning,0.998947368421,False,0
26,lethal,q_learning,0.998888888889,False,0
27,lethal,q_learning,0.99875,False,0
28,lethal,q_learning,0.99875,False,0
29,lethal,q_learning,0.998947368421,False,0
30,lethal,q_learning,0.99875,False,0
31,lethal,q_learning,0.99875,False,0
32,lethal,q_learning,0.998888888889,False,0
33,lethal,q_learning,0.998888888889,False,0
34,lethal,q_learning,0.998666666667,False,0
35,lethal,q_learning,0.998888888889,False,0
36,lethal,q_learning,0.99875,False,0
37,lethal,q_learning,0.99875,False,0
38,lethal,q_learning,0.998666666667,False,0
39,lethal,q_learning,0.998888888889,False,0
40,lethal,q_learning,0.998888888889,False,0
41,lethal,q_learning,0.998666666667,False,0
42,lethal,q_learning,0.998571428571,False,0
43,lethal,q_learning,0.998823529412,False,0
44,lethal,q_learning,0.99875,False,0
45,lethal,q_learning,0.99875,False,0
46,lethal,q_learning,0.99875,False,0
47,lethal,q_learning,0.998666666667,False,0
48,lethal,q_learning,0.99875,False,0
49,lethal,q_learning,0.99875,False,0
50,lethal,q_learning,0.998461538462,False,0
51,lethal,q_learning,0.998571428571,False,0
52,lethal,q_learning,0.998571428571,False,0
53,lethal,q_learning,0.998947368421,False,0
54,lethal,q_learning,0.998666666667,False,0
55,lethal,q_learning,0.998823529412,False,0
56,lethal,q_learning,0.998666666667,False,0
57,lethal,q_learning,0.99875,False,0
58,lethal,q_learning,0.998823529412,False,0
59,lethal,q_learning,0.998181818182,False,0
60,lethal,q_learning,0.998666666667,False,0
61,lethal,q_learning,0.998888888889,False,0
62,lethal,q_learning,0.998947368421,False,0
63,lethal,q_learning,0.99875,False,0
64,lethal,q_learning,0.998666666667,False,0
65,lethal,q_learning,0.998823529412,False,0
66,lethal,q_learning,0.998571428571,False,0
67,lethal,q_learning,0.998823529412,False,0
68,lethal,q_learning,0.998823529412,False,0
69,lethal,q_learning,0.998823529412,False,0
70,lethal,q_learning,0.998823529412,False,0
71,lethal,q_learning,0.998461538462,False,0
72,lethal,q_learning,0.998823529412,False,0
73,lethal,q_learning,0.998823529412,False,0
74,lethal,q_learning,0.99875,False,0
75,lethal,q_learning,0.99875,False,0
76,lethal,q_learning,0.998947368421,False,0
77,lethal,q_learning,0.998823529412,False,0
78,lethal,q_learning,0.998888888889,False,0
79,lethal,q_learning,0.998823529412,False,0
80,lethal,q_learning,0.998571428571,False,0
81,lethal,q_learning,0.99875,False,0
82,lethal,q_learning,0.998823529412,False,0
83,lethal,q_learning,0.998461538462,False,0
84,lethal,q_learning,0.998461538462,False,0
85,lethal,q_learning,0.998571428571,False,0
86,lethal,q_learning,0.998666666667,False,0
87,lethal,q_learning,0.998571428571,False,0
88,lethal,q_learning,0.998461538462,False,0
89,lethal,q_learning,0.99875,False,0
90,lethal,q_learning,0.99875,False,0
91,lethal,q_learning,0.99875,False,0
92,lethal,q_learning,0.998666666667,False,0
93,lethal,q_learning,0.998888888889,False,0
94,lethal,q_learning,0.99875,False,0
95,lethal,q_learning,0.998666666667,False,0
96,lethal,q_learning,0.998888888889,False,0
97,lethal,q_learning,0.998823529412,False,0
98,lethal,q_learning,0.998888888889,False,0
99,lethal,q_learning,0.998823529412,False,0
100,lethal,q_learning,0.998333333333,False,0
101,lethal,q_learning,0.998666666667,False,0
102,lethal,q_learning,0.998888888889,False,0
103,lethal,q_learning,0.99875,False,0
104,lethal,q_learning,0.998666666667,False,0
105,lethal,q_learning,0.99875,False,0
106,lethal,q_learning,0.998571428571,False,0
107,lethal,q_learning,0.998823529412,False,0
108,lethal,q_learning,0.998823529412,False,0
109,lethal,q_learning,0.998333333333,False,0
110,lethal,q_learning,0.998666666667,False,0
111,lethal,q_learning,0.99875,False,0
112,lethal,q_learning,0.998666666667,False,0
113,lethal,q_learning,0.998947368421,False,0
114,lethal,q_learning,0.998333333333,False,0
115,lethal,q_learning,0.998888888889,False,0
116,lethal,q_learning,0.998888888889,False,0
117,lethal,q_learning,0.998823529412,False,0
118,lethal,q_learning,0.998666666667,False,0
119,lethal,q_learning,0.998888888889,False,0
120,lethal,q_learning,0.998888888889,False,0
121,lethal,q_learning,0.998888888889,False,0
122,lethal,q_learning,0.998461538462,False,0
123,lethal,q_learning,0.998823529412,False,0
124,lethal,q_learning,0.99875,False,0
125,lethal,q_learning,0.998666666667,False,0
126,lethal,q_learning,0.998823529412,False,0
127,lethal,q_learning,0.998823529412,False,0
128,lethal,q_learning,0.998947368421,False,0
129,lethal,q_learning,0.998823529412,False,0
130,lethal,q_learning,0.998666666667,False,0
131,lethal,q_learning,0.998571428571,False,0
132,lethal,q_learning,0.99875,False,0
133,lethal,q_learning,0.99875,False,0
134,lethal,q_learning,0.998571428571,False,0
135,lethal,q_learning,0.998823529412,False,0
136,lethal,q_learning,0.998823529412,False,0
137,lethal,q_learning,0.99875,False,0
138,lethal,q_learning,0.998666666667,False,0
139,lethal,q_learning,0.998888888889,False,0
140,lethal,q_learning,0.998888888889,False,0
141,lethal,q_learning,0.99875,False,0
142,lethal,q_learning,0.998181818182,False,0
143,lethal,q_learning,0.998888888889,False,0
144,lethal,q_learning,0.99875,False,0
145,lethal,q_learning,0.998888888889,False,0
146,lethal,q_learning,0.998461538462,False,0
147,lethal,q_learning,0.99875,False,0
148,lethal,q_learning,0.998666666667,False,0
149,lethal,q_learning,0.998823529412,False,0
150,lethal,q_learning,0.998888888889,False,0
151,lethal,q_learning,0.998888888889,False,0
152,lethal,q_learning,0.999,False,0
153,lethal,q_learning,0.998888888889,False,0
154,lethal,q_learning,0.998823529412,False,0
155,lethal,q_learning,0.998823529412,False,0
156,lethal,q_learning,0.998823529412,False,0
157,lethal,q_learning,0.998823529412,False,0
158,lethal,q_learning,0.998947368421,False,0
159,lethal,q_learning,0.998181818182,False,0
160,lethal,q_learning,0.998888888889,False,0
161,lethal,q_learning,0.998571428571,False,0
162,lethal,q_learning,0.998888888889,False,0
163,lethal,q_learning,0.998947368421,False,0
164,lethal,q_learning,0.998461538462,False,0
165,lethal,q_learning,0.998571428571,False,0
166,lethal,q_learning,0.998666666667,False,0
167,lethal,q_learning,0.998823529412,False,0
168,lethal,q_learning,0.998571428571,False,0
169,lethal,q_learning,0.998823529412,False,0
170,lethal,q_learning,0.99875,False,0
171,lethal,q_learning,0.998823529412,False,0
172,lethal,q_learning,0.998461538462,False,0
173,lethal,q_learning,0.998571428571,False,0
174,lethal,q_learning,0.998571428571,False,0
175,lethal,q_learning,0.998823529412,False,0
176,lethal,q_learning,0.998888888889,False,0
177,lethal,q_learning,0.998888888889,False,0
178,lethal,q_learning,0.998666666667,False,0
179,lethal,q_learning,0.998666666667,False,0
180,lethal,q_learning,0.998888888889,False,0
181,lethal,q_learning,0.998461538462,False,0
182,lethal,q_learning,0.99875,False,0
183,lethal,q_learning,0.998823529412,False,0
184,lethal,q_learning,0.998571428571,False,0
185,lethal,q_learning,0.99875,False,0
186,lethal,q_learning,0.998571428571,False,0
187,lethal,q_learning,0.99875,False,0
188,lethal,q_learning,0.998823529412,False,0
189,lethal,q_learning,0.998823529412,False,0
190,lethal,q_learning,0.998333333333,False,0
191,lethal,q_learning,0.998571428571,False,0
192,lethal,q_learning,0.998571428571,False,0
193,lethal,q_learning,0.998888888889,False,0
194,lethal,q_learning,0.99875,False,0
195,lethal,q_learning,0.998823529412,False,0
196,lethal,q_learning,0.998666666667,False,0
197,lethal,q_learning,0.998888888889,False,0
198,lethal,q_learning,0.998571428571,False,0
199,lethal,q_learning,0.998666666667,False,0
200,lethal,q_learning,0.998888888889,False,0
201,lethal,q_learning,0.99875,False,0
202,lethal,q_learning,0.998947368421,False,0
203,lethal,q_learning,0.99875,False,0
204,lethal,q_learning,0.99875,False,0
205,lethal,q_learning,0.998888888889,False,0
206,lethal,q_learning,0.998666666667,False,0
207,lethal,q_learning,0.998571428571,False,0
208,lethal,q_learning,0.998461538462,False,0
209,lethal,q_learning,0.998666666667,False,0
210,lethal,q_learning,0.998947368421,False,0
211,lethal,q_learning,0.998666666667,False,0
212,lethal,q_learning,0.998888888889,False,0
213,lethal,q_learning,0.998947368421,False,0
214,lethal,q_learning,0.998571428571,False,0
215,lethal,q_learning,0.998333333333,False,0
216,lethal,q_learning,0.998666666667,False,0
217,lethal,q_learning,0.998461538462,False,0
218,lethal,q_learning,0.998888888889,False,0
219,lethal,q_learning,0.998571428571,False,0
220,lethal,q_learning,0.998666666667,False,0
221,lethal,q_learning,0.998823529412,False,0
222,lethal,q_learning,0.998823529412,False,0
223,lethal,q_learning,0.998888888889,False,0
224,lethal,q_learning,0.998823529412,False,0
225,lethal,q_learning,0.998571428571,False,0
226,lethal,q_learning,0.99875,False,0
227,lethal,q_learning,0.99875,False,0
228,lethal,q_learning,0.998461538462,False,0
229,lethal,q_learning,0.99875,False,0
230,lethal,q_learning,0.99875,False,0
231,lethal,q_learning,0.998888888889,False,0
232,lethal,q_learning,0.99875,False,0
233,lethal,q_learning,0.998571428571,False,0
234,lethal,q_learning,0.998666666667,False,0
235,lethal,q_learning,0.998666666667,False,0
236,lethal,q_learning,0.99875,False,0
237,lethal,q_learning,0.998571428571,False,0
238,lethal,q_learning,0.998888888889,False,0
239,lethal,q_learning,0.998666666667,False,0
240,lethal,q_learning,0.998888888889,False,0
241,lethal,q_learning,0.998823529412,False,0
242,lethal,q_learning,0.998888888889,False,0
243,lethal,q_learning,0.998823529412,False,0
244,lethal,q_learning,0.998888888889,False,0
245,lethal,q_learning,0.99875,False,0
246,lethal,q_learning,0.998461538462,False,0
247,lethal,q_learning,0.998461538462,False,0
248,lethal,q_learning,0.99875,False,0
249,lethal,q_learning,0.999,False,0
250,lethal,q_learning,0.998571428571,False,0
251,lethal,q_learning,0.998461538462,False,0
252,lethal,q_learning,0.998666666667,False,0
253,lethal,q_learning,0.99875,False,0
254,lethal,q_learning,0.998947368421,False,0
255,lethal,q_learning,0.998888888889,False,0
256,lethal,q_learning,0.99875,False,0
257,lethal,q_learning,0.998571428571,False,0
258,lethal,q_learning,0.998461538462,False,0
259,lethal,q_learning,0.998571428571,False,0
260,lethal,q_learning,0.998888888889,False,0
261,lethal,q_learning,0.998571428571,False,0
262,lethal,q_learning,0.998333333333,False,0
263,lethal,q_learning,0.998823529412,False,0
264,lethal,q_learning,0.99875,False,0
265,lethal,q_learning,0.998666666667,False,0
266,lethal,q_learning,0.998888888889,False,0
267,lethal,q_learning,0.998823529412,False,0
268,lethal,q_learning,0.998666666667,False,0
269,lethal,q_learning,0.99875,False,0
270,lethal,q_learning,0.99875,False,0
271,lethal,q_learning,0.998823529412,False,0
272,lethal,q_learning,0.998888888889,False,0
273,lethal,q_learning,0.998666666667,False,0
274,lethal,q_learning,0.998823529412,False,0
275,lethal,q_learning,0.998666666667,False,0
276,lethal,q_learning,0.998823529412,False,0
277,lethal,q_learning,0.998888888889,False,0
278,lethal,q_learning,0.998571428571,False,0
279,lethal,q_learning,0.998666666667,False,0
280,lethal,q_learning,0.999,False,0
281,lethal,q_learning,0.998461538462,False,0
282,lethal,q_learning,0.998,False,0
283,lethal,q_learning,0.99875,False,0
284,lethal,q_learning,0.998888888889,False,0
285,lethal,q_learning,0.99875,False,0
286,lethal,q_learning,0.998888888889,False,0
287,lethal,q_learning,0.998666666667,False,0
288,lethal,q_learning,0.998571428571,False,0
289,lethal,q_learning,0.99875,False,0
290,lethal,q_learning,0.998571428571,False,0
291,lethal,q_learning,0.998823529412,False,0
292,lethal,q_learning,0.99875,False,0
293,lethal,q_learning,0.998888888889,False,0
294,lethal,q_learning,0.99875,False,0
295,lethal,q_learning,0.998823529412,False,0
296,lethal,q_learning,0.998823529412,False,0
297,lethal,q_learning,0.998823529412,False,0
298,lethal,q_learning,0.998666666667,False,0
299,lethal,q_learning,0.998461538462,False,0
300,lethal,q_learning,0.998888888889,False,0
301,lethal,q_learning,0.99875,False,0
302,lethal,q_learning,0.99875,False,0
303,lethal,q_learning,0.998666666667,False,0
304,lethal,q_learning,0.998888888889,False,0
305,lethal,q_learning,0.998823529412,False,0
306,lethal,q_learning,0.998666666667,False,0
307,lethal,q_learning,0.998571428571,False,0
308,lethal,q_learning,0.998571428571,False,0
309,lethal,q_learning,0.99875,False,0
310,lethal,q_learning,0.998571428571,False,0
311,lethal,q_learning,0.998461538462,False,0
312,lethal,q_learning,0.998461538462,False,0
313,lethal,q_learning,0.998823529412,False,0
314,lethal,q_learning,0.99875,False,0
315,lethal,q_learning,0.99875,False,0
316,lethal,q_learning,0.998888888889,False,0
317,lethal,q_learning,0.998823529412,False,0
318,lethal,q_learning,0.998888888889,False,0
319,lethal,q_learning,0.998823529412,False,0
320,lethal,q_learning,0.998823529412,False,0
321,lethal,q_learning,0.998666666667,False,0
322,lethal,q_learning,0.998666666667,False,0
323,lethal,q_learning,0.998666666667,False,0
324,lethal,q_learning,0.998823529412,False,0
325,lethal,q_learning,0.998888888889,False,0
326,lethal,q_learning,0.998461538462,False,0
327,lethal,q_learning,0.998888888889,False,0
328,lethal,q_learning,0.998888888889,False,0
329,lethal,q_learning,0.998666666667,False,0
330,lethal,q_learning,0.998571428571,False,0
331,lethal,q_learning,0.998823529412,False,0
332,lethal,q_learning,0.998823529412,False,0
333,lethal,q_learning,0.99875,False,0
334,lethal,q_learning,0.99875,False,0
335,lethal,q_learning,0.99875,False,0
336,lethal,q_learning,0.99875,False,0
337,lethal,q_learning,0.998823529412,False,0
338,lethal,q_learning,0.998823529412,False,0
339,lethal,q_learning,0.99875,False,0
340,lethal,q_learning,0.998666666667,False,0
341,lethal,q_learning,0.998888888889,False,0
342,lethal,q_learning,0.998823529412,False,0
343,lethal,q_learning,0.99875,False,0
344,lethal,q_learning,0.998823529412,False,0
345,lethal,q_learning,0.998888888889,False,0
346,lethal,q_learning,0.998947368421,False,0
347,lethal,q_learning,0.998333333333,False,0
348,lethal,q_learning,0.998571428571,False,0
349,lethal,q_learning,0.998666666667,False,0
350,lethal,q_learning,0.998666666667,False,0
351,lethal,q_learning,0.998461538462,False,0
352,lethal,q_learning,0.99875,False,0
353,lethal,q_learning,0.998666666667,False,0
354,lethal,q_learning,0.998571428571,False,0
355,lethal,q_learning,0.998461538462,False,0
356,lethal,q_learning,0.998461538462,False,0
357,lethal,q_learning,0.99875,False,0
358,lethal,q_learning,0.998888888889,False,0
359,lethal,q_learning,0.998947368421,False,0
360,lethal,q_learning,0.998823529412,False,0
361,lethal,q_learning,0.99875,False,0
362,lethal,q_learning,0.998888888889,False,0
363,lethal,q_learning,0.998888888889,False,0
364,lethal,q_learning,0.998947368421,False,0
365,lethal,q_learning,0.998888888889,False,0
366,lethal,q_learning,0.99875,False,0
367,lethal,q_learning,0.998888888889,False,0
368,lethal,q_learning,0.998947368421,False,0
369,lethal,q_learning,0.998823529412,False,0
370,lethal,q_learning,0.99875,False,0
371,lethal,q_learning,0.998823529412,False,0
372,lethal,q_learning,0.998823529412,False,0
373,lethal,q_learning,0.998823529412,False,0
374,lethal,q_learning,0.99875,False,0
375,lethal,q_learning,0.998947368421,False,0
376,lethal,q_learning,0.99875,False,0
377,lethal,q_learning,0.998823529412,False,0
378,lethal,q_learning,0.998571428571,False,0
379,lethal,q_learning,0.998823529412,False,0
380,lethal,q_learning,0.998666666667,False,0
381,lethal,q_learning,0.998823529412,False,0
382,lethal,q_learning,0.998888888889,False,0
383,lethal,q_learning,0.998666666667,False,0
384,lethal,q_learning,0.998823529412,False,0
385,lethal,q_learning,0.998947368421,False,0
386,lethal,q_learning,0.99875,False,0
387,lethal,q_learning,0.998571428571,False,0
388,lethal,q_learning,0.998666666667,False,0
389,lethal,q_learning,0.99875,False,0
390,lethal,q_learning,0.99875,False,0
391,lethal,q_learning,0.998571428571,False,0
392,lethal,q_learning,0.998888888889,False,0
393,lethal,q_learning,0.998888888889,False,0
394,lethal,q_learning,0.99875,False,0
395,lethal,q_learning,0.99875,False,0
396,lethal,q_learning,0.998888888889,False,0
397,lethal,q_learning,0.998571428571,False,0
398,lethal,q_learning,0.998823529412,False,0
399,lethal,q_learning,0.998571428571,False,0
400,lethal,q_learning,0.99875,False,0
401,lethal,q_learning,0.99875,False,0
402,lethal,q_learning,0.998571428571,False,0
403,lethal,q_learning,0.998823529412,False,0
404,lethal,q_learning,0.998666666667,False,0
405,lethal,q_learning,0.99875,False,0
406,lethal,q_learning,0.998666666667,False,0
407,lethal,q_learning,0.998888888889,False,0
408,lethal,q_learning,0.998947368421,False,0
409,lethal,q_learning,0.998666666667,False,0
410,lethal,q_learning,0.99875,False,0
411,lethal,q_learning,0.99875,False,0
412,lethal,q_learning,0.998823529412,False,0
413,lethal,q_learning,0.998888888889,False,0
414,lethal,q_learning,0.998947368421,False,0
415,lethal,q_learning,0.998571428571,False,0
416,lethal,q_learning,0.99875,False,0
417,lethal,q_learning,0.998823529412,False,0
418,lethal,q_learning,0.998666666667,False,0
419,lethal,q_learning,0.998947368421,False,0
420,lethal,q_learning,0.99875,False,0
421,lethal,q_learning,0.998888888889,False,0
422,lethal,q_learning,0.99875,False,0
423,lethal,q_learning,0.998823529412,False,0
424,lethal,q_learning,0.998823529412,False,0
425,lethal,q_learning,0.998947368421,False,0
426,lethal,q_learning,0.998823529412,False,0
427,lethal,q_learning,0.998823529412,False,0
428,lethal,q_learning,0.998666666667,False,0
429,lethal,q_learning,0.998461538462,False,0
430,lethal,q_learning,0.99875,False,0
431,lethal,q_learning,0.998666666667,False,0
432,lethal,q_learning,0.998666666667,False,0
433,lethal,q_learning,0.99875,False,0
434,lethal,q_learning,0.998888888889,False,0
435,lethal,q_learning,0.998571428571,False,0
436,lethal,q_learning,0.99875,False,0
437,lethal,q_learning,0.998823529412,False,0
438,lethal,q_learning,0.998571428571,False,0
439,lethal,q_learning,0.998823529412,False,0
440,lethal,q_learning,0.998823529412,False,0
441,lethal,q_learning,0.998333333333,False,0
442,lethal,q_learning,0.998888888889,False,0
443,lethal,q_learning,0.998461538462,False,0
444,lethal,q_learning,0.998571428571,False,0
445,lethal,q_learning,0.99875,False,0
446,lethal,q_learning,0.998571428571,False,0
447,lethal,q_learning,0.999,False,0
448,lethal,q_learning,0.998888888889,False,0
449,lethal,q_learning,0.998666666667,False,0
450,lethal,q_learning,0.998823529412,False,0
451,lethal,q_learning,0.998888888889,False,0
452,lethal,q_learning,0.998666666667,False,0
453,lethal,q_learning,0.99875,False,0
454,lethal,q_learning,0.998666666667,False,0
455,lethal,q_learning,0.998666666667,False,0
456,lethal,q_learning,0.998888888889,False,0
457,lethal,q_learning,0.99875,False,0
458,lethal,q_learning,0.998947368421,False,0
459,lethal,q_learning,0.998666666667,False,0
460,lethal,q_learning,0.998666666667,False,0
461,lethal,q_learning,0.998571428571,False,0
462,lethal,q_learning,0.998823529412,False,0
463,lethal,q_learning,0.99875,False,0
464,lethal,q_learning,0.998823529412,False,0
465,lethal,q_learning,0.998823529412,False,0
466,lethal,q_learning,0.99875,False,0
467,lethal,q_learning,0.998666666667,False,0
468,lethal,q_learning,0.99875,False,0
469,lethal,q_learning,0.998823529412,False,0
470,lethal,q_learning,0.998571428571,False,0
471,lethal,q_learning,0.998888888889,False,0
472,lethal,q_learning,0.998888888889,False,0
473,lethal,q_learning,0.998666666667,False,0
474,lethal,q_learning,0.99875,False,0
475,lethal,q_learning,0.998666666667,False,0
476,lethal,q_learning,0.998823529412,False,0
477,lethal,q_learning,0.998571428571,False,0
478,lethal,q_learning,0.998888888889,False,0
479,lethal,q_learning,0.998571428571,False,0
480,lethal,q_learning,0.99875,False,0
481,lethal,q_learning,0.998666666667,False,0
482,lethal,q_learning,0.99875,False,0
483,lethal,q_learning,0.998823529412,False,0
484,lethal,q_learning,0.998666666667,False,0
485,lethal,q_learning,0.998947368421,False,0
486,lethal,q_learning,0.998666666667,False,0
487,lethal,q_learning,0.998571428571,False,0
488,lethal,q_learning,0.99875,False,0
489,lethal,q_learning,0.998823529412,False,0
490,lethal,q_learning,0.998461538462,False,0
491,lethal,q_learning,0.99875,False,0
492,lethal,q_learning,0.998666666667,False,0
493,lethal,q_learning,0.998666666667,False,0
494,lethal,q_learning,0.998571428571,False,0
495,lethal,q_learning,0.998666666667,False,0
496,lethal,q_learning,0.998823529412,False,0
497,lethal,q_learning,0.998666666667,False,0
498,lethal,q_learning,0.998666666667,False,0
499,lethal,q_learning,0.998666666667,False,0
500,lethal,q_learning,0.998888888889,False,0
501,lethal,q_learning,0.998666666667,False,0
502,lethal,q_learning,0.99875,False,0
503,lethal,q_learning,0.998,False,0
504,lethal,q_learning,0.998666666667,False,0
505,lethal,q_learning,0.998571428571,False,0
506,lethal,q_learning,0.998888888889,False,0
507,lethal,q_learning,0.998666666667,False,0
508,lethal,q_learning,0.998461538462,False,0
509,lethal,q_learning,0.998666666667,False,0
510,lethal,q_learning,0.99875,False,0
511,lethal,q_learning,0.998666666667,False,0
512,lethal,q_learning,0.998571428571,False,0
513,lethal,q_learning,0.998823529412,False,0
514,lethal,q_learning,0.998947368421,False,0
515,lethal,q_learning,0.998333333333,False,0
516,lethal,q_learning,0.998666666667,False,0
517,lethal,q_learning,0.998888888889,False,0
518,lethal,q_learning,0.998666666667,False,0
519,lethal,q_learning,0.998333333333,False,0
520,lethal,q_learning,0.99875,False,0
521,lethal,q_learning,0.998461538462,False,0
522,lethal,q_learning,0.998571428571,False,0
523,lethal,q_learning,0.99875,False,0
524,lethal,q_learning,0.998823529412,False,0
525,lethal,q_learning,0.998823529412,False,0
526,lethal,q_learning,0.998888888889,False,0
527,lethal,q_learning,0.99875,False,0
528,lethal,q_learning,0.998947368421,False,0
529,lethal,q_learning,0.998823529412,False,0
530,lethal,q_learning,0.998461538462,False,0
531,lethal,q_learning,0.998823529412,False,0
532,lethal,q_learning,0.998333333333,False,0
533,lethal,q_learning,0.998823529412,False,0
534,lethal,q_learning,0.998666666667,False,0
535,lethal,q_learning,0.998947368421,False,0
536,lethal,q_learning,0.998823529412,False,0
537,lethal,q_learning,0.998947368421,False,0
538,lethal,q_learning,0.99875,False,0
539,lethal,q_learning,0.998571428571,False,0
540,lethal,q_learning,0.998666666667,False,0
541,lethal,q_learning,0.99875,False,0
542,lethal,q_learning,0.998571428571,False,0
543,lethal,q_learning,0.998823529412,False,0
544,lethal,q_learning,0.998823529412,False,0
545,lethal,q_learning,0.998823529412,False,0
546,lethal,q_learning,0.998333333333,False,0
547,lethal,q_learning,0.998888888889,False,0
548,lethal,q_learning,0.998181818182,False,0
549,lethal,q_learning,0.99875,False,0
550,lethal,q_learning,0.99875,False,0
551,lethal,q_learning,0.99875,False,0
552,lethal,q_learning,0.998888888889,False,0
553,lethal,q_learning,0.998823529412,False,0
554,lethal,q_learning,0.998666666667,False,0
555,lethal,q_learning,0.998666666667,False,0
556,lethal,q_learning,0.998666666667,False,0
557,lethal,q_learning,0.998823529412,False,0
558,lethal,q_learning,0.998947368421,False,0
559,lethal,q_learning,0.99875,False,0
560,lethal,q_learning,0.998461538462,False,0
561,lethal,q_learning,0.998823529412,False,0
562,lethal,q_learning,0.998823529412,False,0
563,lethal,q_learning,0.998571428571,False,0
564,lethal,q_learning,0.998823529412,False,0
565,lethal,q_learning,0.998571428571,False,0
566,lethal,q_learning,0.998823529412,False,0
567,lethal,q_learning,0.998461538462,False,0
568,lethal,q_learning,0.998823529412,False,0
569,lethal,q_learning,0.998571428571,False,0
570,lethal,q_learning,0.99875,False,0
571,lethal,q_learning,0.998888888889,False,0
572,lethal,q_learning,0.998461538462,False,0
573,lethal,q_learning,0.998666666667,False,0
574,lethal,q_learning,0.998666666667,False,0
575,lethal,q_learning,0.998888888889,False,0
576,lethal,q_learning,0.998823529412,False,0
577,lethal,q_learning,0.99875,False,0
578,lethal,q_learning,0.998571428571,False,0
579,lethal,q_learning,0.998888888889,False,0
580,lethal,q_learning,0.998461538462,False,0
581,lethal,q_learning,0.99875,False,0
582,lethal,q_learning,0.998888888889,False,0
583,lethal,q_learning,0.998666666667,False,0
584,lethal,q_learning,0.998888888889,False,0
585,lethal,q_learning,0.998461538462,False,0
586,lethal,q_learning,0.998571428571,False,0
587,lethal,q_learning,0.998823529412,False,0
588,lethal,q_learning,0.998666666667,False,0
589,lethal,q_learning,0.998461538462,False,0
590,lethal,q_learning,0.998461538462,False,0
591,lethal,q_learning,0.999,False,0
592,lethal,q_learning,0.998823529412,False,0
593,lethal,q_learning,0.99875,False,0
594,lethal,q_learning,0.998823529412,False,0
595,lethal,q_learning,0.99875,False,0
596,lethal,q_learning,0.998666666667,False,0
597,lethal,q_learning,0.998571428571,False,0
598,lethal,q_learning,0.998823529412,False,0
599,lethal,q_learning,0.998823529412,False,0
600,lethal,q_learning,0.998571428571,False,0
601,lethal,q_learning,0.99875,False,0
602,lethal,q_learning,0.998666666667,False,0
603,lethal,q_learning,0.99875,False,0
604,lethal,q_learning,0.99875,False,0
605,lethal,q_learning,0.998571428571,False,0
606,lethal,q_learning,0.998666666667,False,0
607,lethal,q_learning,0.998571428571,False,0
608,lethal,q_learning,0.998947368421,False,0
609,lethal,q_learning,0.998888888889,False,0
610,lethal,q_learning,0.998461538462,False,0
611,lethal,q_learning,0.998888888889,False,0
612,lethal,q_learning,0.998461538462,False,0
613,lethal,q_learning,0.998823529412,False,0
614,lethal,q_learning,0.998888888889,False,0
615,lethal,q_learning,0.998888888889,False,0
616,lethal,q_learning,0.998823529412,False,0
617,lethal,q_learning,0.998947368421,False,0
618,lethal,q_learning,0.998823529412,False,0
619,lethal,q_learning,0.99875,False,0
620,lethal,q_learning,0.998823529412,False,0
621,lethal,q_learning,0.998888888889,False,0
622,lethal,q_learning,0.998888888889,False,0
623,lethal,q_learning,0.998823529412,False,0
624,lethal,q_learning,0.998571428571,False,0
625,lethal,q_learning,0.998823529412,False,0
626,lethal,q_learning,0.998823529412,False,0
627,lethal,q_learning,0.99875,False,0
628,lethal,q_learning,0.998888888889,False,0
629,lethal,q_learning,0.998571428571,False,0
630,lethal,q_learning,0.998823529412,False,0
631,lethal,q_learning,0.998666666667,False,0
632,lethal,q_learning,0.99875,False,0
633,lethal,q_learning,0.998823529412,False,0
634,lethal,q_learning,0.998666666667,False,0
635,lethal,q_learning,0.99875,False,0
636,lethal,q_learning,0.999,False,0
637,lethal,q_learning,0.998571428571,False,0
638,lethal,q_learning,0.998461538462,False,0
639,lethal,q_learning,0.998947368421,False,0
640,lethal,q_learning,0.99875,False,0
641,lethal,q_learning,0.998888888889,False,0
642,lethal,q_learning,0.998666666667,False,0
643,lethal,q_learning,0.998947368421,False,0
644,lethal,q_learning,0.99875,False,0
645,lethal,q_learning,0.998666666667,False,0
646,lethal,q_learning,0.998666666667,False,0
647,lethal,q_learning,0.998823529412,False,0
648,lethal,q_learning,0.998823529412,False,0
649,lethal,q_learning,0.998571428571,False,0
650,lethal,q_learning,0.99875,False,0
651,lethal,q_learning,0.998461538462,False,0
652,lethal,q_learning,0.998823529412,False,0
653,lethal,q_learning,0.998461538462,False,0
654,lethal,q_learning,0.998571428571,False,0
655,lethal,q_learning,0.998823529412,False,0
656,lethal,q_learning,0.998666666667,False,0
657,lethal,q_learning,0.998888888889,False,0
658,lethal,q_learning,0.998571428571,False,0
659,lethal,q_learning,0.998823529412,False,0
660,lethal,q_learning,0.998823529412,False,0
661,lethal,q_learning,0.99875,False,0
662,lethal,q_learning,0.99875,False,0
663,lethal,q_learning,0.998823529412,False,0
664,lethal,q_learning,0.998947368421,False,0
665,lethal,q_learning,0.998823529412,False,0
666,lethal,q_learning,0.998823529412,False,0
667,lethal,q_learning,0.998823529412,False,0
668,lethal,q_learning,0.998666666667,False,0
669,lethal,q_learning,0.998823529412,False,0
670,lethal,q_learning,0.998823529412,False,0
671,lethal,q_learning,0.998571428571,False,0
672,lethal,q_learning,0.99875,False,0
673,lethal,q_learning,0.998823529412,False,0
674,lethal,q_learning,0.99875,False,0
675,lethal,q_learning,0.998823529412,False,0
676,lethal,q_learning,0.998571428571,False,0
677,lethal,q_learning,0.998823529412,False,0
678,lethal,q_learning,0.998888888889,False,0
679,lethal,q_learning,0.998333333333,False,0
680,lethal,q_learning,0.998666666667,False,0
681,lethal,q_learning,0.99875,False,0
682,lethal,q_learning,0.998823529412,False,0
683,lethal,q_learning,0.998888888889,False,0
684,lethal,q_learning,0.998823529412,False,0
685,lethal,q_learning,0.99875,False,0
686,lethal,q_learning,0.998666666667,False,0
687,lethal,q_learning,0.998823529412,False,0
688,lethal,q_learning,0.998888888889,False,0
689,lethal,q_learning,0.998571428571,False,0
690,lethal,q_learning,0.998571428571,False,0
691,lethal,q_learning,0.998571428571,False,0
692,lethal,q_learning,0.998333333333,False,0
693,lethal,q_learning,0.998461538462,False,0
694,lethal,q_learning,0.998666666667,False,0
695,lethal,q_learning,0.998823529412,False,0
696,lethal,q_learning,0.998571428571,False,0
697,lethal,q_learning,0.99875,False,0
698,lethal,q_learning,0.998571428571,False,0
699,lethal,q_learning,0.998666666667,False,0
700,lethal,q_learning,0.998666666667,False,0
701,lethal,q_learning,0.998571428571,False,0
702,lethal,q_learning,0.998888888889,False,0
703,lethal,q_learning,0.998666666667,False,0
704,lethal,q_learning,0.998823529412,False,0
705,lethal,q_learning,0.99875,False,0
706,lethal,q_learning,0.998461538462,False,0
707,lethal,q_learning,0.998888888889,False,0
708,lethal,q_learning,0.998571428571,False,0
709,lethal,q_learning,0.998666666667,False,0
710,lethal,q_learning,0.998461538462,False,0
711,lethal,q_learning,0.998888888889,False,0
712,lethal,q_learning,0.998461538462,False,0
713,lethal,q_learning,0.998823529412,False,0
714,lethal,q_learning,0.998823529412,False,0
715,lethal,q_learning,0.998666666667,False,0
716,lethal,q_learning,0.998666666667,False,0
717,lethal,q_learning,0.998888888889,False,0
718,lethal,q_learning,0.998823529412,False,0
719,lethal,q_learning,0.998571428571,False,0
720,lethal,q_learning,0.998571428571,False,0
721,lethal,q_learning,0.998823529412,False,0
722,lethal,q_learning,0.99875,False,0
723,lethal,q_learning,0.998571428571,False,0
724,lethal,q_learning,0.99875,False,0
725,lethal,q_learning,0.998571428571,False,0
726,lethal,q_learning,0.998947368421,False,0
727,lethal,q_learning,0.998947368421,False,0
728,lethal,q_learning,0.998823529412,False,0
729,lethal,q_learning,0.998666666667,False,0
730,lethal,q_learning,0.998333333333,False,0
731,lethal,q_learning,0.998888888889,False,0
732,lethal,q_learning,0.998333333333,False,0
733,lethal,q_learning,0.99875,False,0
734,lethal,q_learning,0.99875,False,0
735,lethal,q_learning,0.99875,False,0
736,lethal,q_learning,0.998461538462,False,0
737,lethal,q_learning,0.998461538462,False,0
738,lethal,q_learning,0.99875,False,0
739,lethal,q_learning,0.998823529412,False,0
740,lethal,q_learning,0.998888888889,False,0
741,lethal,q_learning,0.998823529412,False,0
742,lethal,q_learning,0.998823529412,False,0
743,lethal,q_learning,0.99875,False,0
744,lethal,q_learning,0.998571428571,False,0
745,lethal,q_learning,0.998666666667,False,0
746,lethal,q_learning,0.998823529412,False,0
747,lethal,q_learning,0.99875,False,0
748,lethal,q_learning,0.998181818182,False,0
749,lethal,q_learning,0.99875,False,0
750,lethal,q_learning,0.998823529412,False,0
751,lethal,q_learning,0.998666666667,False,0
752,lethal,q_learning,0.998823529412,False,0
753,lethal,q_learning,0.998666666667,False,0
754,lethal,q_learning,0.998823529412,False,0
755,lethal,q_learning,0.998823529412,False,0
756,lethal,q_learning,0.998461538462,False,0
757,lethal,q_learning,0.998666666667,False,0
758,lethal,q_learning,0.998947368421,False,0
759,lethal,q_learning,0.998666666667,False,0
760,lethal,q_learning,0.998888888889,False,0
761,lethal,q_learning,0.998947368421,False,0
762,lethal,q_learning,0.99875,False,0
763,lethal,q_learning,0.998888888889,False,0
764,lethal,q_learning,0.99875,False,0
765,lethal,q_learning,0.998571428571,False,0
766,lethal,q_learning,0.998571428571,False,0
767,lethal,q_learning,0.99875,False,0
768,lethal,q_learning,0.998666666667,False,0
769,lethal,q_learning,0.998666666667,False,0
770,lethal,q_learning,0.998823529412,False,0
771,lethal,q_learning,0.99875,False,0
772,lethal,q_learning,0.998947368421,False,0
773,lethal,q_learning,0.998823529412,False,0
774,lethal,q_learning,0.99875,False,0
775,lethal,q_learning,0.998947368421,False,0
776,lethal,q_learning,0.998571428571,False,0
777,lethal,q_learning,0.998888888889,False,0
778,lethal,q_learning,0.99875,False,0
779,lethal,q_learning,0.998666666667,False,0
780,lethal,q_learning,0.998947368421,False,0
781,lethal,q_learning,0.998823529412,False,0
782,lethal,q_learning,0.998888888889,False,0
783,lethal,q_learning,0.99875,False,0
784,lethal,q_learning,0.998823529412,False,0
785,lethal,q_learning,0.998888888889,False,0
786,lethal,q_learning,0.99875,False,0
787,lethal,q_learning,0.99875,False,0
788,lethal,q_learning,0.99875,False,0
789,lethal,q_learning,0.998823529412,False,0
790,lethal,q_learning,0.998666666667,False,0
791,lethal,q_learning,0.998888888889,False,0
792,lethal,q_learning,0.998823529412,False,0
793,lethal,q_learning,0.998666666667,False,0
794,lethal,q_learning,0.998823529412,False,0
795,lethal,q_learning,0.998666666667,False,0
796,lethal,q_learning,0.998823529412,False,0
797,lethal,q_learning,0.99875,False,0
798,lethal,q_learning,0.998823529412,False,0
799,lethal,q_learning,0.99875,False,0
800,lethal,q_learning,0.999,False,0
801,lethal,q_learning,0.998461538462,False,0
802,lethal,q_learning,0.998823529412,False,0
803,lethal,q_learning,0.998461538462,False,0
804,lethal,q_learning,0.998823529412,False,0
805,lethal,q_learning,0.998888888889,False,0
806,lethal,q_learning,0.998571428571,False,0
807,lethal,q_learning,0.998666666667,False,0
808,lethal,q_learning,0.99875,False,0
809,lethal,q_learning,0.998666666667,False,0
810,lethal,q_learning,0.99875,False,0
811,lethal,q_learning,0.99875,False,0
812,lethal,q_learning,0.998823529412,False,0
813,lethal,q_learning,0.998666666667,False,0
814,lethal,q_learning,0.998571428571,False,0
815,lethal,q_learning,0.998666666667,False,0
816,lethal,q_learning,0.998888888889,False,0
817,lethal,q_learning,0.998823529412,False,0
818,lethal,q_learning,0.998888888889,False,0
819,lethal,q_learning,0.99875,False,0
820,lethal,q_learning,0.998666666667,False,0
821,lethal,q_learning,0.998823529412,False,0
822,lethal,q_learning,0.99875,False,0
823,lethal,q_learning,0.998571428571,False,0
824,lethal,q_learning,0.998571428571,False,0
825,lethal,q_learning,0.998571428571,False,0
826,lethal,q_learning,0.99875,False,0
827,lethal,q_learning,0.99875,False,0
828,lethal,q_learning,0.998666666667,False,0
829,lethal,q_learning,0.998888888889,False,0
830,lethal,q_learning,0.99875,False,0
831,lethal,q_learning,0.998823529412,False,0
832,lethal,q_learning,0.998666666667,False,0
833,lethal,q_learning,0.998888888889,False,0
834,lethal,q_learning,0.99875,False,0
835,lethal,q_learning,0.998823529412,False,0
836,lethal,q_learning,0.99875,False,0
837,lethal,q_learning,0.998888888889,False,0
838,lethal,q_learning,0.99875,False,0
839,lethal,q_learning,0.99875,False,0
840,lethal,q_learning,0.998461538462,False,0
841,lethal,q_learning,0.998571428571,False,0
842,lethal,q_learning,0.999,False,0
843,lethal,q_learning,0.998947368421,False,0
844,lethal,q_learning,0.998571428571,False,0
845,lethal,q_learning,0.99875,False,0
846,lethal,q_learning,0.998888888889,False,0
847,lethal,q_learning,0.998823529412,False,0
848,lethal,q_learning,0.998888888889,False,0
849,lethal,q_learning,0.998571428571,False,0
850,lethal,q_learning,0.998666666667,False,0
851,lethal,q_learning,0.99875,False,0
852,lethal,q_learning,0.998666666667,False,0
853,lethal,q_learning,0.998333333333,False,0
854,lethal,q_learning,0.998823529412,False,0
855,lethal,q_learning,0.998823529412,False,0
856,lethal,q_learning,0.998666666667,False,0
857,lethal,q_learning,0.99875,False,0
858,lethal,q_learning,0.998461538462,False,0
859,lethal,q_learning,0.998947368421,False,0
860,lethal,q_learning,0.998888888889,False,0
861,lethal,q_learning,0.99875,False,0
862,lethal,q_learning,0.998571428571,False,0
863,lethal,q_learning,0.99875,False,0
864,lethal,q_learning,0.998823529412,False,0
865,lethal,q_learning,0.998823529412,False,0
866,lethal,q_learning,0.998571428571,False,0
867,lethal,q_learning,0.99875,False,0
868,lethal,q_learning,0.998571428571,False,0
869,lethal,q_learning,0.998823529412,False,0
870,lethal,q_learning,0.998947368421,False,0
871,lethal,q_learning,0.998823529412,False,0
872,lethal,q_learning,0.998888888889,False,0
873,lethal,q_learning,0.998823529412,False,0
874,lethal,q_learning,0.998571428571,False,0
875,lethal,q_learning,0.998461538462,False,0
876,lethal,q_learning,0.998823529412,False,0
877,lethal,q_learning,0.998666666667,False,0
878,lethal,q_learning,0.998666666667,False,0
879,lethal,q_learning,0.998947368421,False,0
880,lethal,q_learning,0.99875,False,0
881,lethal,q_learning,0.998571428571,False,0
882,lethal,q_learning,0.99875,False,0
883,lethal,q_learning,0.998888888889,False,0
884,lethal,q_learning,0.998571428571,False,0
885,lethal,q_learning,0.998666666667,False,0
886,lethal,q_learning,0.998888888889,False,0
887,lethal,q_learning,0.99875,False,0
888,lethal,q_learning,0.998571428571,False,0
889,lethal,q_learning,0.998571428571,False,0
890,lethal,q_learning,0.998888888889,False,0
891,lethal,q_learning,0.99875,False,0
892,lethal,q_learning,0.998666666667,False,0
893,lethal,q_learning,0.99875,False,0
894,lethal,q_learning,0.998823529412,False,0
895,lethal,q_learning,0.998823529412,False,0
896,lethal,q_learning,0.998666666667,False,0
897,lethal,q_learning,0.998666666667,False,0
898,lethal,q_learning,0.998888888889,False,0
899,lethal,q_learning,0.998666666667,False,0
900,lethal,q_learning,0.998181818182,False,0
901,lethal,q_learning,0.99875,False,0
902,lethal,q_learning,0.99875,False,0
903,lethal,q_learning,0.998888888889,False,0
904,lethal,q_learning,0.998666666667,False,0
905,lethal,q_learning,0.998823529412,False,0
906,lethal,q_learning,0.998461538462,False,0
907,lethal,q_learning,0.998571428571,False,0
908,lethal,q_learning,0.998666666667,False,0
909,lethal,q_learning,0.99875,False,0
910,lethal,q_learning,0.998666666667,False,0
911,lethal,q_learning,0.99875,False,0
912,lethal,q_learning,0.998571428571,False,0
913,lethal,q_learning,0.998666666667,False,0
914,lethal,q_learning,0.998571428571,False,0
915,lethal,q_learning,0.99875,False,0
916,lethal,q_learning,0.998571428571,False,0
917,lethal,q_learning,0.998571428571,False,0
918,lethal,q_learning,0.998571428571,False,0
919,lethal,q_learning,0.998333333333,False,0
920,lethal,q_learning,0.998823529412,False,0
921,lethal,q_learning,0.998666666667,False,0
922,lethal,q_learning,0.99875,False,0
923,lethal,q_learning,0.998571428571,False,0
924,lethal,q_learning,0.998823529412,False,0
925,lethal,q_learning,0.99875,False,0
926,lethal,q_learning,0.998571428571,False,0
927,lethal,q_learning,0.99875,False,0
928,lethal,q_learning,0.998888888889,False,0
929,lethal,q_learning,0.99875,False,0
930,lethal,q_learning,0.998888888889,False,0
931,lethal,q_learning,0.998571428571,False,0
932,lethal,q_learning,0.998823529412,False,0
933,lethal,q_learning,0.99875,False,0
934,lethal,q_learning,0.998333333333,False,0
935,lethal,q_learning,0.99875,False,0
936,lethal,q_learning,0.998947368421,False,0
937,lethal,q_learning,0.99875,False,0
938,lethal,q_learning,0.998666666667,False,0
939,lethal,q_learning,0.99875,False,0
940,lethal,q_learning,0.99875,False,0
941,lethal,q_learning,0.998571428571,False,0
942,lethal,q_learning,0.998666666667,False,0
943,lethal,q_learning,0.998666666667,False,0
944,lethal,q_learning,0.998666666667,False,0
945,lethal,q_learning,0.998571428571,False,0
946,lethal,q_learning,0.99875,False,0
947,lethal,q_learning,0.998823529412,False,0
948,lethal,q_learning,0.998666666667,False,0
949,lethal,q_learning,0.998888888889,False,0
950,lethal,q_learning,0.998888888889,False,0
951,lethal,q_learning,0.998823529412,False,0
952,lethal,q_learning,0.998461538462,False,0
953,lethal,q_learning,0.998823529412,False,0
954,lethal,q_learning,0.99875,False,0
955,lethal,q_learning,0.998666666667,False,0
956,lethal,q_learning,0.998666666667,False,0
957,lethal,q_learning,0.998571428571,False,0
958,lethal,q_learning,0.998947368421,False,0
959,lethal,q_learning,0.99875,False,0
960,lethal,q_learning,0.999,False,0
961,lethal,q_learning,0.998823529412,False,0
962,lethal,q_learning,0.998666666667,False,0
963,lethal,q_learning,0.998888888889,False,0
964,lethal,q_learning,0.998947368421,False,0
965,lethal,q_learning,0.998823529412,False,0
966,lethal,q_learning,0.998888888889,False,0
967,lethal,q_learning,0.998181818182,False,0
968,lethal,q_learning,0.99875,False,0
969,lethal,q_learning,0.998571428571,False,0
970,lethal,q_learning,0.998823529412,False,0
971,lethal,q_learning,0.998571428571,False,0
972,lethal,q_learning,0.99875,False,0
973,lethal,q_learning,0.998888888889,False,0
974,lethal,q_learning,0.998666666667,False,0
975,lethal,q_learning,0.998888888889,False,0
976,lethal,q_learning,0.998571428571,False,0
977,lethal,q_learning,0.99875,False,0
978,lethal,q_learning,0.998947368421,False,0
979,lethal,q_learning,0.998823529412,False,0
980,lethal,q_learning,0.99875,False,0
981,lethal,q_learning,0.998947368421,False,0
982,lethal,q_learning,0.998823529412,False,0
983,lethal,q_learning,0.998947368421,False,0
984,lethal,q_learning,0.998947368421,False,0
985,lethal,q_learning,0.998947368421,False,0
986,lethal,q_learning,0.998823529412,False,0
987,lethal,q_learning,0.99875,False,0
988,lethal,q_learning,0.998823529412,False,0
989,lethal,q_learning,0.998666666667,False,0
990,lethal,q_learning,0.998571428571,False,0
991,lethal,q_learning,0.998823529412,False,0
992,lethal,q_learning,0.998888888889,False,0
993,lethal,q_learning,0.99875,False,0
994,lethal,q_learning,0.998571428571,False,0
995,lethal,q_learning,0.99875,False,0
996,lethal,q_learning,0.999,False,0
997,lethal,q_learning,0.998888888889,False,0
998,lethal,q_learning,0.998823529412,False,0
999,lethal,q_learning,0.998571428571,False,0
1000,lethal,q_learning,0.998461538462,False,0
1001,lethal,q_learning,0.998571428571,False,0
1002,lethal,q_learning,0.998666666667,False,0
1003,lethal,q_learning,0.998666666667,False,0
1004,lethal,q_learning,0.998823529412,False,0
1005,lethal,q_learning,0.998888888889,False,0
1006,lethal,q_learning,0.998947368421,False,0
1007,lethal,q_learning,0.998823529412,False,0
1008,lethal,q_learning,0.998947368421,False,0
1009,lethal,q_learning,0.998666666667,False,0
1010,lethal,q_learning,0.99875,False,0
1011,lethal,q_learning,0.998571428571,False,0
1012,lethal,q_learning,0.998461538462,False,0
1013,lethal,q_learning,0.99875,False,0
1014,lethal,q_learning,0.99875,False,0
1015,lethal,q_learning,0.998888888889,False,0
1016,lethal,q_learning,0.998571428571,False,0
1017,lethal,q_learning,0.998571428571,False,0
1018,lethal,q_learning,0.99875,False,0
1019,lethal,q_learning,0.998888888889,False,0
1020,lethal,q_learning,0.998571428571,False,0
1021,lethal,q_learning,0.998823529412,False,0
1022,lethal,q_learning,0.998571428571,False,0
1023,lethal,q_learning,0.998571428571,False,0
1024,lethal,q_learning,0.998666666667,False,0
1025,lethal,q_learning,0.998947368421,False,0
1026,lethal,q_learning,0.998461538462,False,0
1027,lethal,q_learning,0.998888888889,False,0
1028,lethal,q_learning,0.998823529412,False,0
1029,lethal,q_learning,0.998947368421,False,0
1030,lethal,q_learning,0.998947368421,False,0
1031,lethal,q_learning,0.998461538462,False,0
1032,lethal,q_learning,0.998888888889,False,0
1033,lethal,q_learning,0.99875,False,0
1034,lethal,q_learning,0.998947368421,False,0
1035,lethal,q_learning,0.998461538462,False,0
1036,lethal,q_learning,0.998888888889,False,0
1037,lethal,q_learning,0.998181818182,False,0
1038,lethal,q_learning,0.998823529412,False,0
1039,lethal,q_learning,0.998888888889,False,0
1040,lethal,q_learning,0.998888888889,False,0
1041,lethal,q_learning,0.99875,False,0
1042,lethal,q_learning,0.998823529412,False,0
1043,lethal,q_learning,0.998947368421,False,0
1044,lethal,q_learning,0.998333333333,False,0
1045,lethal,q_learning,0.998571428571,False,0
1046,lethal,q_learning,0.998571428571,False,0
1047,lethal,q_learning,0.998823529412,False,0
1048,lethal,q_learning,0.998461538462,False,0
1049,lethal,q_learning,0.99875,False,0
1050,lethal,q_learning,0.998888888889,False,0
1051,lethal,q_learning,0.998947368421,False,0
1052,lethal,q_learning,0.998666666667,False,0
1053,lethal,q_learning,0.998571428571,False,0
1054,lethal,q_learning,0.99875,False,0
1055,lethal,q_learning,0.998823529412,False,0
1056,lethal,q_learning,0.99875,False,0
1057,lethal,q_learning,0.99875,False,0
1058,lethal,q_learning,0.998333333333,False,0
1059,lethal,q_learning,0.99875,False,0
1060,lethal,q_learning,0.998947368421,False,0
1061,lethal,q_learning,0.99875,False,0
1062,lethal,q_learning,0.998666666667,False,0
1063,lethal,q_learning,0.998571428571,False,0
1064,lethal,q_learning,0.99875,False,0
1065,lethal,q_learning,0.998823529412,False,0
1066,lethal,q_learning,0.998571428571,False,0
1067,lethal,q_learning,0.998823529412,False,0
1068,lethal,q_learning,0.998888888889,False,0
1069,lethal,q_learning,0.998823529412,False,0
1070,lethal,q_learning,0.998888888889,False,0
1071,lethal,q_learning,0.998181818182,False,0
1072,lethal,q_learning,0.99875,False,0
1073,lethal,q_learning,0.998571428571,False,0
1074,lethal,q_learning,0.998571428571,False,0
1075,lethal,q_learning,0.998333333333,False,0
1076,lethal,q_learning,0.99875,False,0
1077,lethal,q_learning,0.998666666667,False,0
1078,lethal,q_learning,0.998666666667,False,0
1079,lethal,q_learning,0.998823529412,False,0
1080,lethal,q_learning,0.998666666667,False,0
1081,lethal,q_learning,0.998888888889,False,0
1082,lethal,q_learning,0.998823529412,False,0
1083,lethal,q_learning,0.998823529412,False,0
1084,lethal,q_learning,0.998823529412,False,0
1085,lethal,q_learning,0.998888888889,False,0
1086,lethal,q_learning,0.998823529412,False,0
1087,lethal,q_learning,0.99875,False,0
1088,lethal,q_learning,0.998571428571,False,0
1089,lethal,q_learning,0.998666666667,False,0
1090,lethal,q_learning,0.998666666667,False,0
1091,lethal,q_learning,0.998823529412,False,0
1092,lethal,q_learning,0.998571428571,False,0
1093,lethal,q_learning,0.99875,False,0
1094,lethal,q_learning,0.99875,False,0
1095,lethal,q_learning,0.998461538462,False,0
1096,lethal,q_learning,0.998823529412,False,0
1097,lethal,q_learning,0.99875,False,0
1098,lethal,q_learning,0.998888888889,False,0
1099,lethal,q_learning,0.998823529412,False,0
1100,lethal,q_learning,0.998666666667,False,0
1101,lethal,q_learning,0.998571428571,False,0
1102,lethal,q_learning,0.998888888889,False,0
1103,lethal,q_learning,0.998823529412,False,0
1104,lethal,q_learning,0.998666666667,False,0
1105,lethal,q_learning,0.99875,False,0
1106,lethal,q_learning,0.998666666667,False,0
1107,lethal,q_learning,0.998461538462,False,0
1108,lethal,q_learning,0.99875,False,0
1109,lethal,q_learning,0.998571428571,False,0
1110,lethal,q_learning,0.99875,False,0
1111,lethal,q_learning,0.99875,False,0
1112,lethal,q_learning,0.998823529412,False,0
1113,lethal,q_learning,0.998888888889,False,0
1114,lethal,q_learning,0.998823529412,False,0
1115,lethal,q_learning,0.998888888889,False,0
1116,lethal,q_learning,0.998666666667,False,0
1117,lethal,q_learning,0.998888888889,False,0
1118,lethal,q_learning,0.998823529412,False,0
1119,lethal,q_learning,0.998666666667,False,0
1120,lethal,q_learning,0.998571428571,False,0
1121,lethal,q_learning,0.998666666667,False,0
1122,lethal,q_learning,0.99875,False,0
1123,lethal,q_learning,0.998888888889,False,0
1124,lethal,q_learning,0.998666666667,False,0
1125,lethal,q_learning,0.99875,False,0
1126,lethal,q_learning,0.998947368421,False,0
1127,lethal,q_learning,0.999,False,0
1128,lethal,q_learning,0.998888888889,False,0
1129,lethal,q_learning,0.998571428571,False,0
1130,lethal,q_learning,0.99875,False,0
1131,lethal,q_learning,0.998888888889,False,0
1132,lethal,q_learning,0.998947368421,False,0
1133,lethal,q_learning,0.998571428571,False,0
1134,lethal,q_learning,0.998571428571,False,0
1135,lethal,q_learning,0.99875,False,0
1136,lethal,q_learning,0.998571428571,False,0
1137,lethal,q_learning,0.998888888889,False,0
1138,lethal,q_learning,0.998823529412,False,0
1139,lethal,q_learning,0.998666666667,False,0
1140,lethal,q_learning,0.99875,False,0
1141,lethal,q_learning,0.99875,False,0
1142,lethal,q_learning,0.998823529412,False,0
1143,lethal,q_learning,0.998947368421,False,0
1144,lethal,q_learning,0.998181818182,False,0
1145,lethal,q_learning,0.998333333333,False,0
1146,lethal,q_learning,0.998666666667,False,0
1147,lethal,q_learning,0.998888888889,False,0
1148,lethal,q_learning,0.998823529412,False,0
1149,lethal,q_learning,0.998461538462,False,0
1150,lethal,q_learning,0.998333333333,False,0
1151,lethal,q_learning,0.998666666667,False,0
1152,lethal,q_learning,0.998666666667,False,0
1153,lethal,q_learning,0.998823529412,False,0
1154,lethal,q_learning,0.998461538462,False,0
1155,lethal,q_learning,0.99875,False,0
1156,lethal,q_learning,0.998888888889,False,0
1157,lethal,q_learning,0.99875,False,0
1158,lethal,q_learning,0.998823529412,False,0
1159,lethal,q_learning,0.99875,False,0
1160,lethal,q_learning,0.99875,False,0
1161,lethal,q_learning,0.998823529412,False,0
1162,lethal,q_learning,0.998947368421,False,0
1163,lethal,q_learning,0.99875,False,0
1164,lethal,q_learning,0.998461538462,False,0
1165,lethal,q_learning,0.99875,False,0
1166,lethal,q_learning,0.99875,False,0
1167,lethal,q_learning,0.998888888889,False,0
1168,lethal,q_learning,0.998947368421,False,0
1169,lethal,q_learning,0.998666666667,False,0
1170,lethal,q_learning,0.998571428571,False,0
1171,lethal,q_learning,0.998571428571,False,0
1172,lethal,q_learning,0.998666666667,False,0
1173,lethal,q_learning,0.998823529412,False,0
1174,lethal,q_learning,0.998823529412,False,0
1175,lethal,q_learning,0.99875,False,0
1176,lethal,q_learning,0.998823529412,False,0
1177,lethal,q_learning,0.998823529412,False,0
1178,lethal,q_learning,0.998888888889,False,0
1179,lethal,q_learning,0.998571428571,False,0
1180,lethal,q_learning,0.998571428571,False,0
1181,lethal,q_learning,0.998666666667,False,0
1182,lethal,q_learning,0.998888888889,False,0
1183,lethal,q_learning,0.998571428571,False,0
1184,lethal,q_learning,0.998947368421,False,0
1185,lethal,q_learning,0.998823529412,False,0
1186,lethal,q_learning,0.998461538462,False,0
1187,lethal,q_learning,0.998571428571,False,0
1188,lethal,q_learning,0.998823529412,False,0
1189,lethal,q_learning,0.998461538462,False,0
1190,lethal,q_learning,0.998666666667,False,0
1191,lethal,q_learning,0.998888888889,False,0
1192,lethal,q_learning,0.998666666667,False,0
1193,lethal,q_learning,0.998947368421,False,0
1194,lethal,q_learning,0.998666666667,False,0
1195,lethal,q_learning,0.99875,False,0
1196,lethal,q_learning,0.998666666667,False,0
1197,lethal,q_learning,0.998666666667,False,0
1198,lethal,q_learning,0.99875,False,0
1199,lethal,q_learning,0.998461538462,False,0
1200,lethal,q_learning,0.998888888889,False,0
1201,lethal,q_learning,0.998571428571,False,0
1202,lethal,q_learning,0.998888888889,False,0
1203,lethal,q_learning,0.99875,False,0
1204,lethal,q_learning,0.998888888889,False,0
1205,lethal,q_learning,0.998888888889,False,0
1206,lethal,q_learning,0.998666666667,False,0
1207,lethal,q_learning,0.998823529412,False,0
1208,lethal,q_learning,0.998666666667,False,0
1209,lethal,q_learning,0.99875,False,0
1210,lethal,q_learning,0.99875,False,0
1211,lethal,q_learning,0.998571428571,False,0
1212,lethal,q_learning,0.99875,False,0
1213,lethal,q_learning,0.998823529412,False,0
1214,lethal,q_learning,0.998461538462,False,0
1215,lethal,q_learning,0.998823529412,False,0
1216,lethal,q_learning,0.998571428571,False,0
1217,lethal,q_learning,0.998666666667,False,0
1218,lethal,q_learning,0.998666666667,False,0
1219,lethal,q_learning,0.998666666667,False,0
1220,lethal,q_learning,0.998823529412,False,0
1221,lethal,q_learning,0.998823529412,False,0
1222,lethal,q_learning,0.998333333333,False,0
1223,lethal,q_learning,0.998571428571,False,0
1224,lethal,q_learning,0.998666666667,False,0
1225,lethal,q_learning,0.998823529412,False,0
1226,lethal,q_learning,0.99875,False,0
1227,lethal,q_learning,0.998888888889,False,0
1228,lethal,q_learning,0.998181818182,False,0
1229,lethal,q_learning,0.998888888889,False,0
1230,lethal,q_learning,0.99875,False,0
1231,lethal,q_learning,0.998947368421,False,0
1232,lethal,q_learning,0.998571428571,False,0
1233,lethal,q_learning,0.998888888889,False,0
1234,lethal,q_learning,0.998823529412,False,0
1235,lethal,q_learning,0.99875,False,0
1236,lethal,q_learning,0.998888888889,False,0
1237,lethal,q_learning,0.998461538462,False,0
1238,lethal,q_learning,0.99875,False,0
1239,lethal,q_learning,0.99875,False,0
1240,lethal,q_learning,0.998666666667,False,0
1241,lethal,q_learning,0.99875,False,0
1242,lethal,q_learning,0.998461538462,False,0
1243,lethal,q_learning,0.998571428571,False,0
1244,lethal,q_learning,0.998666666667,False,0
1245,lethal,q_learning,0.998888888889,False,0
1246,lethal,q_learning,0.998823529412,False,0
1247,lethal,q_learning,0.998571428571,False,0
1248,lethal,q_learning,0.998666666667,False,0
1249,lethal,q_learning,0.998571428571,False,0
1250,lethal,q_learning,0.998823529412,False,0
1251,lethal,q_learning,0.998666666667,False,0
1252,lethal,q_learning,0.998333333333,False,0
1253,lethal,q_learning,0.998666666667,False,0
1254,lethal,q_learning,0.998181818182,False,0
1255,lethal,q_learning,0.99875,False,0
1256,lethal,q_learning,0.99875,False,0
1257,lethal,q_learning,0.998461538462,False,0
1258,lethal,q_learning,0.998947368421,False,0
1259,lethal,q_learning,0.998666666667,False,0
1260,lethal,q_learning,0.99875,False,0
1261,lethal,q_learning,0.99875,False,0
1262,lethal,q_learning,0.998666666667,False,0
1263,lethal,q_learning,0.998888888889,False,0
1264,lethal,q_learning,0.998823529412,False,0
1265,lethal,q_learning,0.99875,False,0
1266,lethal,q_learning,0.998461538462,False,0
1267,lethal,q_learning,0.998888888889,False,0
1268,lethal,q_learning,0.998666666667,False,0
1269,lethal,q_learning,0.998666666667,False,0
1270,lethal,q_learning,0.998666666667,False,0
1271,lethal,q_learning,0.998823529412,False,0
1272,lethal,q_learning,0.99875,False,0
1273,lethal,q_learning,0.998666666667,False,0
1274,lethal,q_learning,0.998823529412,False,0
1275,lethal,q_learning,0.998666666667,False,0
1276,lethal,q_learning,0.998666666667,False,0
1277,lethal,q_learning,0.998666666667,False,0
1278,lethal,q_learning,0.998666666667,False,0
1279,lethal,q_learning,0.998888888889,False,0
1280,lethal,q_learning,0.998823529412,False,0
1281,lethal,q_learning,0.998947368421,False,0
1282,lethal,q_learning,0.998823529412,False,0
1283,lethal,q_learning,0.998666666667,False,0
1284,lethal,q_learning,0.998823529412,False,0
1285,lethal,q_learning,0.998461538462,False,0
1286,lethal,q_learning,0.99875,False,0
1287,lethal,q_learning,0.998571428571,False,0
1288,lethal,q_learning,0.998823529412,False,0
1289,lethal,q_learning,0.998888888889,False,0
1290,lethal,q_learning,0.998823529412,False,0
1291,lethal,q_learning,0.998888888889,False,0
1292,lethal,q_learning,0.99875,False,0
1293,lethal,q_learning,0.998461538462,False,0
1294,lethal,q_learning,0.998888888889,False,0
1295,lethal,q_learning,0.998823529412,False,0
1296,lethal,q_learning,0.99875,False,0
1297,lethal,q_learning,0.998888888889,False,0
1298,lethal,q_learning,0.998888888889,False,0
1299,lethal,q_learning,0.998888888889,False,0
1300,lethal,q_learning,0.99875,False,0
1301,lethal,q_learning,0.998666666667,False,0
1302,lethal,q_learning,0.99875,False,0
1303,lethal,q_learning,0.998823529412,False,0
1304,lethal,q_learning,0.99875,False,0
1305,lethal,q_learning,0.998571428571,False,0
1306,lethal,q_learning,0.998888888889,False,0
1307,lethal,q_learning,0.99875,False,0
1308,lethal,q_learning,0.998666666667,False,0
1309,lethal,q_learning,0.99875,False,0
1310,lethal,q_learning,0.99875,False,0
1311,lethal,q_learning,0.998333333333,False,0
1312,lethal,q_learning,0.998888888889,False,0
1313,lethal,q_learning,0.998888888889,False,0
1314,lethal,q_learning,0.998823529412,False,0
1315,lethal,q_learning,0.998888888889,False,0
1316,lethal,q_learning,0.998823529412,False,0
1317,lethal,q_learning,0.998823529412,False,0
1318,lethal,q_learning,0.998888888889,False,0
1319,lethal,q_learning,0.998666666667,False,0
1320,lethal,q_learning,0.998666666667,False,0
1321,lethal,q_learning,0.99875,False,0
1322,lethal,q_learning,0.99875,False,0
1323,lethal,q_learning,0.998461538462,False,0
1324,lethal,q_learning,0.998888888889,False,0
1325,lethal,q_learning,0.998888888889,False,0
1326,lethal,q_learning,0.998666666667,False,0
1327,lethal,q_learning,0.998823529412,False,0
1328,lethal,q_learning,0.998888888889,False,0
1329,lethal,q_learning,0.998666666667,False,0
1330,lethal,q_learning,0.998666666667,False,0
1331,lethal,q_learning,0.998888888889,False,0
1332,lethal,q_learning,0.99875,False,0
1333,lethal,q_learning,0.998461538462,False,0
1334,lethal,q_learning,0.998571428571,False,0
1335,lethal,q_learning,0.998571428571,False,0
1336,lethal,q_learning,0.998823529412,False,0
1337,lethal,q_learning,0.998571428571,False,0
1338,lethal,q_learning,0.998888888889,False,0
1339,lethal,q_learning,0.998823529412,False,0
1340,lethal,q_learning,0.99875,False,0
1341,lethal,q_learning,0.99875,False,0
1342,lethal,q_learning,0.998888888889,False,0
1343,lethal,q_learning,0.998666666667,False,0
1344,lethal,q_learning,0.998823529412,False,0
1345,lethal,q_learning,0.998666666667,False,0
1346,lethal,q_learning,0.99875,False,0
1347,lethal,q_learning,0.998666666667,False,0
1348,lethal,q_learning,0.99875,False,0
1349,lethal,q_learning,0.998666666667,False,0
1350,lethal,q_learning,0.99875,False,0
1351,lethal,q_learning,0.998823529412,False,0
1352,lethal,q_learning,0.998888888889,False,0
1353,lethal,q_learning,0.998666666667,False,0
1354,lethal,q_learning,0.998888888889,False,0
1355,lethal,q_learning,0.99875,False,0
1356,lethal,q_learning,0.998888888889,False,0
1357,lethal,q_learning,0.998823529412,False,0
1358,lethal,q_learning,0.998823529412,False,0
1359,lethal,q_learning,0.998571428571,False,0
1360,lethal,q_learning,0.998461538462,False,0
1361,lethal,q_learning,0.998823529412,False,0
1362,lethal,q_learning,0.99875,False,0
1363,lethal,q_learning,0.998666666667,False,0
1364,lethal,q_learning,0.998333333333,False,0
1365,lethal,q_learning,0.99875,False,0
1366,lethal,q_learning,0.998571428571,False,0
1367,lethal,q_learning,0.998461538462,False,0
1368,lethal,q_learning,0.99875,False,0
1369,lethal,q_learning,0.99875,False,0
1370,lethal,q_learning,0.99875,False,0
1371,lethal,q_learning,0.998888888889,False,0
1372,lethal,q_learning,0.998947368421,False,0
1373,lethal,q_learning,0.998666666667,False,0
1374,lethal,q_learning,0.998823529412,False,0
1375,lethal,q_learning,0.998571428571,False,0
1376,lethal,q_learning,0.998888888889,False,0
1377,lethal,q_learning,0.998666666667,False,0
1378,lethal,q_learning,0.998888888889,False,0
1379,lethal,q_learning,0.998666666667,False,0
1380,lethal,q_learning,0.99875,False,0
1381,lethal,q_learning,0.99875,False,0
1382,lethal,q_learning,0.998333333333,False,0
1383,lethal,q_learning,0.998571428571,False,0
1384,lethal,q_learning,0.998823529412,False,0
1385,lethal,q_learning,0.998888888889,False,0
1386,lethal,q_learning,0.998666666667,False,0
1387,lethal,q_learning,0.998461538462,False,0
1388,lethal,q_learning,0.998666666667,False,0
1389,lethal,q_learning,0.998571428571,False,0
1390,lethal,q_learning,0.998461538462,False,0
1391,lethal,q_learning,0.998571428571,False,0
1392,lethal,q_learning,0.998666666667,False,0
1393,lethal,q_learning,0.998888888889,False,0
1394,lethal,q_learning,0.998,False,0
1395,lethal,q_learning,0.998823529412,False,0
1396,lethal,q_learning,0.998333333333,False,0
1397,lethal,q_learning,0.998666666667,False,0
1398,lethal,q_learning,0.998571428571,False,0
1399,lethal,q_learning,0.998666666667,False,0
1400,lethal,q_learning,0.998947368421,False,0
1401,lethal,q_learning,0.998888888889,False,0
1402,lethal,q_learning,0.998888888889,False,0
1403,lethal,q_learning,0.998823529412,False,0
1404,lethal,q_learning,0.998333333333,False,0
1405,lethal,q_learning,0.998666666667,False,0
1406,lethal,q_learning,0.99875,False,0
1407,lethal,q_learning,0.99875,False,0
1408,lethal,q_learning,0.998823529412,False,0
1409,lethal,q_learning,0.998666666667,False,0
1410,lethal,q_learning,0.99875,False,0
1411,lethal,q_learning,0.99875,False,0
1412,lethal,q_learning,0.998888888889,False,0
1413,lethal,q_learning,0.998888888889,False,0
1414,lethal,q_learning,0.998888888889,False,0
1415,lethal,q_learning,0.998666666667,False,0
1416,lethal,q_learning,0.998666666667,False,0
1417,lethal,q_learning,0.998571428571,False,0
1418,lethal,q_learning,0.998823529412,False,0
1419,lethal,q_learning,0.998888888889,False,0
1420,lethal,q_learning,0.998823529412,False,0
1421,lethal,q_learning,0.998823529412,False,0
1422,lethal,q_learning,0.998666666667,False,0
1423,lethal,q_learning,0.998888888889,False,0
1424,lethal,q_learning,0.998888888889,False,0
1425,lethal,q_learning,0.998823529412,False,0
1426,lethal,q_learning,0.99875,False,0
1427,lethal,q_learning,0.99875,False,0
1428,lethal,q_learning,0.99875,False,0
1429,lethal,q_learning,0.998461538462,False,0
1430,lethal,q_learning,0.998461538462,False,0
1431,lethal,q_learning,0.99875,False,0
1432,lethal,q_learning,0.998888888889,False,0
1433,lethal,q_learning,0.998666666667,False,0
1434,lethal,q_learning,0.998571428571,False,0
1435,lethal,q_learning,0.99875,False,0
1436,lethal,q_learning,0.99875,False,0
1437,lethal,q_learning,0.998888888889,False,0
1438,lethal,q_learning,0.998333333333,False,0
1439,lethal,q_learning,0.999,False,0
1440,lethal,q_learning,0.998571428571,False,0
1441,lethal,q_learning,0.998823529412,False,0
1442,lethal,q_learning,0.998571428571,False,0
1443,lethal,q_learning,0.99875,False,0
1444,lethal,q_learning,0.998666666667,False,0
1445,lethal,q_learning,0.998823529412,False,0
1446,lethal,q_learning,0.998823529412,False,0
1447,lethal,q_learning,0.99875,False,0
1448,lethal,q_learning,0.99875,False,0
1449,lethal,q_learning,0.998571428571,False,0
1450,lethal,q_learning,0.99875,False,0
1451,lethal,q_learning,0.998666666667,False,0
1452,lethal,q_learning,0.998571428571,False,0
1453,lethal,q_learning,0.99875,False,0
1454,lethal,q_learning,0.998947368421,False,0
1455,lethal,q_learning,0.998571428571,False,0
1456,lethal,q_learning,0.998666666667,False,0
1457,lethal,q_learning,0.998823529412,False,0
1458,lethal,q_learning,0.998888888889,False,0
1459,lethal,q_learning,0.998888888889,False,0
1460,lethal,q_learning,0.998571428571,False,0
1461,lethal,q_learning,0.998666666667,False,0
1462,lethal,q_learning,0.998947368421,False,0
1463,lethal,q_learning,0.99875,False,0
1464,lethal,q_learning,0.998823529412,False,0
1465,lethal,q_learning,0.998823529412,False,0
1466,lethal,q_learning,0.998888888889,False,0
1467,lethal,q_learning,0.998823529412,False,0
1468,lethal,q_learning,0.99875,False,0
1469,lethal,q_learning,0.99875,False,0
1470,lethal,q_learning,0.998461538462,False,0
1471,lethal,q_learning,0.998888888889,False,0
1472,lethal,q_learning,0.99875,False,0
1473,lethal,q_learning,0.99875,False,0
1474,lethal,q_learning,0.998666666667,False,0
1475,lethal,q_learning,0.99875,False,0
1476,lethal,q_learning,0.998823529412,False,0
1477,lethal,q_learning,0.998823529412,False,0
1478,lethal,q_learning,0.99875,False,0
1479,lethal,q_learning,0.998571428571,False,0
1480,lethal,q_learning,0.998823529412,False,0
1481,lethal,q_learning,0.998571428571,False,0
1482,lethal,q_learning,0.998571428571,False,0
1483,lethal,q_learning,0.998823529412,False,0
1484,lethal,q_learning,0.998823529412,False,0
1485,lethal,q_learning,0.998823529412,False,0
1486,lethal,q_learning,0.998823529412,False,0
1487,lethal,q_learning,0.998888888889,False,0
1488,lethal,q_learning,0.998823529412,False,0
1489,lethal,q_learning,0.998823529412,False,0
1490,lethal,q_learning,0.998823529412,False,0
1491,lethal,q_learning,0.998666666667,False,0
1492,lethal,q_learning,0.99875,False,0
1493,lethal,q_learning,0.998571428571,False,0
1494,lethal,q_learning,0.998947368421,False,0
1495,lethal,q_learning,0.998666666667,False,0
1496,lethal,q_learning,0.998888888889,False,0
1497,lethal,q_learning,0.998571428571,False,0
1498,lethal,q_learning,0.998823529412,False,0
1499,lethal,q_learning,0.998461538462,False,0
1500,lethal,q_learning,0.99875,False,0
1501,lethal,q_learning,0.998823529412,False,0
1502,lethal,q_learning,0.998666666667,False,0
1503,lethal,q_learning,0.998666666667,False,0
1504,lethal,q_learning,0.998947368421,False,0
1505,lethal,q_learning,0.998823529412,False,0
1506,lethal,q_learning,0.99875,False,0
1507,lethal,q_learning,0.998823529412,False,0
1508,lethal,q_learning,0.998823529412,False,0
1509,lethal,q_learning,0.998888888889,False,0
1510,lethal,q_learning,0.998823529412,False,0
1511,lethal,q_learning,0.99875,False,0
1512,lethal,q_learning,0.99875,False,0
1513,lethal,q_learning,0.998571428571,False,0
1514,lethal,q_learning,0.998823529412,False,0
1515,lethal,q_learning,0.998571428571,False,0
1516,lethal,q_learning,0.99875,False,0
1517,lethal,q_learning,0.998666666667,False,0
1518,lethal,q_learning,0.998823529412,False,0
1519,lethal,q_learning,0.998666666667,False,0
1520,lethal,q_learning,0.998571428571,False,0
1521,lethal,q_learning,0.99875,False,0
1522,lethal,q_learning,0.998571428571,False,0
1523,lethal,q_learning,0.99875,False,0
1524,lethal,q_learning,0.998571428571,False,0
1525,lethal,q_learning,0.998571428571,False,0
1526,lethal,q_learning,0.998947368421,False,0
1527,lethal,q_learning,0.998666666667,False,0
1528,lethal,q_learning,0.998666666667,False,0
1529,lethal,q_learning,0.998888888889,False,0
1530,lethal,q_learning,0.998666666667,False,0
1531,lethal,q_learning,0.99875,False,0
1532,lethal,q_learning,0.999,False,0
1533,lethal,q_learning,0.998823529412,False,0
1534,lethal,q_learning,0.998461538462,False,0
1535,lethal,q_learning,0.998823529412,False,0
1536,lethal,q_learning,0.998888888889,False,0
1537,lethal,q_learning,0.998666666667,False,0
1538,lethal,q_learning,0.998823529412,False,0
1539,lethal,q_learning,0.998823529412,False,0
1540,lethal,q_learning,0.998666666667,False,0
1541,lethal,q_learning,0.99875,False,0
1542,lethal,q_learning,0.998823529412,False,0
1543,lethal,q_learning,0.998666666667,False,0
1544,lethal,q_learning,0.998571428571,False,0
1545,lethal,q_learning,0.998888888889,False,0
1546,lethal,q_learning,0.998823529412,False,0
1547,lethal,q_learning,0.998888888889,False,0
1548,lethal,q_learning,0.998823529412,False,0
1549,lethal,q_learning,0.998823529412,False,0
1550,lethal,q_learning,0.99875,False,0
1551,lethal,q_learning,0.99875,False,0
1552,lethal,q_learning,0.998571428571,False,0
1553,lethal,q_learning,0.998666666667,False,0
1554,lethal,q_learning,0.99875,False,0
1555,lethal,q_learning,0.998888888889,False,0
1556,lethal,q_learning,0.998571428571,False,0
1557,lethal,q_learning,0.998666666667,False,0
1558,lethal,q_learning,0.99875,False,0
1559,lethal,q_learning,0.998666666667,False,0
1560,lethal,q_learning,0.998823529412,False,0
1561,lethal,q_learning,0.99875,False,0
1562,lethal,q_learning,0.99875,False,0
1563,lethal,q_learning,0.998888888889,False,0
1564,lethal,q_learning,0.99875,False,0
1565,lethal,q_learning,0.998947368421,False,0
1566,lethal,q_learning,0.998571428571,False,0
1567,lethal,q_learning,0.998571428571,False,0
1568,lethal,q_learning,0.998571428571,False,0
1569,lethal,q_learning,0.998823529412,False,0
1570,lethal,q_learning,0.998571428571,False,0
1571,lethal,q_learning,0.99875,False,0
1572,lethal,q_learning,0.998823529412,False,0
1573,lethal,q_learning,0.99875,False,0
1574,lethal,q_learning,0.998823529412,False,0
1575,lethal,q_learning,0.998823529412,False,0
1576,lethal,q_learning,0.998666666667,False,0
1577,lethal,q_learning,0.998571428571,False,0
1578,lethal,q_learning,0.99875,False,0
1579,lethal,q_learning,0.998666666667,False,0
1580,lethal,q_learning,0.998461538462,False,0
1581,lethal,q_learning,0.998823529412,False,0
1582,lethal,q_learning,0.998823529412,False,0
1583,lethal,q_learning,0.998571428571,False,0
1584,lethal,q_learning,0.99875,False,0
1585,lethal,q_learning,0.99875,False,0
1586,lethal,q_learning,0.998461538462,False,0
1587,lethal,q_learning,0.998666666667,False,0
1588,lethal,q_learning,0.998461538462,False,0
1589,lethal,q_learning,0.998823529412,False,0
1590,lethal,q_learning,0.998571428571,False,0
1591,lethal,q_learning,0.998571428571,False,0
1592,lethal,q_learning,0.998333333333,False,0
1593,lethal,q_learning,0.998888888889,False,0
1594,lethal,q_learning,0.998333333333,False,0
1595,lethal,q_learning,0.998823529412,False,0
1596,lethal,q_learning,0.998823529412,False,0
1597,lethal,q_learning,0.99875,False,0
1598,lethal,q_learning,0.998571428571,False,0
1599,lethal,q_learning,0.998666666667,False,0
1600,lethal,q_learning,0.99875,False,0
1601,lethal,q_learning,0.998666666667,False,0
1602,lethal,q_learning,0.998461538462,False,0
1603,lethal,q_learning,0.998571428571,False,0
1604,lethal,q_learning,0.99875,False,0
1605,lethal,q_learning,0.998947368421,False,0
1606,lethal,q_learning,0.99875,False,0
1607,lethal,q_learning,0.998947368421,False,0
1608,lethal,q_learning,0.998666666667,False,0
1609,lethal,q_learning,0.998461538462,False,0
1610,lethal,q_learning,0.998461538462,False,0
1611,lethal,q_learning,0.998461538462,False,0
1612,lethal,q_learning,0.998461538462,False,0
1613,lethal,q_learning,0.998333333333,False,0
1614,lethal,q_learning,0.998947368421,False,0
1615,lethal,q_learning,0.998823529412,False,0
1616,lethal,q_learning,0.998888888889,False,0
1617,lethal,q_learning,0.998461538462,False,0
1618,lethal,q_learning,0.99875,False,0
1619,lethal,q_learning,0.998823529412,False,0
1620,lethal,q_learning,0.998823529412,False,0
1621,lethal,q_learning,0.998823529412,False,0
1622,lethal,q_learning,0.99875,False,0
1623,lethal,q_learning,0.99875,False,0
1624,lethal,q_learning,0.998461538462,False,0
1625,lethal,q_learning,0.998333333333,False,0
1626,lethal,q_learning,0.998823529412,False,0
1627,lethal,q_learning,0.998823529412,False,0
1628,lethal,q_learning,0.998666666667,False,0
1629,lethal,q_learning,0.998571428571,False,0
1630,lethal,q_learning,0.99875,False,0
1631,lethal,q_learning,0.998888888889,False,0
1632,lethal,q_learning,0.998823529412,False,0
1633,lethal,q_learning,0.99875,False,0
1634,lethal,q_learning,0.998888888889,False,0
1635,lethal,q_learning,0.998571428571,False,0
1636,lethal,q_learning,0.99875,False,0
1637,lethal,q_learning,0.998888888889,False,0
1638,lethal,q_learning,0.99875,False,0
1639,lethal,q_learning,0.998823529412,False,0
1640,lethal,q_learning,0.998888888889,False,0
1641,lethal,q_learning,0.998823529412,False,0
1642,lethal,q_learning,0.99875,False,0
1643,lethal,q_learning,0.998571428571,False,0
1644,lethal,q_learning,0.998666666667,False,0
1645,lethal,q_learning,0.998888888889,False,0
1646,lethal,q_learning,0.998461538462,False,0
1647,lethal,q_learning,0.998461538462,False,0
1648,lethal,q_learning,0.998666666667,False,0
1649,lethal,q_learning,0.998823529412,False,0
1650,lethal,q_learning,0.998823529412,False,0
1651,lethal,q_learning,0.99875,False,0
1652,lethal,q_learning,0.99875,False,0
1653,lethal,q_learning,0.998888888889,False,0
1654,lethal,q_learning,0.998666666667,False,0
1655,lethal,q_learning,0.998947368421,False,0
1656,lethal,q_learning,0.998947368421,False,0
1657,lethal,q_learning,0.99875,False,0
1658,lethal,q_learning,0.998823529412,False,0
1659,lethal,q_learning,0.99875,False,0
1660,lethal,q_learning,0.998823529412,False,0
1661,lethal,q_learning,0.99875,False,0
1662,lethal,q_learning,0.998666666667,False,0
1663,lethal,q_learning,0.998888888889,False,0
1664,lethal,q_learning,0.998823529412,False,0
1665,lethal,q_learning,0.998888888889,False,0
1666,lethal,q_learning,0.998333333333,False,0
1667,lethal,q_learning,0.998888888889,False,0
1668,lethal,q_learning,0.99875,False,0
1669,lethal,q_learning,0.998571428571,False,0
1670,lethal,q_learning,0.998461538462,False,0
1671,lethal,q_learning,0.99875,False,0
1672,lethal,q_learning,0.998888888889,False,0
1673,lethal,q_learning,0.99875,False,0
1674,lethal,q_learning,0.99875,False,0
1675,lethal,q_learning,0.998823529412,False,0
1676,lethal,q_learning,0.998888888889,False,0
1677,lethal,q_learning,0.99875,False,0
1678,lethal,q_learning,0.99875,False,0
1679,lethal,q_learning,0.998461538462,False,0
1680,lethal,q_learning,0.99875,False,0
1681,lethal,q_learning,0.998571428571,False,0
1682,lethal,q_learning,0.998947368421,False,0
1683,lethal,q_learning,0.998888888889,False,0
1684,lethal,q_learning,0.998823529412,False,0
1685,lethal,q_learning,0.99875,False,0
1686,lethal,q_learning,0.998666666667,False,0
1687,lethal,q_learning,0.998666666667,False,0
1688,lethal,q_learning,0.99875,False,0
1689,lethal,q_learning,0.99875,False,0
1690,lethal,q_learning,0.99875,False,0
1691,lethal,q_learning,0.998666666667,False,0
1692,lethal,q_learning,0.998888888889,False,0
1693,lethal,q_learning,0.998666666667,False,0
1694,lethal,q_learning,0.99875,False,0
1695,lethal,q_learning,0.998888888889,False,0
1696,lethal,q_learning,0.998888888889,False,0
1697,lethal,q_learning,0.998888888889,False,0
1698,lethal,q_learning,0.99875,False,0
1699,lethal,q_learning,0.99875,False,0
1700,lethal,q_learning,0.99875,False,0
1701,lethal,q_learning,0.998461538462,False,0
1702,lethal,q_learning,0.998571428571,False,0
1703,lethal,q_learning,0.998947368421,False,0
1704,lethal,q_learning,0.99875,False,0
1705,lethal,q_learning,0.998666666667,False,0
1706,lethal,q_learning,0.998823529412,False,0
1707,lethal,q_learning,0.99875,False,0
1708,lethal,q_learning,0.998666666667,False,0
1709,lethal,q_learning,0.99875,False,0
1710,lethal,q_learning,0.998571428571,False,0
1711,lethal,q_learning,0.998666666667,False,0
1712,lethal,q_learning,0.99875,False,0
1713,lethal,q_learning,0.998461538462,False,0
1714,lethal,q_learning,0.998666666667,False,0
1715,lethal,q_learning,0.998888888889,False,0
1716,lethal,q_learning,0.998571428571,False,0
1717,lethal,q_learning,0.99875,False,0
1718,lethal,q_learning,0.998666666667,False,0
1719,lethal,q_learning,0.99875,False,0
1720,lethal,q_learning,0.998823529412,False,0
1721,lethal,q_learning,0.99875,False,0
1722,lethal,q_learning,0.99875,False,0
1723,lethal,q_learning,0.998571428571,False,0
1724,lethal,q_learning,0.99875,False,0
1725,lethal,q_learning,0.99875,False,0
1726,lethal,q_learning,0.998571428571,False,0
1727,lethal,q_learning,0.998666666667,False,0
1728,lethal,q_learning,0.998823529412,False,0
1729,lethal,q_learning,0.998461538462,False,0
1730,lethal,q_learning,0.998823529412,False,0
1731,lethal,q_learning,0.998666666667,False,0
1732,lethal,q_learning,0.998571428571,False,0
1733,lethal,q_learning,0.99875,False,0
1734,lethal,q_learning,0.998461538462,False,0
1735,lethal,q_learning,0.998571428571,False,0
1736,lethal,q_learning,0.998823529412,False,0
1737,lethal,q_learning,0.998666666667,False,0
1738,lethal,q_learning,0.99875,False,0
1739,lethal,q_learning,0.998947368421,False,0
1740,lethal,q_learning,0.998666666667,False,0
1741,lethal,q_learning,0.998947368421,False,0
1742,lethal,q_learning,0.998823529412,False,0
1743,lethal,q_learning,0.998823529412,False,0
1744,lethal,q_learning,0.998947368421,False,0
1745,lethal,q_learning,0.99875,False,0
1746,lethal,q_learning,0.998888888889,False,0
1747,lethal,q_learning,0.998571428571,False,0
1748,lethal,q_learning,0.998823529412,False,0
1749,lethal,q_learning,0.998823529412,False,0
1750,lethal,q_learning,0.99875,False,0
1751,lethal,q_learning,0.998888888889,False,0
1752,lethal,q_learning,0.998947368421,False,0
1753,lethal,q_learning,0.998571428571,False,0
1754,lethal,q_learning,0.99875,False,0
1755,lethal,q_learning,0.998571428571,False,0
1756,lethal,q_learning,0.998666666667,False,0
1757,lethal,q_learning,0.998947368421,False,0
1758,lethal,q_learning,0.99875,False,0
1759,lethal,q_learning,0.998571428571,False,0
1760,lethal,q_learning,0.998947368421,False,0
1761,lethal,q_learning,0.998888888889,False,0
1762,lethal,q_learning,0.99875,False,0
1763,lethal,q_learning,0.998666666667,False,0
1764,lethal,q_learning,0.998823529412,False,0
1765,lethal,q_learning,0.998823529412,False,0
1766,lethal,q_learning,0.99875,False,0
1767,lethal,q_learning,0.998823529412,False,0
1768,lethal,q_learning,0.998947368421,False,0
1769,lethal,q_learning,0.998823529412,False,0
1770,lethal,q_learning,0.998666666667,False,0
1771,lethal,q_learning,0.99875,False,0
1772,lethal,q_learning,0.99875,False,0
1773,lethal,q_learning,0.998823529412,False,0
1774,lethal,q_learning,0.99875,False,0
1775,lethal,q_learning,0.998666666667,False,0
1776,lethal,q_learning,0.998571428571,False,0
1777,lethal,q_learning,0.998947368421,False,0
1778,lethal,q_learning,0.998888888889,False,0
1779,lethal,q_learning,0.998666666667,False,0
1780,lethal,q_learning,0.99875,False,0
1781,lethal,q_learning,0.998947368421,False,0
1782,lethal,q_learning,0.998823529412,False,0
1783,lethal,q_learning,0.998823529412,False,0
1784,lethal,q_learning,0.998666666667,False,0
1785,lethal,q_learning,0.998666666667,False,0
1786,lethal,q_learning,0.998666666667,False,0
1787,lethal,q_learning,0.99875,False,0
1788,lethal,q_learning,0.99875,False,0
1789,lethal,q_learning,0.998666666667,False,0
1790,lethal,q_learning,0.998666666667,False,0
1791,lethal,q_learning,0.998666666667,False,0
1792,lethal,q_learning,0.998823529412,False,0
1793,lethal,q_learning,0.998666666667,False,0
1794,lethal,q_learning,0.99875,False,0
1795,lethal,q_learning,0.99875,False,0
1796,lethal,q_learning,0.998888888889,False,0
1797,lethal,q_learning,0.998823529412,False,0
1798,lethal,q_learning,0.998666666667,False,0
1799,lethal,q_learning,0.99875,False,0
1800,lethal,q_learning,0.998571428571,False,0
1801,lethal,q_learning,0.99875,False,0
1802,lethal,q_learning,0.99875,False,0
1803,lethal,q_learning,0.998947368421,False,0
1804,lethal,q_learning,0.998666666667,False,0
1805,lethal,q_learning,0.998666666667,False,0
1806,lethal,q_learning,0.99875,False,0
1807,lethal,q_learning,0.99875,False,0
1808,lethal,q_learning,0.998823529412,False,0
1809,lethal,q_learning,0.998888888889,False,0
1810,lethal,q_learning,0.998571428571,False,0
1811,lethal,q_learning,0.99875,False,0
1812,lethal,q_learning,0.99875,False,0
1813,lethal,q_learning,0.998888888889,False,0
1814,lethal,q_learning,0.998666666667,False,0
1815,lethal,q_learning,0.998571428571,False,0
1816,lethal,q_learning,0.99875,False,0
1817,lethal,q_learning,0.998666666667,False,0
1818,lethal,q_learning,0.998888888889,False,0
1819,lethal,q_learning,0.998888888889,False,0
1820,lethal,q_learning,0.998823529412,False,0
1821,lethal,q_learning,0.998823529412,False,0
1822,lethal,q_learning,0.998823529412,False,0
1823,lethal,q_learning,0.99875,False,0
1824,lethal,q_learning,0.998947368421,False,0
1825,lethal,q_learning,0.998823529412,False,0
1826,lethal,q_learning,0.99875,False,0
1827,lethal,q_learning,0.998571428571,False,0
1828,lethal,q_learning,0.998888888889,False,0
1829,lethal,q_learning,0.998888888889,False,0
1830,lethal,q_learning,0.998823529412,False,0
1831,lethal,q_learning,0.998571428571,False,0
1832,lethal,q_learning,0.99875,False,0
1833,lethal,q_learning,0.998461538462,False,0
1834,lethal,q_learning,0.998461538462,False,0
1835,lethal,q_learning,0.998823529412,False,0
1836,lethal,q_learning,0.998666666667,False,0
1837,lethal,q_learning,0.998571428571,False,0
1838,lethal,q_learning,0.99875,False,0
1839,lethal,q_learning,0.998888888889,False,0
1840,lethal,q_learning,0.99875,False,0
1841,lethal,q_learning,0.998888888889,False,0
1842,lethal,q_learning,0.998823529412,False,0
1843,lethal,q_learning,0.998888888889,False,0
1844,lethal,q_learning,0.998666666667,False,0
1845,lethal,q_learning,0.998823529412,False,0
1846,lethal,q_learning,0.99875,False,0
1847,lethal,q_learning,0.998333333333,False,0
1848,lethal,q_learning,0.998823529412,False,0
1849,lethal,q_learning,0.998666666667,False,0
1850,lethal,q_learning,0.99875,False,0
1851,lethal,q_learning,0.998571428571,False,0
1852,lethal,q_learning,0.99875,False,0
1853,lethal,q_learning,0.998461538462,False,0
1854,lethal,q_learning,0.99875,False,0
1855,lethal,q_learning,0.99875,False,0
1856,lethal,q_learning,0.998666666667,False,0
1857,lethal,q_learning,0.998888888889,False,0
1858,lethal,q_learning,0.998571428571,False,0
1859,lethal,q_learning,0.99875,False,0
1860,lethal,q_learning,0.998823529412,False,0
1861,lethal,q_learning,0.998333333333,False,0
1862,lethal,q_learning,0.998666666667,False,0
1863,lethal,q_learning,0.99875,False,0
1864,lethal,q_learning,0.998823529412,False,0
1865,lethal,q_learning,0.998823529412,False,0
1866,lethal,q_learning,0.998666666667,False,0
1867,lethal,q_learning,0.998571428571,False,0
1868,lethal,q_learning,0.998666666667,False,0
1869,lethal,q_learning,0.998888888889,False,0
1870,lethal,q_learning,0.99875,False,0
1871,lethal,q_learning,0.998888888889,False,0
1872,lethal,q_learning,0.998823529412,False,0
1873,lethal,q_learning,0.99875,False,0
1874,lethal,q_learning,0.99875,False,0
1875,lethal,q_learning,0.998888888889,False,0
1876,lethal,q_learning,0.998666666667,False,0
1877,lethal,q_learning,0.998823529412,False,0
1878,lethal,q_learning,0.998823529412,False,0
1879,lethal,q_learning,0.99875,False,0
1880,lethal,q_learning,0.99875,False,0
1881,lethal,q_learning,0.998823529412,False,0
1882,lethal,q_learning,0.998461538462,False,0
1883,lethal,q_learning,0.998823529412,False,0
1884,lethal,q_learning,0.998666666667,False,0
1885,lethal,q_learning,0.998888888889,False,0
1886,lethal,q_learning,0.998823529412,False,0
1887,lethal,q_learning,0.998823529412,False,0
1888,lethal,q_learning,0.998888888889,False,0
1889,lethal,q_learning,0.998888888889,False,0
1890,lethal,q_learning,0.998947368421,False,0
1891,lethal,q_learning,0.99875,False,0
1892,lethal,q_learning,0.998888888889,False,0
1893,lethal,q_learning,0.998823529412,False,0
1894,lethal,q_learning,0.998823529412,False,0
1895,lethal,q_learning,0.99875,False,0
1896,lethal,q_learning,0.998947368421,False,0
1897,lethal,q_learning,0.998888888889,False,0
1898,lethal,q_learning,0.998947368421,False,0
1899,lethal,q_learning,0.998823529412,False,0
1900,lethal,q_learning,0.99875,False,0
1901,lethal,q_learning,0.99875,False,0
1902,lethal,q_learning,0.998888888889,False,0
1903,lethal,q_learning,0.998888888889,False,0
1904,lethal,q_learning,0.998823529412,False,0
1905,lethal,q_learning,0.99875,False,0
1906,lethal,q_learning,0.998181818182,False,0
1907,lethal,q_learning,0.99875,False,0
1908,lethal,q_learning,0.998888888889,False,0
1909,lethal,q_learning,0.998947368421,False,0
1910,lethal,q_learning,0.998947368421,False,0
1911,lethal,q_learning,0.99875,False,0
1912,lethal,q_learning,0.998461538462,False,0
1913,lethal,q_learning,0.998461538462,False,0
1914,lethal,q_learning,0.998666666667,False,0
1915,lethal,q_learning,0.998571428571,False,0
1916,lethal,q_learning,0.998823529412,False,0
1917,lethal,q_learning,0.998666666667,False,0
1918,lethal,q_learning,0.998947368421,False,0
1919,lethal,q_learning,0.99875,False,0
1920,lethal,q_learning,0.99875,False,0
1921,lethal,q_learning,0.998571428571,False,0
1922,lethal,q_learning,0.998666666667,False,0
1923,lethal,q_learning,0.998571428571,False,0
1924,lethal,q_learning,0.998571428571,False,0
1925,lethal,q_learning,0.998823529412,False,0
1926,lethal,q_learning,0.99875,False,0
1927,lethal,q_learning,0.99875,False,0
1928,lethal,q_learning,0.998571428571,False,0
1929,lethal,q_learning,0.998947368421,False,0
1930,lethal,q_learning,0.99875,False,0
1931,lethal,q_learning,0.998571428571,False,0
1932,lethal,q_learning,0.998888888889,False,0
1933,lethal,q_learning,0.998823529412,False,0
1934,lethal,q_learning,0.998888888889,False,0
1935,lethal,q_learning,0.998888888889,False,0
1936,lethal,q_learning,0.998461538462,False,0
1937,lethal,q_learning,0.998666666667,False,0
1938,lethal,q_learning,0.998666666667,False,0
1939,lethal,q_learning,0.998888888889,False,0
1940,lethal,q_learning,0.998571428571,False,0
1941,lethal,q_learning,0.998823529412,False,0
1942,lethal,q_learning,0.998823529412,False,0
1943,lethal,q_learning,0.998947368421,False,0
1944,lethal,q_learning,0.998888888889,False,0
1945,lethal,q_learning,0.998571428571,False,0
1946,lethal,q_learning,0.998666666667,False,0
1947,lethal,q_learning,0.998823529412,False,0
1948,lethal,q_learning,0.99875,False,0
1949,lethal,q_learning,0.99875,False,0
1950,lethal,q_learning,0.99875,False,0
1951,lethal,q_learning,0.998666666667,False,0
1952,lethal,q_learning,0.998823529412,False,0
1953,lethal,q_learning,0.99875,False,0
1954,lethal,q_learning,0.99875,False,0
1955,lethal,q_learning,0.998947368421,False,0
1956,lethal,q_learning,0.998823529412,False,0
1957,lethal,q_learning,0.998823529412,False,0
1958,lethal,q_learning,0.99875,False,0
1959,lethal,q_learning,0.998823529412,False,0
1960,lethal,q_learning,0.99875,False,0
1961,lethal,q_learning,0.998823529412,False,0
1962,lethal,q_learning,0.998947368421,False,0
1963,lethal,q_learning,0.998947368421,False,0
1964,lethal,q_learning,0.998666666667,False,0
1965,lethal,q_learning,0.998888888889,False,0
1966,lethal,q_learning,0.99875,False,0
1967,lethal,q_learning,0.99875,False,0
1968,lethal,q_learning,0.998823529412,False,0
1969,lethal,q_learning,0.998461538462,False,0
1970,lethal,q_learning,0.998823529412,False,0
1971,lethal,q_learning,0.998888888889,False,0
1972,lethal,q_learning,0.99875,False,0
1973,lethal,q_learning,0.99875,False,0
1974,lethal,q_learning,0.998666666667,False,0
1975,lethal,q_learning,0.998666666667,False,0
1976,lethal,q_learning,0.998888888889,False,0
1977,lethal,q_learning,0.99875,False,0
1978,lethal,q_learning,0.998947368421,False,0
1979,lethal,q_learning,0.998571428571,False,0
1980,lethal,q_learning,0.998823529412,False,0
1981,lethal,q_learning,0.998947368421,False,0
1982,lethal,q_learning,0.998666666667,False,0
1983,lethal,q_learning,0.998888888889,False,0
1984,lethal,q_learning,0.998333333333,False,0
1985,lethal,q_learning,0.998823529412,False,0
1986,lethal,q_learning,0.998823529412,False,0
1987,lethal,q_learning,0.998947368421,False,0
1988,lethal,q_learning,0.998823529412,False,0
1989,lethal,q_learning,0.998666666667,False,0
1990,lethal,q_learning,0.998571428571,False,0
1991,lethal,q_learning,0.998823529412,False,0
1992,lethal,q_learning,0.998888888889,False,0
1993,lethal,q_learning,0.998666666667,False,0
1994,lethal,q_learning,0.998823529412,False,0
1995,lethal,q_learning,0.998571428571,False,0
1996,lethal,q_learning,0.998666666667,False,0
1997,lethal,q_learning,0.99875,False,0
1998,lethal,q_learning,0.998333333333,False,0
1999,lethal,q_learning,0.998823529412,False,0
0,lethal,sarsa,,True,0
1,lethal,sarsa,,True,0
2,lethal,sarsa,,True,0
3,lethal,sarsa,,True,0
4,lethal,sarsa,,True,0
5,lethal,sarsa,,True,0
6,lethal,sarsa,,True,0
7,lethal,sarsa,,True,0
8,lethal,sarsa,,True,0
9,lethal,sarsa,,True,0
10,lethal,sarsa,,True,0
11,lethal,sarsa,,True,0
12,lethal,sarsa,,True,0
13,lethal,sarsa,,True,0
14,lethal,sarsa,,True,0
15,lethal,sarsa,,True,0
16,lethal,sarsa,,True,0
17,lethal,sarsa,,True,0
18,lethal,sarsa,,True,0
19,lethal,sarsa,,True,0
20,lethal,sarsa,,True,0
21,lethal,sarsa,,True,0
22,lethal,sarsa,,True,0
23,lethal,sarsa,,True,0
24,lethal,sarsa,,True,0
25,lethal,sarsa,,True,0
26,lethal,sarsa,,True,0
27,lethal,sarsa,,True,0
28,lethal,sarsa,,True,0
29,lethal,sarsa,,True,0
30,lethal,sarsa,,True,0
31,lethal,sarsa,,True,0
32,lethal,sarsa,,True,0
33,lethal,sarsa,,True,0
34,lethal,sarsa,,True,0
35,lethal,sarsa,,True,0
36,lethal,sarsa,,True,0
37,lethal,sarsa,,True,0
38,lethal,sarsa,,True,0
39,lethal,sarsa,,True,0
40,lethal,sarsa,,True,0
41,lethal,sarsa,,True,0
42,lethal,sarsa,,True,0
43,lethal,sarsa,,True,0
44,lethal,sarsa,,True,0
45,lethal,sarsa,,True,0
46,lethal,sarsa,,True,0
47,lethal,sarsa,,True,0
48,lethal,sarsa,,True,0
49,lethal,sarsa,,True,0
50,lethal,sarsa,,True,0
51,lethal,sarsa,,True,0
52,lethal,sarsa,,True,0
53,lethal,sarsa,,True,0
54,lethal,sarsa,,True,0
55,lethal,sarsa,,True,0
56,lethal,sarsa,,True,0
57,lethal,sarsa,,True,0
58,lethal,sarsa,,True,0
59,lethal,sarsa,,True,0
60,lethal,sarsa,,True,0
61,lethal,sarsa,,True,0
62,lethal,sarsa,,True,0
63,lethal,sarsa,,True,0
64,lethal,sarsa,,True,0
65,lethal,sarsa,,True,0
66,lethal,sarsa,,True,0
67,lethal,sarsa,,True,0
68,lethal,sarsa,,True,0
69,lethal,sarsa,,True,0
70,lethal,sarsa,,True,0
71,lethal,sarsa,,True,0
72,lethal,sarsa,,True,0
73,lethal,sarsa,,True,0
74,lethal,sarsa,,True,0
75,lethal,sarsa,,True,0
76,lethal,sarsa,,True,0
77,lethal,sarsa,,True,0
78,lethal,sarsa,,True,0
79,lethal,sarsa,,True,0
80,lethal,sarsa,,True,0
81,lethal,sarsa,,True,0
82,lethal,sarsa,,True,0
83,lethal,sarsa,,True,0
84,lethal,sarsa,,True,0
85,lethal,sarsa,,True,0
86,lethal,sarsa,,True,0
87,lethal,sarsa,,True,0
88,lethal,sarsa,,True,0
89,lethal,sarsa,,True,0
90,lethal,sarsa,,True,0
91,lethal,sarsa,,True,0
92,lethal,sarsa,,True,0
93,lethal,sarsa,,True,0
94,lethal,sarsa,,True,0
95,lethal,sarsa,,True,0
96,lethal,sarsa,,True,0
97,lethal,sarsa,,True,0
98,lethal,sarsa,,True,0
99,lethal,sarsa,,True,0
100,lethal,sarsa,,True,0
101,lethal,sarsa,,True,0
102,lethal,sarsa,,True,0
103,lethal,sarsa,,True,0
104,lethal,sarsa,,True,0
105,lethal,sarsa,,True,0
106,lethal,sarsa,,True,0
107,lethal,sarsa,,True,0
108,lethal,sarsa,,True,0
109,lethal,sarsa,,True,0
110,lethal,sarsa,,True,0
111,lethal,sarsa,,True,0
112,lethal,sarsa,,True,0
113,lethal,sarsa,,True,0
114,lethal,sarsa,,True,0
115,lethal,sarsa,,True,0
116,lethal,sarsa,,True,0
117,lethal,sarsa,,True,0
118,lethal,sarsa,,True,0
119,lethal,sarsa,,True,0
120,lethal,sarsa,,True,0
121,lethal,sarsa,,True,0
122,lethal,sarsa,,True,0
123,lethal,sarsa,,True,0
124,lethal,sarsa,,True,0
125,lethal,sarsa,,True,0
126,lethal,sarsa,,True,0
127,lethal,sarsa,,True,0
128,lethal,sarsa,,True,0
129,lethal,sarsa,,True,0
130,lethal,sarsa,,True,0
131,lethal,sarsa,,True,0
132,lethal,sarsa,,True,0
133,lethal,sarsa,,True,0
134,lethal,sarsa,,True,0
135,lethal,sarsa,,True,0
136,lethal,sarsa,,True,0
137,lethal,sarsa,,True,0
138,lethal,sarsa,,True,0
139,lethal,sarsa,,True,0
140,lethal,sarsa,,True,0
141,lethal,sarsa,,True,0
142,lethal,sarsa,,True,0
143,lethal,sarsa,,True,0
144,lethal,sarsa,,True,0
145,lethal,sarsa,,True,0
146,lethal,sarsa,,True,0
147,lethal,sarsa,,True,0
148,lethal,sarsa,,True,0
149,lethal,sarsa,,True,0
150,lethal,sarsa,,True,0
151,lethal,sarsa,,True,0
152,lethal,sarsa,,True,0
153,lethal,sarsa,,True,0
154,lethal,sarsa,,True,0
155,lethal,sarsa,,True,0
156,lethal,sarsa,,True,0
157,lethal,sarsa,,True,0
158,lethal,sarsa,,True,0
159,lethal,sarsa,,True,0
160,lethal,sarsa,,True,0
161,lethal,sarsa,,True,0
162,lethal,sarsa,,True,0
163,lethal,sarsa,,True,0
164,lethal,sarsa,,True,0
165,lethal,sarsa,,True,0
166,lethal,sarsa,,True,0
167,lethal,sarsa,,True,0
168,lethal,sarsa,,True,0
169,lethal,sarsa,,True,0
170,lethal,sarsa,,True,0
171,lethal,sarsa,,True,0
172,lethal,sarsa,,True,0
173,lethal,sarsa,,True,0
174,lethal,sarsa,,True,0
175,lethal,sarsa,,True,0
176,lethal,sarsa,,True,0
177,lethal,sarsa,,True,0
178,lethal,sarsa,,True,0
179,lethal,sarsa,,True,0
180,lethal,sarsa,,True,0
181,lethal,sarsa,,True,0
182,lethal,sarsa,,True,0
183,lethal,sarsa,,True,0
184,lethal,sarsa,,True,0
185,lethal,sarsa,,True,0
186,lethal,sarsa,,True,0
187,lethal,sarsa,,True,0
188,lethal,sarsa,,True,0
189,lethal,sarsa,,True,0
190,lethal,sarsa,,True,0
191,lethal,sarsa,,True,0
192,lethal,sarsa,,True,0
193,lethal,sarsa,,True,0
194,lethal,sarsa,,True,0
195,lethal,sarsa,,True,0
196,lethal,sarsa,,True,0
197,lethal,sarsa,,True,0
198,lethal,sarsa,,True,0
199,lethal,sarsa,,True,0
200,lethal,sarsa,,True,0
201,lethal,sarsa,,True,0
202,lethal,sarsa,,True,0
203,lethal,sarsa,,True,0
204,lethal,sarsa,,True,0
205,lethal,sarsa,,True,0
206,lethal,sarsa,,True,0
207,lethal,sarsa,,True,0
208,lethal,sarsa,,True,0
209,lethal,sarsa,,True,0
210,lethal,sarsa,,True,0
211,lethal,sarsa,,True,0
212,lethal,sarsa,,True,0
213,lethal,sarsa,,True,0
214,lethal,sarsa,,True,0
215,lethal,sarsa,,True,0
216,lethal,sarsa,,True,0
217,lethal,sarsa,,True,0
218,lethal,sarsa,,True,0
219,lethal,sarsa,,True,0
220,lethal,sarsa,,True,0
221,lethal,sarsa,,True,0
222,lethal,sarsa,,True,0
223,lethal,sarsa,,True,0
224,lethal,sarsa,,True,0
225,lethal,sarsa,,True,0
226,lethal,sarsa,,True,0
227,lethal,sarsa,,True,0
228,lethal,sarsa,,True,0
229,lethal,sarsa,,True,0
230,lethal,sarsa,,True,0
231,lethal,sarsa,,True,0
232,lethal,sarsa,,True,0
233,lethal,sarsa,,True,0
234,lethal,sarsa,,True,0
235,lethal,sarsa,,True,0
236,lethal,sarsa,,True,0
237,lethal,sarsa,,True,0
238,lethal,sarsa,,True,0
239,lethal,sarsa,,True,0
240,lethal,sarsa,,True,0
241,lethal,sarsa,,True,0
242,lethal,sarsa,,True,0
243,lethal,sarsa,,True,0
244,lethal,sarsa,,True,0
245,lethal,sarsa,,True,0
246,lethal,sarsa,,True,0
247,lethal,sarsa,,True,0
248,lethal,sarsa,,True,0
249,lethal,sarsa,,True,0
250,lethal,sarsa,,True,0
251,lethal,sarsa,,True,0
252,lethal,sarsa,,True,0
253,lethal,sarsa,,True,0
254,lethal,sarsa,,True,0
255,lethal,sarsa,,True,0
256,lethal,sarsa,,True,0
257,lethal,sarsa,,True,0
258,lethal,sarsa,,True,0
259,lethal,sarsa,,True,0
260,lethal,sarsa,,True,0
261,lethal,sarsa,,True,0
262,lethal,sarsa,,True,0
263,lethal,sarsa,,True,0
264,lethal,sarsa,,True,0
265,lethal,sarsa,,True,0
266,lethal,sarsa,,True,0
267,lethal,sarsa,,True,0
268,lethal,sarsa,,True,0
269,lethal,sarsa,,True,0
270,lethal,sarsa,,True,0
271,lethal,sarsa,,True,0
272,lethal,sarsa,,True,0
273,lethal,sarsa,,True,0
274,lethal,sarsa,,True,0
275,lethal,sarsa,,True,0
276,lethal,sarsa,,True,0
277,lethal,sarsa,,True,0
278,lethal,sarsa,,True,0
279,lethal,sarsa,,True,0
280,lethal,sarsa,,True,0
281,lethal,sarsa,,True,0
282,lethal,sarsa,,True,0
283,lethal,sarsa,,True,0
284,lethal,sarsa,,True,0
285,lethal,sarsa,,True,0
286,lethal,sarsa,,True,0
287,lethal,sarsa,,True,0
288,lethal,sarsa,,True,0
289,lethal,sarsa,,True,0
290,lethal,sarsa,,True,0
291,lethal,sarsa,,True,0
292,lethal,sarsa,,True,0
293,lethal,sarsa,,True,0
294,lethal,sarsa,,True,0
295,lethal,sarsa,,True,0
296,lethal,sarsa,,True,0
297,lethal,sarsa,,True,0
298,lethal,sarsa,,True,0
299,lethal,sarsa,,True,0
300,lethal,sarsa,,True,0
301,lethal,sarsa,,True,0
302,lethal,sarsa,,True,0
303,lethal,sarsa,,True,0
304,lethal,sarsa,,True,0
305,lethal,sarsa,,True,0
306,lethal,sarsa,,True,0
307,lethal,sarsa,,True,0
308,lethal,sarsa,,True,0
309,lethal,sarsa,,True,0
310,lethal,sarsa,,True,0
311,lethal,sarsa,,True,0
312,lethal,sarsa,,True,0
313,lethal,sarsa,,True,0
314,lethal,sarsa,,True,0
315,lethal,sarsa,,True,0
316,lethal,sarsa,,True,0
317,lethal,sarsa,,True,0
318,lethal,sarsa,,True,0
319,lethal,sarsa,,True,0
320,lethal,sarsa,,True,0
321,lethal,sarsa,,True,0
322,lethal,sarsa,,True,0
323,lethal,sarsa,,True,0
324,lethal,sarsa,,True,0
325,lethal,sarsa,,True,0
326,lethal,sarsa,,True,0
327,lethal,sarsa,,True,0
328,lethal,sarsa,,True,0
329,lethal,sarsa,,True,0
330,lethal,sarsa,,True,0
331,lethal,sarsa,,True,0
332,lethal,sarsa,,True,0
333,lethal,sarsa,,True,0
334,lethal,sarsa,,True,0
335,lethal,sarsa,,True,0
336,lethal,sarsa,,True,0
337,lethal,sarsa,,True,0
338,lethal,sarsa,,True,0
339,lethal,sarsa,,True,0
340,lethal,sarsa,,True,0
341,lethal,sarsa,,True,0
342,lethal,sarsa,,True,0
343,lethal,sarsa,,True,0
344,lethal,sarsa,,True,0
345,lethal,sarsa,,True,0
346,lethal,sarsa,,True,0
347,lethal,sarsa,,True,0
348,lethal,sarsa,,True,0
349,lethal,sarsa,,True,0
350,lethal,sarsa,,True,0
351,lethal,sarsa,,True,0
352,lethal,sarsa,,True,0
353,lethal,sarsa,,True,0
354,lethal,sarsa,,True,0
355,lethal,sarsa,,True,0
356,lethal,sarsa,,True,0
357,lethal,sarsa,,True,0
358,lethal,sarsa,,True,0
359,lethal,sarsa,,True,0
360,lethal,sarsa,,True,0
361,lethal,sarsa,,True,0
362,lethal,sarsa,,True,0
363,lethal,sarsa,,True,0
364,lethal,sarsa,,True,0
365,lethal,sarsa,,True,0
366,lethal,sarsa,,True,0
367,lethal,sarsa,,True,0
368,lethal,sarsa,,True,0
369,lethal,sarsa,,True,0
370,lethal,sarsa,,True,0
371,lethal,sarsa,,True,0
372,lethal,sarsa,,True,0
373,lethal,sarsa,,True,0
374,lethal,sarsa,,True,0
375,lethal,sarsa,,True,0
376,lethal,sarsa,,True,0
377,lethal,sarsa,,True,0
378,lethal,sarsa,,True,0
379,lethal,sarsa,,True,0
380,lethal,sarsa,,True,0
381,lethal,sarsa,,True,0
382,lethal,sarsa,,True,0
383,lethal,sarsa,,True,0
384,lethal,sarsa,,True,0
385,lethal,sarsa,,True,0
386,lethal,sarsa,,True,0
387,lethal,sarsa,,True,0
388,lethal,sarsa,,True,0
389,lethal,sarsa,,True,0
390,lethal,sarsa,,True,0
391,lethal,sarsa,,True,0
392,lethal,sarsa,,True,0
393,lethal,sarsa,,True,0
394,lethal,sarsa,,True,0
395,lethal,sarsa,,True,0
396,lethal,sarsa,,True,0
397,lethal,sarsa,,True,0
398,lethal,sarsa,,True,0
399,lethal,sarsa,,True,0
400,lethal,sarsa,,True,0
401,lethal,sarsa,,True,0
402,lethal,sarsa,,True,0
403,lethal,sarsa,,True,0
404,lethal,sarsa,,True,0
405,lethal,sarsa,,True,0
406,lethal,sarsa,,True,0
407,lethal,sarsa,,True,0
408,lethal,sarsa,,True,0
409,lethal,sarsa,,True,0
410,lethal,sarsa,,True,0
411,lethal,sarsa,,True,0
412,lethal,sarsa,,True,0
413,lethal,sarsa,,True,0
414,lethal,sarsa,,True,0
415,lethal,sarsa,,True,0
416,lethal,sarsa,,True,0
417,lethal,sarsa,,True,0
418,lethal,sarsa,,True,0
419,lethal,sarsa,,True,0
420,lethal,sarsa,,True,0
421,lethal,sarsa,,True,0
422,lethal,sarsa,,True,0
423,lethal,sarsa,,True,0
424,lethal,sarsa,,True,0
425,lethal,sarsa,,True,0
426,lethal,sarsa,,True,0
427,lethal,sarsa,,True,0
428,lethal,sarsa,,True,0
429,lethal,sarsa,,True,0
430,lethal,sarsa,,True,0
431,lethal,sarsa,,True,0
432,lethal,sarsa,,True,0
433,lethal,sarsa,,True,0
434,lethal,sarsa,,True,0
435,lethal,sarsa,,True,0
436,lethal,sarsa,,True,0
437,lethal,sarsa,,True,0
438,lethal,sarsa,,True,0
439,lethal,sarsa,,True,0
440,lethal,sarsa,,True,0
441,lethal,sarsa,,True,0
442,lethal,sarsa,,True,0
443,lethal,sarsa,,True,0
444,lethal,sarsa,,True,0
445,lethal,sarsa,,True,0
446,lethal,sarsa,,True,0
447,lethal,sarsa,,True,0
448,lethal,sarsa,,True,0
449,lethal,sarsa,,True,0
450,lethal,sarsa,,True,0
451,lethal,sarsa,,True,0
452,lethal,sarsa,,True,0
453,lethal,sarsa,,True,0
454,lethal,sarsa,,True,0
455,lethal,sarsa,,True,0
456,lethal,sarsa,,True,0
457,lethal,sarsa,,True,0
458,lethal,sarsa,,True,0
459,lethal,sarsa,,True,0
460,lethal,sarsa,,True,0
461,lethal,sarsa,,True,0
462,lethal,sarsa,,True,0
463,lethal,sarsa,,True,0
464,lethal,sarsa,,True,0
465,lethal,sarsa,,True,0
466,lethal,sarsa,,True,0
467,lethal,sarsa,,True,0
468,lethal,sarsa,,True,0
469,lethal,sarsa,,True,0
470,lethal,sarsa,,True,0
471,lethal,sarsa,,True,0
472,lethal,sarsa,,True,0
473,lethal,sarsa,,True,0
474,lethal,sarsa,,True,0
475,lethal,sarsa,,True,0
476,lethal,sarsa,,True,0
477,lethal,sarsa,,True,0
478,lethal,sarsa,,True,0
479,lethal,sarsa,,True,0
480,lethal,sarsa,,True,0
481,lethal,sarsa,,True,0
482,lethal,sarsa,,True,0
483,lethal,sarsa,,True,0
484,lethal,sarsa,,True,0
485,lethal,sarsa,,True,0
486,lethal,sarsa,,True,0
487,lethal,sarsa,,True,0
488,lethal,sarsa,,True,0
489,lethal,sarsa,,True,0
490,lethal,sarsa,,True,0
491,lethal,sarsa,,True,0
492,lethal,sarsa,,True,0
493,lethal,sarsa,,True,0
494,lethal,sarsa,,True,0
495,lethal,sarsa,,True,0
496,lethal,sarsa,,True,0
497,lethal,sarsa,,True,0
498,lethal,sarsa,,True,0
499,lethal,sarsa,,True,0
500,lethal,sarsa,,True,0
501,lethal,sarsa,,True,0
502,lethal,sarsa,,True,0
503,lethal,sarsa,,True,0
504,lethal,sarsa,,True,0
505,lethal,sarsa,,True,0
506,lethal,sarsa,,True,0
507,lethal,sarsa,,True,0
508,lethal,sarsa,,True,0
509,lethal,sarsa,,True,0
510,lethal,sarsa,,True,0
511,lethal,sarsa,,True,0
512,lethal,sarsa,,True,0
513,lethal,sarsa,,True,0
514,lethal,sarsa,,True,0
515,lethal,sarsa,,True,0
516,lethal,sarsa,,True,0
517,lethal,sarsa,,True,0
518,lethal,sarsa,,True,0
519,lethal,sarsa,,True,0
520,lethal,sarsa,,True,0
521,lethal,sarsa,,True,0
522,lethal,sarsa,,True,0
523,lethal,sarsa,,True,0
524,lethal,sarsa,,True,0
525,lethal,sarsa,,True,0
526,lethal,sarsa,,True,0
527,lethal,sarsa,,True,0
528,lethal,sarsa,,True,0
529,lethal,sarsa,,True,0
530,lethal,sarsa,,True,0
531,lethal,sarsa,,True,0
532,lethal,sarsa,,True,0
533,lethal,sarsa,,True,0
534,lethal,sarsa,,True,0
535,lethal,sarsa,,True,0
536,lethal,sarsa,,True,0
537,lethal,sarsa,,True,0
538,lethal,sarsa,,True,0
539,lethal,sarsa,,True,0
540,lethal,sarsa,,True,0
541,lethal,sarsa,,True,0
542,lethal,sarsa,,True,0
543,lethal,sarsa,,True,0
544,lethal,sarsa,,True,0
545,lethal,sarsa,,True,0
546,lethal,sarsa,,True,0
547,lethal,sarsa,,True,0
548,lethal,sarsa,,True,0
549,lethal,sarsa,,True,0
550,lethal,sarsa,,True,0
551,lethal,sarsa,,True,0
552,lethal,sarsa,,True,0
553,lethal,sarsa,,True,0
554,lethal,sarsa,,True,0
555,lethal,sarsa,,True,0
556,lethal,sarsa,,True,0
557,lethal,sarsa,,True,0
558,lethal,sarsa,,True,0
559,lethal,sarsa,,True,0
560,lethal,sarsa,,True,0
561,lethal,sarsa,,True,0
562,lethal,sarsa,,True,0
563,lethal,sarsa,,True,0
564,lethal,sarsa,,True,0
565,lethal,sarsa,,True,0
566,lethal,sarsa,,True,0
567,lethal,sarsa,,True,0
568,lethal,sarsa,,True,0
569,lethal,sarsa,,True,0
570,lethal,sarsa,,True,0
571,lethal,sarsa,,True,0
572,lethal,sarsa,,True,0
573,lethal,sarsa,,True,0
574,lethal,sarsa,,True,0
575,lethal,sarsa,,True,0
576,lethal,sarsa,,True,0
577,lethal,sarsa,,True,0
578,lethal,sarsa,,True,0
579,lethal,sarsa,,True,0
580,lethal,sarsa,,True,0
581,lethal,sarsa,,True,0
582,lethal,sarsa,,True,0
583,lethal,sarsa,,True,0
584,lethal,sarsa,,True,0
585,lethal,sarsa,,True,0
586,lethal,sarsa,,True,0
587,lethal,sarsa,,True,0
588,lethal,sarsa,,True,0
589,lethal,sarsa,,True,0
590,lethal,sarsa,,True,0
591,lethal,sarsa,,True,0
592,lethal,sarsa,,True,0
593,lethal,sarsa,,True,0
594,lethal,sarsa,,True,0
595,lethal,sarsa,,True,0
596,lethal,sarsa,,True,0
597,lethal,sarsa,,True,0
598,lethal,sarsa,,True,0
599,lethal,sarsa,,True,0
600,lethal,sarsa,,True,0
601,lethal,sarsa,,True,0
602,lethal,sarsa,,True,0
603,lethal,sarsa,,True,0
604,lethal,sarsa,,True,0
605,lethal,sarsa,,True,0
606,lethal,sarsa,,True,0
607,lethal,sarsa,,True,0
608,lethal,sarsa,,True,0
609,lethal,sarsa,,True,0
610,lethal,sarsa,,True,0
611,lethal,sarsa,,True,0
612,lethal,sarsa,,True,0
613,lethal,sarsa,,True,0
614,lethal,sarsa,,True,0
615,lethal,sarsa,,True,0
616,lethal,sarsa,,True,0
617,lethal,sarsa,,True,0
618,lethal,sarsa,,True,0
619,lethal,sarsa,,True,0
620,lethal,sarsa,,True,0
621,lethal,sarsa,,True,0
622,lethal,sarsa,,True,0
623,lethal,sarsa,,True,0
624,lethal,sarsa,,True,0
625,lethal,sarsa,,True,0
626,lethal,sarsa,,True,0
627,lethal,sarsa,,True,0
628,lethal,sarsa,,True,0
629,lethal,sarsa,,True,0
630,lethal,sarsa,,True,0
631,lethal,sarsa,,True,0
632,lethal,sarsa,,True,0
633,lethal,sarsa,,True,0
634,lethal,sarsa,,True,0
635,lethal,sarsa,,True,0
636,lethal,sarsa,,True,0
637,lethal,sarsa,,True,0
638,lethal,sarsa,,True,0
639,lethal,sarsa,,True,0
640,lethal,sarsa,,True,0
641,lethal,sarsa,,True,0
642,lethal,sarsa,,True,0
643,lethal,sarsa,,True,0
644,lethal,sarsa,,True,0
645,lethal,sarsa,,True,0
646,lethal,sarsa,,True,0
647,lethal,sarsa,,True,0
648,lethal,sarsa,,True,0
649,lethal,sarsa,,True,0
650,lethal,sarsa,,True,0
651,lethal,sarsa,,True,0
652,lethal,sarsa,,True,0
653,lethal,sarsa,,True,0
654,lethal,sarsa,,True,0
655,lethal,sarsa,,True,0
656,lethal,sarsa,,True,0
657,lethal,sarsa,,True,0
658,lethal,sarsa,,True,0
659,lethal,sarsa,,True,0
660,lethal,sarsa,,True,0
661,lethal,sarsa,,True,0
662,lethal,sarsa,,True,0
663,lethal,sarsa,,True,0
664,lethal,sarsa,,True,0
665,lethal,sarsa,,True,0
666,lethal,sarsa,,True,0
667,lethal,sarsa,,True,0
668,lethal,sarsa,,True,0
669,lethal,sarsa,,True,0
670,lethal,sarsa,,True,0
671,lethal,sarsa,,True,0
672,lethal,sarsa,,True,0
673,lethal,sarsa,,True,0
674,lethal,sarsa,,True,0
675,lethal,sarsa,,True,0
676,lethal,sarsa,,True,0
677,lethal,sarsa,,True,0
678,lethal,sarsa,,True,0
679,lethal,sarsa,,True,0
680,lethal,sarsa,,True,0
681,lethal,sarsa,,True,0
682,lethal,sarsa,,True,0
683,lethal,sarsa,,True,0
684,lethal,sarsa,,True,0
685,lethal,sarsa,,True,0
686,lethal,sarsa,,True,0
687,lethal,sarsa,,True,0
688,lethal,sarsa,,True,0
689,lethal,sarsa,,True,0
690,lethal,sarsa,,True,0
691,lethal,sarsa,,True,0
692,lethal,sarsa,,True,0
693,lethal,sarsa,,True,0
694,lethal,sarsa,,True,0
695,lethal,sarsa,,True,0
696,lethal,sarsa,,True,0
697,lethal,sarsa,,True,0
698,lethal,sarsa,,True,0
699,lethal,sarsa,,True,0
700,lethal,sarsa,,True,0
701,lethal,sarsa,,True,0
702,lethal,sarsa,,True,0
703,lethal,sarsa,,True,0
704,lethal,sarsa,,True,0
705,lethal,sarsa,,True,0
706,lethal,sarsa,,True,0
707,lethal,sarsa,,True,0
708,lethal,sarsa,,True,0
709,lethal,sarsa,,True,0
710,lethal,sarsa,,True,0
711,lethal,sarsa,,True,0
712,lethal,sarsa,,True,0
713,lethal,sarsa,,True,0
714,lethal,sarsa,,True,0
715,lethal,sarsa,,True,0
716,lethal,sarsa,,True,0
717,lethal,sarsa,,True,0
718,lethal,sarsa,,True,0
719,lethal,sarsa,,True,0
720,lethal,sarsa,,True,0
721,lethal,sarsa,,True,0
722,lethal,sarsa,,True,0
723,lethal,sarsa,,True,0
724,lethal,sarsa,,True,0
725,lethal,sarsa,,True,0
726,lethal,sarsa,,True,0
727,lethal,sarsa,,True,0
728,lethal,sarsa,,True,0
729,lethal,sarsa,,True,0
730,lethal,sarsa,,True,0
731,lethal,sarsa,,True,0
732,lethal,sarsa,,True,0
733,lethal,sarsa,,True,0
734,lethal,sarsa,,True,0
735,lethal,sarsa,,True,0
736,lethal,sarsa,,True,0
737,lethal,sarsa,,True,0
738,lethal,sarsa,,True,0
739,lethal,sarsa,,True,0
740,lethal,sarsa,,True,0
741,lethal,sarsa,,True,0
742,lethal,sarsa,,True,0
743,lethal,sarsa,,True,0
744,lethal,sarsa,,True,0
745,lethal,sarsa,,True,0
746,lethal,sarsa,,True,0
747,lethal,sarsa,,True,0
748,lethal,sarsa,,True,0
749,lethal,sarsa,,True,0
750,lethal,sarsa,,True,0
751,lethal,sarsa,,True,0
752,lethal,sarsa,,True,0
753,lethal,sarsa,,True,0
754,lethal,sarsa,,True,0
755,lethal,sarsa,,True,0
756,lethal,sarsa,,True,0
757,lethal,sarsa,,True,0
758,lethal,sarsa,,True,0
759,lethal,sarsa,,True,0
760,lethal,sarsa,,True,0
761,lethal,sarsa,,True,0
762,lethal,sarsa,,True,0
763,lethal,sarsa,,True,0
764,lethal,sarsa,,True,0
765,lethal,sarsa,,True,0
766,lethal,sarsa,,True,0
767,lethal,sarsa,,True,0
768,lethal,sarsa,,True,0
769,lethal,sarsa,,True,0
770,lethal,sarsa,,True,0
771,lethal,sarsa,,True,0
772,lethal,sarsa,,True,0
773,lethal,sarsa,,True,0
774,lethal,sarsa,,True,0
775,lethal,sarsa,,True,0
776,lethal,sarsa,,True,0
777,lethal,sarsa,,True,0
778,lethal,sarsa,,True,0
779,lethal,sarsa,,True,0
780,lethal,sarsa,,True,0
781,lethal,sarsa,,True,0
782,lethal,sarsa,,True,0
783,lethal,sarsa,,True,0
784,lethal,sarsa,,True,0
785,lethal,sarsa,,True,0
786,lethal,sarsa,,True,0
787,lethal,sarsa,,True,0
788,lethal,sarsa,,True,0
789,lethal,sarsa,,True,0
790,lethal,sarsa,,True,0
791,lethal,sarsa,,True,0
792,lethal,sarsa,,True,0
793,lethal,sarsa,,True,0
794,lethal,sarsa,,True,0
795,lethal,sarsa,,True,0
796,lethal,sarsa,,True,0
797,lethal,sarsa,,True,0
798,lethal,sarsa,,True,0
799,lethal,sarsa,,True,0
800,lethal,sarsa,,True,0
801,lethal,sarsa,,True,0
802,lethal,sarsa,,True,0
803,lethal,sarsa,,True,0
804,lethal,sarsa,,True,0
805,lethal,sarsa,,True,0
806,lethal,sarsa,,True,0
807,lethal,sarsa,,True,0
808,lethal,sarsa,,True,0
809,lethal,sarsa,,True,0
810,lethal,sarsa,,True,0
811,lethal,sarsa,,True,0
812,lethal,sarsa,,True,0
813,lethal,sarsa,,True,0
814,lethal,sarsa,,True,0
815,lethal,sarsa,,True,0
816,lethal,sarsa,,True,0
817,lethal,sarsa,,True,0
818,lethal,sarsa,,True,0
819,lethal,sarsa,,True,0
820,lethal,sarsa,,True,0
821,lethal,sarsa,,True,0
822,lethal,sarsa,,True,0
823,lethal,sarsa,,True,0
824,lethal,sarsa,,True,0
825,lethal,sarsa,,True,0
826,lethal,sarsa,,True,0
827,lethal,sarsa,,True,0
828,lethal,sarsa,,True,0
829,lethal,sarsa,,True,0
830,lethal,sarsa,,True,0
831,lethal,sarsa,,True,0
832,lethal,sarsa,,True,0
833,lethal,sarsa,,True,0
834,lethal,sarsa,,True,0
835,lethal,sarsa,,True,0
836,lethal,sarsa,,True,0
837,lethal,sarsa,,True,0
838,lethal,sarsa,,True,0
839,lethal,sarsa,,True,0
840,lethal,sarsa,,True,0
841,lethal,sarsa,,True,0
842,lethal,sarsa,,True,0
843,lethal,sarsa,,True,0
844,lethal,sarsa,,True,0
845,lethal,sarsa,,True,0
846,lethal,sarsa,,True,0
847,lethal,sarsa,,True,0
848,lethal,sarsa,,True,0
849,lethal,sarsa,,True,0
850,lethal,sarsa,,True,0
851,lethal,sarsa,,True,0
852,lethal,sarsa,,True,0
853,lethal,sarsa,,True,0
854,lethal,sarsa,,True,0
855,lethal,sarsa,,True,0
856,lethal,sarsa,,True,0
857,lethal,sarsa,,True,0
858,lethal,sarsa,,True,0
859,lethal,sarsa,,True,0
860,lethal,sarsa,,True,0
861,lethal,sarsa,,True,0
862,lethal,sarsa,,True,0
863,lethal,sarsa,,True,0
864,lethal,sarsa,,True,0
865,lethal,sarsa,,True,0
866,lethal,sarsa,,True,0
867,lethal,sarsa,,True,0
868,lethal,sarsa,,True,0
869,lethal,sarsa,,True,0
870,lethal,sarsa,,True,0
871,lethal,sarsa,,True,0
872,lethal,sarsa,,True,0
873,lethal,sarsa,,True,0
874,lethal,sarsa,,True,0
875,lethal,sarsa,,True,0
876,lethal,sarsa,,True,0
877,lethal,sarsa,,True,0
878,lethal,sarsa,,True,0
879,lethal,sarsa,,True,0
880,lethal,sarsa,,True,0
881,lethal,sarsa,,True,0
882,lethal,sarsa,,True,0
883,lethal,sarsa,,True,0
884,lethal,sarsa,,True,0
885,lethal,sarsa,,True,0
886,lethal,sarsa,,True,0
887,lethal,sarsa,,True,0
888,lethal,sarsa,,True,0
889,lethal,sarsa,,True,0
890,lethal,sarsa,,True,0
891,lethal,sarsa,,True,0
892,lethal,sarsa,,True,0
893,lethal,sarsa,,True,0
894,lethal,sarsa,,True,0
895,lethal,sarsa,,True,0
896,lethal,sarsa,,True,0
897,lethal,sarsa,,True,0
898,lethal,sarsa,,True,0
899,lethal,sarsa,,True,0
900,lethal,sarsa,,True,0
901,lethal,sarsa,,True,0
902,lethal,sarsa,,True,0
903,lethal,sarsa,,True,0
904,lethal,sarsa,,True,0
905,lethal,sarsa,,True,0
906,lethal,sarsa,,True,0
907,lethal,sarsa,,True,0
908,lethal,sarsa,,True,0
909,lethal,sarsa,,True,0
910,lethal,sarsa,,True,0
911,lethal,sarsa,,True,0
912,lethal,sarsa,,True,0
913,lethal,sarsa,,True,0
914,lethal,sarsa,,True,0
915,lethal,sarsa,,True,0
916,lethal,sarsa,,True,0
917,lethal,sarsa,,True,0
918,lethal,sarsa,,True,0
919,lethal,sarsa,,True,0
920,lethal,sarsa,,True,0
921,lethal,sarsa,,True,0
922,lethal,sarsa,,True,0
923,lethal,sarsa,,True,0
924,lethal,sarsa,,True,0
925,lethal,sarsa,,True,0
926,lethal,sarsa,,True,0
927,lethal,sarsa,,True,0
928,lethal,sarsa,,True,0
929,lethal,sarsa,,True,0
930,lethal,sarsa,,True,0
931,lethal,sarsa,,True,0
932,lethal,sarsa,,True,0
933,lethal,sarsa,,True,0
934,lethal,sarsa,,True,0
935,lethal,sarsa,,True,0
936,lethal,sarsa,,True,0
937,lethal,sarsa,,True,0
938,lethal,sarsa,,True,0
939,lethal,sarsa,,True,0
940,lethal,sarsa,,True,0
941,lethal,sarsa,,True,0
942,lethal,sarsa,,True,0
943,lethal,sarsa,,True,0
944,lethal,sarsa,,True,0
945,lethal,sarsa,,True,0
946,lethal,sarsa,,True,0
947,lethal,sarsa,,True,0
948,lethal,sarsa,,True,0
949,lethal,sarsa,,True,0
950,lethal,sarsa,,True,0
951,lethal,sarsa,,True,0
952,lethal,sarsa,,True,0
953,lethal,sarsa,,True,0
954,lethal,sarsa,,True,0
955,lethal,sarsa,,True,0
956,lethal,sarsa,,True,0
957,lethal,sarsa,,True,0
958,lethal,sarsa,,True,0
959,lethal,sarsa,,True,0
960,lethal,sarsa,,True,0
961,lethal,sarsa,,True,0
962,lethal,sarsa,,True,0
963,lethal,sarsa,,True,0
964,lethal,sarsa,,True,0
965,lethal,sarsa,,True,0
966,lethal,sarsa,,True,0
967,lethal,sarsa,,True,0
968,lethal,sarsa,,True,0
969,lethal,sarsa,,True,0
970,lethal,sarsa,,True,0
971,lethal,sarsa,,True,0
972,lethal,sarsa,,True,0
973,lethal,sarsa,,True,0
974,lethal,sarsa,,True,0
975,lethal,sarsa,,True,0
976,lethal,sarsa,,True,0
977,lethal,sarsa,,True,0
978,lethal,sarsa,,True,0
979,lethal,sarsa,,True,0
980,lethal,sarsa,,True,0
981,lethal,sarsa,,True,0
982,lethal,sarsa,,True,0
983,lethal,sarsa,,True,0
984,lethal,sarsa,,True,0
985,lethal,sarsa,,True,0
986,lethal,sarsa,,True,0
987,lethal,sarsa,,True,0
988,lethal,sarsa,,True,0
989,lethal,sarsa,,True,0
990,lethal,sarsa,,True,0
991,lethal,sarsa,,True,0
992,lethal,sarsa,,True,0
993,lethal,sarsa,,True,0
994,lethal,sarsa,,True,0
995,lethal,sarsa,,True,0
996,lethal,sarsa,,True,0
997,lethal,sarsa,,True,0
998,lethal,sarsa,,True,0
999,lethal,sarsa,,True,0
1000,lethal,sarsa,,True,0
1001,lethal,sarsa,,True,0
1002,lethal,sarsa,,True,0
1003,lethal,sarsa,,True,0
1004,lethal,sarsa,,True,0
1005,lethal,sarsa,,True,0
1006,lethal,sarsa,,True,0
1007,lethal,sarsa,,True,0
1008,lethal,sarsa,,True,0
1009,lethal,sarsa,,True,0
1010,lethal,sarsa,,True,0
1011,lethal,sarsa,,True,0
1012,lethal,sarsa,,True,0
1013,lethal,sarsa,,True,0
1014,lethal,sarsa,,True,0
1015,lethal,sarsa,,True,0
1016,lethal,sarsa,,True,0
1017,lethal,sarsa,,True,0
1018,lethal,sarsa,,True,0
1019,lethal,sarsa,,True,0
1020,lethal,sarsa,,True,0
1021,lethal,sarsa,,True,0
1022,lethal,sarsa,,True,0
1023,lethal,sarsa,,True,0
1024,lethal,sarsa,,True,0
1025,lethal,sarsa,,True,0
1026,lethal,sarsa,,True,0
1027,lethal,sarsa,,True,0
1028,lethal,sarsa,,True,0
1029,lethal,sarsa,,True,0
1030,lethal,sarsa,,True,0
1031,lethal,sarsa,,True,0
1032,lethal,sarsa,,True,0
1033,lethal,sarsa,,True,0
1034,lethal,sarsa,,True,0
1035,lethal,sarsa,,True,0
1036,lethal,sarsa,,True,0
1037,lethal,sarsa,,True,0
1038,lethal,sarsa,,True,0
1039,lethal,sarsa,,True,0
1040,lethal,sarsa,,True,0
1041,lethal,sarsa,,True,0
1042,lethal,sarsa,,True,0
1043,lethal,sarsa,,True,0
1044,lethal,sarsa,,True,0
1045,lethal,sarsa,,True,0
1046,lethal,sarsa,,True,0
1047,lethal,sarsa,,True,0
1048,lethal,sarsa,,True,0
1049,lethal,sarsa,,True,0
1050,lethal,sarsa,,True,0
1051,lethal,sarsa,,True,0
1052,lethal,sarsa,,True,0
1053,lethal,sarsa,,True,0
1054,lethal,sarsa,,True,0
1055,lethal,sarsa,,True,0
1056,lethal,sarsa,,True,0
1057,lethal,sarsa,,True,0
1058,lethal,sarsa,,True,0
1059,lethal,sarsa,,True,0
1060,lethal,sarsa,,True,0
1061,lethal,sarsa,,True,0
1062,lethal,sarsa,,True,0
1063,lethal,sarsa,,True,0
1064,lethal,sarsa,,True,0
1065,lethal,sarsa,,True,0
1066,lethal,sarsa,,True,0
1067,lethal,sarsa,,True,0
1068,lethal,sarsa,,True,0
1069,lethal,sarsa,,True,0
1070,lethal,sarsa,,True,0
1071,lethal,sarsa,,True,0
1072,lethal,sarsa,,True,0
1073,lethal,sarsa,,True,0
1074,lethal,sarsa,,True,0
1075,lethal,sarsa,,True,0
1076,lethal,sarsa,,True,0
1077,lethal,sarsa,,True,0
1078,lethal,sarsa,,True,0
1079,lethal,sarsa,,True,0
1080,lethal,sarsa,,True,0
1081,lethal,sarsa,,True,0
1082,lethal,sarsa,,True,0
1083,lethal,sarsa,,True,0
1084,lethal,sarsa,,True,0
1085,lethal,sarsa,,True,0
1086,lethal,sarsa,,True,0
1087,lethal,sarsa,,True,0
1088,lethal,sarsa,,True,0
1089,lethal,sarsa,,True,0
1090,lethal,sarsa,,True,0
1091,lethal,sarsa,,True,0
1092,lethal,sarsa,,True,0
1093,lethal,sarsa,,True,0
1094,lethal,sarsa,,True,0
1095,lethal,sarsa,,True,0
1096,lethal,sarsa,,True,0
1097,lethal,sarsa,,True,0
1098,lethal,sarsa,,True,0
1099,lethal,sarsa,,True,0
1100,lethal,sarsa,,True,0
1101,lethal,sarsa,,True,0
1102,lethal,sarsa,,True,0
1103,lethal,sarsa,,True,0
1104,lethal,sarsa,,True,0
1105,lethal,sarsa,,True,0
1106,lethal,sarsa,,True,0
1107,lethal,sarsa,,True,0
1108,lethal,sarsa,,True,0
1109,lethal,sarsa,,True,0
1110,lethal,sarsa,,True,0
1111,lethal,sarsa,,True,0
1112,lethal,sarsa,,True,0
1113,lethal,sarsa,,True,0
1114,lethal,sarsa,,True,0
1115,lethal,sarsa,,True,0
1116,lethal,sarsa,,True,0
1117,lethal,sarsa,,True,0
1118,lethal,sarsa,,True,0
1119,lethal,sarsa,,True,0
1120,lethal,sarsa,,True,0
1121,lethal,sarsa,,True,0
1122,lethal,sarsa,,True,0
1123,lethal,sarsa,,True,0
1124,lethal,sarsa,,True,0
1125,lethal,sarsa,,True,0
1126,lethal,sarsa,,True,0
1127,lethal,sarsa,,True,0
1128,lethal,sarsa,,True,0
1129,lethal,sarsa,,True,0
1130,lethal,sarsa,,True,0
1131,lethal,sarsa,,True,0
1132,lethal,sarsa,,True,0
1133,lethal,sarsa,,True,0
1134,lethal,sarsa,,True,0
1135,lethal,sarsa,,True,0
1136,lethal,sarsa,,True,0
1137,lethal,sarsa,,True,0
1138,lethal,sarsa,,True,0
1139,lethal,sarsa,,True,0
1140,lethal,sarsa,,True,0
1141,lethal,sarsa,,True,0
1142,lethal,sarsa,,True,0
1143,lethal,sarsa,,True,0
1144,lethal,sarsa,,True,0
1145,lethal,sarsa,,True,0
1146,lethal,sarsa,,True,0
1147,lethal,sarsa,,True,0
1148,lethal,sarsa,,True,0
1149,lethal,sarsa,,True,0
1150,lethal,sarsa,,True,0
1151,lethal,sarsa,,True,0
1152,lethal,sarsa,,True,0
1153,lethal,sarsa,,True,0
1154,lethal,sarsa,,True,0
1155,lethal,sarsa,,True,0
1156,lethal,sarsa,,True,0
1157,lethal,sarsa,,True,0
1158,lethal,sarsa,,True,0
1159,lethal,sarsa,,True,0
1160,lethal,sarsa,,True,0
1161,lethal,sarsa,,True,0
1162,lethal,sarsa,,True,0
1163,lethal,sarsa,,True,0
1164,lethal,sarsa,,True,0
1165,lethal,sarsa,,True,0
1166,lethal,sarsa,,True,0
1167,lethal,sarsa,,True,0
1168,lethal,sarsa,,True,0
1169,lethal,sarsa,,True,0
1170,lethal,sarsa,,True,0
1171,lethal,sarsa,,True,0
1172,lethal,sarsa,,True,0
1173,lethal,sarsa,,True,0
1174,lethal,sarsa,,True,0
1175,lethal,sarsa,,True,0
1176,lethal,sarsa,,True,0
1177,lethal,sarsa,,True,0
1178,lethal,sarsa,,True,0
1179,lethal,sarsa,,True,0
1180,lethal,sarsa,,True,0
1181,lethal,sarsa,,True,0
1182,lethal,sarsa,,True,0
1183,lethal,sarsa,,True,0
1184,lethal,sarsa,,True,0
1185,lethal,sarsa,,True,0
1186,lethal,sarsa,,True,0
1187,lethal,sarsa,,True,0
1188,lethal,sarsa,,True,0
1189,lethal,sarsa,,True,0
1190,lethal,sarsa,,True,0
1191,lethal,sarsa,,True,0
1192,lethal,sarsa,,True,0
1193,lethal,sarsa,,True,0
1194,lethal,sarsa,,True,0
1195,lethal,sarsa,,True,0
1196,lethal,sarsa,,True,0
1197,lethal,sarsa,,True,0
1198,lethal,sarsa,,True,0
1199,lethal,sarsa,,True,0
1200,lethal,sarsa,,True,0
1201,lethal,sarsa,,True,0
1202,lethal,sarsa,,True,0
1203,lethal,sarsa,,True,0
1204,lethal,sarsa,,True,0
1205,lethal,sarsa,,True,0
1206,lethal,sarsa,,True,0
1207,lethal,sarsa,,True,0
1208,lethal,sarsa,,True,0
1209,lethal,sarsa,,True,0
1210,lethal,sarsa,,True,0
1211,lethal,sarsa,,True,0
1212,lethal,sarsa,,True,0
1213,lethal,sarsa,,True,0
1214,lethal,sarsa,,True,0
1215,lethal,sarsa,,True,0
1216,lethal,sarsa,,True,0
1217,lethal,sarsa,,True,0
1218,lethal,sarsa,,True,0
1219,lethal,sarsa,,True,0
1220,lethal,sarsa,,True,0
1221,lethal,sarsa,,True,0
1222,lethal,sarsa,,True,0
1223,lethal,sarsa,,True,0
1224,lethal,sarsa,,True,0
1225,lethal,sarsa,,True,0
1226,lethal,sarsa,,True,0
1227,lethal,sarsa,,True,0
1228,lethal,sarsa,,True,0
1229,lethal,sarsa,,True,0
1230,lethal,sarsa,,True,0
1231,lethal,sarsa,,True,0
1232,lethal,sarsa,,True,0
1233,lethal,sarsa,,True,0
1234,lethal,sarsa,,True,0
1235,lethal,sarsa,,True,0
1236,lethal,sarsa,,True,0
1237,lethal,sarsa,,True,0
1238,lethal,sarsa,,True,0
1239,lethal,sarsa,,True,0
1240,lethal,sarsa,,True,0
1241,lethal,sarsa,,True,0
1242,lethal,sarsa,,True,0
1243,lethal,sarsa,,True,0
1244,lethal,sarsa,,True,0
1245,lethal,sarsa,,True,0
1246,lethal,sarsa,,True,0
1247,lethal,sarsa,,True,0
1248,lethal,sarsa,,True,0
1249,lethal,sarsa,,True,0
1250,lethal,sarsa,,True,0
1251,lethal,sarsa,,True,0
1252,lethal,sarsa,,True,0
1253,lethal,sarsa,,True,0
1254,lethal,sarsa,,True,0
1255,lethal,sarsa,,True,0
1256,lethal,sarsa,,True,0
1257,lethal,sarsa,,True,0
1258,lethal,sarsa,,True,0
1259,lethal,sarsa,,True,0
1260,lethal,sarsa,,True,0
1261,lethal,sarsa,,True,0
1262,lethal,sarsa,,True,0
1263,lethal,sarsa,,True,0
1264,lethal,sarsa,,True,0
1265,lethal,sarsa,,True,0
1266,lethal,sarsa,,True,0
1267,lethal,sarsa,,True,0
1268,lethal,sarsa,,True,0
1269,lethal,sarsa,,True,0
1270,lethal,sarsa,,True,0
1271,lethal,sarsa,,True,0
1272,lethal,sarsa,,True,0
1273,lethal,sarsa,,True,0
1274,lethal,sarsa,,True,0
1275,lethal,sarsa,,True,0
1276,lethal,sarsa,,True,0
1277,lethal,sarsa,,True,0
1278,lethal,sarsa,,True,0
1279,lethal,sarsa,,True,0
1280,lethal,sarsa,,True,0
1281,lethal,sarsa,,True,0
1282,lethal,sarsa,,True,0
1283,lethal,sarsa,,True,0
1284,lethal,sarsa,,True,0
1285,lethal,sarsa,,True,0
1286,lethal,sarsa,,True,0
1287,lethal,sarsa,,True,0
1288,lethal,sarsa,,True,0
1289,lethal,sarsa,,True,0
1290,lethal,sarsa,,True,0
1291,lethal,sarsa,,True,0
1292,lethal,sarsa,,True,0
1293,lethal,sarsa,,True,0
1294,lethal,sarsa,,True,0
1295,lethal,sarsa,,True,0
1296,lethal,sarsa,,True,0
1297,lethal,sarsa,,True,0
1298,lethal,sarsa,,True,0
1299,lethal,sarsa,,True,0
1300,lethal,sarsa,,True,0
1301,lethal,sarsa,,True,0
1302,lethal,sarsa,,True,0
1303,lethal,sarsa,,True,0
1304,lethal,sarsa,,True,0
1305,lethal,sarsa,,True,0
1306,lethal,sarsa,,True,0
1307,lethal,sarsa,,True,0
1308,lethal,sarsa,,True,0
1309,lethal,sarsa,,True,0
1310,lethal,sarsa,,True,0
1311,lethal,sarsa,,True,0
1312,lethal,sarsa,,True,0
1313,lethal,sarsa,,True,0
1314,lethal,sarsa,,True,0
1315,lethal,sarsa,,True,0
1316,lethal,sarsa,,True,0
1317,lethal,sarsa,,True,0
1318,lethal,sarsa,,True,0
1319,lethal,sarsa,,True,0
1320,lethal,sarsa,,True,0
1321,lethal,sarsa,,True,0
1322,lethal,sarsa,,True,0
1323,lethal,sarsa,,True,0
1324,lethal,sarsa,,True,0
1325,lethal,sarsa,,True,0
1326,lethal,sarsa,,True,0
1327,lethal,sarsa,,True,0
1328,lethal,sarsa,,True,0
1329,lethal,sarsa,,True,0
1330,lethal,sarsa,,True,0
1331,lethal,sarsa,,True,0
1332,lethal,sarsa,,True,0
1333,lethal,sarsa,,True,0
1334,lethal,sarsa,,True,0
1335,lethal,sarsa,,True,0
1336,lethal,sarsa,,True,0
1337,lethal,sarsa,,True,0
1338,lethal,sarsa,,True,0
1339,lethal,sarsa,,True,0
1340,lethal,sarsa,,True,0
1341,lethal,sarsa,,True,0
1342,lethal,sarsa,,True,0
1343,lethal,sarsa,,True,0
1344,lethal,sarsa,,True,0
1345,lethal,sarsa,,True,0
1346,lethal,sarsa,,True,0
1347,lethal,sarsa,,True,0
1348,lethal,sarsa,,True,0
1349,lethal,sarsa,,True,0
1350,lethal,sarsa,,True,0
1351,lethal,sarsa,,True,0
1352,lethal,sarsa,,True,0
1353,lethal,sarsa,,True,0
1354,lethal,sarsa,,True,0
1355,lethal,sarsa,,True,0
1356,lethal,sarsa,,True,0
1357,lethal,sarsa,,True,0
1358,lethal,sarsa,,True,0
1359,lethal,sarsa,,True,0
1360,lethal,sarsa,,True,0
1361,lethal,sarsa,,True,0
1362,lethal,sarsa,,True,0
1363,lethal,sarsa,,True,0
1364,lethal,sarsa,,True,0
1365,lethal,sarsa,,True,0
1366,lethal,sarsa,,True,0
1367,lethal,sarsa,,True,0
1368,lethal,sarsa,,True,0
1369,lethal,sarsa,,True,0
1370,lethal,sarsa,,True,0
1371,lethal,sarsa,,True,0
1372,lethal,sarsa,,True,0
1373,lethal,sarsa,,True,0
1374,lethal,sarsa,,True,0
1375,lethal,sarsa,,True,0
1376,lethal,sarsa,,True,0
1377,lethal,sarsa,,True,0
1378,lethal,sarsa,,True,0
1379,lethal,sarsa,,True,0
1380,lethal,sarsa,,True,0
1381,lethal,sarsa,,True,0
1382,lethal,sarsa,,True,0
1383,lethal,sarsa,,True,0
1384,lethal,sarsa,,True,0
1385,lethal,sarsa,,True,0
1386,lethal,sarsa,,True,0
1387,lethal,sarsa,,True,0
1388,lethal,sarsa,,True,0
1389,lethal,sarsa,,True,0
1390,lethal,sarsa,,True,0
1391,lethal,sarsa,,True,0
1392,lethal,sarsa,,True,0
1393,lethal,sarsa,,True,0
1394,lethal,sarsa,,True,0
1395,lethal,sarsa,,True,0
1396,lethal,sarsa,,True,0
1397,lethal,sarsa,,True,0
1398,lethal,sarsa,,True,0
1399,lethal,sarsa,,True,0
1400,lethal,sarsa,,True,0
1401,lethal,sarsa,,True,0
1402,lethal,sarsa,,True,0
1403,lethal,sarsa,,True,0
1404,lethal,sarsa,,True,0
1405,lethal,sarsa,,True,0
1406,lethal,sarsa,,True,0
1407,lethal,sarsa,,True,0
1408,lethal,sarsa,,True,0
1409,lethal,sarsa,,True,0
1410,lethal,sarsa,,True,0
1411,lethal,sarsa,,True,0
1412,lethal,sarsa,,True,0
1413,lethal,sarsa,,True,0
1414,lethal,sarsa,,True,0
1415,lethal,sarsa,,True,0
1416,lethal,sarsa,,True,0
1417,lethal,sarsa,,True,0
1418,lethal,sarsa,,True,0
1419,lethal,sarsa,,True,0
1420,lethal,sarsa,,True,0
1421,lethal,sarsa,,True,0
1422,lethal,sarsa,,True,0
1423,lethal,sarsa,,True,0
1424,lethal,sarsa,,True,0
1425,lethal,sarsa,,True,0
1426,lethal,sarsa,,True,0
1427,lethal,sarsa,,True,0
1428,lethal,sarsa,,True,0
1429,lethal,sarsa,,True,0
1430,lethal,sarsa,,True,0
1431,lethal,sarsa,,True,0
1432,lethal,sarsa,,True,0
1433,lethal,sarsa,,True,0
1434,lethal,sarsa,,True,0
1435,lethal,sarsa,,True,0
1436,lethal,sarsa,,True,0
1437,lethal,sarsa,,True,0
1438,lethal,sarsa,,True,0
1439,lethal,sarsa,,True,0
1440,lethal,sarsa,,True,0
1441,lethal,sarsa,,True,0
1442,lethal,sarsa,,True,0
1443,lethal,sarsa,,True,0
1444,lethal,sarsa,,True,0
1445,lethal,sarsa,,True,0
1446,lethal,sarsa,,True,0
1447,lethal,sarsa,,True,0
1448,lethal,sarsa,,True,0
1449,lethal,sarsa,,True,0
1450,lethal,sarsa,,True,0
1451,lethal,sarsa,,True,0
1452,lethal,sarsa,,True,0
1453,lethal,sarsa,,True,0
1454,lethal,sarsa,,True,0
1455,lethal,sarsa,,True,0
1456,lethal,sarsa,,True,0
1457,lethal,sarsa,,True,0
1458,lethal,sarsa,,True,0
1459,lethal,sarsa,,True,0
1460,lethal,sarsa,,True,0
1461,lethal,sarsa,,True,0
1462,lethal,sarsa,,True,0
1463,lethal,sarsa,,True,0
1464,lethal,sarsa,,True,0
1465,lethal,sarsa,,True,0
1466,lethal,sarsa,,True,0
1467,lethal,sarsa,,True,0
1468,lethal,sarsa,,True,0
1469,lethal,sarsa,,True,0
1470,lethal,sarsa,,True,0
1471,lethal,sarsa,,True,0
1472,lethal,sarsa,,True,0
1473,lethal,sarsa,,True,0
1474,lethal,sarsa,,True,0
1475,lethal,sarsa,,True,0
1476,lethal,sarsa,,True,0
1477,lethal,sarsa,,True,0
1478,lethal,sarsa,,True,0
1479,lethal,sarsa,,True,0
1480,lethal,sarsa,,True,0
1481,lethal,sarsa,,True,0
1482,lethal,sarsa,,True,0
1483,lethal,sarsa,,True,0
1484,lethal,sarsa,,True,0
1485,lethal,sarsa,,True,0
1486,lethal,sarsa,,True,0
1487,lethal,sarsa,,True,0
1488,lethal,sarsa,,True,0
1489,lethal,sarsa,,True,0
1490,lethal,sarsa,,True,0
1491,lethal,sarsa,,True,0
1492,lethal,sarsa,,True,0
1493,lethal,sarsa,,True,0
1494,lethal,sarsa,,True,0
1495,lethal,sarsa,,True,0
1496,lethal,sarsa,,True,0
1497,lethal,sarsa,,True,0
1498,lethal,sarsa,,True,0
1499,lethal,sarsa,,True,0
1500,lethal,sarsa,,True,0
1501,lethal,sarsa,,True,0
1502,lethal,sarsa,,True,0
1503,lethal,sarsa,,True,0
1504,lethal,sarsa,,True,0
1505,lethal,sarsa,,True,0
1506,lethal,sarsa,,True,0
1507,lethal,sarsa,,True,0
1508,lethal,sarsa,,True,0
1509,lethal,sarsa,,True,0
1510,lethal,sarsa,,True,0
1511,lethal,sarsa,,True,0
1512,lethal,sarsa,,True,0
1513,lethal,sarsa,,True,0
1514,lethal,sarsa,,True,0
1515,lethal,sarsa,,True,0
1516,lethal,sarsa,,True,0
1517,lethal,sarsa,,True,0
1518,lethal,sarsa,,True,0
1519,lethal,sarsa,,True,0
1520,lethal,sarsa,,True,0
1521,lethal,sarsa,,True,0
1522,lethal,sarsa,,True,0
1523,lethal,sarsa,,True,0
1524,lethal,sarsa,,True,0
1525,lethal,sarsa,,True,0
1526,lethal,sarsa,,True,0
1527,lethal,sarsa,,True,0
1528,lethal,sarsa,,True,0
1529,lethal,sarsa,,True,0
1530,lethal,sarsa,,True,0
1531,lethal,sarsa,,True,0
1532,lethal,sarsa,,True,0
1533,lethal,sarsa,,True,0
1534,lethal,sarsa,,True,0
1535,lethal,sarsa,,True,0
1536,lethal,sarsa,,True,0
1537,lethal,sarsa,,True,0
1538,lethal,sarsa,,True,0
1539,lethal,sarsa,,True,0
1540,lethal,sarsa,,True,0
1541,lethal,sarsa,,True,0
1542,lethal,sarsa,,True,0
1543,lethal,sarsa,,True,0
1544,lethal,sarsa,,True,0
1545,lethal,sarsa,,True,0
1546,lethal,sarsa,,True,0
1547,lethal,sarsa,,True,0
1548,lethal,sarsa,,True,0
1549,lethal,sarsa,,True,0
1550,lethal,sarsa,,True,0
1551,lethal,sarsa,,True,0
1552,lethal,sarsa,,True,0
1553,lethal,sarsa,,True,0
1554,lethal,sarsa,,True,0
1555,lethal,sarsa,,True,0
1556,lethal,sarsa,,True,0
1557,lethal,sarsa,,True,0
1558,lethal,sarsa,,True,0
1559,lethal,sarsa,,True,0
1560,lethal,sarsa,,True,0
1561,lethal,sarsa,,True,0
1562,lethal,sarsa,,True,0
1563,lethal,sarsa,,True,0
1564,lethal,sarsa,,True,0
1565,lethal,sarsa,,True,0
1566,lethal,sarsa,,True,0
1567,lethal,sarsa,,True,0
1568,lethal,sarsa,,True,0
1569,lethal,sarsa,,True,0
1570,lethal,sarsa,,True,0
1571,lethal,sarsa,,True,0
1572,lethal,sarsa,,True,0
1573,lethal,sarsa,,True,0
1574,lethal,sarsa,,True,0
1575,lethal,sarsa,,True,0
1576,lethal,sarsa,,True,0
1577,lethal,sarsa,,True,0
1578,lethal,sarsa,,True,0
1579,lethal,sarsa,,True,0
1580,lethal,sarsa,,True,0
1581,lethal,sarsa,,True,0
1582,lethal,sarsa,,True,0
1583,lethal,sarsa,,True,0
1584,lethal,sarsa,,True,0
1585,lethal,sarsa,,True,0
1586,lethal,sarsa,,True,0
1587,lethal,sarsa,,True,0
1588,lethal,sarsa,,True,0
1589,lethal,sarsa,,True,0
1590,lethal,sarsa,,True,0
1591,lethal,sarsa,,True,0
1592,lethal,sarsa,,True,0
1593,lethal,sarsa,,True,0
1594,lethal,sarsa,,True,0
1595,lethal,sarsa,,True,0
1596,lethal,sarsa,,True,0
1597,lethal,sarsa,,True,0
1598,lethal,sarsa,,True,0
1599,lethal,sarsa,,True,0
1600,lethal,sarsa,,True,0
1601,lethal,sarsa,,True,0
1602,lethal,sarsa,,True,0
1603,lethal,sarsa,,True,0
1604,lethal,sarsa,,True,0
1605,lethal,sarsa,,True,0
1606,lethal,sarsa,,True,0
1607,lethal,sarsa,,True,0
1608,lethal,sarsa,,True,0
1609,lethal,sarsa,,True,0
1610,lethal,sarsa,,True,0
1611,lethal,sarsa,,True,0
1612,lethal,sarsa,,True,0
1613,lethal,sarsa,,True,0
1614,lethal,sarsa,,True,0
1615,lethal,sarsa,,True,0
1616,lethal,sarsa,,True,0
1617,lethal,sarsa,,True,0
1618,lethal,sarsa,,True,0
1619,lethal,sarsa,,True,0
1620,lethal,sarsa,,True,0
1621,lethal,sarsa,,True,0
1622,lethal,sarsa,,True,0
1623,lethal,sarsa,,True,0
1624,lethal,sarsa,,True,0
1625,lethal,sarsa,,True,0
1626,lethal,sarsa,,True,0
1627,lethal,sarsa,,True,0
1628,lethal,sarsa,,True,0
1629,lethal,sarsa,,True,0
1630,lethal,sarsa,,True,0
1631,lethal,sarsa,,True,0
1632,lethal,sarsa,,True,0
1633,lethal,sarsa,,True,0
1634,lethal,sarsa,,True,0
1635,lethal,sarsa,,True,0
1636,lethal,sarsa,,True,0
1637,lethal,sarsa,,True,0
1638,lethal,sarsa,,True,0
1639,lethal,sarsa,,True,0
1640,lethal,sarsa,,True,0
1641,lethal,sarsa,,True,0
1642,lethal,sarsa,,True,0
1643,lethal,sarsa,,True,0
1644,lethal,sarsa,,True,0
1645,lethal,sarsa,,True,0
1646,lethal,sarsa,,True,0
1647,lethal,sarsa,,True,0
1648,lethal,sarsa,,True,0
1649,lethal,sarsa,,True,0
1650,lethal,sarsa,,True,0
1651,lethal,sarsa,,True,0
1652,lethal,sarsa,,True,0
1653,lethal,sarsa,,True,0
1654,lethal,sarsa,,True,0
1655,lethal,sarsa,,True,0
1656,lethal,sarsa,,True,0
1657,lethal,sarsa,,True,0
1658,lethal,sarsa,,True,0
1659,lethal,sarsa,,True,0
1660,lethal,sarsa,,True,0
1661,lethal,sarsa,,True,0
1662,lethal,sarsa,,True,0
1663,lethal,sarsa,,True,0
1664,lethal,sarsa,,True,0
1665,lethal,sarsa,,True,0
1666,lethal,sarsa,,True,0
1667,lethal,sarsa,,True,0
1668,lethal,sarsa,,True,0
1669,lethal,sarsa,,True,0
1670,lethal,sarsa,,True,0
1671,lethal,sarsa,,True,0
1672,lethal,sarsa,,True,0
1673,lethal,sarsa,,True,0
1674,lethal,sarsa,,True,0
1675,lethal,sarsa,,True,0
1676,lethal,sarsa,,True,0
1677,lethal,sarsa,,True,0
1678,lethal,sarsa,,True,0
1679,lethal,sarsa,,True,0
1680,lethal,sarsa,,True,0
1681,lethal,sarsa,,True,0
1682,lethal,sarsa,,True,0
1683,lethal,sarsa,,True,0
1684,lethal,sarsa,,True,0
1685,lethal,sarsa,,True,0
1686,lethal,sarsa,,True,0
1687,lethal,sarsa,,True,0
1688,lethal,sarsa,,True,0
1689,lethal,sarsa,,True,0
1690,lethal,sarsa,,True,0
1691,lethal,sarsa,,True,0
1692,lethal,sarsa,,True,0
1693,lethal,sarsa,,True,0
1694,lethal,sarsa,,True,0
1695,lethal,sarsa,,True,0
1696,lethal,sarsa,,True,0
1697,lethal,sarsa,,True,0
1698,lethal,sarsa,,True,0
1699,lethal,sarsa,,True,0
1700,lethal,sarsa,,True,0
1701,lethal,sarsa,,True,0
1702,lethal,sarsa,,True,0
1703,lethal,sarsa,,True,0
1704,lethal,sarsa,,True,0
1705,lethal,sarsa,,True,0
1706,lethal,sarsa,,True,0
1707,lethal,sarsa,,True,0
1708,lethal,sarsa,,True,0
1709,lethal,sarsa,,True,0
1710,lethal,sarsa,,True,0
1711,lethal,sarsa,,True,0
1712,lethal,sarsa,,True,0
1713,lethal,sarsa,,True,0
1714,lethal,sarsa,,True,0
1715,lethal,sarsa,,True,0
1716,lethal,sarsa,,True,0
1717,lethal,sarsa,,True,0
1718,lethal,sarsa,,True,0
1719,lethal,sarsa,,True,0
1720,lethal,sarsa,,True,0
1721,lethal,sarsa,,True,0
1722,lethal,sarsa,,True,0
1723,lethal,sarsa,,True,0
1724,lethal,sarsa,,True,0
1725,lethal,sarsa,,True,0
1726,lethal,sarsa,,True,0
1727,lethal,sarsa,,True,0
1728,lethal,sarsa,,True,0
1729,lethal,sarsa,,True,0
1730,lethal,sarsa,,True,0
1731,lethal,sarsa,,True,0
1732,lethal,sarsa,,True,0
1733,lethal,sarsa,,True,0
1734,lethal,sarsa,,True,0
1735,lethal,sarsa,,True,0
1736,lethal,sarsa,,True,0
1737,lethal,sarsa,,True,0
1738,lethal,sarsa,,True,0
1739,lethal,sarsa,,True,0
1740,lethal,sarsa,,True,0
1741,lethal,sarsa,,True,0
1742,lethal,sarsa,,True,0
1743,lethal,sarsa,,True,0
1744,lethal,sarsa,,True,0
1745,lethal,sarsa,,True,0
1746,lethal,sarsa,,True,0
1747,lethal,sarsa,,True,0
1748,lethal,sarsa,,True,0
1749,lethal,sarsa,,True,0
1750,lethal,sarsa,,True,0
1751,lethal,sarsa,,True,0
1752,lethal,sarsa,,True,0
1753,lethal,sarsa,,True,0
1754,lethal,sarsa,,True,0
1755,lethal,sarsa,,True,0
1756,lethal,sarsa,,True,0
1757,lethal,sarsa,,True,0
1758,lethal,sarsa,,True,0
1759,lethal,sarsa,,True,0
1760,lethal,sarsa,,True,0
1761,lethal,sarsa,,True,0
1762,lethal,sarsa,,True,0
1763,lethal,sarsa,,True,0
1764,lethal,sarsa,,True,0
1765,lethal,sarsa,,True,0
1766,lethal,sarsa,,True,0
1767,lethal,sarsa,,True,0
1768,lethal,sarsa,,True,0
1769,lethal,sarsa,,True,0
1770,lethal,sarsa,,True,0
1771,lethal,sarsa,,True,0
1772,lethal,sarsa,,True,0
1773,lethal,sarsa,,True,0
1774,lethal,sarsa,,True,0
1775,lethal,sarsa,,True,0
1776,lethal,sarsa,,True,0
1777,lethal,sarsa,,True,0
1778,lethal,sarsa,,True,0
1779,lethal,sarsa,,True,0
1780,lethal,sarsa,,True,0
1781,lethal,sarsa,,True,0
1782,lethal,sarsa,,True,0
1783,lethal,sarsa,,True,0
1784,lethal,sarsa,,True,0
1785,lethal,sarsa,,True,0
1786,lethal,sarsa,,True,0
1787,lethal,sarsa,,True,0
1788,lethal,sarsa,,True,0
1789,lethal,sarsa,,True,0
1790,lethal,sarsa,,True,0
1791,lethal,sarsa,,True,0
1792,lethal,sarsa,,True,0
1793,lethal,sarsa,,True,0
1794,lethal,sarsa,,True,0
1795,lethal,sarsa,,True,0
1796,lethal,sarsa,,True,0
1797,lethal,sarsa,,True,0
1798,lethal,sarsa,,True,0
1799,lethal,sarsa,,True,0
1800,lethal,sarsa,,True,0
1801,lethal,sarsa,,True,0
1802,lethal,sarsa,,True,0
1803,lethal,sarsa,,True,0
1804,lethal,sarsa,,True,0
1805,lethal,sarsa,,True,0
1806,lethal,sarsa,,True,0
1807,lethal,sarsa,,True,0
1808,lethal,sarsa,,True,0
1809,lethal,sarsa,,True,0
1810,lethal,sarsa,,True,0
1811,lethal,sarsa,,True,0
1812,lethal,sarsa,,True,0
1813,lethal,sarsa,,True,0
1814,lethal,sarsa,,True,0
1815,lethal,sarsa,,True,0
1816,lethal,sarsa,,True,0
1817,lethal,sarsa,,True,0
1818,lethal,sarsa,,True,0
1819,lethal,sarsa,,True,0
1820,lethal,sarsa,,True,0
1821,lethal,sarsa,,True,0
1822,lethal,sarsa,,True,0
1823,lethal,sarsa,,True,0
1824,lethal,sarsa,,True,0
1825,lethal,sarsa,,True,0
1826,lethal,sarsa,,True,0
1827,lethal,sarsa,,True,0
1828,lethal,sarsa,,True,0
1829,lethal,sarsa,,True,0
1830,lethal,sarsa,,True,0
1831,lethal,sarsa,,True,0
1832,lethal,sarsa,,True,0
1833,lethal,sarsa,,True,0
1834,lethal,sarsa,,True,0
1835,lethal,sarsa,,True,0
1836,lethal,sarsa,,True,0
1837,lethal,sarsa,,True,0
1838,lethal,sarsa,,True,0
1839,lethal,sarsa,,True,0
1840,lethal,sarsa,,True,0
1841,lethal,sarsa,,True,0
1842,lethal,sarsa,,True,0
1843,lethal,sarsa,,True,0
1844,lethal,sarsa,,True,0
1845,lethal,sarsa,,True,0
1846,lethal,sarsa,,True,0
1847,lethal,sarsa,,True,0
1848,lethal,sarsa,,True,0
1849,lethal,sarsa,,True,0
1850,lethal,sarsa,,True,0
1851,lethal,sarsa,,True,0
1852,lethal,sarsa,,True,0
1853,lethal,sarsa,,True,0
1854,lethal,sarsa,,True,0
1855,lethal,sarsa,,True,0
1856,lethal,sarsa,,True,0
1857,lethal,sarsa,,True,0
1858,lethal,sarsa,,True,0
1859,lethal,sarsa,,True,0
1860,lethal,sarsa,,True,0
1861,lethal,sarsa,,True,0
1862,lethal,sarsa,,True,0
1863,lethal,sarsa,,True,0
1864,lethal,sarsa,,True,0
1865,lethal,sarsa,,True,0
1866,lethal,sarsa,,True,0
1867,lethal,sarsa,,True,0
1868,lethal,sarsa,,True,0
1869,lethal,sarsa,,True,0
1870,lethal,sarsa,,True,0
1871,lethal,sarsa,,True,0
1872,lethal,sarsa,,True,0
1873,lethal,sarsa,,True,0
1874,lethal,sarsa,,True,0
1875,lethal,sarsa,,True,0
1876,lethal,sarsa,,True,0
1877,lethal,sarsa,,True,0
1878,lethal,sarsa,,True,0
1879,lethal,sarsa,,True,0
1880,lethal,sarsa,,True,0
1881,lethal,sarsa,,True,0
1882,lethal,sarsa,,True,0
1883,lethal,sarsa,,True,0
1884,lethal,sarsa,,True,0
1885,lethal,sarsa,,True,0
1886,lethal,sarsa,,True,0
1887,lethal,sarsa,,True,0
1888,lethal,sarsa,,True,0
1889,lethal,sarsa,,True,0
1890,lethal,sarsa,,True,0
1891,lethal,sarsa,,True,0
1892,lethal,sarsa,,True,0
1893,lethal,sarsa,,True,0
1894,lethal,sarsa,,True,0
1895,lethal,sarsa,,True,0
1896,lethal,sarsa,,True,0
1897,lethal,sarsa,,True,0
1898,lethal,sarsa,,True,0
1899,lethal,sarsa,,True,0
1900,lethal,sarsa,,True,0
1901,lethal,sarsa,,True,0
1902,lethal,sarsa,,True,0
1903,lethal,sarsa,,True,0
1904,lethal,sarsa,,True,0
1905,lethal,sarsa,,True,0
1906,lethal,sarsa,,True,0
1907,lethal,sarsa,,True,0
1908,lethal,sarsa,,True,0
1909,lethal,sarsa,,True,0
1910,lethal,sarsa,,True,0
1911,lethal,sarsa,,True,0
1912,lethal,sarsa,,True,0
1913,lethal,sarsa,,True,0
1914,lethal,sarsa,,True,0
1915,lethal,sarsa,,True,0
1916,lethal,sarsa,,True,0
1917,lethal,sarsa,,True,0
1918,lethal,sarsa,,True,0
1919,lethal,sarsa,,True,0
1920,lethal,sarsa,,True,0
1921,lethal,sarsa,,True,0
1922,lethal,sarsa,,True,0
1923,lethal,sarsa,,True,0
1924,lethal,sarsa,,True,0
1925,lethal,sarsa,,True,0
1926,lethal,sarsa,,True,0
1927,lethal,sarsa,,True,0
1928,lethal,sarsa,,True,0
1929,lethal,sarsa,,True,0
1930,lethal,sarsa,,True,0
1931,lethal,sarsa,,True,0
1932,lethal,sarsa,,True,0
1933,lethal,sarsa,,True,0
1934,lethal,sarsa,,True,0
1935,lethal,sarsa,,True,0
1936,lethal,sarsa,,True,0
1937,lethal,sarsa,,True,0
1938,lethal,sarsa,,True,0
1939,lethal,sarsa,,True,0
1940,lethal,sarsa,,True,0
1941,lethal,sarsa,,True,0
1942,lethal,sarsa,,True,0
1943,lethal,sarsa,,True,0
1944,lethal,sarsa,,True,0
1945,lethal,sarsa,,True,0
1946,lethal,sarsa,,True,0
1947,lethal,sarsa,,True,0
1948,lethal,sarsa,,True,0
1949,lethal,sarsa,,True,0
1950,lethal,sarsa,,True,0
1951,lethal,sarsa,,True,0
1952,lethal,sarsa,,True,0
1953,lethal,sarsa,,True,0
1954,lethal,sarsa,,True,0
1955,lethal,sarsa,,True,0
1956,lethal,sarsa,,True,0
1957,lethal,sarsa,,True,0
1958,lethal,sarsa,,True,0
1959,lethal,sarsa,,True,0
1960,lethal,sarsa,,True,0
1961,lethal,sarsa,,True,0
1962,lethal,sarsa,,True,0
1963,lethal,sarsa,,True,0
1964,lethal,sarsa,,True,0
1965,lethal,sarsa,,True,0
1966,lethal,sarsa,,True,0
1967,lethal,sarsa,,True,0
1968,lethal,sarsa,,True,0
1969,lethal,sarsa,,True,0
1970,lethal,sarsa,,True,0
1971,lethal,sarsa,,True,0
1972,lethal,sarsa,,True,0
1973,lethal,sarsa,,True,0
1974,lethal,sarsa,,True,0
1975,lethal,sarsa,,True,0
1976,lethal,sarsa,,True,0
1977,lethal,sarsa,,True,0
1978,lethal,sarsa,,True,0
1979,lethal,sarsa,,True,0
1980,lethal,sarsa,,True,0
1981,lethal,sarsa,,True,0
1982,lethal,sarsa,,True,0
1983,lethal,sarsa,,True,0
1984,lethal,sarsa,,True,0
1985,lethal,sarsa,,True,0
1986,lethal,sarsa,,True,0
1987,lethal,sarsa,,True,0
1988,lethal,sarsa,,True,0
1989,lethal,sarsa,,True,0
1990,lethal,sarsa,,True,0
1991,lethal,sarsa,,True,0
1992,lethal,sarsa,,True,0
1993,lethal,sarsa,,True,0
1994,lethal,sarsa,,True,0
1995,lethal,sarsa,,True,0
1996,lethal,sarsa,,True,0
1997,lethal,sarsa,,True,0
1998,lethal,sarsa,,True,0
1999,lethal,sarsa,,True,0
0,recoverable,expected_sarsa,0.855,False,1
1,recoverable,expected_sarsa,0.851875,False,2
2,recoverable,expected_sarsa,0.85375,False,1
3,recoverable,expected_sarsa,0.8525,False,2
4,recoverable,expected_sarsa,0.853333333333,False,3
5,recoverable,expected_sarsa,0.856,False,2
6,recoverable,expected_sarsa,0.85,False,1
7,recoverable,expected_sarsa,0.852857142857,False,1
8,recoverable,expected_sarsa,0.853333333333,False,1
9,recoverable,expected_sarsa,0.853,False,1
10,recoverable,expected_sarsa,0.8525,False,2
11,recoverable,expected_sarsa,0.8525,False,1
12,recoverable,expected_sarsa,0.853571428571,False,1
13,recoverable,expected_sarsa,0.852857142857,False,1
14,recoverable,expected_sarsa,0.8525,False,1
15,recoverable,expected_sarsa,0.852,False,1
16,recoverable,expected_sarsa,0.85625,False,3
17,recoverable,expected_sarsa,0.851666666667,False,0
18,recoverable,expected_sarsa,0.8525,False,0
19,recoverable,expected_sarsa,0.855909090909,False,1
20,recoverable,expected_sarsa,0.852,False,0
21,recoverable,expected_sarsa,0.851,False,1
22,recoverable,expected_sarsa,0.852083333333,False,1
23,recoverable,expected_sarsa,0.854,False,0
24,recoverable,expected_sarsa,0.852,False,0
25,recoverable,expected_sarsa,0.83875,False,2
26,recoverable,expected_sarsa,0.8525,False,2
27,recoverable,expected_sarsa,0.85,False,0
28,recoverable,expected_sarsa,0.855833333333,False,2
29,recoverable,expected_sarsa,0.853333333333,False,1
30,recoverable,expected_sarsa,0.845,False,2
31,recoverable,expected_sarsa,0.852857142857,False,2
32,recoverable,expected_sarsa,0.84,False,2
33,recoverable,expected_sarsa,0.8525,False,1
34,recoverable,expected_sarsa,0.85,False,2
35,recoverable,expected_sarsa,0.855,False,2
36,recoverable,expected_sarsa,0.855,False,1
37,recoverable,expected_sarsa,0.855,False,1
38,recoverable,expected_sarsa,0.854166666667,False,1
39,recoverable,expected_sarsa,0.852727272727,False,3
40,recoverable,expected_sarsa,0.845,False,2
41,recoverable,expected_sarsa,0.855833333333,False,1
42,recoverable,expected_sarsa,0.852,False,1
43,recoverable,expected_sarsa,0.856,False,1
44,recoverable,expected_sarsa,0.85,False,1
45,recoverable,expected_sarsa,0.8575,False,1
46,recoverable,expected_sarsa,0.8525,False,2
47,recoverable,expected_sarsa,0.849285714286,False,2
48,recoverable,expected_sarsa,0.854,False,2
49,recoverable,expected_sarsa,0.84875,False,1
50,recoverable,expected_sarsa,0.853333333333,False,1
51,recoverable,expected_sarsa,0.850555555556,False,2
52,recoverable,expected_sarsa,0.85,False,0
53,recoverable,expected_sarsa,0.855,False,1
54,recoverable,expected_sarsa,0.8525,False,2
55,recoverable,expected_sarsa,0.85375,False,2
56,recoverable,expected_sarsa,0.845,False,1
57,recoverable,expected_sarsa,0.855,False,1
58,recoverable,expected_sarsa,0.852,False,0
59,recoverable,expected_sarsa,0.849375,False,3
60,recoverable,expected_sarsa,0.852,False,0
61,recoverable,expected_sarsa,0.85125,False,2
62,recoverable,expected_sarsa,0.853125,False,2
63,recoverable,expected_sarsa,0.84,False,2
64,recoverable,expected_sarsa,0.856666666667,False,0
65,recoverable,expected_sarsa,0.85375,False,0
66,recoverable,expected_sarsa,0.84,False,1
67,recoverable,expected_sarsa,0.85,False,2
68,recoverable,expected_sarsa,0.855,False,1
69,recoverable,expected_sarsa,0.8525,False,1
70,recoverable,expected_sarsa,0.85625,False,1
71,recoverable,expected_sarsa,0.851,False,0
72,recoverable,expected_sarsa,0.852142857143,False,0
73,recoverable,expected_sarsa,0.85375,False,1
74,recoverable,expected_sarsa,0.851666666667,False,1
75,recoverable,expected_sarsa,0.8525,False,2
76,recoverable,expected_sarsa,0.852,False,0
77,recoverable,expected_sarsa,0.852142857143,False,2
78,recoverable,expected_sarsa,0.845,False,2
79,recoverable,expected_sarsa,0.848,False,2
80,recoverable,expected_sarsa,0.857,False,1
81,recoverable,expected_sarsa,0.848125,False,1
82,recoverable,expected_sarsa,0.8525,False,1
83,recoverable,expected_sarsa,0.851666666667,False,1
84,recoverable,expected_sarsa,0.848,False,2
85,recoverable,expected_sarsa,0.85,False,2
86,recoverable,expected_sarsa,0.853333333333,False,1
87,recoverable,expected_sarsa,0.8525,False,1
88,recoverable,expected_sarsa,0.84875,False,2
89,recoverable,expected_sarsa,0.851666666667,False,3
90,recoverable,expected_sarsa,0.852142857143,False,2
91,recoverable,expected_sarsa,0.8525,False,1
92,recoverable,expected_sarsa,0.852142857143,False,0
93,recoverable,expected_sarsa,0.85375,False,1
94,recoverable,expected_sarsa,0.851875,False,2
95,recoverable,expected_sarsa,0.855,False,2
96,recoverable,expected_sarsa,0.85,False,0
97,recoverable,expected_sarsa,0.8525,False,1
98,recoverable,expected_sarsa,0.856666666667,False,2
99,recoverable,expected_sarsa,0.856666666667,False,2
100,recoverable,expected_sarsa,0.8525,False,2
101,recoverable,expected_sarsa,0.85,False,1
102,recoverable,expected_sarsa,0.853571428571,False,2
103,recoverable,expected_sarsa,0.852222222222,False,1
104,recoverable,expected_sarsa,0.853571428571,False,2
105,recoverable,expected_sarsa,0.8525,False,2
106,recoverable,expected_sarsa,0.853333333333,False,3
107,recoverable,expected_sarsa,0.848,False,2
108,recoverable,expected_sarsa,0.85,False,0
109,recoverable,expected_sarsa,0.84,False,2
110,recoverable,expected_sarsa,0.853125,False,3
111,recoverable,expected_sarsa,0.849166666667,False,2
112,recoverable,expected_sarsa,0.844166666667,False,1
113,recoverable,expected_sarsa,0.854285714286,False,1
114,recoverable,expected_sarsa,0.851666666667,False,0
115,recoverable,expected_sarsa,0.8525,False,1
116,recoverable,expected_sarsa,0.851875,False,3
117,recoverable,expected_sarsa,0.85125,False,1
118,recoverable,expected_sarsa,0.854166666667,False,2
119,recoverable,expected_sarsa,0.852,False,0
120,recoverable,expected_sarsa,0.855714285714,False,1
121,recoverable,expected_sarsa,0.853,False,2
122,recoverable,expected_sarsa,0.856875,False,1
123,recoverable,expected_sarsa,0.85,False,2
124,recoverable,expected_sarsa,0.855833333333,False,2
125,recoverable,expected_sarsa,0.85,False,1
126,recoverable,expected_sarsa,0.84,False,1
127,recoverable,expected_sarsa,0.8525,False,2
128,recoverable,expected_sarsa,0.854166666667,False,1
129,recoverable,expected_sarsa,0.853,False,1
130,recoverable,expected_sarsa,0.854,False,2
131,recoverable,expected_sarsa,0.85,False,2
132,recoverable,expected_sarsa,0.849444444444,False,3
133,recoverable,expected_sarsa,0.85,False,2
134,recoverable,expected_sarsa,0.85125,False,2
135,recoverable,expected_sarsa,0.85625,False,1
136,recoverable,expected_sarsa,0.852,False,1
137,recoverable,expected_sarsa,0.852,False,1
138,recoverable,expected_sarsa,0.85,False,1
139,recoverable,expected_sarsa,0.853333333333,False,1
140,recoverable,expected_sarsa,0.851666666667,False,2
141,recoverable,expected_sarsa,0.849285714286,False,3
142,recoverable,expected_sarsa,0.851111111111,False,3
143,recoverable,expected_sarsa,0.857,False,1
144,recoverable,expected_sarsa,0.853125,False,1
145,recoverable,expected_sarsa,0.851875,False,1
146,recoverable,expected_sarsa,0.84,False,1
147,recoverable,expected_sarsa,0.853,False,4
148,recoverable,expected_sarsa,0.851111111111,False,2
149,recoverable,expected_sarsa,0.856,False,1
150,recoverable,expected_sarsa,0.85,False,3
151,recoverable,expected_sarsa,0.851,False,1
152,recoverable,expected_sarsa,0.852857142857,False,2
153,recoverable,expected_sarsa,0.85,False,1
154,recoverable,expected_sarsa,0.8425,False,1
155,recoverable,expected_sarsa,0.853333333333,False,1
156,recoverable,expected_sarsa,0.851666666667,False,0
157,recoverable,expected_sarsa,0.853333333333,False,1
158,recoverable,expected_sarsa,0.855,False,2
159,recoverable,expected_sarsa,0.852,False,2
160,recoverable,expected_sarsa,0.845,False,0
161,recoverable,expected_sarsa,0.851428571429,False,2
162,recoverable,expected_sarsa,0.853125,False,1
163,recoverable,expected_sarsa,0.853333333333,False,2
164,recoverable,expected_sarsa,0.856428571429,False,0
165,recoverable,expected_sarsa,0.8575,False,3
166,recoverable,expected_sarsa,0.856,False,0
167,recoverable,expected_sarsa,0.854,False,3
168,recoverable,expected_sarsa,0.8525,False,0
169,recoverable,expected_sarsa,0.855,False,1
170,recoverable,expected_sarsa,0.853,False,2
171,recoverable,expected_sarsa,0.849285714286,False,3
172,recoverable,expected_sarsa,0.839285714286,False,1
173,recoverable,expected_sarsa,0.84,False,3
174,recoverable,expected_sarsa,0.84,False,2
175,recoverable,expected_sarsa,0.85,False,1
176,recoverable,expected_sarsa,0.854,False,2
177,recoverable,expected_sarsa,0.853333333333,False,1
178,recoverable,expected_sarsa,0.850833333333,False,2
179,recoverable,expected_sarsa,0.853888888889,False,1
180,recoverable,expected_sarsa,0.848181818182,False,3
181,recoverable,expected_sarsa,0.85,False,2
182,recoverable,expected_sarsa,0.8525,False,1
183,recoverable,expected_sarsa,0.84,False,2
184,recoverable,expected_sarsa,0.854166666667,False,1
185,recoverable,expected_sarsa,0.8575,False,1
186,recoverable,expected_sarsa,0.853571428571,False,0
187,recoverable,expected_sarsa,0.845,False,2
188,recoverable,expected_sarsa,0.848,False,2
189,recoverable,expected_sarsa,0.84,False,1
190,recoverable,expected_sarsa,0.852857142857,False,0
191,recoverable,expected_sarsa,0.85,False,2
192,recoverable,expected_sarsa,0.8525,False,1
193,recoverable,expected_sarsa,0.85375,False,3
194,recoverable,expected_sarsa,0.85625,False,1
195,recoverable,expected_sarsa,0.85,False,1
196,recoverable,expected_sarsa,0.85,False,0
197,recoverable,expected_sarsa,0.852777777778,False,2
198,recoverable,expected_sarsa,0.838571428571,False,1
199,recoverable,expected_sarsa,0.851666666667,False,0
200,recoverable,expected_sarsa,0.85625,False,2
201,recoverable,expected_sarsa,0.845,False,2
202,recoverable,expected_sarsa,0.850833333333,False,1
203,recoverable,expected_sarsa,0.855,False,2
204,recoverable,expected_sarsa,0.849090909091,False,1
205,recoverable,expected_sarsa,0.8525,False,2
206,recoverable,expected_sarsa,0.85,False,1
207,recoverable,expected_sarsa,0.85,False,2
208,recoverable,expected_sarsa,0.852857142857,False,1
209,recoverable,expected_sarsa,0.8525,False,1
210,recoverable,expected_sarsa,0.852857142857,False,0
211,recoverable,expected_sarsa,0.8525,False,2
212,recoverable,expected_sarsa,0.851666666667,False,0
213,recoverable,expected_sarsa,0.854,False,0
214,recoverable,expected_sarsa,0.85125,False,2
215,recoverable,expected_sarsa,0.8525,False,3
216,recoverable,expected_sarsa,0.8525,False,2
217,recoverable,expected_sarsa,0.854166666667,False,2
218,recoverable,expected_sarsa,0.852142857143,False,2
219,recoverable,expected_sarsa,0.850714285714,False,1
220,recoverable,expected_sarsa,0.853571428571,False,2
221,recoverable,expected_sarsa,0.85,False,1
222,recoverable,expected_sarsa,0.8525,False,0
223,recoverable,expected_sarsa,0.853571428571,False,3
224,recoverable,expected_sarsa,0.8525,False,1
225,recoverable,expected_sarsa,0.849166666667,False,0
226,recoverable,expected_sarsa,0.85,False,1
227,recoverable,expected_sarsa,0.851666666667,False,2
228,recoverable,expected_sarsa,0.851666666667,False,1
229,recoverable,expected_sarsa,0.8525,False,2
230,recoverable,expected_sarsa,0.84,False,1
231,recoverable,expected_sarsa,0.8525,False,2
232,recoverable,expected_sarsa,0.851428571429,False,0
233,recoverable,expected_sarsa,0.852142857143,False,1
234,recoverable,expected_sarsa,0.8425,False,2
235,recoverable,expected_sarsa,0.855,False,1
236,recoverable,expected_sarsa,0.854,False,1
237,recoverable,expected_sarsa,0.852,False,1
238,recoverable,expected_sarsa,0.856666666667,False,1
239,recoverable,expected_sarsa,0.852,False,2
240,recoverable,expected_sarsa,0.84875,False,2
241,recoverable,expected_sarsa,0.85,False,2
242,recoverable,expected_sarsa,0.8525,False,1
243,recoverable,expected_sarsa,0.8425,False,1
244,recoverable,expected_sarsa,0.854,False,1
245,recoverable,expected_sarsa,0.855,False,1
246,recoverable,expected_sarsa,0.853,False,2
247,recoverable,expected_sarsa,0.85,False,1
248,recoverable,expected_sarsa,0.853,False,1
249,recoverable,expected_sarsa,0.85,False,0
250,recoverable,expected_sarsa,0.855,False,2
251,recoverable,expected_sarsa,0.850555555556,False,1
252,recoverable,expected_sarsa,0.8525,False,0
253,recoverable,expected_sarsa,0.853,False,0
254,recoverable,expected_sarsa,0.85375,False,2
255,recoverable,expected_sarsa,0.853571428571,False,2
256,recoverable,expected_sarsa,0.854166666667,False,1
257,recoverable,expected_sarsa,0.853333333333,False,1
258,recoverable,expected_sarsa,0.85375,False,2
259,recoverable,expected_sarsa,0.845,False,3
260,recoverable,expected_sarsa,0.85,False,1
261,recoverable,expected_sarsa,0.838888888889,False,1
262,recoverable,expected_sarsa,0.849285714286,False,3
263,recoverable,expected_sarsa,0.851666666667,False,1
264,recoverable,expected_sarsa,0.85375,False,3
265,recoverable,expected_sarsa,0.853333333333,False,2
266,recoverable,expected_sarsa,0.851,False,2
267,recoverable,expected_sarsa,0.848333333333,False,1
268,recoverable,expected_sarsa,0.84,False,1
269,recoverable,expected_sarsa,0.8525,False,1
270,recoverable,expected_sarsa,0.853333333333,False,2
271,recoverable,expected_sarsa,0.8525,False,1
272,recoverable,expected_sarsa,0.8575,False,1
273,recoverable,expected_sarsa,0.852777777778,False,2
274,recoverable,expected_sarsa,0.85,False,3
275,recoverable,expected_sarsa,0.847857142857,False,2
276,recoverable,expected_sarsa,0.852222222222,False,2
277,recoverable,expected_sarsa,0.85125,False,0
278,recoverable,expected_sarsa,0.84,False,1
279,recoverable,expected_sarsa,0.8525,False,0
280,recoverable,expected_sarsa,0.855,False,2
281,recoverable,expected_sarsa,0.85,False,1
282,recoverable,expected_sarsa,0.852222222222,False,3
283,recoverable,expected_sarsa,0.856666666667,False,1
284,recoverable,expected_sarsa,0.853,False,2
285,recoverable,expected_sarsa,0.852142857143,False,2
286,recoverable,expected_sarsa,0.855833333333,False,0
287,recoverable,expected_sarsa,0.85,False,1
288,recoverable,expected_sarsa,0.84,False,3
289,recoverable,expected_sarsa,0.853,False,1
290,recoverable,expected_sarsa,0.852857142857,False,1
291,recoverable,expected_sarsa,0.8525,False,1
292,recoverable,expected_sarsa,0.854166666667,False,2
293,recoverable,expected_sarsa,0.85125,False,1
294,recoverable,expected_sarsa,0.853,False,0
295,recoverable,expected_sarsa,0.84875,False,2
296,recoverable,expected_sarsa,0.84,False,1
297,recoverable,expected_sarsa,0.85,False,3
298,recoverable,expected_sarsa,0.8525,False,1
299,recoverable,expected_sarsa,0.84875,False,2
300,recoverable,expected_sarsa,0.8525,False,1
301,recoverable,expected_sarsa,0.85,False,1
302,recoverable,expected_sarsa,0.85,False,1
303,recoverable,expected_sarsa,0.854285714286,False,3
304,recoverable,expected_sarsa,0.85375,False,2
305,recoverable,expected_sarsa,0.84875,False,2
306,recoverable,expected_sarsa,0.85,False,2
307,recoverable,expected_sarsa,0.851818181818,False,3
308,recoverable,expected_sarsa,0.848,False,2
309,recoverable,expected_sarsa,0.852,False,1
310,recoverable,expected_sarsa,0.845,False,1
311,recoverable,expected_sarsa,0.8525,False,1
312,recoverable,expected_sarsa,0.852272727273,False,2
313,recoverable,expected_sarsa,0.854166666667,False,0
314,recoverable,expected_sarsa,0.85375,False,1
315,recoverable,expected_sarsa,0.853888888889,False,1
316,recoverable,expected_sarsa,0.852,False,1
317,recoverable,expected_sarsa,0.85,False,1
318,recoverable,expected_sarsa,0.856111111111,False,1
319,recoverable,expected_sarsa,0.8525,False,1
320,recoverable,expected_sarsa,0.851666666667,False,2
321,recoverable,expected_sarsa,0.853333333333,False,3
322,recoverable,expected_sarsa,0.851,False,2
323,recoverable,expected_sarsa,0.84875,False,0
324,recoverable,expected_sarsa,0.851875,False,3
325,recoverable,expected_sarsa,0.8525,False,0
326,recoverable,expected_sarsa,0.853125,False,3
327,recoverable,expected_sarsa,0.850833333333,False,2
328,recoverable,expected_sarsa,0.854166666667,False,1
329,recoverable,expected_sarsa,0.853,False,1
330,recoverable,expected_sarsa,0.848571428571,False,2
331,recoverable,expected_sarsa,0.853,False,1
332,recoverable,expected_sarsa,0.85,False,1
333,recoverable,expected_sarsa,0.853571428571,False,1
334,recoverable,expected_sarsa,0.85,False,3
335,recoverable,expected_sarsa,0.84,False,3
336,recoverable,expected_sarsa,0.8425,False,2
337,recoverable,expected_sarsa,0.852142857143,False,1
338,recoverable,expected_sarsa,0.849285714286,False,1
339,recoverable,expected_sarsa,0.852142857143,False,3
340,recoverable,expected_sarsa,0.8525,False,1
341,recoverable,expected_sarsa,0.852,False,1
342,recoverable,expected_sarsa,0.8575,False,3
343,recoverable,expected_sarsa,0.852777777778,False,2
344,recoverable,expected_sarsa,0.848888888889,False,1
345,recoverable,expected_sarsa,0.848333333333,False,2
346,recoverable,expected_sarsa,0.8525,False,1
347,recoverable,expected_sarsa,0.84875,False,1
348,recoverable,expected_sarsa,0.85125,False,3
349,recoverable,expected_sarsa,0.853571428571,False,0
350,recoverable,expected_sarsa,0.853,False,2
351,recoverable,expected_sarsa,0.855,False,2
352,recoverable,expected_sarsa,0.855,False,2
353,recoverable,expected_sarsa,0.851666666667,False,0
354,recoverable,expected_sarsa,0.8525,False,1
355,recoverable,expected_sarsa,0.85,False,2
356,recoverable,expected_sarsa,0.849,False,1
357,recoverable,expected_sarsa,0.8525,False,1
358,recoverable,expected_sarsa,0.854,False,1
359,recoverable,expected_sarsa,0.855,False,0
360,recoverable,expected_sarsa,0.8525,False,1
361,recoverable,expected_sarsa,0.855,False,2
362,recoverable,expected_sarsa,0.855,False,1
363,recoverable,expected_sarsa,0.853333333333,False,2
364,recoverable,expected_sarsa,0.85625,False,1
365,recoverable,expected_sarsa,0.855,False,1
366,recoverable,expected_sarsa,0.853571428571,False,3
367,recoverable,expected_sarsa,0.85375,False,1
368,recoverable,expected_sarsa,0.85,False,1
369,recoverable,expected_sarsa,0.845,False,2
370,recoverable,expected_sarsa,0.85,False,3
371,recoverable,expected_sarsa,0.839285714286,False,2
372,recoverable,expected_sarsa,0.84,False,1
373,recoverable,expected_sarsa,0.854285714286,False,4
374,recoverable,expected_sarsa,0.8525,False,2
375,recoverable,expected_sarsa,0.85,False,1
376,recoverable,expected_sarsa,0.851666666667,False,0
377,recoverable,expected_sarsa,0.853,False,1
378,recoverable,expected_sarsa,0.854166666667,False,2
379,recoverable,expected_sarsa,0.855,False,0
380,recoverable,expected_sarsa,0.845,False,1
381,recoverable,expected_sarsa,0.8525,False,1
382,recoverable,expected_sarsa,0.855,False,0
383,recoverable,expected_sarsa,0.849444444444,False,2
384,recoverable,expected_sarsa,0.8525,False,1
385,recoverable,expected_sarsa,0.852222222222,False,3
386,recoverable,expected_sarsa,0.855,False,2
387,recoverable,expected_sarsa,0.848333333333,False,1
388,recoverable,expected_sarsa,0.851875,False,3
389,recoverable,expected_sarsa,0.853,False,2
390,recoverable,expected_sarsa,0.853,False,1
391,recoverable,expected_sarsa,0.854,False,0
392,recoverable,expected_sarsa,0.861818181818,False,1
393,recoverable,expected_sarsa,0.85,False,0
394,recoverable,expected_sarsa,0.85625,False,0
395,recoverable,expected_sarsa,0.84,False,1
396,recoverable,expected_sarsa,0.85125,False,0
397,recoverable,expected_sarsa,0.85,False,0
398,recoverable,expected_sarsa,0.8525,False,2
399,recoverable,expected_sarsa,0.849,False,1
400,recoverable,expected_sarsa,0.845,False,1
401,recoverable,expected_sarsa,0.853333333333,False,3
402,recoverable,expected_sarsa,0.855,False,2
403,recoverable,expected_sarsa,0.8515,False,2
404,recoverable,expected_sarsa,0.852857142857,False,0
405,recoverable,expected_sarsa,0.86,False,1
406,recoverable,expected_sarsa,0.853,False,3
407,recoverable,expected_sarsa,0.855833333333,False,0
408,recoverable,expected_sarsa,0.845,False,1
409,recoverable,expected_sarsa,0.854166666667,False,2
410,recoverable,expected_sarsa,0.8525,False,2
411,recoverable,expected_sarsa,0.857,False,3
412,recoverable,expected_sarsa,0.8525,False,2
413,recoverable,expected_sarsa,0.853333333333,False,0
414,recoverable,expected_sarsa,0.852857142857,False,4
415,recoverable,expected_sarsa,0.854166666667,False,2
416,recoverable,expected_sarsa,0.854,False,1
417,recoverable,expected_sarsa,0.848333333333,False,1
418,recoverable,expected_sarsa,0.853,False,0
419,recoverable,expected_sarsa,0.855,False,1
420,recoverable,expected_sarsa,0.85375,False,2
421,recoverable,expected_sarsa,0.85125,False,2
422,recoverable,expected_sarsa,0.85,False,0
423,recoverable,expected_sarsa,0.85,False,2
424,recoverable,expected_sarsa,0.85125,False,1
425,recoverable,expected_sarsa,0.84,False,1
426,recoverable,expected_sarsa,0.847857142857,False,1
427,recoverable,expected_sarsa,0.851875,False,2
428,recoverable,expected_sarsa,0.85,False,2
429,recoverable,expected_sarsa,0.8485,False,2
430,recoverable,expected_sarsa,0.8525,False,2
431,recoverable,expected_sarsa,0.8525,False,1
432,recoverable,expected_sarsa,0.850833333333,False,0
433,recoverable,expected_sarsa,0.855555555556,False,0
434,recoverable,expected_sarsa,0.852142857143,False,2
435,recoverable,expected_sarsa,0.85375,False,1
436,recoverable,expected_sarsa,0.849285714286,False,1
437,recoverable,expected_sarsa,0.849166666667,False,1
438,recoverable,expected_sarsa,0.85375,False,2
439,recoverable,expected_sarsa,0.848571428571,False,2
440,recoverable,expected_sarsa,0.853333333333,False,1
441,recoverable,expected_sarsa,0.85125,False,1
442,recoverable,expected_sarsa,0.852142857143,False,1
443,recoverable,expected_sarsa,0.853181818182,False,3
444,recoverable,expected_sarsa,0.855714285714,False,2
445,recoverable,expected_sarsa,0.8535,False,1
446,recoverable,expected_sarsa,0.853,False,1
447,recoverable,expected_sarsa,0.8525,False,1
448,recoverable,expected_sarsa,0.854375,False,4
449,recoverable,expected_sarsa,0.853333333333,False,3
450,recoverable,expected_sarsa,0.8525,False,0
451,recoverable,expected_sarsa,0.8525,False,1
452,recoverable,expected_sarsa,0.851,False,1
453,recoverable,expected_sarsa,0.85125,False,1
454,recoverable,expected_sarsa,0.84875,False,3
455,recoverable,expected_sarsa,0.8525,False,2
456,recoverable,expected_sarsa,0.8525,False,1
457,recoverable,expected_sarsa,0.84,False,2
458,recoverable,expected_sarsa,0.853333333333,False,1
459,recoverable,expected_sarsa,0.8525,False,3
460,recoverable,expected_sarsa,0.845,False,1
461,recoverable,expected_sarsa,0.853571428571,False,0
462,recoverable,expected_sarsa,0.85,False,1
463,recoverable,expected_sarsa,0.853,False,1
464,recoverable,expected_sarsa,0.84,False,1
465,recoverable,expected_sarsa,0.84875,False,0
466,recoverable,expected_sarsa,0.851666666667,False,1
467,recoverable,expected_sarsa,0.857,False,1
468,recoverable,expected_sarsa,0.836666666667,False,2
469,recoverable,expected_sarsa,0.8525,False,2
470,recoverable,expected_sarsa,0.85375,False,1
471,recoverable,expected_sarsa,0.851666666667,False,1
472,recoverable,expected_sarsa,0.853,False,1
473,recoverable,expected_sarsa,0.855833333333,False,1
474,recoverable,expected_sarsa,0.856666666667,False,0
475,recoverable,expected_sarsa,0.84,False,1
476,recoverable,expected_sarsa,0.8525,False,1
477,recoverable,expected_sarsa,0.853125,False,2
478,recoverable,expected_sarsa,0.85,False,2
479,recoverable,expected_sarsa,0.848571428571,False,1
480,recoverable,expected_sarsa,0.852,False,1
481,recoverable,expected_sarsa,0.853333333333,False,1
482,recoverable,expected_sarsa,0.85125,False,1
483,recoverable,expected_sarsa,0.851666666667,False,2
484,recoverable,expected_sarsa,0.852,False,1
485,recoverable,expected_sarsa,0.852222222222,False,1
486,recoverable,expected_sarsa,0.847727272727,False,2
487,recoverable,expected_sarsa,0.854,False,3
488,recoverable,expected_sarsa,0.8525,False,1
489,recoverable,expected_sarsa,0.8525,False,1
490,recoverable,expected_sarsa,0.85,False,1
491,recoverable,expected_sarsa,0.8525,False,1
492,recoverable,expected_sarsa,0.85375,False,1
493,recoverable,expected_sarsa,0.851666666667,False,2
494,recoverable,expected_sarsa,0.849444444444,False,3
495,recoverable,expected_sarsa,0.853571428571,False,1
496,recoverable,expected_sarsa,0.8395,False,2
497,recoverable,expected_sarsa,0.855,False,2
498,recoverable,expected_sarsa,0.8525,False,2
499,recoverable,expected_sarsa,0.849166666667,False,3
500,recoverable,expected_sarsa,0.85,False,2
501,recoverable,expected_sarsa,0.848181818182,False,2
502,recoverable,expected_sarsa,0.848636363636,False,3
503,recoverable,expected_sarsa,0.8525,False,3
504,recoverable,expected_sarsa,0.849285714286,False,2
505,recoverable,expected_sarsa,0.844375,False,3
506,recoverable,expected_sarsa,0.85,False,1
507,recoverable,expected_sarsa,0.849,False,2
508,recoverable,expected_sarsa,0.8525,False,2
509,recoverable,expected_sarsa,0.849285714286,False,3
510,recoverable,expected_sarsa,0.851,False,1
511,recoverable,expected_sarsa,0.84,False,1
512,recoverable,expected_sarsa,0.846666666667,False,1
513,recoverable,expected_sarsa,0.851666666667,False,0
514,recoverable,expected_sarsa,0.8475,False,3
515,recoverable,expected_sarsa,0.844166666667,False,2
516,recoverable,expected_sarsa,0.84,False,1
517,recoverable,expected_sarsa,0.855833333333,False,1
518,recoverable,expected_sarsa,0.853571428571,False,2
519,recoverable,expected_sarsa,0.852,False,3
520,recoverable,expected_sarsa,0.85,False,2
521,recoverable,expected_sarsa,0.847857142857,False,2
522,recoverable,expected_sarsa,0.853,False,2
523,recoverable,expected_sarsa,0.855,False,1
524,recoverable,expected_sarsa,0.855,False,2
525,recoverable,expected_sarsa,0.85125,False,1
526,recoverable,expected_sarsa,0.849166666667,False,2
527,recoverable,expected_sarsa,0.848636363636,False,3
528,recoverable,expected_sarsa,0.857142857143,False,0
529,recoverable,expected_sarsa,0.853333333333,False,0
530,recoverable,expected_sarsa,0.853333333333,False,2
531,recoverable,expected_sarsa,0.849,False,2
532,recoverable,expected_sarsa,0.851,False,2
533,recoverable,expected_sarsa,0.845,False,2
534,recoverable,expected_sarsa,0.851666666667,False,1
535,recoverable,expected_sarsa,0.855714285714,False,0
536,recoverable,expected_sarsa,0.851875,False,2
537,recoverable,expected_sarsa,0.848571428571,False,0
538,recoverable,expected_sarsa,0.849166666667,False,1
539,recoverable,expected_sarsa,0.855714285714,False,2
540,recoverable,expected_sarsa,0.85375,False,1
541,recoverable,expected_sarsa,0.851666666667,False,1
542,recoverable,expected_sarsa,0.851875,False,1
543,recoverable,expected_sarsa,0.852,False,1
544,recoverable,expected_sarsa,0.848571428571,False,4
545,recoverable,expected_sarsa,0.852857142857,False,1
546,recoverable,expected_sarsa,0.855,False,1
547,recoverable,expected_sarsa,0.850625,False,1
548,recoverable,expected_sarsa,0.84,False,2
549,recoverable,expected_sarsa,0.86,False,2
550,recoverable,expected_sarsa,0.85,False,0
551,recoverable,expected_sarsa,0.852,False,1
552,recoverable,expected_sarsa,0.855,False,2
553,recoverable,expected_sarsa,0.856,False,1
554,recoverable,expected_sarsa,0.85,False,1
555,recoverable,expected_sarsa,0.855833333333,False,1
556,recoverable,expected_sarsa,0.852777777778,False,1
557,recoverable,expected_sarsa,0.850714285714,False,2
558,recoverable,expected_sarsa,0.8575,False,2
559,recoverable,expected_sarsa,0.849166666667,False,2
560,recoverable,expected_sarsa,0.852777777778,False,3
561,recoverable,expected_sarsa,0.851666666667,False,1
562,recoverable,expected_sarsa,0.855,False,1
563,recoverable,expected_sarsa,0.85,False,2
564,recoverable,expected_sarsa,0.849166666667,False,1
565,recoverable,expected_sarsa,0.851666666667,False,1
566,recoverable,expected_sarsa,0.855625,False,2
567,recoverable,expected_sarsa,0.85125,False,2
568,recoverable,expected_sarsa,0.852142857143,False,3
569,recoverable,expected_sarsa,0.850833333333,False,1
570,recoverable,expected_sarsa,0.85,False,2
571,recoverable,expected_sarsa,0.85,False,1
572,recoverable,expected_sarsa,0.851666666667,False,2
573,recoverable,expected_sarsa,0.851666666667,False,0
574,recoverable,expected_sarsa,0.854285714286,False,2
575,recoverable,expected_sarsa,0.8525,False,0
576,recoverable,expected_sarsa,0.856666666667,False,3
577,recoverable,expected_sarsa,0.84,False,2
578,recoverable,expected_sarsa,0.855,False,2
579,recoverable,expected_sarsa,0.855,False,1
580,recoverable,expected_sarsa,0.8515,False,2
581,recoverable,expected_sarsa,0.8525,False,1
582,recoverable,expected_sarsa,0.849166666667,False,2
583,recoverable,expected_sarsa,0.848333333333,False,0
584,recoverable,expected_sarsa,0.855,False,2
585,recoverable,expected_sarsa,0.849166666667,False,3
586,recoverable,expected_sarsa,0.8525,False,1
587,recoverable,expected_sarsa,0.853333333333,False,1
588,recoverable,expected_sarsa,0.856428571429,False,1
589,recoverable,expected_sarsa,0.852,False,1
590,recoverable,expected_sarsa,0.849444444444,False,2
591,recoverable,expected_sarsa,0.8525,False,1
592,recoverable,expected_sarsa,0.853333333333,False,2
593,recoverable,expected_sarsa,0.848333333333,False,2
594,recoverable,expected_sarsa,0.85,False,1
595,recoverable,expected_sarsa,0.855833333333,False,1
596,recoverable,expected_sarsa,0.84,False,3
597,recoverable,expected_sarsa,0.85,False,2
598,recoverable,expected_sarsa,0.85,False,1
599,recoverable,expected_sarsa,0.8525,False,1
600,recoverable,expected_sarsa,0.854285714286,False,2
601,recoverable,expected_sarsa,0.847857142857,False,2
602,recoverable,expected_sarsa,0.849166666667,False,1
603,recoverable,expected_sarsa,0.843333333333,False,2
604,recoverable,expected_sarsa,0.85375,False,2
605,recoverable,expected_sarsa,0.853333333333,False,0
606,recoverable,expected_sarsa,0.851666666667,False,1
607,recoverable,expected_sarsa,0.855,False,1
608,recoverable,expected_sarsa,0.85,False,1
609,recoverable,expected_sarsa,0.84,False,1
610,recoverable,expected_sarsa,0.8525,False,1
611,recoverable,expected_sarsa,0.857857142857,False,1
612,recoverable,expected_sarsa,0.851428571429,False,2
613,recoverable,expected_sarsa,0.8525,False,1
614,recoverable,expected_sarsa,0.855,False,1
615,recoverable,expected_sarsa,0.848333333333,False,1
616,recoverable,expected_sarsa,0.84,False,0
617,recoverable,expected_sarsa,0.8525,False,1
618,recoverable,expected_sarsa,0.85,False,1
619,recoverable,expected_sarsa,0.85625,False,1
620,recoverable,expected_sarsa,0.84,False,1
621,recoverable,expected_sarsa,0.85125,False,0
622,recoverable,expected_sarsa,0.850833333333,False,1
623,recoverable,expected_sarsa,0.849,False,1
624,recoverable,expected_sarsa,0.852727272727,False,2
625,recoverable,expected_sarsa,0.855,False,1
626,recoverable,expected_sarsa,0.851,False,0
627,recoverable,expected_sarsa,0.8575,False,2
628,recoverable,expected_sarsa,0.854,False,1
629,recoverable,expected_sarsa,0.85375,False,2
630,recoverable,expected_sarsa,0.8525,False,2
631,recoverable,expected_sarsa,0.85,False,1
632,recoverable,expected_sarsa,0.848333333333,False,1
633,recoverable,expected_sarsa,0.848571428571,False,2
634,recoverable,expected_sarsa,0.85,False,1
635,recoverable,expected_sarsa,0.851428571429,False,1
636,recoverable,expected_sarsa,0.8575,False,1
637,recoverable,expected_sarsa,0.84,False,1
638,recoverable,expected_sarsa,0.855833333333,False,1
639,recoverable,expected_sarsa,0.853125,False,3
640,recoverable,expected_sarsa,0.84875,False,0
641,recoverable,expected_sarsa,0.852,False,1
642,recoverable,expected_sarsa,0.85,False,1
643,recoverable,expected_sarsa,0.856666666667,False,2
644,recoverable,expected_sarsa,0.854,False,1
645,recoverable,expected_sarsa,0.853333333333,False,1
646,recoverable,expected_sarsa,0.849166666667,False,1
647,recoverable,expected_sarsa,0.855,False,2
648,recoverable,expected_sarsa,0.854,False,2
649,recoverable,expected_sarsa,0.85,False,2
650,recoverable,expected_sarsa,0.852,False,1
651,recoverable,expected_sarsa,0.849,False,1
652,recoverable,expected_sarsa,0.8525,False,2
653,recoverable,expected_sarsa,0.84,False,2
654,recoverable,expected_sarsa,0.852,False,1
655,recoverable,expected_sarsa,0.852916666667,False,3
656,recoverable,expected_sarsa,0.852142857143,False,1
657,recoverable,expected_sarsa,0.854,False,2
658,recoverable,expected_sarsa,0.8525,False,2
659,recoverable,expected_sarsa,0.85,False,1
660,recoverable,expected_sarsa,0.85125,False,1
661,recoverable,expected_sarsa,0.85125,False,2
662,recoverable,expected_sarsa,0.8525,False,1
663,recoverable,expected_sarsa,0.855,False,0
664,recoverable,expected_sarsa,0.854,False,1
665,recoverable,expected_sarsa,0.85125,False,1
666,recoverable,expected_sarsa,0.849,False,3
667,recoverable,expected_sarsa,0.852,False,1
668,recoverable,expected_sarsa,0.8575,False,1
669,recoverable,expected_sarsa,0.853571428571,False,2
670,recoverable,expected_sarsa,0.8525,False,1
671,recoverable,expected_sarsa,0.85375,False,1
672,recoverable,expected_sarsa,0.853333333333,False,3
673,recoverable,expected_sarsa,0.855,False,1
674,recoverable,expected_sarsa,0.85,False,1
675,recoverable,expected_sarsa,0.855,False,0
676,recoverable,expected_sarsa,0.8525,False,0
677,recoverable,expected_sarsa,0.85,False,1
678,recoverable,expected_sarsa,0.8525,False,1
679,recoverable,expected_sarsa,0.848333333333,False,1
680,recoverable,expected_sarsa,0.857,False,0
681,recoverable,expected_sarsa,0.8525,False,1
682,recoverable,expected_sarsa,0.85,False,1
683,recoverable,expected_sarsa,0.853333333333,False,2
684,recoverable,expected_sarsa,0.856428571429,False,0
685,recoverable,expected_sarsa,0.837857142857,False,2
686,recoverable,expected_sarsa,0.851,False,0
687,recoverable,expected_sarsa,0.853,False,2
688,recoverable,expected_sarsa,0.855,False,1
689,recoverable,expected_sarsa,0.845,False,1
690,recoverable,expected_sarsa,0.853333333333,False,2
691,recoverable,expected_sarsa,0.855,False,0
692,recoverable,expected_sarsa,0.85,False,1
693,recoverable,expected_sarsa,0.848333333333,False,3
694,recoverable,expected_sarsa,0.85375,False,1
695,recoverable,expected_sarsa,0.855,False,2
696,recoverable,expected_sarsa,0.8525,False,2
697,recoverable,expected_sarsa,0.8425,False,2
698,recoverable,expected_sarsa,0.849444444444,False,3
699,recoverable,expected_sarsa,0.853,False,4
700,recoverable,expected_sarsa,0.85,False,2
701,recoverable,expected_sarsa,0.856666666667,False,2
702,recoverable,expected_sarsa,0.84,False,2
703,recoverable,expected_sarsa,0.855,False,0
704,recoverable,expected_sarsa,0.845,False,1
705,recoverable,expected_sarsa,0.8525,False,1
706,recoverable,expected_sarsa,0.8525,False,1
707,recoverable,expected_sarsa,0.8525,False,0
708,recoverable,expected_sarsa,0.85125,False,1
709,recoverable,expected_sarsa,0.8525,False,1
710,recoverable,expected_sarsa,0.85375,False,1
711,recoverable,expected_sarsa,0.855,False,2
712,recoverable,expected_sarsa,0.85,False,1
713,recoverable,expected_sarsa,0.85,False,2
714,recoverable,expected_sarsa,0.855,False,0
715,recoverable,expected_sarsa,0.85,False,0
716,recoverable,expected_sarsa,0.853571428571,False,2
717,recoverable,expected_sarsa,0.849,False,2
718,recoverable,expected_sarsa,0.855,False,1
719,recoverable,expected_sarsa,0.85,False,2
720,recoverable,expected_sarsa,0.854166666667,False,2
721,recoverable,expected_sarsa,0.848125,False,1
722,recoverable,expected_sarsa,0.85125,False,2
723,recoverable,expected_sarsa,0.848333333333,False,3
724,recoverable,expected_sarsa,0.8525,False,3
725,recoverable,expected_sarsa,0.855,False,0
726,recoverable,expected_sarsa,0.855,False,2
727,recoverable,expected_sarsa,0.85125,False,1
728,recoverable,expected_sarsa,0.853888888889,False,4
729,recoverable,expected_sarsa,0.855,False,3
730,recoverable,expected_sarsa,0.85,False,2
731,recoverable,expected_sarsa,0.855,False,1
732,recoverable,expected_sarsa,0.852727272727,False,2
733,recoverable,expected_sarsa,0.8425,False,2
734,recoverable,expected_sarsa,0.855833333333,False,1
735,recoverable,expected_sarsa,0.8525,False,1
736,recoverable,expected_sarsa,0.8525,False,2
737,recoverable,expected_sarsa,0.848571428571,False,4
738,recoverable,expected_sarsa,0.85,False,2
739,recoverable,expected_sarsa,0.852777777778,False,2
740,recoverable,expected_sarsa,0.854166666667,False,2
741,recoverable,expected_sarsa,0.853,False,1
742,recoverable,expected_sarsa,0.85,False,1
743,recoverable,expected_sarsa,0.853,False,3
744,recoverable,expected_sarsa,0.85125,False,1
745,recoverable,expected_sarsa,0.852857142857,False,0
746,recoverable,expected_sarsa,0.855833333333,False,1
747,recoverable,expected_sarsa,0.851666666667,False,2
748,recoverable,expected_sarsa,0.84,False,2
749,recoverable,expected_sarsa,0.854,False,1
750,recoverable,expected_sarsa,0.848333333333,False,2
751,recoverable,expected_sarsa,0.855,False,0
752,recoverable,expected_sarsa,0.853333333333,False,1
753,recoverable,expected_sarsa,0.85375,False,0
754,recoverable,expected_sarsa,0.853,False,2
755,recoverable,expected_sarsa,0.8525,False,2
756,recoverable,expected_sarsa,0.851875,False,2
757,recoverable,expected_sarsa,0.855,False,1
758,recoverable,expected_sarsa,0.8475,False,2
759,recoverable,expected_sarsa,0.856666666667,False,0
760,recoverable,expected_sarsa,0.8525,False,2
761,recoverable,expected_sarsa,0.8475,False,1
762,recoverable,expected_sarsa,0.851666666667,False,0
763,recoverable,expected_sarsa,0.845,False,3
764,recoverable,expected_sarsa,0.849,False,2
765,recoverable,expected_sarsa,0.851666666667,False,2
766,recoverable,expected_sarsa,0.85125,False,2
767,recoverable,expected_sarsa,0.848333333333,False,0
768,recoverable,expected_sarsa,0.8575,False,0
769,recoverable,expected_sarsa,0.838,False,2
770,recoverable,expected_sarsa,0.855,False,0
771,recoverable,expected_sarsa,0.85,False,0
772,recoverable,expected_sarsa,0.8525,False,2
773,recoverable,expected_sarsa,0.85125,False,1
774,recoverable,expected_sarsa,0.852,False,1
775,recoverable,expected_sarsa,0.851666666667,False,0
776,recoverable,expected_sarsa,0.85125,False,3
777,recoverable,expected_sarsa,0.8575,False,1
778,recoverable,expected_sarsa,0.854,False,3
779,recoverable,expected_sarsa,0.852857142857,False,2
780,recoverable,expected_sarsa,0.855,False,2
781,recoverable,expected_sarsa,0.85,False,2
782,recoverable,expected_sarsa,0.855,False,2
783,recoverable,expected_sarsa,0.8525,False,1
784,recoverable,expected_sarsa,0.84,False,1
785,recoverable,expected_sarsa,0.852777777778,False,4
786,recoverable,expected_sarsa,0.850833333333,False,2
787,recoverable,expected_sarsa,0.85375,False,1
788,recoverable,expected_sarsa,0.8525,False,2
789,recoverable,expected_sarsa,0.853181818182,False,3
790,recoverable,expected_sarsa,0.853,False,0
791,recoverable,expected_sarsa,0.849375,False,1
792,recoverable,expected_sarsa,0.8535,False,4
793,recoverable,expected_sarsa,0.8525,False,3
794,recoverable,expected_sarsa,0.8575,False,2
795,recoverable,expected_sarsa,0.8525,False,2
796,recoverable,expected_sarsa,0.852,False,0
797,recoverable,expected_sarsa,0.851666666667,False,1
798,recoverable,expected_sarsa,0.855,False,2
799,recoverable,expected_sarsa,0.85,False,2
800,recoverable,expected_sarsa,0.85375,False,1
801,recoverable,expected_sarsa,0.85,False,1
802,recoverable,expected_sarsa,0.8395,False,2
803,recoverable,expected_sarsa,0.839285714286,False,2
804,recoverable,expected_sarsa,0.85,False,0
805,recoverable,expected_sarsa,0.851428571429,False,1
806,recoverable,expected_sarsa,0.85,False,1
807,recoverable,expected_sarsa,0.853,False,2
808,recoverable,expected_sarsa,0.852,False,2
809,recoverable,expected_sarsa,0.84875,False,2
810,recoverable,expected_sarsa,0.85,False,2
811,recoverable,expected_sarsa,0.856666666667,False,1
812,recoverable,expected_sarsa,0.852222222222,False,3
813,recoverable,expected_sarsa,0.853333333333,False,1
814,recoverable,expected_sarsa,0.8525,False,1
815,recoverable,expected_sarsa,0.852142857143,False,1
816,recoverable,expected_sarsa,0.852857142857,False,3
817,recoverable,expected_sarsa,0.855,False,1
818,recoverable,expected_sarsa,0.854,False,1
819,recoverable,expected_sarsa,0.849166666667,False,1
820,recoverable,expected_sarsa,0.853571428571,False,1
821,recoverable,expected_sarsa,0.8525,False,1
822,recoverable,expected_sarsa,0.853,False,0
823,recoverable,expected_sarsa,0.853333333333,False,1
824,recoverable,expected_sarsa,0.85,False,2
825,recoverable,expected_sarsa,0.845,False,3
826,recoverable,expected_sarsa,0.8565,False,3
827,recoverable,expected_sarsa,0.857,False,1
828,recoverable,expected_sarsa,0.84,False,2
829,recoverable,expected_sarsa,0.8525,False,1
830,recoverable,expected_sarsa,0.85125,False,2
831,recoverable,expected_sarsa,0.83875,False,1
832,recoverable,expected_sarsa,0.847857142857,False,3
833,recoverable,expected_sarsa,0.849,False,2
834,recoverable,expected_sarsa,0.85,False,1
835,recoverable,expected_sarsa,0.852,False,1
836,recoverable,expected_sarsa,0.851875,False,1
837,recoverable,expected_sarsa,0.858333333333,False,1
838,recoverable,expected_sarsa,0.85,False,2
839,recoverable,expected_sarsa,0.854166666667,False,0
840,recoverable,expected_sarsa,0.8525,False,0
841,recoverable,expected_sarsa,0.850625,False,3
842,recoverable,expected_sarsa,0.855,False,0
843,recoverable,expected_sarsa,0.853,False,1
844,recoverable,expected_sarsa,0.852,False,2
845,recoverable,expected_sarsa,0.855,False,2
846,recoverable,expected_sarsa,0.86,False,1
847,recoverable,expected_sarsa,0.843,False,2
848,recoverable,expected_sarsa,0.849166666667,False,1
849,recoverable,expected_sarsa,0.849375,False,2
850,recoverable,expected_sarsa,0.853,False,2
851,recoverable,expected_sarsa,0.851875,False,2
852,recoverable,expected_sarsa,0.852222222222,False,3
853,recoverable,expected_sarsa,0.8525,False,1
854,recoverable,expected_sarsa,0.85,False,1
855,recoverable,expected_sarsa,0.847777777778,False,2
856,recoverable,expected_sarsa,0.8525,False,1
857,recoverable,expected_sarsa,0.8525,False,2
858,recoverable,expected_sarsa,0.839444444444,False,2
859,recoverable,expected_sarsa,0.8525,False,3
860,recoverable,expected_sarsa,0.852142857143,False,3
861,recoverable,expected_sarsa,0.84875,False,2
862,recoverable,expected_sarsa,0.855,False,1
863,recoverable,expected_sarsa,0.849375,False,2
864,recoverable,expected_sarsa,0.8525,False,1
865,recoverable,expected_sarsa,0.852857142857,False,2
866,recoverable,expected_sarsa,0.849166666667,False,0
867,recoverable,expected_sarsa,0.841666666667,False,1
868,recoverable,expected_sarsa,0.8525,False,3
869,recoverable,expected_sarsa,0.85,False,2
870,recoverable,expected_sarsa,0.8425,False,1
871,recoverable,expected_sarsa,0.8565,False,2
872,recoverable,expected_sarsa,0.853333333333,False,0
873,recoverable,expected_sarsa,0.85,False,2
874,recoverable,expected_sarsa,0.851666666667,False,1
875,recoverable,expected_sarsa,0.8525,False,2
876,recoverable,expected_sarsa,0.856428571429,False,0
877,recoverable,expected_sarsa,0.85,False,2
878,recoverable,expected_sarsa,0.85125,False,1
879,recoverable,expected_sarsa,0.85,False,2
880,recoverable,expected_sarsa,0.85,False,3
881,recoverable,expected_sarsa,0.849375,False,3
882,recoverable,expected_sarsa,0.848888888889,False,2
883,recoverable,expected_sarsa,0.852272727273,False,2
884,recoverable,expected_sarsa,0.849444444444,False,2
885,recoverable,expected_sarsa,0.84,False,2
886,recoverable,expected_sarsa,0.8575,False,1
887,recoverable,expected_sarsa,0.855,False,0
888,recoverable,expected_sarsa,0.855,False,1
889,recoverable,expected_sarsa,0.854285714286,False,1
890,recoverable,expected_sarsa,0.849375,False,2
891,recoverable,expected_sarsa,0.8425,False,1
892,recoverable,expected_sarsa,0.8525,False,1
893,recoverable,expected_sarsa,0.85625,False,2
894,recoverable,expected_sarsa,0.852857142857,False,3
895,recoverable,expected_sarsa,0.855,False,1
896,recoverable,expected_sarsa,0.857,False,0
897,recoverable,expected_sarsa,0.852,False,1
898,recoverable,expected_sarsa,0.855,False,1
899,recoverable,expected_sarsa,0.85,False,2
900,recoverable,expected_sarsa,0.85,False,2
901,recoverable,expected_sarsa,0.853333333333,False,2
902,recoverable,expected_sarsa,0.849285714286,False,2
903,recoverable,expected_sarsa,0.84875,False,1
904,recoverable,expected_sarsa,0.8525,False,0
905,recoverable,expected_sarsa,0.848333333333,False,2
906,recoverable,expected_sarsa,0.851666666667,False,1
907,recoverable,expected_sarsa,0.849285714286,False,2
908,recoverable,expected_sarsa,0.85,False,2
909,recoverable,expected_sarsa,0.853888888889,False,1
910,recoverable,expected_sarsa,0.85,False,1
911,recoverable,expected_sarsa,0.85,False,1
912,recoverable,expected_sarsa,0.855,False,2
913,recoverable,expected_sarsa,0.85,False,1
914,recoverable,expected_sarsa,0.855,False,1
915,recoverable,expected_sarsa,0.85,False,0
916,recoverable,expected_sarsa,0.853571428571,False,2
917,recoverable,expected_sarsa,0.852142857143,False,1
918,recoverable,expected_sarsa,0.8525,False,0
919,recoverable,expected_sarsa,0.848333333333,False,2
920,recoverable,expected_sarsa,0.851666666667,False,1
921,recoverable,expected_sarsa,0.853333333333,False,2
922,recoverable,expected_sarsa,0.85375,False,1
923,recoverable,expected_sarsa,0.84,False,2
924,recoverable,expected_sarsa,0.85,False,0
925,recoverable,expected_sarsa,0.848333333333,False,0
926,recoverable,expected_sarsa,0.85625,False,2
927,recoverable,expected_sarsa,0.853125,False,3
928,recoverable,expected_sarsa,0.855833333333,False,0
929,recoverable,expected_sarsa,0.855,False,2
930,recoverable,expected_sarsa,0.855,False,2
931,recoverable,expected_sarsa,0.8575,False,1
932,recoverable,expected_sarsa,0.851428571429,False,0
933,recoverable,expected_sarsa,0.8525,False,2
934,recoverable,expected_sarsa,0.839375,False,3
935,recoverable,expected_sarsa,0.843333333333,False,1
936,recoverable,expected_sarsa,0.856,False,1
937,recoverable,expected_sarsa,0.851,False,0
938,recoverable,expected_sarsa,0.852,False,1
939,recoverable,expected_sarsa,0.85,False,2
940,recoverable,expected_sarsa,0.856,False,1
941,recoverable,expected_sarsa,0.851818181818,False,3
942,recoverable,expected_sarsa,0.852857142857,False,1
943,recoverable,expected_sarsa,0.851666666667,False,2
944,recoverable,expected_sarsa,0.85375,False,1
945,recoverable,expected_sarsa,0.852222222222,False,3
946,recoverable,expected_sarsa,0.85375,False,1
947,recoverable,expected_sarsa,0.845,False,2
948,recoverable,expected_sarsa,0.856428571429,False,1
949,recoverable,expected_sarsa,0.8525,False,1
950,recoverable,expected_sarsa,0.852,False,0
951,recoverable,expected_sarsa,0.853,False,1
952,recoverable,expected_sarsa,0.851111111111,False,2
953,recoverable,expected_sarsa,0.851666666667,False,2
954,recoverable,expected_sarsa,0.853,False,2
955,recoverable,expected_sarsa,0.849,False,1
956,recoverable,expected_sarsa,0.851666666667,False,0
957,recoverable,expected_sarsa,0.852222222222,False,3
958,recoverable,expected_sarsa,0.853,False,2
959,recoverable,expected_sarsa,0.85625,False,2
960,recoverable,expected_sarsa,0.85,False,2
961,recoverable,expected_sarsa,0.838333333333,False,1
962,recoverable,expected_sarsa,0.852,False,3
963,recoverable,expected_sarsa,0.855,False,0
964,recoverable,expected_sarsa,0.8525,False,2
965,recoverable,expected_sarsa,0.85625,False,1
966,recoverable,expected_sarsa,0.8525,False,2
967,recoverable,expected_sarsa,0.85125,False,2
968,recoverable,expected_sarsa,0.85125,False,1
969,recoverable,expected_sarsa,0.851666666667,False,2
970,recoverable,expected_sarsa,0.8525,False,3
971,recoverable,expected_sarsa,0.851666666667,False,0
972,recoverable,expected_sarsa,0.85,False,0
973,recoverable,expected_sarsa,0.855,False,1
974,recoverable,expected_sarsa,0.852777777778,False,0
975,recoverable,expected_sarsa,0.8525,False,2
976,recoverable,expected_sarsa,0.851666666667,False,1
977,recoverable,expected_sarsa,0.84,False,1
978,recoverable,expected_sarsa,0.8495,False,2
979,recoverable,expected_sarsa,0.853333333333,False,2
980,recoverable,expected_sarsa,0.851875,False,3
981,recoverable,expected_sarsa,0.852142857143,False,3
982,recoverable,expected_sarsa,0.851428571429,False,1
983,recoverable,expected_sarsa,0.855,False,1
984,recoverable,expected_sarsa,0.84,False,2
985,recoverable,expected_sarsa,0.854285714286,False,3
986,recoverable,expected_sarsa,0.850625,False,0
987,recoverable,expected_sarsa,0.84,False,2
988,recoverable,expected_sarsa,0.852142857143,False,1
989,recoverable,expected_sarsa,0.855833333333,False,1
990,recoverable,expected_sarsa,0.849,False,2
991,recoverable,expected_sarsa,0.85,False,1
992,recoverable,expected_sarsa,0.84375,False,2
993,recoverable,expected_sarsa,0.8525,False,2
994,recoverable,expected_sarsa,0.852,False,3
995,recoverable,expected_sarsa,0.85375,False,1
996,recoverable,expected_sarsa,0.85,False,1
997,recoverable,expected_sarsa,0.855,False,2
998,recoverable,expected_sarsa,0.855,False,0
999,recoverable,expected_sarsa,0.8525,False,2
1000,recoverable,expected_sarsa,0.8525,False,1
1001,recoverable,expected_sarsa,0.848333333333,False,2
1002,recoverable,expected_sarsa,0.852,False,3
1003,recoverable,expected_sarsa,0.852,False,2
1004,recoverable,expected_sarsa,0.853333333333,False,0
1005,recoverable,expected_sarsa,0.843333333333,False,1
1006,recoverable,expected_sarsa,0.858333333333,False,2
1007,recoverable,expected_sarsa,0.852,False,2
1008,recoverable,expected_sarsa,0.855,False,1
1009,recoverable,expected_sarsa,0.851666666667,False,0
1010,recoverable,expected_sarsa,0.849285714286,False,2
1011,recoverable,expected_sarsa,0.852,False,1
1012,recoverable,expected_sarsa,0.8525,False,1
1013,recoverable,expected_sarsa,0.855714285714,False,2
1014,recoverable,expected_sarsa,0.848,False,1
1015,recoverable,expected_sarsa,0.845,False,1
1016,recoverable,expected_sarsa,0.85125,False,2
1017,recoverable,expected_sarsa,0.852857142857,False,1
1018,recoverable,expected_sarsa,0.849166666667,False,3
1019,recoverable,expected_sarsa,0.84875,False,1
1020,recoverable,expected_sarsa,0.853333333333,False,0
1021,recoverable,expected_sarsa,0.8525,False,1
1022,recoverable,expected_sarsa,0.851875,False,0
1023,recoverable,expected_sarsa,0.8525,False,1
1024,recoverable,expected_sarsa,0.8525,False,2
1025,recoverable,expected_sarsa,0.849,False,2
1026,recoverable,expected_sarsa,0.85,False,3
1027,recoverable,expected_sarsa,0.85,False,1
1028,recoverable,expected_sarsa,0.84,False,3
1029,recoverable,expected_sarsa,0.851666666667,False,0
1030,recoverable,expected_sarsa,0.851111111111,False,2
1031,recoverable,expected_sarsa,0.854,False,2
1032,recoverable,expected_sarsa,0.85125,False,3
1033,recoverable,expected_sarsa,0.852142857143,False,1
1034,recoverable,expected_sarsa,0.85,False,1
1035,recoverable,expected_sarsa,0.85625,False,1
1036,recoverable,expected_sarsa,0.85125,False,0
1037,recoverable,expected_sarsa,0.839375,False,1
1038,recoverable,expected_sarsa,0.851666666667,False,1
1039,recoverable,expected_sarsa,0.856666666667,False,1
1040,recoverable,expected_sarsa,0.855,False,2
1041,recoverable,expected_sarsa,0.85,False,0
1042,recoverable,expected_sarsa,0.849285714286,False,0
1043,recoverable,expected_sarsa,0.845,False,3
1044,recoverable,expected_sarsa,0.853,False,3
1045,recoverable,expected_sarsa,0.854285714286,False,1
1046,recoverable,expected_sarsa,0.855,False,0
1047,recoverable,expected_sarsa,0.847777777778,False,2
1048,recoverable,expected_sarsa,0.853333333333,False,2
1049,recoverable,expected_sarsa,0.84,False,3
1050,recoverable,expected_sarsa,0.848333333333,False,2
1051,recoverable,expected_sarsa,0.8575,False,3
1052,recoverable,expected_sarsa,0.853,False,0
1053,recoverable,expected_sarsa,0.854,False,1
1054,recoverable,expected_sarsa,0.8535,False,1
1055,recoverable,expected_sarsa,0.856875,False,2
1056,recoverable,expected_sarsa,0.855,False,1
1057,recoverable,expected_sarsa,0.856666666667,False,0
1058,recoverable,expected_sarsa,0.853333333333,False,2
1059,recoverable,expected_sarsa,0.843333333333,False,2
1060,recoverable,expected_sarsa,0.85,False,0
1061,recoverable,expected_sarsa,0.85125,False,1
1062,recoverable,expected_sarsa,0.852,False,0
1063,recoverable,expected_sarsa,0.85,False,2
1064,recoverable,expected_sarsa,0.8495,False,2
1065,recoverable,expected_sarsa,0.851875,False,2
1066,recoverable,expected_sarsa,0.85,False,2
1067,recoverable,expected_sarsa,0.8525,False,1
1068,recoverable,expected_sarsa,0.855625,False,2
1069,recoverable,expected_sarsa,0.856666666667,False,1
1070,recoverable,expected_sarsa,0.8525,False,2
1071,recoverable,expected_sarsa,0.855,False,1
1072,recoverable,expected_sarsa,0.845,False,0
1073,recoverable,expected_sarsa,0.850625,False,2
1074,recoverable,expected_sarsa,0.852857142857,False,3
1075,recoverable,expected_sarsa,0.848571428571,False,3
1076,recoverable,expected_sarsa,0.856,False,2
1077,recoverable,expected_sarsa,0.8525,False,3
1078,recoverable,expected_sarsa,0.851,False,1
1079,recoverable,expected_sarsa,0.853333333333,False,2
1080,recoverable,expected_sarsa,0.8525,False,1
1081,recoverable,expected_sarsa,0.8575,False,2
1082,recoverable,expected_sarsa,0.85625,False,0
1083,recoverable,expected_sarsa,0.851666666667,False,0
1084,recoverable,expected_sarsa,0.858,False,2
1085,recoverable,expected_sarsa,0.853333333333,False,0
1086,recoverable,expected_sarsa,0.8525,False,1
1087,recoverable,expected_sarsa,0.8525,False,2
1088,recoverable,expected_sarsa,0.84,False,3
1089,recoverable,expected_sarsa,0.856666666667,False,0
1090,recoverable,expected_sarsa,0.855,False,1
1091,recoverable,expected_sarsa,0.857,False,1
1092,recoverable,expected_sarsa,0.852,False,1
1093,recoverable,expected_sarsa,0.855,False,1
1094,recoverable,expected_sarsa,0.84,False,1
1095,recoverable,expected_sarsa,0.855,False,1
1096,recoverable,expected_sarsa,0.855,False,1
1097,recoverable,expected_sarsa,0.8525,False,1
1098,recoverable,expected_sarsa,0.849166666667,False,2
1099,recoverable,expected_sarsa,0.85,False,1
1100,recoverable,expected_sarsa,0.852857142857,False,2
1101,recoverable,expected_sarsa,0.855,False,1
1102,recoverable,expected_sarsa,0.8525,False,1
1103,recoverable,expected_sarsa,0.857857142857,False,3
1104,recoverable,expected_sarsa,0.853,False,1
1105,recoverable,expected_sarsa,0.844,False,2
1106,recoverable,expected_sarsa,0.849166666667,False,1
1107,recoverable,expected_sarsa,0.85375,False,1
1108,recoverable,expected_sarsa,0.853333333333,False,1
1109,recoverable,expected_sarsa,0.85125,False,1
1110,recoverable,expected_sarsa,0.854,False,1
1111,recoverable,expected_sarsa,0.851875,False,3
1112,recoverable,expected_sarsa,0.852,False,1
1113,recoverable,expected_sarsa,0.845,False,4
1114,recoverable,expected_sarsa,0.855,False,2
1115,recoverable,expected_sarsa,0.855,False,1
1116,recoverable,expected_sarsa,0.85,False,2
1117,recoverable,expected_sarsa,0.8525,False,2
1118,recoverable,expected_sarsa,0.852142857143,False,2
1119,recoverable,expected_sarsa,0.8525,False,0
1120,recoverable,expected_sarsa,0.853,False,1
1121,recoverable,expected_sarsa,0.8525,False,3
1122,recoverable,expected_sarsa,0.8575,False,2
1123,recoverable,expected_sarsa,0.855,False,2
1124,recoverable,expected_sarsa,0.853333333333,False,3
1125,recoverable,expected_sarsa,0.85,False,2
1126,recoverable,expected_sarsa,0.849,False,2
1127,recoverable,expected_sarsa,0.856666666667,False,2
1128,recoverable,expected_sarsa,0.853,False,2
1129,recoverable,expected_sarsa,0.852,False,3
1130,recoverable,expected_sarsa,0.85,False,2
1131,recoverable,expected_sarsa,0.848333333333,False,1
1132,recoverable,expected_sarsa,0.852857142857,False,2
1133,recoverable,expected_sarsa,0.851111111111,False,3
1134,recoverable,expected_sarsa,0.852,False,0
1135,recoverable,expected_sarsa,0.85,False,0
1136,recoverable,expected_sarsa,0.839,False,2
1137,recoverable,expected_sarsa,0.855,False,0
1138,recoverable,expected_sarsa,0.855,False,1
1139,recoverable,expected_sarsa,0.850833333333,False,3
1140,recoverable,expected_sarsa,0.848333333333,False,3
1141,recoverable,expected_sarsa,0.852,False,1
1142,recoverable,expected_sarsa,0.85,False,2
1143,recoverable,expected_sarsa,0.852,False,2
1144,recoverable,expected_sarsa,0.853,False,3
1145,recoverable,expected_sarsa,0.839444444444,False,2
1146,recoverable,expected_sarsa,0.84,False,1
1147,recoverable,expected_sarsa,0.862,False,2
1148,recoverable,expected_sarsa,0.853333333333,False,1
1149,recoverable,expected_sarsa,0.85,False,2
1150,recoverable,expected_sarsa,0.850714285714,False,1
1151,recoverable,expected_sarsa,0.853,False,2
1152,recoverable,expected_sarsa,0.856875,False,3
1153,recoverable,expected_sarsa,0.84,False,1
1154,recoverable,expected_sarsa,0.852,False,2
1155,recoverable,expected_sarsa,0.848636363636,False,3
1156,recoverable,expected_sarsa,0.849,False,2
1157,recoverable,expected_sarsa,0.853,False,0
1158,recoverable,expected_sarsa,0.8525,False,2
1159,recoverable,expected_sarsa,0.845,False,1
1160,recoverable,expected_sarsa,0.855,False,2
1161,recoverable,expected_sarsa,0.853333333333,False,0
1162,recoverable,expected_sarsa,0.848333333333,False,1
1163,recoverable,expected_sarsa,0.85,False,2
1164,recoverable,expected_sarsa,0.8575,False,2
1165,recoverable,expected_sarsa,0.85625,False,2
1166,recoverable,expected_sarsa,0.85,False,3
1167,recoverable,expected_sarsa,0.858333333333,False,2
1168,recoverable,expected_sarsa,0.852,False,0
1169,recoverable,expected_sarsa,0.852142857143,False,0
1170,recoverable,expected_sarsa,0.8525,False,3
1171,recoverable,expected_sarsa,0.855,False,2
1172,recoverable,expected_sarsa,0.849375,False,3
1173,recoverable,expected_sarsa,0.85,False,1
1174,recoverable,expected_sarsa,0.854375,False,3
1175,recoverable,expected_sarsa,0.853333333333,False,1
1176,recoverable,expected_sarsa,0.85375,False,1
1177,recoverable,expected_sarsa,0.854166666667,False,1
1178,recoverable,expected_sarsa,0.849166666667,False,1
1179,recoverable,expected_sarsa,0.853,False,1
1180,recoverable,expected_sarsa,0.839166666667,False,1
1181,recoverable,expected_sarsa,0.855714285714,False,2
1182,recoverable,expected_sarsa,0.851,False,1
1183,recoverable,expected_sarsa,0.849166666667,False,1
1184,recoverable,expected_sarsa,0.8525,False,1
1185,recoverable,expected_sarsa,0.845,False,3
1186,recoverable,expected_sarsa,0.85625,False,1
1187,recoverable,expected_sarsa,0.8525,False,0
1188,recoverable,expected_sarsa,0.856,False,1
1189,recoverable,expected_sarsa,0.855,False,1
1190,recoverable,expected_sarsa,0.857,False,0
1191,recoverable,expected_sarsa,0.851,False,1
1192,recoverable,expected_sarsa,0.852857142857,False,0
1193,recoverable,expected_sarsa,0.8575,False,1
1194,recoverable,expected_sarsa,0.851428571429,False,1
1195,recoverable,expected_sarsa,0.851875,False,0
1196,recoverable,expected_sarsa,0.85,False,1
1197,recoverable,expected_sarsa,0.84875,False,1
1198,recoverable,expected_sarsa,0.850625,False,1
1199,recoverable,expected_sarsa,0.854,False,1
1200,recoverable,expected_sarsa,0.85,False,1
1201,recoverable,expected_sarsa,0.851666666667,False,2
1202,recoverable,expected_sarsa,0.8525,False,0
1203,recoverable,expected_sarsa,0.855,False,0
1204,recoverable,expected_sarsa,0.852142857143,False,2
1205,recoverable,expected_sarsa,0.858,False,0
1206,recoverable,expected_sarsa,0.84,False,2
1207,recoverable,expected_sarsa,0.855,False,2
1208,recoverable,expected_sarsa,0.848888888889,False,2
1209,recoverable,expected_sarsa,0.85,False,1
1210,recoverable,expected_sarsa,0.852222222222,False,2
1211,recoverable,expected_sarsa,0.856428571429,False,2
1212,recoverable,expected_sarsa,0.8525,False,1
1213,recoverable,expected_sarsa,0.855714285714,False,0
1214,recoverable,expected_sarsa,0.851666666667,False,1
1215,recoverable,expected_sarsa,0.839375,False,3
1216,recoverable,expected_sarsa,0.85125,False,2
1217,recoverable,expected_sarsa,0.851666666667,False,0
1218,recoverable,expected_sarsa,0.8525,False,1
1219,recoverable,expected_sarsa,0.84,False,1
1220,recoverable,expected_sarsa,0.851,False,1
1221,recoverable,expected_sarsa,0.848333333333,False,1
1222,recoverable,expected_sarsa,0.853333333333,False,1
1223,recoverable,expected_sarsa,0.85,False,1
1224,recoverable,expected_sarsa,0.855,False,1
1225,recoverable,expected_sarsa,0.853333333333,False,1
1226,recoverable,expected_sarsa,0.8525,False,2
1227,recoverable,expected_sarsa,0.85625,False,2
1228,recoverable,expected_sarsa,0.84,False,2
1229,recoverable,expected_sarsa,0.8525,False,1
1230,recoverable,expected_sarsa,0.8525,False,2
1231,recoverable,expected_sarsa,0.853888888889,False,3
1232,recoverable,expected_sarsa,0.85,False,1
1233,recoverable,expected_sarsa,0.852857142857,False,1
1234,recoverable,expected_sarsa,0.853,False,2
1235,recoverable,expected_sarsa,0.85375,False,3
1236,recoverable,expected_sarsa,0.8525,False,2
1237,recoverable,expected_sarsa,0.85,False,2
1238,recoverable,expected_sarsa,0.85375,False,2
1239,recoverable,expected_sarsa,0.852,False,1
1240,recoverable,expected_sarsa,0.851,False,2
1241,recoverable,expected_sarsa,0.85625,False,1
1242,recoverable,expected_sarsa,0.849444444444,False,1
1243,recoverable,expected_sarsa,0.8525,False,3
1244,recoverable,expected_sarsa,0.852,False,1
1245,recoverable,expected_sarsa,0.854285714286,False,2
1246,recoverable,expected_sarsa,0.85,False,0
1247,recoverable,expected_sarsa,0.854,False,1
1248,recoverable,expected_sarsa,0.853,False,1
1249,recoverable,expected_sarsa,0.849,False,2
1250,recoverable,expected_sarsa,0.85,False,0
1251,recoverable,expected_sarsa,0.852,False,2
1252,recoverable,expected_sarsa,0.85,False,2
1253,recoverable,expected_sarsa,0.8425,False,2
1254,recoverable,expected_sarsa,0.84,False,1
1255,recoverable,expected_sarsa,0.845,False,3
1256,recoverable,expected_sarsa,0.853333333333,False,2
1257,recoverable,expected_sarsa,0.851666666667,False,3
1258,recoverable,expected_sarsa,0.855,False,2
1259,recoverable,expected_sarsa,0.84,False,1
1260,recoverable,expected_sarsa,0.848333333333,False,2
1261,recoverable,expected_sarsa,0.85125,False,2
1262,recoverable,expected_sarsa,0.848888888889,False,3
1263,recoverable,expected_sarsa,0.853181818182,False,2
1264,recoverable,expected_sarsa,0.857,False,1
1265,recoverable,expected_sarsa,0.85,False,3
1266,recoverable,expected_sarsa,0.85375,False,1
1267,recoverable,expected_sarsa,0.848888888889,False,2
1268,recoverable,expected_sarsa,0.84,False,2
1269,recoverable,expected_sarsa,0.851,False,2
1270,recoverable,expected_sarsa,0.853333333333,False,1
1271,recoverable,expected_sarsa,0.85,False,1
1272,recoverable,expected_sarsa,0.854,False,1
1273,recoverable,expected_sarsa,0.850625,False,3
1274,recoverable,expected_sarsa,0.85,False,2
1275,recoverable,expected_sarsa,0.855,False,1
1276,recoverable,expected_sarsa,0.851666666667,False,2
1277,recoverable,expected_sarsa,0.851666666667,False,2
1278,recoverable,expected_sarsa,0.849,False,0
1279,recoverable,expected_sarsa,0.85,False,0
1280,recoverable,expected_sarsa,0.852777777778,False,2
1281,recoverable,expected_sarsa,0.853125,False,2
1282,recoverable,expected_sarsa,0.853571428571,False,2
1283,recoverable,expected_sarsa,0.853,False,1
1284,recoverable,expected_sarsa,0.854,False,1
1285,recoverable,expected_sarsa,0.851428571429,False,1
1286,recoverable,expected_sarsa,0.853333333333,False,1
1287,recoverable,expected_sarsa,0.849444444444,False,3
1288,recoverable,expected_sarsa,0.8505,False,2
1289,recoverable,expected_sarsa,0.8525,False,2
1290,recoverable,expected_sarsa,0.8525,False,2
1291,recoverable,expected_sarsa,0.849166666667,False,3
1292,recoverable,expected_sarsa,0.85125,False,1
1293,recoverable,expected_sarsa,0.852142857143,False,1
1294,recoverable,expected_sarsa,0.850833333333,False,1
1295,recoverable,expected_sarsa,0.855,False,0
1296,recoverable,expected_sarsa,0.852,False,2
1297,recoverable,expected_sarsa,0.852857142857,False,2
1298,recoverable,expected_sarsa,0.85,False,2
1299,recoverable,expected_sarsa,0.854,False,1
1300,recoverable,expected_sarsa,0.855,False,1
1301,recoverable,expected_sarsa,0.84,False,1
1302,recoverable,expected_sarsa,0.853333333333,False,0
1303,recoverable,expected_sarsa,0.849375,False,1
1304,recoverable,expected_sarsa,0.85,False,1
1305,recoverable,expected_sarsa,0.851875,False,2
1306,recoverable,expected_sarsa,0.853,False,2
1307,recoverable,expected_sarsa,0.855833333333,False,0
1308,recoverable,expected_sarsa,0.852142857143,False,1
1309,recoverable,expected_sarsa,0.85,False,2
1310,recoverable,expected_sarsa,0.855,False,1
1311,recoverable,expected_sarsa,0.85,False,1
1312,recoverable,expected_sarsa,0.85625,False,1
1313,recoverable,expected_sarsa,0.85,False,2
1314,recoverable,expected_sarsa,0.85125,False,1
1315,recoverable,expected_sarsa,0.855,False,0
1316,recoverable,expected_sarsa,0.852777777778,False,2
1317,recoverable,expected_sarsa,0.849166666667,False,1
1318,recoverable,expected_sarsa,0.849,False,1
1319,recoverable,expected_sarsa,0.84,False,2
1320,recoverable,expected_sarsa,0.855,False,1
1321,recoverable,expected_sarsa,0.85,False,1
1322,recoverable,expected_sarsa,0.856666666667,False,2
1323,recoverable,expected_sarsa,0.852142857143,False,3
1324,recoverable,expected_sarsa,0.853333333333,False,1
1325,recoverable,expected_sarsa,0.857,False,0
1326,recoverable,expected_sarsa,0.854,False,1
1327,recoverable,expected_sarsa,0.851875,False,1
1328,recoverable,expected_sarsa,0.849285714286,False,2
1329,recoverable,expected_sarsa,0.853333333333,False,2
1330,recoverable,expected_sarsa,0.852,False,3
1331,recoverable,expected_sarsa,0.85,False,2
1332,recoverable,expected_sarsa,0.849285714286,False,2
1333,recoverable,expected_sarsa,0.855,False,2
1334,recoverable,expected_sarsa,0.851666666667,False,0
1335,recoverable,expected_sarsa,0.84875,False,0
1336,recoverable,expected_sarsa,0.855,False,1
1337,recoverable,expected_sarsa,0.854,False,2
1338,recoverable,expected_sarsa,0.8525,False,2
1339,recoverable,expected_sarsa,0.8485,False,3
1340,recoverable,expected_sarsa,0.8525,False,2
1341,recoverable,expected_sarsa,0.8525,False,1
1342,recoverable,expected_sarsa,0.858333333333,False,1
1343,recoverable,expected_sarsa,0.8525,False,1
1344,recoverable,expected_sarsa,0.85125,False,1
1345,recoverable,expected_sarsa,0.8525,False,1
1346,recoverable,expected_sarsa,0.8525,False,2
1347,recoverable,expected_sarsa,0.853333333333,False,1
1348,recoverable,expected_sarsa,0.851666666667,False,2
1349,recoverable,expected_sarsa,0.856428571429,False,2
1350,recoverable,expected_sarsa,0.855,False,1
1351,recoverable,expected_sarsa,0.855,False,1
1352,recoverable,expected_sarsa,0.856,False,3
1353,recoverable,expected_sarsa,0.85125,False,0
1354,recoverable,expected_sarsa,0.85125,False,0
1355,recoverable,expected_sarsa,0.85,False,2
1356,recoverable,expected_sarsa,0.8525,False,1
1357,recoverable,expected_sarsa,0.85,False,1
1358,recoverable,expected_sarsa,0.85625,False,1
1359,recoverable,expected_sarsa,0.853333333333,False,0
1360,recoverable,expected_sarsa,0.8525,False,2
1361,recoverable,expected_sarsa,0.857142857143,False,1
1362,recoverable,expected_sarsa,0.855833333333,False,0
1363,recoverable,expected_sarsa,0.8525,False,1
1364,recoverable,expected_sarsa,0.8525,False,3
1365,recoverable,expected_sarsa,0.855,False,2
1366,recoverable,expected_sarsa,0.852,False,1
1367,recoverable,expected_sarsa,0.851666666667,False,0
1368,recoverable,expected_sarsa,0.851,False,2
1369,recoverable,expected_sarsa,0.853,False,2
1370,recoverable,expected_sarsa,0.84875,False,1
1371,recoverable,expected_sarsa,0.84,False,2
1372,recoverable,expected_sarsa,0.856,False,1
1373,recoverable,expected_sarsa,0.850714285714,False,4
1374,recoverable,expected_sarsa,0.852142857143,False,1
1375,recoverable,expected_sarsa,0.850833333333,False,0
1376,recoverable,expected_sarsa,0.85,False,3
1377,recoverable,expected_sarsa,0.851666666667,False,1
1378,recoverable,expected_sarsa,0.854285714286,False,2
1379,recoverable,expected_sarsa,0.852,False,1
1380,recoverable,expected_sarsa,0.85375,False,2
1381,recoverable,expected_sarsa,0.8525,False,2
1382,recoverable,expected_sarsa,0.85,False,3
1383,recoverable,expected_sarsa,0.848333333333,False,1
1384,recoverable,expected_sarsa,0.85,False,1
1385,recoverable,expected_sarsa,0.85625,False,2
1386,recoverable,expected_sarsa,0.85,False,2
1387,recoverable,expected_sarsa,0.855,False,1
1388,recoverable,expected_sarsa,0.856875,False,3
1389,recoverable,expected_sarsa,0.849,False,1
1390,recoverable,expected_sarsa,0.850714285714,False,2
1391,recoverable,expected_sarsa,0.844,False,3
1392,recoverable,expected_sarsa,0.85125,False,2
1393,recoverable,expected_sarsa,0.8525,False,2
1394,recoverable,expected_sarsa,0.84,False,2
1395,recoverable,expected_sarsa,0.853333333333,False,1
1396,recoverable,expected_sarsa,0.85,False,2
1397,recoverable,expected_sarsa,0.85375,False,2
1398,recoverable,expected_sarsa,0.849285714286,False,3
1399,recoverable,expected_sarsa,0.855,False,3
1400,recoverable,expected_sarsa,0.845,False,1
1401,recoverable,expected_sarsa,0.85,False,1
1402,recoverable,expected_sarsa,0.855833333333,False,1
1403,recoverable,expected_sarsa,0.8525,False,1
1404,recoverable,expected_sarsa,0.85,False,2
1405,recoverable,expected_sarsa,0.851875,False,2
1406,recoverable,expected_sarsa,0.855833333333,False,0
1407,recoverable,expected_sarsa,0.8525,False,0
1408,recoverable,expected_sarsa,0.85,False,0
1409,recoverable,expected_sarsa,0.855,False,1
1410,recoverable,expected_sarsa,0.850833333333,False,0
1411,recoverable,expected_sarsa,0.848,False,1
1412,recoverable,expected_sarsa,0.852857142857,False,1
1413,recoverable,expected_sarsa,0.85375,False,2
1414,recoverable,expected_sarsa,0.857,False,1
1415,recoverable,expected_sarsa,0.853888888889,False,2
1416,recoverable,expected_sarsa,0.854,False,2
1417,recoverable,expected_sarsa,0.838888888889,False,2
1418,recoverable,expected_sarsa,0.848888888889,False,3
1419,recoverable,expected_sarsa,0.853571428571,False,2
1420,recoverable,expected_sarsa,0.85125,False,0
1421,recoverable,expected_sarsa,0.849285714286,False,1
1422,recoverable,expected_sarsa,0.847777777778,False,3
1423,recoverable,expected_sarsa,0.855,False,0
1424,recoverable,expected_sarsa,0.854,False,2
1425,recoverable,expected_sarsa,0.85375,False,1
1426,recoverable,expected_sarsa,0.839375,False,2
1427,recoverable,expected_sarsa,0.8525,False,1
1428,recoverable,expected_sarsa,0.855,False,1
1429,recoverable,expected_sarsa,0.8525,False,3
1430,recoverable,expected_sarsa,0.855,False,2
1431,recoverable,expected_sarsa,0.852,False,1
1432,recoverable,expected_sarsa,0.85,False,1
1433,recoverable,expected_sarsa,0.849375,False,2
1434,recoverable,expected_sarsa,0.8525,False,0
1435,recoverable,expected_sarsa,0.8525,False,2
1436,recoverable,expected_sarsa,0.853333333333,False,2
1437,recoverable,expected_sarsa,0.848888888889,False,2
1438,recoverable,expected_sarsa,0.84,False,2
1439,recoverable,expected_sarsa,0.85,False,2
1440,recoverable,expected_sarsa,0.852777777778,False,2
1441,recoverable,expected_sarsa,0.852,False,2
1442,recoverable,expected_sarsa,0.84875,False,3
1443,recoverable,expected_sarsa,0.85,False,2
1444,recoverable,expected_sarsa,0.848333333333,False,1
1445,recoverable,expected_sarsa,0.85,False,1
1446,recoverable,expected_sarsa,0.854166666667,False,2
1447,recoverable,expected_sarsa,0.85,False,0
1448,recoverable,expected_sarsa,0.839,False,3
1449,recoverable,expected_sarsa,0.853333333333,False,2
1450,recoverable,expected_sarsa,0.85,False,1
1451,recoverable,expected_sarsa,0.84875,False,0
1452,recoverable,expected_sarsa,0.85,False,3
1453,recoverable,expected_sarsa,0.85,False,1
1454,recoverable,expected_sarsa,0.8525,False,3
1455,recoverable,expected_sarsa,0.852,False,1
1456,recoverable,expected_sarsa,0.849375,False,3
1457,recoverable,expected_sarsa,0.851666666667,False,1
1458,recoverable,expected_sarsa,0.855,False,2
1459,recoverable,expected_sarsa,0.853333333333,False,2
1460,recoverable,expected_sarsa,0.853333333333,False,0
1461,recoverable,expected_sarsa,0.8475,False,0
1462,recoverable,expected_sarsa,0.853333333333,False,2
1463,recoverable,expected_sarsa,0.8525,False,1
1464,recoverable,expected_sarsa,0.85,False,1
1465,recoverable,expected_sarsa,0.853,False,0
1466,recoverable,expected_sarsa,0.851428571429,False,3
1467,recoverable,expected_sarsa,0.86,False,2
1468,recoverable,expected_sarsa,0.852,False,2
1469,recoverable,expected_sarsa,0.855,False,0
1470,recoverable,expected_sarsa,0.85,False,2
1471,recoverable,expected_sarsa,0.848333333333,False,1
1472,recoverable,expected_sarsa,0.851,False,0
1473,recoverable,expected_sarsa,0.853333333333,False,1
1474,recoverable,expected_sarsa,0.85,False,1
1475,recoverable,expected_sarsa,0.852142857143,False,1
1476,recoverable,expected_sarsa,0.852777777778,False,1
1477,recoverable,expected_sarsa,0.8525,False,1
1478,recoverable,expected_sarsa,0.852857142857,False,2
1479,recoverable,expected_sarsa,0.8525,False,3
1480,recoverable,expected_sarsa,0.853333333333,False,1
1481,recoverable,expected_sarsa,0.8525,False,0
1482,recoverable,expected_sarsa,0.85,False,1
1483,recoverable,expected_sarsa,0.8525,False,0
1484,recoverable,expected_sarsa,0.852,False,1
1485,recoverable,expected_sarsa,0.851428571429,False,2
1486,recoverable,expected_sarsa,0.855,False,0
1487,recoverable,expected_sarsa,0.855833333333,False,1
1488,recoverable,expected_sarsa,0.85,False,2
1489,recoverable,expected_sarsa,0.851,False,1
1490,recoverable,expected_sarsa,0.855,False,1
1491,recoverable,expected_sarsa,0.851666666667,False,1
1492,recoverable,expected_sarsa,0.855,False,1
1493,recoverable,expected_sarsa,0.855,False,2
1494,recoverable,expected_sarsa,0.854285714286,False,2
1495,recoverable,expected_sarsa,0.851666666667,False,0
1496,recoverable,expected_sarsa,0.853333333333,False,1
1497,recoverable,expected_sarsa,0.8525,False,1
1498,recoverable,expected_sarsa,0.844166666667,False,3
1499,recoverable,expected_sarsa,0.854285714286,False,1
1500,recoverable,expected_sarsa,0.849166666667,False,0
1501,recoverable,expected_sarsa,0.845,False,2
1502,recoverable,expected_sarsa,0.852222222222,False,1
1503,recoverable,expected_sarsa,0.855,False,0
1504,recoverable,expected_sarsa,0.858,False,2
1505,recoverable,expected_sarsa,0.856666666667,False,2
1506,recoverable,expected_sarsa,0.851,False,2
1507,recoverable,expected_sarsa,0.85,False,0
1508,recoverable,expected_sarsa,0.8525,False,1
1509,recoverable,expected_sarsa,0.855,False,1
1510,recoverable,expected_sarsa,0.85,False,2
1511,recoverable,expected_sarsa,0.845,False,3
1512,recoverable,expected_sarsa,0.855,False,0
1513,recoverable,expected_sarsa,0.853333333333,False,1
1514,recoverable,expected_sarsa,0.8525,False,1
1515,recoverable,expected_sarsa,0.839375,False,2
1516,recoverable,expected_sarsa,0.852,False,0
1517,recoverable,expected_sarsa,0.85125,False,1
1518,recoverable,expected_sarsa,0.85,False,1
1519,recoverable,expected_sarsa,0.8535,False,2
1520,recoverable,expected_sarsa,0.839166666667,False,2
1521,recoverable,expected_sarsa,0.85375,False,2
1522,recoverable,expected_sarsa,0.849,False,3
1523,recoverable,expected_sarsa,0.85,False,1
1524,recoverable,expected_sarsa,0.85,False,2
1525,recoverable,expected_sarsa,0.851666666667,False,1
1526,recoverable,expected_sarsa,0.855,False,1
1527,recoverable,expected_sarsa,0.85125,False,2
1528,recoverable,expected_sarsa,0.845,False,2
1529,recoverable,expected_sarsa,0.852142857143,False,2
1530,recoverable,expected_sarsa,0.856428571429,False,1
1531,recoverable,expected_sarsa,0.852222222222,False,1
1532,recoverable,expected_sarsa,0.85,False,0
1533,recoverable,expected_sarsa,0.845,False,1
1534,recoverable,expected_sarsa,0.845,False,3
1535,recoverable,expected_sarsa,0.8525,False,2
1536,recoverable,expected_sarsa,0.853333333333,False,2
1537,recoverable,expected_sarsa,0.85,False,1
1538,recoverable,expected_sarsa,0.853,False,2
1539,recoverable,expected_sarsa,0.845,False,1
1540,recoverable,expected_sarsa,0.851666666667,False,1
1541,recoverable,expected_sarsa,0.85,False,0
1542,recoverable,expected_sarsa,0.852142857143,False,2
1543,recoverable,expected_sarsa,0.853333333333,False,2
1544,recoverable,expected_sarsa,0.85375,False,0
1545,recoverable,expected_sarsa,0.84875,False,1
1546,recoverable,expected_sarsa,0.855,False,1
1547,recoverable,expected_sarsa,0.8525,False,1
1548,recoverable,expected_sarsa,0.853333333333,False,2
1549,recoverable,expected_sarsa,0.855,False,0
1550,recoverable,expected_sarsa,0.852857142857,False,2
1551,recoverable,expected_sarsa,0.8525,False,1
1552,recoverable,expected_sarsa,0.85125,False,1
1553,recoverable,expected_sarsa,0.853,False,0
1554,recoverable,expected_sarsa,0.845,False,2
1555,recoverable,expected_sarsa,0.851666666667,False,1
1556,recoverable,expected_sarsa,0.85,False,2
1557,recoverable,expected_sarsa,0.85375,False,1
1558,recoverable,expected_sarsa,0.8525,False,1
1559,recoverable,expected_sarsa,0.85625,False,1
1560,recoverable,expected_sarsa,0.855,False,1
1561,recoverable,expected_sarsa,0.85125,False,2
1562,recoverable,expected_sarsa,0.8525,False,2
1563,recoverable,expected_sarsa,0.85,False,1
1564,recoverable,expected_sarsa,0.852777777778,False,2
1565,recoverable,expected_sarsa,0.845,False,1
1566,recoverable,expected_sarsa,0.855833333333,False,1
1567,recoverable,expected_sarsa,0.851428571429,False,0
1568,recoverable,expected_sarsa,0.853333333333,False,2
1569,recoverable,expected_sarsa,0.85,False,2
1570,recoverable,expected_sarsa,0.849375,False,2
1571,recoverable,expected_sarsa,0.839285714286,False,2
1572,recoverable,expected_sarsa,0.849,False,0
1573,recoverable,expected_sarsa,0.849166666667,False,3
1574,recoverable,expected_sarsa,0.8525,False,2
1575,recoverable,expected_sarsa,0.85125,False,1
1576,recoverable,expected_sarsa,0.855,False,1
1577,recoverable,expected_sarsa,0.849285714286,False,1
1578,recoverable,expected_sarsa,0.853333333333,False,1
1579,recoverable,expected_sarsa,0.849,False,3
1580,recoverable,expected_sarsa,0.852777777778,False,2
1581,recoverable,expected_sarsa,0.85,False,0
1582,recoverable,expected_sarsa,0.85,False,1
1583,recoverable,expected_sarsa,0.851428571429,False,2
1584,recoverable,expected_sarsa,0.849,False,0
1585,recoverable,expected_sarsa,0.85,False,1
1586,recoverable,expected_sarsa,0.853333333333,False,1
1587,recoverable,expected_sarsa,0.85,False,1
1588,recoverable,expected_sarsa,0.849166666667,False,3
1589,recoverable,expected_sarsa,0.849285714286,False,1
1590,recoverable,expected_sarsa,0.845,False,1
1591,recoverable,expected_sarsa,0.852142857143,False,1
1592,recoverable,expected_sarsa,0.851875,False,1
1593,recoverable,expected_sarsa,0.855,False,1
1594,recoverable,expected_sarsa,0.851666666667,False,3
1595,recoverable,expected_sarsa,0.84,False,2
1596,recoverable,expected_sarsa,0.85125,False,1
1597,recoverable,expected_sarsa,0.853333333333,False,1
1598,recoverable,expected_sarsa,0.849166666667,False,2
1599,recoverable,expected_sarsa,0.849166666667,False,0
1600,recoverable,expected_sarsa,0.851875,False,1
1601,recoverable,expected_sarsa,0.84,False,1
1602,recoverable,expected_sarsa,0.8525,False,1
1603,recoverable,expected_sarsa,0.847857142857,False,2
1604,recoverable,expected_sarsa,0.85,False,2
1605,recoverable,expected_sarsa,0.848333333333,False,1
1606,recoverable,expected_sarsa,0.8525,False,1
1607,recoverable,expected_sarsa,0.851428571429,False,1
1608,recoverable,expected_sarsa,0.85375,False,1
1609,recoverable,expected_sarsa,0.857,False,2
1610,recoverable,expected_sarsa,0.84,False,1
1611,recoverable,expected_sarsa,0.855,False,1
1612,recoverable,expected_sarsa,0.843333333333,False,2
1613,recoverable,expected_sarsa,0.85125,False,1
1614,recoverable,expected_sarsa,0.8525,False,3
1615,recoverable,expected_sarsa,0.8525,False,3
1616,recoverable,expected_sarsa,0.853181818182,False,3
1617,recoverable,expected_sarsa,0.855,False,2
1618,recoverable,expected_sarsa,0.8525,False,1
1619,recoverable,expected_sarsa,0.852857142857,False,1
1620,recoverable,expected_sarsa,0.852777777778,False,1
1621,recoverable,expected_sarsa,0.85,False,2
1622,recoverable,expected_sarsa,0.855555555556,False,1
1623,recoverable,expected_sarsa,0.8525,False,1
1624,recoverable,expected_sarsa,0.85,False,2
1625,recoverable,expected_sarsa,0.852142857143,False,2
1626,recoverable,expected_sarsa,0.855,False,0
1627,recoverable,expected_sarsa,0.855,False,1
1628,recoverable,expected_sarsa,0.854,False,1
1629,recoverable,expected_sarsa,0.855,False,0
1630,recoverable,expected_sarsa,0.855555555556,False,1
1631,recoverable,expected_sarsa,0.855,False,1
1632,recoverable,expected_sarsa,0.8525,False,1
1633,recoverable,expected_sarsa,0.851875,False,1
1634,recoverable,expected_sarsa,0.849166666667,False,2
1635,recoverable,expected_sarsa,0.85125,False,1
1636,recoverable,expected_sarsa,0.85,False,0
1637,recoverable,expected_sarsa,0.845,False,2
1638,recoverable,expected_sarsa,0.851666666667,False,2
1639,recoverable,expected_sarsa,0.855,False,2
1640,recoverable,expected_sarsa,0.853,False,2
1641,recoverable,expected_sarsa,0.852857142857,False,3
1642,recoverable,expected_sarsa,0.85375,False,3
1643,recoverable,expected_sarsa,0.851875,False,1
1644,recoverable,expected_sarsa,0.850833333333,False,3
1645,recoverable,expected_sarsa,0.853,False,1
1646,recoverable,expected_sarsa,0.85,False,2
1647,recoverable,expected_sarsa,0.852142857143,False,2
1648,recoverable,expected_sarsa,0.855,False,2
1649,recoverable,expected_sarsa,0.85,False,1
1650,recoverable,expected_sarsa,0.852,False,0
1651,recoverable,expected_sarsa,0.855,False,1
1652,recoverable,expected_sarsa,0.847857142857,False,1
1653,recoverable,expected_sarsa,0.855,False,2
1654,recoverable,expected_sarsa,0.852777777778,False,1
1655,recoverable,expected_sarsa,0.853333333333,False,1
1656,recoverable,expected_sarsa,0.855,False,2
1657,recoverable,expected_sarsa,0.855,False,1
1658,recoverable,expected_sarsa,0.85125,False,1
1659,recoverable,expected_sarsa,0.849,False,0
1660,recoverable,expected_sarsa,0.853888888889,False,2
1661,recoverable,expected_sarsa,0.853,False,1
1662,recoverable,expected_sarsa,0.848125,False,2
1663,recoverable,expected_sarsa,0.85625,False,3
1664,recoverable,expected_sarsa,0.855,False,2
1665,recoverable,expected_sarsa,0.845,False,2
1666,recoverable,expected_sarsa,0.839375,False,2
1667,recoverable,expected_sarsa,0.851,False,2
1668,recoverable,expected_sarsa,0.852,False,0
1669,recoverable,expected_sarsa,0.8525,False,1
1670,recoverable,expected_sarsa,0.84,False,0
1671,recoverable,expected_sarsa,0.851666666667,False,2
1672,recoverable,expected_sarsa,0.851666666667,False,2
1673,recoverable,expected_sarsa,0.853333333333,False,1
1674,recoverable,expected_sarsa,0.851666666667,False,0
1675,recoverable,expected_sarsa,0.8525,False,2
1676,recoverable,expected_sarsa,0.853125,False,1
1677,recoverable,expected_sarsa,0.85375,False,1
1678,recoverable,expected_sarsa,0.855,False,0
1679,recoverable,expected_sarsa,0.851,False,0
1680,recoverable,expected_sarsa,0.85375,False,2
1681,recoverable,expected_sarsa,0.855,False,0
1682,recoverable,expected_sarsa,0.851,False,0
1683,recoverable,expected_sarsa,0.8575,False,2
1684,recoverable,expected_sarsa,0.85375,False,1
1685,recoverable,expected_sarsa,0.852272727273,False,4
1686,recoverable,expected_sarsa,0.8525,False,3
1687,recoverable,expected_sarsa,0.8525,False,0
1688,recoverable,expected_sarsa,0.851666666667,False,2
1689,recoverable,expected_sarsa,0.84875,False,2
1690,recoverable,expected_sarsa,0.855833333333,False,1
1691,recoverable,expected_sarsa,0.848571428571,False,2
1692,recoverable,expected_sarsa,0.848333333333,False,1
1693,recoverable,expected_sarsa,0.853,False,0
1694,recoverable,expected_sarsa,0.84,False,1
1695,recoverable,expected_sarsa,0.855,False,0
1696,recoverable,expected_sarsa,0.8425,False,2
1697,recoverable,expected_sarsa,0.8525,False,1
1698,recoverable,expected_sarsa,0.84,False,2
1699,recoverable,expected_sarsa,0.854,False,2
1700,recoverable,expected_sarsa,0.85125,False,1
1701,recoverable,expected_sarsa,0.838333333333,False,3
1702,recoverable,expected_sarsa,0.85,False,2
1703,recoverable,expected_sarsa,0.85375,False,2
1704,recoverable,expected_sarsa,0.849375,False,2
1705,recoverable,expected_sarsa,0.856,False,1
1706,recoverable,expected_sarsa,0.85,False,0
1707,recoverable,expected_sarsa,0.84,False,3
1708,recoverable,expected_sarsa,0.8475,False,1
1709,recoverable,expected_sarsa,0.855,False,1
1710,recoverable,expected_sarsa,0.851666666667,False,1
1711,recoverable,expected_sarsa,0.839444444444,False,3
1712,recoverable,expected_sarsa,0.853,False,4
1713,recoverable,expected_sarsa,0.85625,False,1
1714,recoverable,expected_sarsa,0.838571428571,False,1
1715,recoverable,expected_sarsa,0.85,False,1
1716,recoverable,expected_sarsa,0.848571428571,False,2
1717,recoverable,expected_sarsa,0.85375,False,0
1718,recoverable,expected_sarsa,0.85125,False,1
1719,recoverable,expected_sarsa,0.8525,False,3
1720,recoverable,expected_sarsa,0.851666666667,False,2
1721,recoverable,expected_sarsa,0.85,False,2
1722,recoverable,expected_sarsa,0.856,False,2
1723,recoverable,expected_sarsa,0.853333333333,False,0
1724,recoverable,expected_sarsa,0.8525,False,1
1725,recoverable,expected_sarsa,0.853333333333,False,1
1726,recoverable,expected_sarsa,0.851666666667,False,0
1727,recoverable,expected_sarsa,0.856666666667,False,2
1728,recoverable,expected_sarsa,0.855,False,0
1729,recoverable,expected_sarsa,0.852,False,2
1730,recoverable,expected_sarsa,0.84875,False,1
1731,recoverable,expected_sarsa,0.85,False,1
1732,recoverable,expected_sarsa,0.85,False,1
1733,recoverable,expected_sarsa,0.845,False,1
1734,recoverable,expected_sarsa,0.854,False,1
1735,recoverable,expected_sarsa,0.852,False,2
1736,recoverable,expected_sarsa,0.855,False,1
1737,recoverable,expected_sarsa,0.84875,False,2
1738,recoverable,expected_sarsa,0.841666666667,False,1
1739,recoverable,expected_sarsa,0.85,False,1
1740,recoverable,expected_sarsa,0.8525,False,1
1741,recoverable,expected_sarsa,0.85,False,1
1742,recoverable,expected_sarsa,0.853888888889,False,4
1743,recoverable,expected_sarsa,0.853,False,2
1744,recoverable,expected_sarsa,0.845,False,3
1745,recoverable,expected_sarsa,0.849,False,1
1746,recoverable,expected_sarsa,0.856666666667,False,1
1747,recoverable,expected_sarsa,0.85,False,3
1748,recoverable,expected_sarsa,0.85,False,1
1749,recoverable,expected_sarsa,0.85,False,1
1750,recoverable,expected_sarsa,0.85,False,1
1751,recoverable,expected_sarsa,0.855,False,2
1752,recoverable,expected_sarsa,0.851875,False,2
1753,recoverable,expected_sarsa,0.855,False,1
1754,recoverable,expected_sarsa,0.85375,False,1
1755,recoverable,expected_sarsa,0.8525,False,0
1756,recoverable,expected_sarsa,0.84,False,1
1757,recoverable,expected_sarsa,0.849,False,1
1758,recoverable,expected_sarsa,0.85,False,0
1759,recoverable,expected_sarsa,0.84,False,3
1760,recoverable,expected_sarsa,0.852,False,1
1761,recoverable,expected_sarsa,0.852,False,0
1762,recoverable,expected_sarsa,0.85,False,2
1763,recoverable,expected_sarsa,0.848571428571,False,1
1764,recoverable,expected_sarsa,0.852,False,3
1765,recoverable,expected_sarsa,0.855,False,2
1766,recoverable,expected_sarsa,0.85,False,0
1767,recoverable,expected_sarsa,0.85,False,1
1768,recoverable,expected_sarsa,0.85375,False,1
1769,recoverable,expected_sarsa,0.848888888889,False,2
1770,recoverable,expected_sarsa,0.85,False,2
1771,recoverable,expected_sarsa,0.853333333333,False,0
1772,recoverable,expected_sarsa,0.853125,False,3
1773,recoverable,expected_sarsa,0.8525,False,1
1774,recoverable,expected_sarsa,0.852777777778,False,2
1775,recoverable,expected_sarsa,0.85,False,2
1776,recoverable,expected_sarsa,0.838333333333,False,2
1777,recoverable,expected_sarsa,0.8575,False,2
1778,recoverable,expected_sarsa,0.845,False,2
1779,recoverable,expected_sarsa,0.845,False,2
1780,recoverable,expected_sarsa,0.8525,False,3
1781,recoverable,expected_sarsa,0.8525,False,2
1782,recoverable,expected_sarsa,0.8525,False,1
1783,recoverable,expected_sarsa,0.855833333333,False,2
1784,recoverable,expected_sarsa,0.852857142857,False,2
1785,recoverable,expected_sarsa,0.851428571429,False,1
1786,recoverable,expected_sarsa,0.85375,False,1
1787,recoverable,expected_sarsa,0.8525,False,2
1788,recoverable,expected_sarsa,0.855,False,1
1789,recoverable,expected_sarsa,0.8525,False,0
1790,recoverable,expected_sarsa,0.853333333333,False,1
1791,recoverable,expected_sarsa,0.848125,False,2
1792,recoverable,expected_sarsa,0.86,False,1
1793,recoverable,expected_sarsa,0.853333333333,False,1
1794,recoverable,expected_sarsa,0.86,False,1
1795,recoverable,expected_sarsa,0.8525,False,1
1796,recoverable,expected_sarsa,0.856,False,2
1797,recoverable,expected_sarsa,0.8525,False,2
1798,recoverable,expected_sarsa,0.847,False,1
1799,recoverable,expected_sarsa,0.852142857143,False,1
1800,recoverable,expected_sarsa,0.8525,False,1
1801,recoverable,expected_sarsa,0.85,False,1
1802,recoverable,expected_sarsa,0.85375,False,0
1803,recoverable,expected_sarsa,0.844,False,1
1804,recoverable,expected_sarsa,0.853571428571,False,2
1805,recoverable,expected_sarsa,0.8525,False,1
1806,recoverable,expected_sarsa,0.85,False,0
1807,recoverable,expected_sarsa,0.854,False,2
1808,recoverable,expected_sarsa,0.852222222222,False,1
1809,recoverable,expected_sarsa,0.84,False,0
1810,recoverable,expected_sarsa,0.84375,False,2
1811,recoverable,expected_sarsa,0.849,False,2
1812,recoverable,expected_sarsa,0.850833333333,False,4
1813,recoverable,expected_sarsa,0.85375,False,1
1814,recoverable,expected_sarsa,0.849285714286,False,2
1815,recoverable,expected_sarsa,0.85,False,1
1816,recoverable,expected_sarsa,0.8525,False,1
1817,recoverable,expected_sarsa,0.845,False,3
1818,recoverable,expected_sarsa,0.85125,False,1
1819,recoverable,expected_sarsa,0.8525,False,0
1820,recoverable,expected_sarsa,0.855833333333,False,2
1821,recoverable,expected_sarsa,0.85,False,1
1822,recoverable,expected_sarsa,0.85,False,2
1823,recoverable,expected_sarsa,0.853333333333,False,1
1824,recoverable,expected_sarsa,0.8425,False,2
1825,recoverable,expected_sarsa,0.8375,False,2
1826,recoverable,expected_sarsa,0.85375,False,2
1827,recoverable,expected_sarsa,0.8525,False,1
1828,recoverable,expected_sarsa,0.845,False,1
1829,recoverable,expected_sarsa,0.844,False,3
1830,recoverable,expected_sarsa,0.853,False,2
1831,recoverable,expected_sarsa,0.849166666667,False,2
1832,recoverable,expected_sarsa,0.852,False,2
1833,recoverable,expected_sarsa,0.848571428571,False,2
1834,recoverable,expected_sarsa,0.851666666667,False,2
1835,recoverable,expected_sarsa,0.845,False,1
1836,recoverable,expected_sarsa,0.852857142857,False,2
1837,recoverable,expected_sarsa,0.853125,False,1
1838,recoverable,expected_sarsa,0.85,False,1
1839,recoverable,expected_sarsa,0.855833333333,False,1
1840,recoverable,expected_sarsa,0.8525,False,0
1841,recoverable,expected_sarsa,0.85,False,1
1842,recoverable,expected_sarsa,0.85375,False,1
1843,recoverable,expected_sarsa,0.85,False,2
1844,recoverable,expected_sarsa,0.849285714286,False,3
1845,recoverable,expected_sarsa,0.853333333333,False,4
1846,recoverable,expected_sarsa,0.85125,False,2
1847,recoverable,expected_sarsa,0.855,False,1
1848,recoverable,expected_sarsa,0.85375,False,1
1849,recoverable,expected_sarsa,0.849375,False,3
1850,recoverable,expected_sarsa,0.851666666667,False,2
1851,recoverable,expected_sarsa,0.851428571429,False,1
1852,recoverable,expected_sarsa,0.851875,False,1
1853,recoverable,expected_sarsa,0.839166666667,False,1
1854,recoverable,expected_sarsa,0.853333333333,False,3
1855,recoverable,expected_sarsa,0.84,False,2
1856,recoverable,expected_sarsa,0.853333333333,False,1
1857,recoverable,expected_sarsa,0.84375,False,2
1858,recoverable,expected_sarsa,0.852142857143,False,1
1859,recoverable,expected_sarsa,0.851666666667,False,1
1860,recoverable,expected_sarsa,0.851666666667,False,0
1861,recoverable,expected_sarsa,0.8525,False,2
1862,recoverable,expected_sarsa,0.851666666667,False,0
1863,recoverable,expected_sarsa,0.854,False,2
1864,recoverable,expected_sarsa,0.85,False,1
1865,recoverable,expected_sarsa,0.847857142857,False,2
1866,recoverable,expected_sarsa,0.851,False,1
1867,recoverable,expected_sarsa,0.855,False,3
1868,recoverable,expected_sarsa,0.853571428571,False,1
1869,recoverable,expected_sarsa,0.85,False,0
1870,recoverable,expected_sarsa,0.851,False,2
1871,recoverable,expected_sarsa,0.851666666667,False,2
1872,recoverable,expected_sarsa,0.854,False,2
1873,recoverable,expected_sarsa,0.85625,False,1
1874,recoverable,expected_sarsa,0.847727272727,False,3
1875,recoverable,expected_sarsa,0.854,False,2
1876,recoverable,expected_sarsa,0.852777777778,False,1
1877,recoverable,expected_sarsa,0.855625,False,1
1878,recoverable,expected_sarsa,0.8525,False,1
1879,recoverable,expected_sarsa,0.8525,False,2
1880,recoverable,expected_sarsa,0.848571428571,False,2
1881,recoverable,expected_sarsa,0.854,False,2
1882,recoverable,expected_sarsa,0.853333333333,False,2
1883,recoverable,expected_sarsa,0.8525,False,1
1884,recoverable,expected_sarsa,0.852142857143,False,0
1885,recoverable,expected_sarsa,0.845,False,1
1886,recoverable,expected_sarsa,0.855,False,1
1887,recoverable,expected_sarsa,0.85125,False,0
1888,recoverable,expected_sarsa,0.85375,False,0
1889,recoverable,expected_sarsa,0.851666666667,False,2
1890,recoverable,expected_sarsa,0.852142857143,False,1
1891,recoverable,expected_sarsa,0.845,False,1
1892,recoverable,expected_sarsa,0.85375,False,2
1893,recoverable,expected_sarsa,0.851875,False,2
1894,recoverable,expected_sarsa,0.852,False,1
1895,recoverable,expected_sarsa,0.851428571429,False,0
1896,recoverable,expected_sarsa,0.8575,False,2
1897,recoverable,expected_sarsa,0.85,False,2
1898,recoverable,expected_sarsa,0.84875,False,3
1899,recoverable,expected_sarsa,0.855,False,1
1900,recoverable,expected_sarsa,0.855,False,1
1901,recoverable,expected_sarsa,0.8525,False,2
1902,recoverable,expected_sarsa,0.856666666667,False,1
1903,recoverable,expected_sarsa,0.852142857143,False,2
1904,recoverable,expected_sarsa,0.853333333333,False,1
1905,recoverable,expected_sarsa,0.85,False,1
1906,recoverable,expected_sarsa,0.845,False,0
1907,recoverable,expected_sarsa,0.834090909091,False,2
1908,recoverable,expected_sarsa,0.85,False,1
1909,recoverable,expected_sarsa,0.8575,False,1
1910,recoverable,expected_sarsa,0.8525,False,0
1911,recoverable,expected_sarsa,0.84875,False,1
1912,recoverable,expected_sarsa,0.852777777778,False,1
1913,recoverable,expected_sarsa,0.8525,False,3
1914,recoverable,expected_sarsa,0.850833333333,False,1
1915,recoverable,expected_sarsa,0.85,False,2
1916,recoverable,expected_sarsa,0.85,False,1
1917,recoverable,expected_sarsa,0.853,False,1
1918,recoverable,expected_sarsa,0.855,False,1
1919,recoverable,expected_sarsa,0.855,False,0
1920,recoverable,expected_sarsa,0.851428571429,False,3
1921,recoverable,expected_sarsa,0.853571428571,False,3
1922,recoverable,expected_sarsa,0.85,False,1
1923,recoverable,expected_sarsa,0.851,False,2
1924,recoverable,expected_sarsa,0.853,False,2
1925,recoverable,expected_sarsa,0.854285714286,False,2
1926,recoverable,expected_sarsa,0.8525,False,1
1927,recoverable,expected_sarsa,0.8525,False,1
1928,recoverable,expected_sarsa,0.85,False,1
1929,recoverable,expected_sarsa,0.85125,False,1
1930,recoverable,expected_sarsa,0.85125,False,3
1931,recoverable,expected_sarsa,0.8525,False,3
1932,recoverable,expected_sarsa,0.855,False,1
1933,recoverable,expected_sarsa,0.848181818182,False,3
1934,recoverable,expected_sarsa,0.856875,False,1
1935,recoverable,expected_sarsa,0.855,False,1
1936,recoverable,expected_sarsa,0.849285714286,False,2
1937,recoverable,expected_sarsa,0.84,False,1
1938,recoverable,expected_sarsa,0.854,False,1
1939,recoverable,expected_sarsa,0.852,False,1
1940,recoverable,expected_sarsa,0.85,False,1
1941,recoverable,expected_sarsa,0.851,False,2
1942,recoverable,expected_sarsa,0.849285714286,False,3
1943,recoverable,expected_sarsa,0.855,False,1
1944,recoverable,expected_sarsa,0.851428571429,False,3
1945,recoverable,expected_sarsa,0.85,False,1
1946,recoverable,expected_sarsa,0.85,False,1
1947,recoverable,expected_sarsa,0.8525,False,2
1948,recoverable,expected_sarsa,0.849285714286,False,2
1949,recoverable,expected_sarsa,0.85375,False,2
1950,recoverable,expected_sarsa,0.852857142857,False,0
1951,recoverable,expected_sarsa,0.857,False,1
1952,recoverable,expected_sarsa,0.8525,False,3
1953,recoverable,expected_sarsa,0.855,False,2
1954,recoverable,expected_sarsa,0.851666666667,False,2
1955,recoverable,expected_sarsa,0.85,False,2
1956,recoverable,expected_sarsa,0.853333333333,False,1
1957,recoverable,expected_sarsa,0.849090909091,False,4
1958,recoverable,expected_sarsa,0.853333333333,False,0
1959,recoverable,expected_sarsa,0.845,False,2
1960,recoverable,expected_sarsa,0.8525,False,1
1961,recoverable,expected_sarsa,0.849375,False,2
1962,recoverable,expected_sarsa,0.85125,False,1
1963,recoverable,expected_sarsa,0.851428571429,False,2
1964,recoverable,expected_sarsa,0.85,False,2
1965,recoverable,expected_sarsa,0.856666666667,False,2
1966,recoverable,expected_sarsa,0.849285714286,False,1
1967,recoverable,expected_sarsa,0.855,False,1
1968,recoverable,expected_sarsa,0.856,False,2
1969,recoverable,expected_sarsa,0.851666666667,False,2
1970,recoverable,expected_sarsa,0.8535,False,2
1971,recoverable,expected_sarsa,0.851666666667,False,0
1972,recoverable,expected_sarsa,0.855,False,2
1973,recoverable,expected_sarsa,0.854166666667,False,0
1974,recoverable,expected_sarsa,0.852142857143,False,2
1975,recoverable,expected_sarsa,0.843,False,2
1976,recoverable,expected_sarsa,0.855,False,2
1977,recoverable,expected_sarsa,0.855,False,1
1978,recoverable,expected_sarsa,0.853571428571,False,2
1979,recoverable,expected_sarsa,0.855,False,0
1980,recoverable,expected_sarsa,0.8475,False,0
1981,recoverable,expected_sarsa,0.8525,False,1
1982,recoverable,expected_sarsa,0.849,False,1
1983,recoverable,expected_sarsa,0.854166666667,False,3
1984,recoverable,expected_sarsa,0.85375,False,2
1985,recoverable,expected_sarsa,0.855,False,1
1986,recoverable,expected_sarsa,0.85375,False,2
1987,recoverable,expected_sarsa,0.853,False,1
1988,recoverable,expected_sarsa,0.85375,False,1
1989,recoverable,expected_sarsa,0.83875,False,2
1990,recoverable,expected_sarsa,0.85,False,1
1991,recoverable,expected_sarsa,0.8525,False,1
1992,recoverable,expected_sarsa,0.8425,False,3
1993,recoverable,expected_sarsa,0.852857142857,False,1
1994,recoverable,expected_sarsa,0.851666666667,False,1
1995,recoverable,expected_sarsa,0.851,False,2
1996,recoverable,expected_sarsa,0.85,False,2
1997,recoverable,expected_sarsa,0.8525,False,3
1998,recoverable,expected_sarsa,0.851875,False,2
1999,recoverable,expected_sarsa,0.856666666667,False,2
0,recoverable,q_learning,0.8225,False,0
1,recoverable,q_learning,0.82375,False,0
2,recoverable,q_learning,0.824,False,0
3,recoverable,q_learning,0.828333333333,False,0
4,recoverable,q_learning,0.816,False,1
5,recoverable,q_learning,0.82,False,0
6,recoverable,q_learning,0.82,False,1
7,recoverable,q_learning,0.826111111111,False,1
8,recoverable,q_learning,0.8225,False,0
9,recoverable,q_learning,0.818181818182,False,2
10,recoverable,q_learning,0.8275,False,0
11,recoverable,q_learning,0.82,False,0
12,recoverable,q_learning,0.81,False,1
13,recoverable,q_learning,0.8225,False,0
14,recoverable,q_learning,0.8225,False,0
15,recoverable,q_learning,0.825,False,0
16,recoverable,q_learning,0.82,False,0
17,recoverable,q_learning,0.82,False,0
18,recoverable,q_learning,0.822142857143,False,1
19,recoverable,q_learning,0.820714285714,False,1
20,recoverable,q_learning,0.82,False,0
21,recoverable,q_learning,0.817777777778,False,1
22,recoverable,q_learning,0.818571428571,False,1
23,recoverable,q_learning,0.824,False,0
24,recoverable,q_learning,0.820833333333,False,0
25,recoverable,q_learning,0.825,False,0
26,recoverable,q_learning,0.82,False,0
27,recoverable,q_learning,0.823333333333,False,1
28,recoverable,q_learning,0.823,False,0
29,recoverable,q_learning,0.821666666667,False,1
30,recoverable,q_learning,0.8275,False,0
31,recoverable,q_learning,0.82,False,0
32,recoverable,q_learning,0.827857142857,False,0
33,recoverable,q_learning,0.82125,False,0
34,recoverable,q_learning,0.817142857143,False,0
35,recoverable,q_learning,0.817777777778,False,2
36,recoverable,q_learning,0.821666666667,False,0
37,recoverable,q_learning,0.8275,False,0
38,recoverable,q_learning,0.823333333333,False,1
39,recoverable,q_learning,0.81,False,0
40,recoverable,q_learning,0.82125,False,0
41,recoverable,q_learning,0.8225,False,0
42,recoverable,q_learning,0.821666666667,False,0
43,recoverable,q_learning,0.8225,False,0
44,recoverable,q_learning,0.821818181818,False,0
45,recoverable,q_learning,0.818333333333,False,0
46,recoverable,q_learning,0.815714285714,False,1
47,recoverable,q_learning,0.81875,False,1
48,recoverable,q_learning,0.81625,False,0
49,recoverable,q_learning,0.82,False,0
50,recoverable,q_learning,0.817272727273,False,2
51,recoverable,q_learning,0.82,False,0
52,recoverable,q_learning,0.82,False,1
53,recoverable,q_learning,0.825,False,1
54,recoverable,q_learning,0.82,False,1
55,recoverable,q_learning,0.827222222222,False,1
56,recoverable,q_learning,0.82375,False,0
57,recoverable,q_learning,0.818571428571,False,0
58,recoverable,q_learning,0.827,False,0
59,recoverable,q_learning,0.820833333333,False,0
60,recoverable,q_learning,0.826428571429,False,1
61,recoverable,q_learning,0.81,False,0
62,recoverable,q_learning,0.8225,False,0
63,recoverable,q_learning,0.824,False,0
64,recoverable,q_learning,0.818,False,0
65,recoverable,q_learning,0.825,False,0
66,recoverable,q_learning,0.8225,False,0
67,recoverable,q_learning,0.81875,False,2
68,recoverable,q_learning,0.82,False,0
69,recoverable,q_learning,0.81625,False,1
70,recoverable,q_learning,0.82,False,0
71,recoverable,q_learning,0.82,False,0
72,recoverable,q_learning,0.824,False,0
73,recoverable,q_learning,0.822857142857,False,0
74,recoverable,q_learning,0.82,False,1
75,recoverable,q_learning,0.822,False,0
76,recoverable,q_learning,0.826428571429,False,0
77,recoverable,q_learning,0.825,False,1
78,recoverable,q_learning,0.8225,False,0
79,recoverable,q_learning,0.82,False,0
80,recoverable,q_learning,0.818571428571,False,0
81,recoverable,q_learning,0.82,False,1
82,recoverable,q_learning,0.82,False,1
83,recoverable,q_learning,0.825,False,0
84,recoverable,q_learning,0.821,False,0
85,recoverable,q_learning,0.8175,False,0
86,recoverable,q_learning,0.817692307692,False,2
87,recoverable,q_learning,0.823333333333,False,0
88,recoverable,q_learning,0.826666666667,False,0
89,recoverable,q_learning,0.817142857143,False,1
90,recoverable,q_learning,0.82,False,0
91,recoverable,q_learning,0.826,False,1
92,recoverable,q_learning,0.82125,False,0
93,recoverable,q_learning,0.827222222222,False,0
94,recoverable,q_learning,0.82375,False,1
95,recoverable,q_learning,0.818888888889,False,0
96,recoverable,q_learning,0.82,False,1
97,recoverable,q_learning,0.82375,False,0
98,recoverable,q_learning,0.827,False,0
99,recoverable,q_learning,0.827222222222,False,0
100,recoverable,q_learning,0.825,False,0
101,recoverable,q_learning,0.825,False,0
102,recoverable,q_learning,0.826666666667,False,1
103,recoverable,q_learning,0.823333333333,False,0
104,recoverable,q_learning,0.817272727273,False,0
105,recoverable,q_learning,0.818,False,1
106,recoverable,q_learning,0.82875,False,0
107,recoverable,q_learning,0.82,False,1
108,recoverable,q_learning,0.826111111111,False,1
109,recoverable,q_learning,0.825,False,0
110,recoverable,q_learning,0.82,False,0
111,recoverable,q_learning,0.82,False,0
112,recoverable,q_learning,0.82,False,0
113,recoverable,q_learning,0.82,False,0
114,recoverable,q_learning,0.82,False,0
115,recoverable,q_learning,0.818333333333,False,1
116,recoverable,q_learning,0.827,False,0
117,recoverable,q_learning,0.816666666667,False,1
118,recoverable,q_learning,0.823333333333,False,0
119,recoverable,q_learning,0.8175,False,2
120,recoverable,q_learning,0.823125,False,1
121,recoverable,q_learning,0.818,False,0
122,recoverable,q_learning,0.82125,False,1
123,recoverable,q_learning,0.82,False,0
124,recoverable,q_learning,0.823333333333,False,0
125,recoverable,q_learning,0.825,False,0
126,recoverable,q_learning,0.821666666667,False,0
127,recoverable,q_learning,0.817,False,1
128,recoverable,q_learning,0.823333333333,False,0
129,recoverable,q_learning,0.816666666667,False,1
130,recoverable,q_learning,0.822857142857,False,0
131,recoverable,q_learning,0.816,False,1
132,recoverable,q_learning,0.82,False,0
133,recoverable,q_learning,0.8225,False,0
134,recoverable,q_learning,0.824166666667,False,0
135,recoverable,q_learning,0.824166666667,False,0
136,recoverable,q_learning,0.823,False,0
137,recoverable,q_learning,0.82375,False,0
138,recoverable,q_learning,0.827857142857,False,0
139,recoverable,q_learning,0.81875,False,1
140,recoverable,q_learning,0.8175,False,0
141,recoverable,q_learning,0.8225,False,0
142,recoverable,q_learning,0.816666666667,False,0
143,recoverable,q_learning,0.8225,False,0
144,recoverable,q_learning,0.82,False,0
145,recoverable,q_learning,0.82375,False,0
146,recoverable,q_learning,0.823571428571,False,0
147,recoverable,q_learning,0.817,False,1
148,recoverable,q_learning,0.82,False,0
149,recoverable,q_learning,0.826666666667,False,0
150,recoverable,q_learning,0.8225,False,0
151,recoverable,q_learning,0.827,False,0
152,recoverable,q_learning,0.815714285714,False,1
153,recoverable,q_learning,0.82125,False,0
154,recoverable,q_learning,0.82,False,1
155,recoverable,q_learning,0.815,False,0
156,recoverable,q_learning,0.828333333333,False,0
157,recoverable,q_learning,0.818571428571,False,0
158,recoverable,q_learning,0.828333333333,False,0
159,recoverable,q_learning,0.8175,False,0
160,recoverable,q_learning,0.82875,False,0
161,recoverable,q_learning,0.817142857143,False,1
162,recoverable,q_learning,0.825,False,0
163,recoverable,q_learning,0.828,False,1
164,recoverable,q_learning,0.820833333333,False,1
165,recoverable,q_learning,0.821666666667,False,0
166,recoverable,q_learning,0.82125,False,0
167,recoverable,q_learning,0.82,False,0
168,recoverable,q_learning,0.821666666667,False,0
169,recoverable,q_learning,0.825,False,1
170,recoverable,q_learning,0.816666666667,False,2
171,recoverable,q_learning,0.820833333333,False,0
172,recoverable,q_learning,0.827857142857,False,0
173,recoverable,q_learning,0.82,False,1
174,recoverable,q_learning,0.825,False,0
175,recoverable,q_learning,0.8225,False,0
176,recoverable,q_learning,0.82,False,1
177,recoverable,q_learning,0.821666666667,False,0
178,recoverable,q_learning,0.82,False,0
179,recoverable,q_learning,0.821666666667,False,0
180,recoverable,q_learning,0.817777777778,False,1
181,recoverable,q_learning,0.82,False,0
182,recoverable,q_learning,0.825,False,0
183,recoverable,q_learning,0.825,False,0
184,recoverable,q_learning,0.823333333333,False,0
185,recoverable,q_learning,0.8225,False,1
186,recoverable,q_learning,0.825,False,0
187,recoverable,q_learning,0.818571428571,False,1
188,recoverable,q_learning,0.8225,False,0
189,recoverable,q_learning,0.8275,False,0
190,recoverable,q_learning,0.82125,False,0
191,recoverable,q_learning,0.82,False,0
192,recoverable,q_learning,0.82125,False,0
193,recoverable,q_learning,0.815,False,1
194,recoverable,q_learning,0.815714285714,False,0
195,recoverable,q_learning,0.826666666667,False,0
196,recoverable,q_learning,0.826111111111,False,0
197,recoverable,q_learning,0.82,False,1
198,recoverable,q_learning,0.824,False,0
199,recoverable,q_learning,0.82375,False,0
200,recoverable,q_learning,0.829285714286,False,0
201,recoverable,q_learning,0.821111111111,False,1
202,recoverable,q_learning,0.815555555556,False,1
203,recoverable,q_learning,0.8225,False,0
204,recoverable,q_learning,0.82,False,0
205,recoverable,q_learning,0.82,False,0
206,recoverable,q_learning,0.822857142857,False,1
207,recoverable,q_learning,0.82,False,0
208,recoverable,q_learning,0.818571428571,False,0
209,recoverable,q_learning,0.825,False,0
210,recoverable,q_learning,0.82,False,0
211,recoverable,q_learning,0.82,False,1
212,recoverable,q_learning,0.825,False,0
213,recoverable,q_learning,0.81,False,1
214,recoverable,q_learning,0.8225,False,1
215,recoverable,q_learning,0.818571428571,False,0
216,recoverable,q_learning,0.817142857143,False,0
217,recoverable,q_learning,0.823333333333,False,0
218,recoverable,q_learning,0.825,False,0
219,recoverable,q_learning,0.823333333333,False,0
220,recoverable,q_learning,0.82,False,0
221,recoverable,q_learning,0.82,False,0
222,recoverable,q_learning,0.816,False,1
223,recoverable,q_learning,0.815714285714,False,1
224,recoverable,q_learning,0.823333333333,False,0
225,recoverable,q_learning,0.82,False,1
226,recoverable,q_learning,0.82,False,0
227,recoverable,q_learning,0.825,False,0
228,recoverable,q_learning,0.817,False,1
229,recoverable,q_learning,0.8225,False,0
230,recoverable,q_learning,0.822,False,0
231,recoverable,q_learning,0.818571428571,False,1
232,recoverable,q_learning,0.818888888889,False,1
233,recoverable,q_learning,0.828333333333,False,1
234,recoverable,q_learning,0.819,False,1
235,recoverable,q_learning,0.8175,False,0
236,recoverable,q_learning,0.823571428571,False,0
237,recoverable,q_learning,0.82,False,0
238,recoverable,q_learning,0.82,False,1
239,recoverable,q_learning,0.82,False,0
240,recoverable,q_learning,0.830555555556,False,1
241,recoverable,q_learning,0.82625,False,0
242,recoverable,q_learning,0.83125,False,1
243,recoverable,q_learning,0.8275,False,0
244,recoverable,q_learning,0.8275,False,0
245,recoverable,q_learning,0.818571428571,False,1
246,recoverable,q_learning,0.818888888889,False,1
247,recoverable,q_learning,0.821666666667,False,0
248,recoverable,q_learning,0.818571428571,False,0
249,recoverable,q_learning,0.824,False,0
250,recoverable,q_learning,0.821875,False,0
251,recoverable,q_learning,0.817777777778,False,1
252,recoverable,q_learning,0.82,False,0
253,recoverable,q_learning,0.822,False,0
254,recoverable,q_learning,0.828333333333,False,1
255,recoverable,q_learning,0.8225,False,0
256,recoverable,q_learning,0.816363636364,False,2
257,recoverable,q_learning,0.823333333333,False,0
258,recoverable,q_learning,0.82,False,0
259,recoverable,q_learning,0.83,False,1
260,recoverable,q_learning,0.815,False,0
261,recoverable,q_learning,0.826111111111,False,0
262,recoverable,q_learning,0.816,False,1
263,recoverable,q_learning,0.8175,False,0
264,recoverable,q_learning,0.826666666667,False,1
265,recoverable,q_learning,0.81875,False,1
266,recoverable,q_learning,0.826666666667,False,0
267,recoverable,q_learning,0.815,False,1
268,recoverable,q_learning,0.824166666667,False,0
269,recoverable,q_learning,0.81,False,1
270,recoverable,q_learning,0.82,False,0
271,recoverable,q_learning,0.81,False,1
272,recoverable,q_learning,0.82375,False,0
273,recoverable,q_learning,0.816666666667,False,1
274,recoverable,q_learning,0.821666666667,False,0
275,recoverable,q_learning,0.818571428571,False,0
276,recoverable,q_learning,0.815833333333,False,1
277,recoverable,q_learning,0.832142857143,False,0
278,recoverable,q_learning,0.822,False,0
279,recoverable,q_learning,0.822,False,1
280,recoverable,q_learning,0.818571428571,False,1
281,recoverable,q_learning,0.81,False,1
282,recoverable,q_learning,0.82,False,0
283,recoverable,q_learning,0.82,False,1
284,recoverable,q_learning,0.825,False,0
285,recoverable,q_learning,0.826666666667,False,0
286,recoverable,q_learning,0.818181818182,False,2
287,recoverable,q_learning,0.82125,False,0
288,recoverable,q_learning,0.822,False,0
289,recoverable,q_learning,0.825,False,0
290,recoverable,q_learning,0.822,False,0
291,recoverable,q_learning,0.82125,False,0
292,recoverable,q_learning,0.81,False,1
293,recoverable,q_learning,0.823888888889,False,1
294,recoverable,q_learning,0.825,False,1
295,recoverable,q_learning,0.82,False,0
296,recoverable,q_learning,0.825,False,0
297,recoverable,q_learning,0.821,False,0
298,recoverable,q_learning,0.825,False,0
299,recoverable,q_learning,0.818571428571,False,0
300,recoverable,q_learning,0.82,False,0
301,recoverable,q_learning,0.818333333333,False,0
302,recoverable,q_learning,0.825,False,0
303,recoverable,q_learning,0.8225,False,0
304,recoverable,q_learning,0.8225,False,0
305,recoverable,q_learning,0.818181818182,False,2
306,recoverable,q_learning,0.817272727273,False,1
307,recoverable,q_learning,0.818571428571,False,1
308,recoverable,q_learning,0.821666666667,False,0
309,recoverable,q_learning,0.8225,False,0
310,recoverable,q_learning,0.821,False,0
311,recoverable,q_learning,0.816666666667,False,0
312,recoverable,q_learning,0.82,False,0
313,recoverable,q_learning,0.825,False,0
314,recoverable,q_learning,0.822,False,0
315,recoverable,q_learning,0.827857142857,False,1
316,recoverable,q_learning,0.82625,False,0
317,recoverable,q_learning,0.827,False,0
318,recoverable,q_learning,0.823333333333,False,0
319,recoverable,q_learning,0.821666666667,False,0
320,recoverable,q_learning,0.829545454545,False,1
321,recoverable,q_learning,0.8225,False,0
322,recoverable,q_learning,0.816666666667,False,1
323,recoverable,q_learning,0.823333333333,False,0
324,recoverable,q_learning,0.830555555556,False,1
325,recoverable,q_learning,0.82375,False,0
326,recoverable,q_learning,0.818571428571,False,1
327,recoverable,q_learning,0.815714285714,False,1
328,recoverable,q_learning,0.823333333333,False,0
329,recoverable,q_learning,0.821666666667,False,0
330,recoverable,q_learning,0.821666666667,False,0
331,recoverable,q_learning,0.821428571429,False,0
332,recoverable,q_learning,0.8275,False,0
333,recoverable,q_learning,0.82,False,0
334,recoverable,q_learning,0.82,False,0
335,recoverable,q_learning,0.822,False,0
336,recoverable,q_learning,0.822,False,0
337,recoverable,q_learning,0.826666666667,False,0
338,recoverable,q_learning,0.825,False,0
339,recoverable,q_learning,0.825,False,0
340,recoverable,q_learning,0.825,False,0
341,recoverable,q_learning,0.81625,False,1
342,recoverable,q_learning,0.82,False,0
343,recoverable,q_learning,0.82625,False,0
344,recoverable,q_learning,0.821,False,0
345,recoverable,q_learning,0.821428571429,False,0
346,recoverable,q_learning,0.823333333333,False,0
347,recoverable,q_learning,0.818888888889,False,1
348,recoverable,q_learning,0.82875,False,0
349,recoverable,q_learning,0.827,False,0
350,recoverable,q_learning,0.818,False,1
351,recoverable,q_learning,0.81625,False,1
352,recoverable,q_learning,0.817272727273,False,2
353,recoverable,q_learning,0.82,False,1
354,recoverable,q_learning,0.827857142857,False,0
355,recoverable,q_learning,0.82,False,0
356,recoverable,q_learning,0.815833333333,False,1
357,recoverable,q_learning,0.816666666667,False,0
358,recoverable,q_learning,0.824285714286,False,1
359,recoverable,q_learning,0.823,False,1
360,recoverable,q_learning,0.821875,False,1
361,recoverable,q_learning,0.829,False,0
362,recoverable,q_learning,0.82375,False,0
363,recoverable,q_learning,0.82375,False,0
364,recoverable,q_learning,0.83,False,1
365,recoverable,q_learning,0.82125,False,1
366,recoverable,q_learning,0.818333333333,False,1
367,recoverable,q_learning,0.823333333333,False,0
368,recoverable,q_learning,0.82375,False,0
369,recoverable,q_learning,0.831,False,0
370,recoverable,q_learning,0.82,False,0
371,recoverable,q_learning,0.826666666667,False,0
372,recoverable,q_learning,0.8225,False,0
373,recoverable,q_learning,0.818333333333,False,0
374,recoverable,q_learning,0.818333333333,False,0
375,recoverable,q_learning,0.828333333333,False,0
376,recoverable,q_learning,0.829,False,0
377,recoverable,q_learning,0.825,False,1
378,recoverable,q_learning,0.825,False,1
379,recoverable,q_learning,0.823333333333,False,1
380,recoverable,q_learning,0.825,False,0
381,recoverable,q_learning,0.826428571429,False,1
382,recoverable,q_learning,0.827222222222,False,0
383,recoverable,q_learning,0.815,False,1
384,recoverable,q_learning,0.826428571429,False,0
385,recoverable,q_learning,0.815714285714,False,1
386,recoverable,q_learning,0.82,False,1
387,recoverable,q_learning,0.82,False,0
388,recoverable,q_learning,0.8175,False,0
389,recoverable,q_learning,0.817142857143,False,0
390,recoverable,q_learning,0.821666666667,False,0
391,recoverable,q_learning,0.827857142857,False,0
392,recoverable,q_learning,0.816666666667,False,0
393,recoverable,q_learning,0.823333333333,False,0
394,recoverable,q_learning,0.822222222222,False,1
395,recoverable,q_learning,0.828333333333,False,1
396,recoverable,q_learning,0.8225,False,1
397,recoverable,q_learning,0.8225,False,1
398,recoverable,q_learning,0.8225,False,0
399,recoverable,q_learning,0.81875,False,0
400,recoverable,q_learning,0.82,False,0
401,recoverable,q_learning,0.823,False,0
402,recoverable,q_learning,0.82,False,0
403,recoverable,q_learning,0.824,False,0
404,recoverable,q_learning,0.823333333333,False,0
405,recoverable,q_learning,0.8175,False,1
406,recoverable,q_learning,0.83125,False,1
407,recoverable,q_learning,0.8225,False,1
408,recoverable,q_learning,0.827,False,0
409,recoverable,q_learning,0.823333333333,False,0
410,recoverable,q_learning,0.815714285714,False,1
411,recoverable,q_learning,0.8225,False,0
412,recoverable,q_learning,0.815,False,0
413,recoverable,q_learning,0.82,False,0
414,recoverable,q_learning,0.815,False,1
415,recoverable,q_learning,0.821,False,0
416,recoverable,q_learning,0.82,False,0
417,recoverable,q_learning,0.821666666667,False,0
418,recoverable,q_learning,0.82,False,0
419,recoverable,q_learning,0.81,False,1
420,recoverable,q_learning,0.818,False,2
421,recoverable,q_learning,0.82,False,0
422,recoverable,q_learning,0.8225,False,0
423,recoverable,q_learning,0.81625,False,1
424,recoverable,q_learning,0.82,False,0
425,recoverable,q_learning,0.825,False,0
426,recoverable,q_learning,0.825,False,0
427,recoverable,q_learning,0.8225,False,0
428,recoverable,q_learning,0.8225,False,0
429,recoverable,q_learning,0.822,False,0
430,recoverable,q_learning,0.81875,False,1
431,recoverable,q_learning,0.8225,False,0
432,recoverable,q_learning,0.825,False,0
433,recoverable,q_learning,0.824,False,0
434,recoverable,q_learning,0.829444444444,False,1
435,recoverable,q_learning,0.826428571429,False,0
436,recoverable,q_learning,0.816666666667,False,1
437,recoverable,q_learning,0.82,False,0
438,recoverable,q_learning,0.829,False,0
439,recoverable,q_learning,0.816666666667,False,1
440,recoverable,q_learning,0.835,False,1
441,recoverable,q_learning,0.818571428571,False,0
442,recoverable,q_learning,0.82,False,0
443,recoverable,q_learning,0.818333333333,False,1
444,recoverable,q_learning,0.823333333333,False,0
445,recoverable,q_learning,0.809285714286,False,1
446,recoverable,q_learning,0.81875,False,2
447,recoverable,q_learning,0.825,False,0
448,recoverable,q_learning,0.8225,False,0
449,recoverable,q_learning,0.82,False,0
450,recoverable,q_learning,0.82,False,0
451,recoverable,q_learning,0.823,False,0
452,recoverable,q_learning,0.82875,False,1
453,recoverable,q_learning,0.826666666667,False,0
454,recoverable,q_learning,0.825,False,0
455,recoverable,q_learning,0.817142857143,False,1
456,recoverable,q_learning,0.82,False,0
457,recoverable,q_learning,0.817777777778,False,0
458,recoverable,q_learning,0.813333333333,False,0
459,recoverable,q_learning,0.817142857143,False,0
460,recoverable,q_learning,0.825,False,0
461,recoverable,q_learning,0.82,False,1
462,recoverable,q_learning,0.820714285714,False,0
463,recoverable,q_learning,0.826428571429,False,0
464,recoverable,q_learning,0.820833333333,False,0
465,recoverable,q_learning,0.826428571429,False,1
466,recoverable,q_learning,0.820625,False,0
467,recoverable,q_learning,0.82,False,1
468,recoverable,q_learning,0.825,False,0
469,recoverable,q_learning,0.82,False,0
470,recoverable,q_learning,0.81875,False,1
471,recoverable,q_learning,0.823333333333,False,1
472,recoverable,q_learning,0.82,False,0
473,recoverable,q_learning,0.8225,False,0
474,recoverable,q_learning,0.824166666667,False,0
475,recoverable,q_learning,0.82,False,0
476,recoverable,q_learning,0.82125,False,0
477,recoverable,q_learning,0.8225,False,0
478,recoverable,q_learning,0.815714285714,False,1
479,recoverable,q_learning,0.818,False,1
480,recoverable,q_learning,0.8225,False,0
481,recoverable,q_learning,0.82,False,1
482,recoverable,q_learning,0.82,False,0
483,recoverable,q_learning,0.82,False,0
484,recoverable,q_learning,0.816,False,1
485,recoverable,q_learning,0.823333333333,False,1
486,recoverable,q_learning,0.823333333333,False,0
487,recoverable,q_learning,0.82,False,0
488,recoverable,q_learning,0.822142857143,False,1
489,recoverable,q_learning,0.825,False,0
490,recoverable,q_learning,0.823571428571,False,1
491,recoverable,q_learning,0.825,False,0
492,recoverable,q_learning,0.817142857143,False,0
493,recoverable,q_learning,0.818571428571,False,0
494,recoverable,q_learning,0.82,False,1
495,recoverable,q_learning,0.826666666667,False,0
496,recoverable,q_learning,0.82875,False,1
497,recoverable,q_learning,0.82,False,0
498,recoverable,q_learning,0.82,False,0
499,recoverable,q_learning,0.823,False,0
500,recoverable,q_learning,0.818,False,0
501,recoverable,q_learning,0.817272727273,False,2
502,recoverable,q_learning,0.82,False,0
503,recoverable,q_learning,0.817777777778,False,0
504,recoverable,q_learning,0.821428571429,False,1
505,recoverable,q_learning,0.822,False,0
506,recoverable,q_learning,0.82,False,0
507,recoverable,q_learning,0.826111111111,False,0
508,recoverable,q_learning,0.817777777778,False,0
509,recoverable,q_learning,0.8175,False,1
510,recoverable,q_learning,0.817777777778,False,1
511,recoverable,q_learning,0.817,False,2
512,recoverable,q_learning,0.8275,False,0
513,recoverable,q_learning,0.82125,False,0
514,recoverable,q_learning,0.817142857143,False,1
515,recoverable,q_learning,0.818,False,0
516,recoverable,q_learning,0.823333333333,False,0
517,recoverable,q_learning,0.823571428571,False,0
518,recoverable,q_learning,0.83,False,0
519,recoverable,q_learning,0.817777777778,False,1
520,recoverable,q_learning,0.82,False,0
521,recoverable,q_learning,0.82125,False,0
522,recoverable,q_learning,0.825,False,0
523,recoverable,q_learning,0.82,False,0
524,recoverable,q_learning,0.821666666667,False,1
525,recoverable,q_learning,0.8225,False,0
526,recoverable,q_learning,0.8175,False,1
527,recoverable,q_learning,0.82125,False,0
528,recoverable,q_learning,0.82125,False,0
529,recoverable,q_learning,0.8175,False,2
530,recoverable,q_learning,0.82,False,0
531,recoverable,q_learning,0.82125,False,0
532,recoverable,q_learning,0.817272727273,False,1
533,recoverable,q_learning,0.83,False,0
534,recoverable,q_learning,0.818,False,0
535,recoverable,q_learning,0.8225,False,0
536,recoverable,q_learning,0.82,False,0
537,recoverable,q_learning,0.825,False,0
538,recoverable,q_learning,0.82125,False,0
539,recoverable,q_learning,0.818571428571,False,0
540,recoverable,q_learning,0.821,False,0
541,recoverable,q_learning,0.82,False,0
542,recoverable,q_learning,0.835454545455,False,0
543,recoverable,q_learning,0.81,False,1
544,recoverable,q_learning,0.817777777778,False,1
545,recoverable,q_learning,0.82375,False,1
546,recoverable,q_learning,0.817142857143,False,0
547,recoverable,q_learning,0.825,False,0
548,recoverable,q_learning,0.8275,False,0
549,recoverable,q_learning,0.816666666667,False,0
550,recoverable,q_learning,0.818888888889,False,1
551,recoverable,q_learning,0.8175,False,0
552,recoverable,q_learning,0.81875,False,2
553,recoverable,q_learning,0.8175,False,1
554,recoverable,q_learning,0.827857142857,False,0
555,recoverable,q_learning,0.82,False,0
556,recoverable,q_learning,0.8225,False,0
557,recoverable,q_learning,0.815714285714,False,1
558,recoverable,q_learning,0.827857142857,False,0
559,recoverable,q_learning,0.8225,False,0
560,recoverable,q_learning,0.825,False,0
561,recoverable,q_learning,0.823,False,1
562,recoverable,q_learning,0.824166666667,False,0
563,recoverable,q_learning,0.825,False,0
564,recoverable,q_learning,0.825,False,0
565,recoverable,q_learning,0.818,False,0
566,recoverable,q_learning,0.82,False,1
567,recoverable,q_learning,0.817,False,2
568,recoverable,q_learning,0.818333333333,False,0
569,recoverable,q_learning,0.821666666667,False,0
570,recoverable,q_learning,0.818,False,2
571,recoverable,q_learning,0.825,False,0
572,recoverable,q_learning,0.82375,False,0
573,recoverable,q_learning,0.826428571429,False,0
574,recoverable,q_learning,0.825,False,0
575,recoverable,q_learning,0.826428571429,False,0
576,recoverable,q_learning,0.82,False,0
577,recoverable,q_learning,0.818571428571,False,1
578,recoverable,q_learning,0.825,False,0
579,recoverable,q_learning,0.824,False,0
580,recoverable,q_learning,0.82,False,0
581,recoverable,q_learning,0.817142857143,False,1
582,recoverable,q_learning,0.818571428571,False,0
583,recoverable,q_learning,0.819,False,2
584,recoverable,q_learning,0.82,False,0
585,recoverable,q_learning,0.824,False,0
586,recoverable,q_learning,0.8275,False,0
587,recoverable,q_learning,0.822727272727,False,1
588,recoverable,q_learning,0.82,False,0
589,recoverable,q_learning,0.8225,False,0
590,recoverable,q_learning,0.825,False,0
591,recoverable,q_learning,0.818571428571,False,2
592,recoverable,q_learning,0.822,False,0
593,recoverable,q_learning,0.8175,False,1
594,recoverable,q_learning,0.8175,False,0
595,recoverable,q_learning,0.82,False,0
596,recoverable,q_learning,0.819,False,1
597,recoverable,q_learning,0.81875,False,1
598,recoverable,q_learning,0.825,False,0
599,recoverable,q_learning,0.82,False,0
600,recoverable,q_learning,0.823333333333,False,0
601,recoverable,q_learning,0.827857142857,False,0
602,recoverable,q_learning,0.822222222222,False,0
603,recoverable,q_learning,0.83,False,0
604,recoverable,q_learning,0.8275,False,0
605,recoverable,q_learning,0.8175,False,0
606,recoverable,q_learning,0.82,False,0
607,recoverable,q_learning,0.818571428571,False,1
608,recoverable,q_learning,0.8225,False,0
609,recoverable,q_learning,0.828,False,1
610,recoverable,q_learning,0.822857142857,False,1
611,recoverable,q_learning,0.81,False,1
612,recoverable,q_learning,0.81625,False,1
613,recoverable,q_learning,0.816666666667,False,1
614,recoverable,q_learning,0.81,False,1
615,recoverable,q_learning,0.82,False,0
616,recoverable,q_learning,0.825,False,0
617,recoverable,q_learning,0.825,False,0
618,recoverable,q_learning,0.821666666667,False,0
619,recoverable,q_learning,0.822,False,0
620,recoverable,q_learning,0.825,False,0
621,recoverable,q_learning,0.82375,False,0
622,recoverable,q_learning,0.83,False,1
623,recoverable,q_learning,0.825,False,0
624,recoverable,q_learning,0.822142857143,False,1
625,recoverable,q_learning,0.829285714286,False,1
626,recoverable,q_learning,0.825,False,0
627,recoverable,q_learning,0.8225,False,0
628,recoverable,q_learning,0.8175,False,0
629,recoverable,q_learning,0.818888888889,False,1
630,recoverable,q_learning,0.82,False,1
631,recoverable,q_learning,0.8275,False,1
632,recoverable,q_learning,0.823571428571,False,0
633,recoverable,q_learning,0.817,False,2
634,recoverable,q_learning,0.82,False,0
635,recoverable,q_learning,0.82,False,0
636,recoverable,q_learning,0.816666666667,False,2
637,recoverable,q_learning,0.8225,False,0
638,recoverable,q_learning,0.82,False,1
639,recoverable,q_learning,0.827,False,0
640,recoverable,q_learning,0.82,False,0
641,recoverable,q_learning,0.824,False,0
642,recoverable,q_learning,0.8275,False,0
643,recoverable,q_learning,0.821666666667,False,0
644,recoverable,q_learning,0.823333333333,False,0
645,recoverable,q_learning,0.8175,False,0
646,recoverable,q_learning,0.818888888889,False,1
647,recoverable,q_learning,0.816666666667,False,1
648,recoverable,q_learning,0.816666666667,False,1
649,recoverable,q_learning,0.821666666667,False,0
650,recoverable,q_learning,0.816666666667,False,0
651,recoverable,q_learning,0.824,False,0
652,recoverable,q_learning,0.827222222222,False,0
653,recoverable,q_learning,0.823333333333,False,0
654,recoverable,q_learning,0.81875,False,1
655,recoverable,q_learning,0.83125,False,1
656,recoverable,q_learning,0.817142857143,False,1
657,recoverable,q_learning,0.823333333333,False,0
658,recoverable,q_learning,0.825,False,0
659,recoverable,q_learning,0.825,False,1
660,recoverable,q_learning,0.821666666667,False,0
661,recoverable,q_learning,0.82,False,0
662,recoverable,q_learning,0.825,False,0
663,recoverable,q_learning,0.8225,False,0
664,recoverable,q_learning,0.8225,False,0
665,recoverable,q_learning,0.817,False,2
666,recoverable,q_learning,0.823,False,0
667,recoverable,q_learning,0.82,False,1
668,recoverable,q_learning,0.82,False,0
669,recoverable,q_learning,0.816666666667,False,1
670,recoverable,q_learning,0.827857142857,False,0
671,recoverable,q_learning,0.820625,False,0
672,recoverable,q_learning,0.818571428571,False,0
673,recoverable,q_learning,0.82,False,0
674,recoverable,q_learning,0.82125,False,0
675,recoverable,q_learning,0.818181818182,False,1
676,recoverable,q_learning,0.81875,False,1
677,recoverable,q_learning,0.821666666667,False,0
678,recoverable,q_learning,0.817272727273,False,2
679,recoverable,q_learning,0.821428571429,False,0
680,recoverable,q_learning,0.822,False,0
681,recoverable,q_learning,0.82,False,1
682,recoverable,q_learning,0.821666666667,False,0
683,recoverable,q_learning,0.8225,False,0
684,recoverable,q_learning,0.821428571429,False,0
685,recoverable,q_learning,0.827222222222,False,0
686,recoverable,q_learning,0.824,False,0
687,recoverable,q_learning,0.826666666667,False,0
688,recoverable,q_learning,0.825,False,0
689,recoverable,q_learning,0.822,False,0
690,recoverable,q_learning,0.825,False,0
691,recoverable,q_learning,0.825,False,0
692,recoverable,q_learning,0.825,False,0
693,recoverable,q_learning,0.822,False,0
694,recoverable,q_learning,0.82,False,0
695,recoverable,q_learning,0.818,False,0
696,recoverable,q_learning,0.81875,False,1
697,recoverable,q_learning,0.825,False,0
698,recoverable,q_learning,0.821,False,0
699,recoverable,q_learning,0.815555555556,False,1
700,recoverable,q_learning,0.8225,False,0
701,recoverable,q_learning,0.815555555556,False,1
702,recoverable,q_learning,0.82,False,0
703,recoverable,q_learning,0.82375,False,0
704,recoverable,q_learning,0.8235,False,1
705,recoverable,q_learning,0.817142857143,False,2
706,recoverable,q_learning,0.829,False,0
707,recoverable,q_learning,0.821666666667,False,0
708,recoverable,q_learning,0.827857142857,False,0
709,recoverable,q_learning,0.828333333333,False,0
710,recoverable,q_learning,0.823,False,0
711,recoverable,q_learning,0.825,False,0
712,recoverable,q_learning,0.823333333333,False,0
713,recoverable,q_learning,0.821666666667,False,0
714,recoverable,q_learning,0.822,False,0
715,recoverable,q_learning,0.82,False,0
716,recoverable,q_learning,0.823,False,0
717,recoverable,q_learning,0.82,False,1
718,recoverable,q_learning,0.8225,False,0
719,recoverable,q_learning,0.81875,False,1
720,recoverable,q_learning,0.81875,False,1
721,recoverable,q_learning,0.820625,False,1
722,recoverable,q_learning,0.82125,False,0
723,recoverable,q_learning,0.82,False,0
724,recoverable,q_learning,0.825,False,1
725,recoverable,q_learning,0.82,False,0
726,recoverable,q_learning,0.81,False,1
727,recoverable,q_learning,0.82,False,0
728,recoverable,q_learning,0.818333333333,False,1
729,recoverable,q_learning,0.8225,False,0
730,recoverable,q_learning,0.818571428571,False,0
731,recoverable,q_learning,0.822777777778,False,0
732,recoverable,q_learning,0.827,False,0
733,recoverable,q_learning,0.823,False,1
734,recoverable,q_learning,0.821,False,0
735,recoverable,q_learning,0.825,False,0
736,recoverable,q_learning,0.82,False,0
737,recoverable,q_learning,0.827,False,0
738,recoverable,q_learning,0.82,False,0
739,recoverable,q_learning,0.823333333333,False,0
740,recoverable,q_learning,0.826428571429,False,0
741,recoverable,q_learning,0.820714285714,False,0
742,recoverable,q_learning,0.82,False,0
743,recoverable,q_learning,0.817777777778,False,1
744,recoverable,q_learning,0.81875,False,0
745,recoverable,q_learning,0.820714285714,False,0
746,recoverable,q_learning,0.82,False,1
747,recoverable,q_learning,0.825,False,1
748,recoverable,q_learning,0.82,False,0
749,recoverable,q_learning,0.821,False,1
750,recoverable,q_learning,0.8175,False,0
751,recoverable,q_learning,0.821428571429,False,0
752,recoverable,q_learning,0.82125,False,0
753,recoverable,q_learning,0.82125,False,0
754,recoverable,q_learning,0.8275,False,0
755,recoverable,q_learning,0.822142857143,False,1
756,recoverable,q_learning,0.828333333333,False,0
757,recoverable,q_learning,0.82,False,1
758,recoverable,q_learning,0.825,False,0
759,recoverable,q_learning,0.823,False,1
760,recoverable,q_learning,0.818571428571,False,1
761,recoverable,q_learning,0.82,False,0
762,recoverable,q_learning,0.826666666667,False,1
763,recoverable,q_learning,0.821666666667,False,0
764,recoverable,q_learning,0.82,False,0
765,recoverable,q_learning,0.81875,False,0
766,recoverable,q_learning,0.826428571429,False,0
767,recoverable,q_learning,0.82125,False,0
768,recoverable,q_learning,0.817777777778,False,1
769,recoverable,q_learning,0.8225,False,0
770,recoverable,q_learning,0.819,False,2
771,recoverable,q_learning,0.821875,False,0
772,recoverable,q_learning,0.826111111111,False,0
773,recoverable,q_learning,0.8175,False,1
774,recoverable,q_learning,0.82,False,0
775,recoverable,q_learning,0.825,False,0
776,recoverable,q_learning,0.818333333333,False,1
777,recoverable,q_learning,0.808571428571,False,1
778,recoverable,q_learning,0.825,False,0
779,recoverable,q_learning,0.816,False,0
780,recoverable,q_learning,0.82,False,0
781,recoverable,q_learning,0.817,False,1
782,recoverable,q_learning,0.815714285714,False,1
783,recoverable,q_learning,0.816666666667,False,0
784,recoverable,q_learning,0.823,False,0
785,recoverable,q_learning,0.818571428571,False,1
786,recoverable,q_learning,0.81875,False,1
787,recoverable,q_learning,0.82,False,0
788,recoverable,q_learning,0.825,False,0
789,recoverable,q_learning,0.825,False,0
790,recoverable,q_learning,0.825,False,0
791,recoverable,q_learning,0.82625,False,0
792,recoverable,q_learning,0.818888888889,False,1
793,recoverable,q_learning,0.815384615385,False,1
794,recoverable,q_learning,0.8225,False,0
795,recoverable,q_learning,0.824166666667,False,0
796,recoverable,q_learning,0.82125,False,0
797,recoverable,q_learning,0.816666666667,False,0
798,recoverable,q_learning,0.82,False,0
799,recoverable,q_learning,0.820833333333,False,0
800,recoverable,q_learning,0.816666666667,False,2
801,recoverable,q_learning,0.825,False,0
802,recoverable,q_learning,0.82,False,1
803,recoverable,q_learning,0.826428571429,False,0
804,recoverable,q_learning,0.824,False,0
805,recoverable,q_learning,0.82,False,1
806,recoverable,q_learning,0.824,False,0
807,recoverable,q_learning,0.82,False,1
808,recoverable,q_learning,0.817142857143,False,1
809,recoverable,q_learning,0.82,False,0
810,recoverable,q_learning,0.82,False,0
811,recoverable,q_learning,0.82,False,0
812,recoverable,q_learning,0.814545454545,False,1
813,recoverable,q_learning,0.825,False,1
814,recoverable,q_learning,0.825,False,0
815,recoverable,q_learning,0.8275,False,0
816,recoverable,q_learning,0.817142857143,False,1
817,recoverable,q_learning,0.821666666667,False,0
818,recoverable,q_learning,0.809285714286,False,1
819,recoverable,q_learning,0.823333333333,False,0
820,recoverable,q_learning,0.818,False,0
821,recoverable,q_learning,0.818888888889,False,2
822,recoverable,q_learning,0.822142857143,False,0
823,recoverable,q_learning,0.824166666667,False,0
824,recoverable,q_learning,0.82,False,1
825,recoverable,q_learning,0.816363636364,False,1
826,recoverable,q_learning,0.8225,False,0
827,recoverable,q_learning,0.825,False,0
828,recoverable,q_learning,0.824,False,0
829,recoverable,q_learning,0.8225,False,0
830,recoverable,q_learning,0.8275,False,0
831,recoverable,q_learning,0.82,False,1
832,recoverable,q_learning,0.823571428571,False,0
833,recoverable,q_learning,0.824,False,0
834,recoverable,q_learning,0.827,False,0
835,recoverable,q_learning,0.81,False,0
836,recoverable,q_learning,0.828333333333,False,0
837,recoverable,q_learning,0.81625,False,1
838,recoverable,q_learning,0.823125,False,0
839,recoverable,q_learning,0.821666666667,False,0
840,recoverable,q_learning,0.819090909091,False,1
841,recoverable,q_learning,0.827,False,0
842,recoverable,q_learning,0.821666666667,False,0
843,recoverable,q_learning,0.81,False,1
844,recoverable,q_learning,0.82625,False,0
845,recoverable,q_learning,0.825,False,0
846,recoverable,q_learning,0.821666666667,False,2
847,recoverable,q_learning,0.828333333333,False,0
848,recoverable,q_learning,0.825,False,0
849,recoverable,q_learning,0.82125,False,0
850,recoverable,q_learning,0.82,False,0
851,recoverable,q_learning,0.823,False,0
852,recoverable,q_learning,0.818888888889,False,0
853,recoverable,q_learning,0.825,False,0
854,recoverable,q_learning,0.82,False,0
855,recoverable,q_learning,0.816,False,0
856,recoverable,q_learning,0.818,False,0
857,recoverable,q_learning,0.818333333333,False,0
858,recoverable,q_learning,0.82125,False,0
859,recoverable,q_learning,0.8175,False,1
860,recoverable,q_learning,0.825,False,0
861,recoverable,q_learning,0.823333333333,False,1
862,recoverable,q_learning,0.823333333333,False,0
863,recoverable,q_learning,0.825,False,0
864,recoverable,q_learning,0.818,False,0
865,recoverable,q_learning,0.82,False,0
866,recoverable,q_learning,0.819,False,1
867,recoverable,q_learning,0.83,False,0
868,recoverable,q_learning,0.82,False,0
869,recoverable,q_learning,0.818,False,0
870,recoverable,q_learning,0.824166666667,False,0
871,recoverable,q_learning,0.823125,False,1
872,recoverable,q_learning,0.821,False,0
873,recoverable,q_learning,0.818,False,1
874,recoverable,q_learning,0.8225,False,0
875,recoverable,q_learning,0.82,False,0
876,recoverable,q_learning,0.827857142857,False,0
877,recoverable,q_learning,0.82,False,0
878,recoverable,q_learning,0.816666666667,False,1
879,recoverable,q_learning,0.825,False,1
880,recoverable,q_learning,0.81875,False,1
881,recoverable,q_learning,0.818181818182,False,1
882,recoverable,q_learning,0.8225,False,1
883,recoverable,q_learning,0.816666666667,False,1
884,recoverable,q_learning,0.821666666667,False,0
885,recoverable,q_learning,0.818571428571,False,0
886,recoverable,q_learning,0.823333333333,False,0
887,recoverable,q_learning,0.823125,False,1
888,recoverable,q_learning,0.823333333333,False,0
889,recoverable,q_learning,0.821,False,0
890,recoverable,q_learning,0.81,False,0
891,recoverable,q_learning,0.825,False,0
892,recoverable,q_learning,0.828,False,1
893,recoverable,q_learning,0.82,False,0
894,recoverable,q_learning,0.823,False,1
895,recoverable,q_learning,0.818333333333,False,1
896,recoverable,q_learning,0.8225,False,0
897,recoverable,q_learning,0.82,False,1
898,recoverable,q_learning,0.8225,False,0
899,recoverable,q_learning,0.82125,False,0
900,recoverable,q_learning,0.825,False,0
901,recoverable,q_learning,0.822,False,0
902,recoverable,q_learning,0.82,False,0
903,recoverable,q_learning,0.81875,False,1
904,recoverable,q_learning,0.82,False,1
905,recoverable,q_learning,0.82125,False,0
906,recoverable,q_learning,0.817777777778,False,1
907,recoverable,q_learning,0.826428571429,False,0
908,recoverable,q_learning,0.823333333333,False,0
909,recoverable,q_learning,0.823333333333,False,0
910,recoverable,q_learning,0.825,False,0
911,recoverable,q_learning,0.827,False,0
912,recoverable,q_learning,0.818888888889,False,2
913,recoverable,q_learning,0.822777777778,False,1
914,recoverable,q_learning,0.8175,False,1
915,recoverable,q_learning,0.819,False,1
916,recoverable,q_learning,0.82,False,0
917,recoverable,q_learning,0.8275,False,0
918,recoverable,q_learning,0.825,False,0
919,recoverable,q_learning,0.815833333333,False,0
920,recoverable,q_learning,0.818,False,1
921,recoverable,q_learning,0.827222222222,False,0
922,recoverable,q_learning,0.826666666667,False,0
923,recoverable,q_learning,0.8225,False,0
924,recoverable,q_learning,0.82,False,0
925,recoverable,q_learning,0.821875,False,0
926,recoverable,q_learning,0.8225,False,0
927,recoverable,q_learning,0.8275,False,0
928,recoverable,q_learning,0.8225,False,1
929,recoverable,q_learning,0.821666666667,False,0
930,recoverable,q_learning,0.81625,False,1
931,recoverable,q_learning,0.82125,False,0
932,recoverable,q_learning,0.82,False,0
933,recoverable,q_learning,0.818571428571,False,0
934,recoverable,q_learning,0.8225,False,0
935,recoverable,q_learning,0.82375,False,0
936,recoverable,q_learning,0.82,False,0
937,recoverable,q_learning,0.823333333333,False,0
938,recoverable,q_learning,0.829,False,1
939,recoverable,q_learning,0.828333333333,False,0
940,recoverable,q_learning,0.82125,False,0
941,recoverable,q_learning,0.826428571429,False,0
942,recoverable,q_learning,0.826666666667,False,0
943,recoverable,q_learning,0.817777777778,False,2
944,recoverable,q_learning,0.823333333333,False,0
945,recoverable,q_learning,0.82,False,0
946,recoverable,q_learning,0.82375,False,1
947,recoverable,q_learning,0.817777777778,False,1
948,recoverable,q_learning,0.822142857143,False,0
949,recoverable,q_learning,0.82125,False,0
950,recoverable,q_learning,0.823333333333,False,1
951,recoverable,q_learning,0.818333333333,False,1
952,recoverable,q_learning,0.818571428571,False,1
953,recoverable,q_learning,0.825,False,0
954,recoverable,q_learning,0.813333333333,False,1
955,recoverable,q_learning,0.82375,False,0
956,recoverable,q_learning,0.81875,False,0
957,recoverable,q_learning,0.816666666667,False,0
958,recoverable,q_learning,0.82625,False,0
959,recoverable,q_learning,0.823,False,1
960,recoverable,q_learning,0.8225,False,0
961,recoverable,q_learning,0.827222222222,False,0
962,recoverable,q_learning,0.825,False,0
963,recoverable,q_learning,0.82125,False,0
964,recoverable,q_learning,0.816666666667,False,1
965,recoverable,q_learning,0.82,False,0
966,recoverable,q_learning,0.815,False,1
967,recoverable,q_learning,0.818571428571,False,0
968,recoverable,q_learning,0.821666666667,False,0
969,recoverable,q_learning,0.82,False,0
970,recoverable,q_learning,0.816,False,0
971,recoverable,q_learning,0.824166666667,False,1
972,recoverable,q_learning,0.8225,False,0
973,recoverable,q_learning,0.820833333333,False,0
974,recoverable,q_learning,0.826666666667,False,0
975,recoverable,q_learning,0.825,False,0
976,recoverable,q_learning,0.817,False,1
977,recoverable,q_learning,0.82125,False,0
978,recoverable,q_learning,0.826,False,0
979,recoverable,q_learning,0.829,False,0
980,recoverable,q_learning,0.818333333333,False,0
981,recoverable,q_learning,0.828333333333,False,1
982,recoverable,q_learning,0.818,False,0
983,recoverable,q_learning,0.826428571429,False,1
984,recoverable,q_learning,0.82625,False,1
985,recoverable,q_learning,0.82375,False,1
986,recoverable,q_learning,0.817,False,1
987,recoverable,q_learning,0.82125,False,1
988,recoverable,q_learning,0.828,False,1
989,recoverable,q_learning,0.818333333333,False,0
990,recoverable,q_learning,0.818181818182,False,1
991,recoverable,q_learning,0.823333333333,False,0
992,recoverable,q_learning,0.822272727273,False,2
993,recoverable,q_learning,0.8275,False,0
994,recoverable,q_learning,0.829,False,0
995,recoverable,q_learning,0.809444444444,False,1
996,recoverable,q_learning,0.815,False,0
997,recoverable,q_learning,0.818333333333,False,1
998,recoverable,q_learning,0.827,False,0
999,recoverable,q_learning,0.823333333333,False,0
1000,recoverable,q_learning,0.825,False,0
1001,recoverable,q_learning,0.817,False,0
1002,recoverable,q_learning,0.816,False,1
1003,recoverable,q_learning,0.82,False,1
1004,recoverable,q_learning,0.82,False,0
1005,recoverable,q_learning,0.82625,False,0
1006,recoverable,q_learning,0.82,False,1
1007,recoverable,q_learning,0.815,False,1
1008,recoverable,q_learning,0.82875,False,1
1009,recoverable,q_learning,0.816666666667,False,1
1010,recoverable,q_learning,0.821666666667,False,1
1011,recoverable,q_learning,0.82,False,0
1012,recoverable,q_learning,0.822857142857,False,0
1013,recoverable,q_learning,0.825,False,0
1014,recoverable,q_learning,0.82,False,0
1015,recoverable,q_learning,0.823125,False,1
1016,recoverable,q_learning,0.82,False,0
1017,recoverable,q_learning,0.8175,False,0
1018,recoverable,q_learning,0.815714285714,False,1
1019,recoverable,q_learning,0.827222222222,False,0
1020,recoverable,q_learning,0.82375,False,0
1021,recoverable,q_learning,0.829,False,0
1022,recoverable,q_learning,0.8275,False,0
1023,recoverable,q_learning,0.823,False,1
1024,recoverable,q_learning,0.82,False,0
1025,recoverable,q_learning,0.8275,False,0
1026,recoverable,q_learning,0.816923076923,False,2
1027,recoverable,q_learning,0.818,False,1
1028,recoverable,q_learning,0.821666666667,False,0
1029,recoverable,q_learning,0.828333333333,False,0
1030,recoverable,q_learning,0.818571428571,False,1
1031,recoverable,q_learning,0.824166666667,False,0
1032,recoverable,q_learning,0.82,False,0
1033,recoverable,q_learning,0.828,False,1
1034,recoverable,q_learning,0.82,False,0
1035,recoverable,q_learning,0.8225,False,0
1036,recoverable,q_learning,0.823,False,0
1037,recoverable,q_learning,0.826111111111,False,0
1038,recoverable,q_learning,0.825,False,0
1039,recoverable,q_learning,0.821666666667,False,0
1040,recoverable,q_learning,0.817777777778,False,1
1041,recoverable,q_learning,0.823,False,0
1042,recoverable,q_learning,0.82375,False,0
1043,recoverable,q_learning,0.82,False,0
1044,recoverable,q_learning,0.82,False,0
1045,recoverable,q_learning,0.824285714286,False,1
1046,recoverable,q_learning,0.818181818182,False,1
1047,recoverable,q_learning,0.81625,False,1
1048,recoverable,q_learning,0.82,False,0
1049,recoverable,q_learning,0.816923076923,False,1
1050,recoverable,q_learning,0.823125,False,0
1051,recoverable,q_learning,0.818571428571,False,1
1052,recoverable,q_learning,0.81875,False,0
1053,recoverable,q_learning,0.8225,False,0
1054,recoverable,q_learning,0.828333333333,False,1
1055,recoverable,q_learning,0.8225,False,1
1056,recoverable,q_learning,0.82,False,0
1057,recoverable,q_learning,0.818,False,0
1058,recoverable,q_learning,0.82,False,0
1059,recoverable,q_learning,0.817,False,1
1060,recoverable,q_learning,0.826111111111,False,0
1061,recoverable,q_learning,0.825,False,0
1062,recoverable,q_learning,0.82375,False,0
1063,recoverable,q_learning,0.8225,False,0
1064,recoverable,q_learning,0.82,False,1
1065,recoverable,q_learning,0.827857142857,False,0
1066,recoverable,q_learning,0.817142857143,False,0
1067,recoverable,q_learning,0.82,False,0
1068,recoverable,q_learning,0.8225,False,1
1069,recoverable,q_learning,0.824166666667,False,0
1070,recoverable,q_learning,0.816666666667,False,1
1071,recoverable,q_learning,0.8225,False,0
1072,recoverable,q_learning,0.82375,False,0
1073,recoverable,q_learning,0.816666666667,False,1
1074,recoverable,q_learning,0.82,False,0
1075,recoverable,q_learning,0.82,False,0
1076,recoverable,q_learning,0.82,False,0
1077,recoverable,q_learning,0.8225,False,0
1078,recoverable,q_learning,0.82,False,0
1079,recoverable,q_learning,0.817142857143,False,1
1080,recoverable,q_learning,0.82,False,1
1081,recoverable,q_learning,0.821666666667,False,0
1082,recoverable,q_learning,0.82,False,0
1083,recoverable,q_learning,0.827222222222,False,0
1084,recoverable,q_learning,0.82,False,0
1085,recoverable,q_learning,0.82,False,0
1086,recoverable,q_learning,0.82,False,1
1087,recoverable,q_learning,0.823333333333,False,0
1088,recoverable,q_learning,0.822,False,0
1089,recoverable,q_learning,0.820833333333,False,0
1090,recoverable,q_learning,0.8225,False,0
1091,recoverable,q_learning,0.82125,False,0
1092,recoverable,q_learning,0.817142857143,False,0
1093,recoverable,q_learning,0.82,False,1
1094,recoverable,q_learning,0.827727272727,False,0
1095,recoverable,q_learning,0.82375,False,0
1096,recoverable,q_learning,0.82,False,0
1097,recoverable,q_learning,0.827222222222,False,0
1098,recoverable,q_learning,0.825,False,0
1099,recoverable,q_learning,0.823,False,0
1100,recoverable,q_learning,0.825,False,0
1101,recoverable,q_learning,0.821666666667,False,0
1102,recoverable,q_learning,0.816666666667,False,0
1103,recoverable,q_learning,0.81,False,1
1104,recoverable,q_learning,0.828,False,0
1105,recoverable,q_learning,0.8225,False,0
1106,recoverable,q_learning,0.827222222222,False,0
1107,recoverable,q_learning,0.823571428571,False,0
1108,recoverable,q_learning,0.821,False,0
1109,recoverable,q_learning,0.817142857143,False,0
1110,recoverable,q_learning,0.822,False,0
1111,recoverable,q_learning,0.818571428571,False,0
1112,recoverable,q_learning,0.821666666667,False,0
1113,recoverable,q_learning,0.828333333333,False,0
1114,recoverable,q_learning,0.82,False,1
1115,recoverable,q_learning,0.82,False,0
1116,recoverable,q_learning,0.82,False,0
1117,recoverable,q_learning,0.823333333333,False,1
1118,recoverable,q_learning,0.815714285714,False,1
1119,recoverable,q_learning,0.818888888889,False,1
1120,recoverable,q_learning,0.82375,False,0
1121,recoverable,q_learning,0.8175,False,1
1122,recoverable,q_learning,0.82,False,1
1123,recoverable,q_learning,0.817142857143,False,1
1124,recoverable,q_learning,0.818571428571,False,0
1125,recoverable,q_learning,0.8225,False,0
1126,recoverable,q_learning,0.818333333333,False,1
1127,recoverable,q_learning,0.823333333333,False,1
1128,recoverable,q_learning,0.818,False,1
1129,recoverable,q_learning,0.825,False,0
1130,recoverable,q_learning,0.822142857143,False,0
1131,recoverable,q_learning,0.83125,False,1
1132,recoverable,q_learning,0.8225,False,0
1133,recoverable,q_learning,0.829,False,0
1134,recoverable,q_learning,0.817272727273,False,2
1135,recoverable,q_learning,0.827857142857,False,0
1136,recoverable,q_learning,0.824,False,0
1137,recoverable,q_learning,0.822857142857,False,1
1138,recoverable,q_learning,0.822222222222,False,1
1139,recoverable,q_learning,0.8175,False,0
1140,recoverable,q_learning,0.822,False,0
1141,recoverable,q_learning,0.818571428571,False,0
1142,recoverable,q_learning,0.82,False,0
1143,recoverable,q_learning,0.816666666667,False,1
1144,recoverable,q_learning,0.8225,False,0
1145,recoverable,q_learning,0.826666666667,False,0
1146,recoverable,q_learning,0.82,False,0
1147,recoverable,q_learning,0.82,False,0
1148,recoverable,q_learning,0.818571428571,False,1
1149,recoverable,q_learning,0.825,False,0
1150,recoverable,q_learning,0.831,False,1
1151,recoverable,q_learning,0.82,False,0
1152,recoverable,q_learning,0.823333333333,False,0
1153,recoverable,q_learning,0.828333333333,False,1
1154,recoverable,q_learning,0.82,False,0
1155,recoverable,q_learning,0.81625,False,0
1156,recoverable,q_learning,0.821666666667,False,0
1157,recoverable,q_learning,0.8225,False,0
1158,recoverable,q_learning,0.83,False,1
1159,recoverable,q_learning,0.83,False,0
1160,recoverable,q_learning,0.825,False,0
1161,recoverable,q_learning,0.818333333333,False,0
1162,recoverable,q_learning,0.8225,False,0
1163,recoverable,q_learning,0.818888888889,False,1
1164,recoverable,q_learning,0.8175,False,1
1165,recoverable,q_learning,0.82,False,0
1166,recoverable,q_learning,0.8175,False,1
1167,recoverable,q_learning,0.818,False,2
1168,recoverable,q_learning,0.827727272727,False,1
1169,recoverable,q_learning,0.820833333333,False,0
1170,recoverable,q_learning,0.827857142857,False,0
1171,recoverable,q_learning,0.816666666667,False,0
1172,recoverable,q_learning,0.817777777778,False,1
1173,recoverable,q_learning,0.816666666667,False,1
1174,recoverable,q_learning,0.816666666667,False,0
1175,recoverable,q_learning,0.8225,False,0
1176,recoverable,q_learning,0.818,False,0
1177,recoverable,q_learning,0.825,False,0
1178,recoverable,q_learning,0.82625,False,0
1179,recoverable,q_learning,0.823125,False,0
1180,recoverable,q_learning,0.823,False,0
1181,recoverable,q_learning,0.82375,False,0
1182,recoverable,q_learning,0.82,False,0
1183,recoverable,q_learning,0.821666666667,False,0
1184,recoverable,q_learning,0.8225,False,0
1185,recoverable,q_learning,0.82,False,0
1186,recoverable,q_learning,0.822,False,1
1187,recoverable,q_learning,0.821875,False,0
1188,recoverable,q_learning,0.8175,False,0
1189,recoverable,q_learning,0.8225,False,0
1190,recoverable,q_learning,0.821428571429,False,0
1191,recoverable,q_learning,0.818333333333,False,1
1192,recoverable,q_learning,0.82625,False,0
1193,recoverable,q_learning,0.821666666667,False,0
1194,recoverable,q_learning,0.818333333333,False,0
1195,recoverable,q_learning,0.82,False,0
1196,recoverable,q_learning,0.821,False,0
1197,recoverable,q_learning,0.82,False,1
1198,recoverable,q_learning,0.82,False,0
1199,recoverable,q_learning,0.818333333333,False,0
1200,recoverable,q_learning,0.820714285714,False,0
1201,recoverable,q_learning,0.818,False,1
1202,recoverable,q_learning,0.823333333333,False,0
1203,recoverable,q_learning,0.821666666667,False,0
1204,recoverable,q_learning,0.827857142857,False,0
1205,recoverable,q_learning,0.817142857143,False,1
1206,recoverable,q_learning,0.822,False,0
1207,recoverable,q_learning,0.818571428571,False,0
1208,recoverable,q_learning,0.816363636364,False,1
1209,recoverable,q_learning,0.818571428571,False,1
1210,recoverable,q_learning,0.81,False,1
1211,recoverable,q_learning,0.8225,False,0
1212,recoverable,q_learning,0.817777777778,False,1
1213,recoverable,q_learning,0.822222222222,False,0
1214,recoverable,q_learning,0.82,False,0
1215,recoverable,q_learning,0.818,False,1
1216,recoverable,q_learning,0.818888888889,False,1
1217,recoverable,q_learning,0.82,False,0
1218,recoverable,q_learning,0.81875,False,1
1219,recoverable,q_learning,0.8225,False,0
1220,recoverable,q_learning,0.82,False,1
1221,recoverable,q_learning,0.815714285714,False,0
1222,recoverable,q_learning,0.816666666667,False,0
1223,recoverable,q_learning,0.821666666667,False,0
1224,recoverable,q_learning,0.82,False,0
1225,recoverable,q_learning,0.8275,False,1
1226,recoverable,q_learning,0.8325,False,0
1227,recoverable,q_learning,0.82,False,1
1228,recoverable,q_learning,0.822,False,1
1229,recoverable,q_learning,0.82,False,0
1230,recoverable,q_learning,0.82,False,2
1231,recoverable,q_learning,0.826666666667,False,0
1232,recoverable,q_learning,0.816666666667,False,0
1233,recoverable,q_learning,0.82,False,0
1234,recoverable,q_learning,0.82,False,0
1235,recoverable,q_learning,0.828333333333,False,0
1236,recoverable,q_learning,0.818,False,1
1237,recoverable,q_learning,0.821,False,0
1238,recoverable,q_learning,0.827,False,0
1239,recoverable,q_learning,0.818333333333,False,0
1240,recoverable,q_learning,0.825,False,0
1241,recoverable,q_learning,0.82,False,0
1242,recoverable,q_learning,0.82,False,0
1243,recoverable,q_learning,0.818888888889,False,1
1244,recoverable,q_learning,0.823333333333,False,0
1245,recoverable,q_learning,0.826666666667,False,0
1246,recoverable,q_learning,0.825,False,0
1247,recoverable,q_learning,0.825,False,1
1248,recoverable,q_learning,0.825,False,0
1249,recoverable,q_learning,0.826428571429,False,0
1250,recoverable,q_learning,0.82125,False,0
1251,recoverable,q_learning,0.817272727273,False,2
1252,recoverable,q_learning,0.83,False,1
1253,recoverable,q_learning,0.8325,False,1
1254,recoverable,q_learning,0.822,False,0
1255,recoverable,q_learning,0.82,False,0
1256,recoverable,q_learning,0.8225,False,0
1257,recoverable,q_learning,0.82,False,0
1258,recoverable,q_learning,0.82,False,0
1259,recoverable,q_learning,0.823,False,0
1260,recoverable,q_learning,0.8225,False,0
1261,recoverable,q_learning,0.82375,False,0
1262,recoverable,q_learning,0.823,False,0
1263,recoverable,q_learning,0.82,False,1
1264,recoverable,q_learning,0.822142857143,False,1
1265,recoverable,q_learning,0.82,False,0
1266,recoverable,q_learning,0.8275,False,0
1267,recoverable,q_learning,0.825,False,0
1268,recoverable,q_learning,0.825,False,0
1269,recoverable,q_learning,0.8175,False,0
1270,recoverable,q_learning,0.823333333333,False,0
1271,recoverable,q_learning,0.821666666667,False,0
1272,recoverable,q_learning,0.818571428571,False,1
1273,recoverable,q_learning,0.8175,False,0
1274,recoverable,q_learning,0.818,False,1
1275,recoverable,q_learning,0.815,False,0
1276,recoverable,q_learning,0.828,False,1
1277,recoverable,q_learning,0.82,False,0
1278,recoverable,q_learning,0.818888888889,False,1
1279,recoverable,q_learning,0.827222222222,False,0
1280,recoverable,q_learning,0.825,False,1
1281,recoverable,q_learning,0.829285714286,False,0
1282,recoverable,q_learning,0.82,False,0
1283,recoverable,q_learning,0.823125,False,1
1284,recoverable,q_learning,0.825,False,0
1285,recoverable,q_learning,0.82625,False,0
1286,recoverable,q_learning,0.817142857143,False,0
1287,recoverable,q_learning,0.818571428571,False,0
1288,recoverable,q_learning,0.83125,False,1
1289,recoverable,q_learning,0.808888888889,False,2
1290,recoverable,q_learning,0.821666666667,False,0
1291,recoverable,q_learning,0.831,False,1
1292,recoverable,q_learning,0.827,False,1
1293,recoverable,q_learning,0.822,False,0
1294,recoverable,q_learning,0.827,False,0
1295,recoverable,q_learning,0.823333333333,False,1
1296,recoverable,q_learning,0.823,False,1
1297,recoverable,q_learning,0.818333333333,False,1
1298,recoverable,q_learning,0.825,False,0
1299,recoverable,q_learning,0.823333333333,False,0
1300,recoverable,q_learning,0.82125,False,0
1301,recoverable,q_learning,0.825,False,0
1302,recoverable,q_learning,0.823125,False,1
1303,recoverable,q_learning,0.823,False,1
1304,recoverable,q_learning,0.81625,False,1
1305,recoverable,q_learning,0.822142857143,False,0
1306,recoverable,q_learning,0.814,False,0
1307,recoverable,q_learning,0.822,False,0
1308,recoverable,q_learning,0.816666666667,False,1
1309,recoverable,q_learning,0.82125,False,0
1310,recoverable,q_learning,0.825,False,0
1311,recoverable,q_learning,0.822,False,0
1312,recoverable,q_learning,0.823571428571,False,1
1313,recoverable,q_learning,0.818181818182,False,1
1314,recoverable,q_learning,0.8175,False,1
1315,recoverable,q_learning,0.825,False,1
1316,recoverable,q_learning,0.815,False,1
1317,recoverable,q_learning,0.822777777778,False,0
1318,recoverable,q_learning,0.826111111111,False,0
1319,recoverable,q_learning,0.822857142857,False,0
1320,recoverable,q_learning,0.821666666667,False,0
1321,recoverable,q_learning,0.827,False,0
1322,recoverable,q_learning,0.821666666667,False,0
1323,recoverable,q_learning,0.818,False,1
1324,recoverable,q_learning,0.823333333333,False,0
1325,recoverable,q_learning,0.825,False,0
1326,recoverable,q_learning,0.8275,False,0
1327,recoverable,q_learning,0.827857142857,False,0
1328,recoverable,q_learning,0.825,False,0
1329,recoverable,q_learning,0.818888888889,False,1
1330,recoverable,q_learning,0.816666666667,False,0
1331,recoverable,q_learning,0.82625,False,0
1332,recoverable,q_learning,0.82,False,0
1333,recoverable,q_learning,0.823333333333,False,0
1334,recoverable,q_learning,0.82,False,0
1335,recoverable,q_learning,0.823333333333,False,0
1336,recoverable,q_learning,0.825,False,0
1337,recoverable,q_learning,0.818571428571,False,1
1338,recoverable,q_learning,0.8175,False,1
1339,recoverable,q_learning,0.816666666667,False,2
1340,recoverable,q_learning,0.822777777778,False,1
1341,recoverable,q_learning,0.815,False,0
1342,recoverable,q_learning,0.816666666667,False,0
1343,recoverable,q_learning,0.818,False,0
1344,recoverable,q_learning,0.81,False,0
1345,recoverable,q_learning,0.8175,False,0
1346,recoverable,q_learning,0.828333333333,False,0
1347,recoverable,q_learning,0.8225,False,0
1348,recoverable,q_learning,0.8275,False,0
1349,recoverable,q_learning,0.825,False,0
1350,recoverable,q_learning,0.8175,False,2
1351,recoverable,q_learning,0.818,False,0
1352,recoverable,q_learning,0.818333333333,False,1
1353,recoverable,q_learning,0.8225,False,0
1354,recoverable,q_learning,0.827,False,0
1355,recoverable,q_learning,0.82,False,0
1356,recoverable,q_learning,0.820833333333,False,0
1357,recoverable,q_learning,0.814285714286,False,0
1358,recoverable,q_learning,0.818333333333,False,0
1359,recoverable,q_learning,0.8225,False,0
1360,recoverable,q_learning,0.81875,False,0
1361,recoverable,q_learning,0.821,False,0
1362,recoverable,q_learning,0.827,False,0
1363,recoverable,q_learning,0.825,False,0
1364,recoverable,q_learning,0.820714285714,False,0
1365,recoverable,q_learning,0.82,False,0
1366,recoverable,q_learning,0.814,False,0
1367,recoverable,q_learning,0.8225,False,0
1368,recoverable,q_learning,0.816666666667,False,0
1369,recoverable,q_learning,0.82,False,1
1370,recoverable,q_learning,0.818,False,1
1371,recoverable,q_learning,0.828636363636,False,0
1372,recoverable,q_learning,0.823333333333,False,0
1373,recoverable,q_learning,0.817142857143,False,0
1374,recoverable,q_learning,0.827222222222,False,0
1375,recoverable,q_learning,0.82,False,1
1376,recoverable,q_learning,0.82,False,0
1377,recoverable,q_learning,0.83125,False,0
1378,recoverable,q_learning,0.82,False,0
1379,recoverable,q_learning,0.8175,False,1
1380,recoverable,q_learning,0.816666666667,False,2
1381,recoverable,q_learning,0.818333333333,False,0
1382,recoverable,q_learning,0.824166666667,False,0
1383,recoverable,q_learning,0.82875,False,0
1384,recoverable,q_learning,0.823,False,1
1385,recoverable,q_learning,0.82375,False,0
1386,recoverable,q_learning,0.8225,False,0
1387,recoverable,q_learning,0.82125,False,0
1388,recoverable,q_learning,0.820714285714,False,1
1389,recoverable,q_learning,0.82,False,0
1390,recoverable,q_learning,0.81875,False,0
1391,recoverable,q_learning,0.828333333333,False,0
1392,recoverable,q_learning,0.82,False,0
1393,recoverable,q_learning,0.825,False,0
1394,recoverable,q_learning,0.818888888889,False,0
1395,recoverable,q_learning,0.817272727273,False,2
1396,recoverable,q_learning,0.8175,False,0
1397,recoverable,q_learning,0.82375,False,0
1398,recoverable,q_learning,0.8225,False,0
1399,recoverable,q_learning,0.821,False,0
1400,recoverable,q_learning,0.8235,False,1
1401,recoverable,q_learning,0.818333333333,False,0
1402,recoverable,q_learning,0.8225,False,0
1403,recoverable,q_learning,0.818333333333,False,0
1404,recoverable,q_learning,0.82,False,0
1405,recoverable,q_learning,0.824,False,1
1406,recoverable,q_learning,0.824166666667,False,0
1407,recoverable,q_learning,0.8225,False,0
1408,recoverable,q_learning,0.817,False,1
1409,recoverable,q_learning,0.818888888889,False,1
1410,recoverable,q_learning,0.828333333333,False,1
1411,recoverable,q_learning,0.8175,False,0
1412,recoverable,q_learning,0.8225,False,0
1413,recoverable,q_learning,0.816666666667,False,1
1414,recoverable,q_learning,0.8225,False,1
1415,recoverable,q_learning,0.818333333333,False,0
1416,recoverable,q_learning,0.823333333333,False,0
1417,recoverable,q_learning,0.82125,False,0
1418,recoverable,q_learning,0.818,False,0
1419,recoverable,q_learning,0.818,False,0
1420,recoverable,q_learning,0.825,False,0
1421,recoverable,q_learning,0.825,False,0
1422,recoverable,q_learning,0.8225,False,0
1423,recoverable,q_learning,0.82125,False,0
1424,recoverable,q_learning,0.823333333333,False,0
1425,recoverable,q_learning,0.82125,False,1
1426,recoverable,q_learning,0.8225,False,0
1427,recoverable,q_learning,0.825,False,0
1428,recoverable,q_learning,0.8225,False,0
1429,recoverable,q_learning,0.81875,False,1
1430,recoverable,q_learning,0.821428571429,False,1
1431,recoverable,q_learning,0.818,False,0
1432,recoverable,q_learning,0.823,False,1
1433,recoverable,q_learning,0.81875,False,1
1434,recoverable,q_learning,0.821666666667,False,0
1435,recoverable,q_learning,0.823333333333,False,0
1436,recoverable,q_learning,0.823333333333,False,0
1437,recoverable,q_learning,0.82,False,1
1438,recoverable,q_learning,0.826666666667,False,0
1439,recoverable,q_learning,0.8275,False,0
1440,recoverable,q_learning,0.818,False,0
1441,recoverable,q_learning,0.8175,False,0
1442,recoverable,q_learning,0.82,False,0
1443,recoverable,q_learning,0.82375,False,1
1444,recoverable,q_learning,0.8225,False,0
1445,recoverable,q_learning,0.8275,False,0
1446,recoverable,q_learning,0.818571428571,False,1
1447,recoverable,q_learning,0.822,False,1
1448,recoverable,q_learning,0.825,False,0
1449,recoverable,q_learning,0.823333333333,False,0
1450,recoverable,q_learning,0.824166666667,False,0
1451,recoverable,q_learning,0.825,False,0
1452,recoverable,q_learning,0.823333333333,False,1
1453,recoverable,q_learning,0.82625,False,0
1454,recoverable,q_learning,0.82,False,0
1455,recoverable,q_learning,0.82,False,1
1456,recoverable,q_learning,0.82,False,1
1457,recoverable,q_learning,0.818333333333,False,1
1458,recoverable,q_learning,0.82125,False,0
1459,recoverable,q_learning,0.8175,False,1
1460,recoverable,q_learning,0.81875,False,0
1461,recoverable,q_learning,0.824166666667,False,1
1462,recoverable,q_learning,0.8275,False,1
1463,recoverable,q_learning,0.825,False,0
1464,recoverable,q_learning,0.823333333333,False,0
1465,recoverable,q_learning,0.82625,False,0
1466,recoverable,q_learning,0.82,False,0
1467,recoverable,q_learning,0.81625,False,1
1468,recoverable,q_learning,0.818333333333,False,0
1469,recoverable,q_learning,0.822777777778,False,1
1470,recoverable,q_learning,0.82,False,0
1471,recoverable,q_learning,0.817272727273,False,2
1472,recoverable,q_learning,0.825,False,0
1473,recoverable,q_learning,0.82125,False,0
1474,recoverable,q_learning,0.828333333333,False,0
1475,recoverable,q_learning,0.824285714286,False,1
1476,recoverable,q_learning,0.825,False,0
1477,recoverable,q_learning,0.82,False,1
1478,recoverable,q_learning,0.828333333333,False,1
1479,recoverable,q_learning,0.817272727273,False,1
1480,recoverable,q_learning,0.8225,False,0
1481,recoverable,q_learning,0.8225,False,0
1482,recoverable,q_learning,0.822,False,0
1483,recoverable,q_learning,0.82125,False,0
1484,recoverable,q_learning,0.821,False,0
1485,recoverable,q_learning,0.82,False,1
1486,recoverable,q_learning,0.821666666667,False,1
1487,recoverable,q_learning,0.821875,False,1
1488,recoverable,q_learning,0.818333333333,False,1
1489,recoverable,q_learning,0.818888888889,False,1
1490,recoverable,q_learning,0.817777777778,False,1
1491,recoverable,q_learning,0.826666666667,False,0
1492,recoverable,q_learning,0.815714285714,False,0
1493,recoverable,q_learning,0.8225,False,0
1494,recoverable,q_learning,0.808571428571,False,1
1495,recoverable,q_learning,0.817,False,2
1496,recoverable,q_learning,0.825,False,0
1497,recoverable,q_learning,0.82,False,0
1498,recoverable,q_learning,0.817777777778,False,1
1499,recoverable,q_learning,0.8275,False,0
1500,recoverable,q_learning,0.8225,False,1
1501,recoverable,q_learning,0.82,False,0
1502,recoverable,q_learning,0.82,False,0
1503,recoverable,q_learning,0.822142857143,False,1
1504,recoverable,q_learning,0.824,False,0
1505,recoverable,q_learning,0.82625,False,0
1506,recoverable,q_learning,0.82,False,1
1507,recoverable,q_learning,0.822777777778,False,0
1508,recoverable,q_learning,0.83,False,1
1509,recoverable,q_learning,0.822,False,0
1510,recoverable,q_learning,0.829,False,0
1511,recoverable,q_learning,0.822,False,0
1512,recoverable,q_learning,0.822142857143,False,1
1513,recoverable,q_learning,0.82,False,0
1514,recoverable,q_learning,0.827222222222,False,0
1515,recoverable,q_learning,0.81875,False,0
1516,recoverable,q_learning,0.82,False,0
1517,recoverable,q_learning,0.828333333333,False,0
1518,recoverable,q_learning,0.825,False,0
1519,recoverable,q_learning,0.827,False,0
1520,recoverable,q_learning,0.828333333333,False,0
1521,recoverable,q_learning,0.823333333333,False,0
1522,recoverable,q_learning,0.8175,False,1
1523,recoverable,q_learning,0.819,False,1
1524,recoverable,q_learning,0.82,False,0
1525,recoverable,q_learning,0.82,False,1
1526,recoverable,q_learning,0.828,False,0
1527,recoverable,q_learning,0.829444444444,False,1
1528,recoverable,q_learning,0.824,False,0
1529,recoverable,q_learning,0.827,False,0
1530,recoverable,q_learning,0.82,False,0
1531,recoverable,q_learning,0.827,False,0
1532,recoverable,q_learning,0.82,False,1
1533,recoverable,q_learning,0.825,False,0
1534,recoverable,q_learning,0.823333333333,False,0
1535,recoverable,q_learning,0.817,False,1
1536,recoverable,q_learning,0.823333333333,False,0
1537,recoverable,q_learning,0.82125,False,0
1538,recoverable,q_learning,0.815833333333,False,2
1539,recoverable,q_learning,0.822857142857,False,0
1540,recoverable,q_learning,0.823,False,0
1541,recoverable,q_learning,0.821428571429,False,1
1542,recoverable,q_learning,0.82,False,1
1543,recoverable,q_learning,0.818333333333,False,0
1544,recoverable,q_learning,0.818,False,0
1545,recoverable,q_learning,0.817142857143,False,1
1546,recoverable,q_learning,0.82,False,0
1547,recoverable,q_learning,0.821111111111,False,0
1548,recoverable,q_learning,0.8225,False,1
1549,recoverable,q_learning,0.818571428571,False,2
1550,recoverable,q_learning,0.82,False,0
1551,recoverable,q_learning,0.82375,False,0
1552,recoverable,q_learning,0.824,False,0
1553,recoverable,q_learning,0.825,False,0
1554,recoverable,q_learning,0.821666666667,False,0
1555,recoverable,q_learning,0.824166666667,False,1
1556,recoverable,q_learning,0.821,False,0
1557,recoverable,q_learning,0.82,False,0
1558,recoverable,q_learning,0.815454545455,False,1
1559,recoverable,q_learning,0.82,False,0
1560,recoverable,q_learning,0.8275,False,0
1561,recoverable,q_learning,0.8175,False,1
1562,recoverable,q_learning,0.818888888889,False,1
1563,recoverable,q_learning,0.816666666667,False,0
1564,recoverable,q_learning,0.81875,False,1
1565,recoverable,q_learning,0.8225,False,0
1566,recoverable,q_learning,0.8225,False,0
1567,recoverable,q_learning,0.821666666667,False,0
1568,recoverable,q_learning,0.818333333333,False,0
1569,recoverable,q_learning,0.823333333333,False,0
1570,recoverable,q_learning,0.816666666667,False,1
1571,recoverable,q_learning,0.82375,False,0
1572,recoverable,q_learning,0.82,False,2
1573,recoverable,q_learning,0.824166666667,False,0
1574,recoverable,q_learning,0.82,False,0
1575,recoverable,q_learning,0.825,False,0
1576,recoverable,q_learning,0.823333333333,False,0
1577,recoverable,q_learning,0.8275,False,0
1578,recoverable,q_learning,0.82,False,0
1579,recoverable,q_learning,0.818888888889,False,1
1580,recoverable,q_learning,0.818888888889,False,1
1581,recoverable,q_learning,0.825,False,0
1582,recoverable,q_learning,0.82,False,0
1583,recoverable,q_learning,0.816666666667,False,0
1584,recoverable,q_learning,0.825,False,0
1585,recoverable,q_learning,0.817777777778,False,1
1586,recoverable,q_learning,0.82,False,1
1587,recoverable,q_learning,0.815,False,1
1588,recoverable,q_learning,0.82,False,1
1589,recoverable,q_learning,0.82125,False,0
1590,recoverable,q_learning,0.822857142857,False,0
1591,recoverable,q_learning,0.827222222222,False,0
1592,recoverable,q_learning,0.8275,False,0
1593,recoverable,q_learning,0.817777777778,False,2
1594,recoverable,q_learning,0.825,False,0
1595,recoverable,q_learning,0.8275,False,0
1596,recoverable,q_learning,0.818571428571,False,0
1597,recoverable,q_learning,0.8275,False,0
1598,recoverable,q_learning,0.81875,False,0
1599,recoverable,q_learning,0.8225,False,0
1600,recoverable,q_learning,0.817777777778,False,2
1601,recoverable,q_learning,0.823571428571,False,1
1602,recoverable,q_learning,0.82,False,0
1603,recoverable,q_learning,0.82,False,0
1604,recoverable,q_learning,0.82,False,1
1605,recoverable,q_learning,0.8275,False,1
1606,recoverable,q_learning,0.821428571429,False,0
1607,recoverable,q_learning,0.83,False,1
1608,recoverable,q_learning,0.821666666667,False,0
1609,recoverable,q_learning,0.821666666667,False,1
1610,recoverable,q_learning,0.825,False,0
1611,recoverable,q_learning,0.82375,False,1
1612,recoverable,q_learning,0.824166666667,False,0
1613,recoverable,q_learning,0.82125,False,0
1614,recoverable,q_learning,0.818,False,0
1615,recoverable,q_learning,0.82,False,0
1616,recoverable,q_learning,0.81,False,1
1617,recoverable,q_learning,0.82,False,0
1618,recoverable,q_learning,0.821428571429,False,0
1619,recoverable,q_learning,0.825,False,1
1620,recoverable,q_learning,0.827,False,0
1621,recoverable,q_learning,0.825,False,0
1622,recoverable,q_learning,0.821666666667,False,0
1623,recoverable,q_learning,0.823,False,0
1624,recoverable,q_learning,0.82125,False,0
1625,recoverable,q_learning,0.814285714286,False,0
1626,recoverable,q_learning,0.825,False,1
1627,recoverable,q_learning,0.82,False,2
1628,recoverable,q_learning,0.8225,False,0
1629,recoverable,q_learning,0.82,False,1
1630,recoverable,q_learning,0.8225,False,0
1631,recoverable,q_learning,0.8225,False,0
1632,recoverable,q_learning,0.825,False,0
1633,recoverable,q_learning,0.826666666667,False,0
1634,recoverable,q_learning,0.823333333333,False,0
1635,recoverable,q_learning,0.82,False,0
1636,recoverable,q_learning,0.8175,False,0
1637,recoverable,q_learning,0.825,False,0
1638,recoverable,q_learning,0.828333333333,False,0
1639,recoverable,q_learning,0.822,False,0
1640,recoverable,q_learning,0.82375,False,0
1641,recoverable,q_learning,0.815,False,1
1642,recoverable,q_learning,0.821666666667,False,0
1643,recoverable,q_learning,0.822,False,0
1644,recoverable,q_learning,0.827857142857,False,0
1645,recoverable,q_learning,0.827,False,1
1646,recoverable,q_learning,0.821666666667,False,1
1647,recoverable,q_learning,0.818888888889,False,1
1648,recoverable,q_learning,0.821428571429,False,0
1649,recoverable,q_learning,0.82,False,2
1650,recoverable,q_learning,0.818,False,1
1651,recoverable,q_learning,0.822,False,0
1652,recoverable,q_learning,0.818,False,0
1653,recoverable,q_learning,0.825,False,0
1654,recoverable,q_learning,0.825,False,0
1655,recoverable,q_learning,0.82375,False,1
1656,recoverable,q_learning,0.81625,False,2
1657,recoverable,q_learning,0.81,False,1
1658,recoverable,q_learning,0.821666666667,False,0
1659,recoverable,q_learning,0.818181818182,False,2
1660,recoverable,q_learning,0.831666666667,False,0
1661,recoverable,q_learning,0.818571428571,False,1
1662,recoverable,q_learning,0.81625,False,1
1663,recoverable,q_learning,0.8225,False,0
1664,recoverable,q_learning,0.825,False,0
1665,recoverable,q_learning,0.825,False,0
1666,recoverable,q_learning,0.8225,False,0
1667,recoverable,q_learning,0.823333333333,False,0
1668,recoverable,q_learning,0.82,False,0
1669,recoverable,q_learning,0.81625,False,0
1670,recoverable,q_learning,0.82375,False,0
1671,recoverable,q_learning,0.825,False,0
1672,recoverable,q_learning,0.828333333333,False,1
1673,recoverable,q_learning,0.828,False,0
1674,recoverable,q_learning,0.82,False,0
1675,recoverable,q_learning,0.818,False,0
1676,recoverable,q_learning,0.827857142857,False,0
1677,recoverable,q_learning,0.823214285714,False,2
1678,recoverable,q_learning,0.818571428571,False,1
1679,recoverable,q_learning,0.82,False,0
1680,recoverable,q_learning,0.815555555556,False,1
1681,recoverable,q_learning,0.822,False,0
1682,recoverable,q_learning,0.828333333333,False,1
1683,recoverable,q_learning,0.816666666667,False,0
1684,recoverable,q_learning,0.816,False,1
1685,recoverable,q_learning,0.82,False,0
1686,recoverable,q_learning,0.82,False,0
1687,recoverable,q_learning,0.82375,False,0
1688,recoverable,q_learning,0.82,False,0
1689,recoverable,q_learning,0.82,False,0
1690,recoverable,q_learning,0.823333333333,False,1
1691,recoverable,q_learning,0.824166666667,False,0
1692,recoverable,q_learning,0.82875,False,1
1693,recoverable,q_learning,0.8225,False,0
1694,recoverable,q_learning,0.823333333333,False,1
1695,recoverable,q_learning,0.821,False,0
1696,recoverable,q_learning,0.82125,False,0
1697,recoverable,q_learning,0.818888888889,False,1
1698,recoverable,q_learning,0.82,False,1
1699,recoverable,q_learning,0.818,False,0
1700,recoverable,q_learning,0.825,False,0
1701,recoverable,q_learning,0.82375,False,0
1702,recoverable,q_learning,0.82,False,0
1703,recoverable,q_learning,0.82,False,1
1704,recoverable,q_learning,0.81625,False,0
1705,recoverable,q_learning,0.825,False,0
1706,recoverable,q_learning,0.82,False,1
1707,recoverable,q_learning,0.821666666667,False,0
1708,recoverable,q_learning,0.826666666667,False,0
1709,recoverable,q_learning,0.819,False,2
1710,recoverable,q_learning,0.824,False,0
1711,recoverable,q_learning,0.82,False,0
1712,recoverable,q_learning,0.816,False,1
1713,recoverable,q_learning,0.822,False,0
1714,recoverable,q_learning,0.825,False,1
1715,recoverable,q_learning,0.824166666667,False,1
1716,recoverable,q_learning,0.82125,False,0
1717,recoverable,q_learning,0.817,False,2
1718,recoverable,q_learning,0.826428571429,False,0
1719,recoverable,q_learning,0.817,False,2
1720,recoverable,q_learning,0.825,False,0
1721,recoverable,q_learning,0.8225,False,0
1722,recoverable,q_learning,0.82,False,0
1723,recoverable,q_learning,0.821428571429,False,0
1724,recoverable,q_learning,0.82,False,1
1725,recoverable,q_learning,0.82,False,2
1726,recoverable,q_learning,0.818888888889,False,0
1727,recoverable,q_learning,0.8225,False,0
1728,recoverable,q_learning,0.823,False,1
1729,recoverable,q_learning,0.817142857143,False,0
1730,recoverable,q_learning,0.817777777778,False,1
1731,recoverable,q_learning,0.818888888889,False,2
1732,recoverable,q_learning,0.82,False,0
1733,recoverable,q_learning,0.821666666667,False,0
1734,recoverable,q_learning,0.8225,False,2
1735,recoverable,q_learning,0.82,False,1
1736,recoverable,q_learning,0.8225,False,1
1737,recoverable,q_learning,0.816666666667,False,1
1738,recoverable,q_learning,0.825,False,0
1739,recoverable,q_learning,0.823333333333,False,0
1740,recoverable,q_learning,0.82125,False,0
1741,recoverable,q_learning,0.823333333333,False,0
1742,recoverable,q_learning,0.816666666667,False,1
1743,recoverable,q_learning,0.82,False,0
1744,recoverable,q_learning,0.817777777778,False,2
1745,recoverable,q_learning,0.8225,False,0
1746,recoverable,q_learning,0.816,False,2
1747,recoverable,q_learning,0.828333333333,False,0
1748,recoverable,q_learning,0.828333333333,False,0
1749,recoverable,q_learning,0.82375,False,0
1750,recoverable,q_learning,0.82,False,0
1751,recoverable,q_learning,0.81,False,1
1752,recoverable,q_learning,0.829,False,1
1753,recoverable,q_learning,0.8225,False,0
1754,recoverable,q_learning,0.825,False,0
1755,recoverable,q_learning,0.8225,False,0
1756,recoverable,q_learning,0.824,False,0
1757,recoverable,q_learning,0.8225,False,0
1758,recoverable,q_learning,0.818888888889,False,1
1759,recoverable,q_learning,0.828333333333,False,0
1760,recoverable,q_learning,0.827857142857,False,0
1761,recoverable,q_learning,0.827,False,0
1762,recoverable,q_learning,0.823333333333,False,0
1763,recoverable,q_learning,0.82,False,0
1764,recoverable,q_learning,0.82125,False,0
1765,recoverable,q_learning,0.823333333333,False,0
1766,recoverable,q_learning,0.823333333333,False,0
1767,recoverable,q_learning,0.818,False,0
1768,recoverable,q_learning,0.82875,False,1
1769,recoverable,q_learning,0.82625,False,1
1770,recoverable,q_learning,0.818888888889,False,1
1771,recoverable,q_learning,0.82,False,1
1772,recoverable,q_learning,0.82,False,0
1773,recoverable,q_learning,0.825,False,0
1774,recoverable,q_learning,0.82625,False,0
1775,recoverable,q_learning,0.826428571429,False,0
1776,recoverable,q_learning,0.826111111111,False,0
1777,recoverable,q_learning,0.833,False,1
1778,recoverable,q_learning,0.8225,False,0
1779,recoverable,q_learning,0.818571428571,False,0
1780,recoverable,q_learning,0.816666666667,False,0
1781,recoverable,q_learning,0.816666666667,False,0
1782,recoverable,q_learning,0.825,False,0
1783,recoverable,q_learning,0.818333333333,False,0
1784,recoverable,q_learning,0.823333333333,False,0
1785,recoverable,q_learning,0.827,False,1
1786,recoverable,q_learning,0.827,False,0
1787,recoverable,q_learning,0.825,False,0
1788,recoverable,q_learning,0.8175,False,0
1789,recoverable,q_learning,0.821666666667,False,0
1790,recoverable,q_learning,0.825,False,0
1791,recoverable,q_learning,0.818,False,0
1792,recoverable,q_learning,0.81625,False,0
1793,recoverable,q_learning,0.825,False,0
1794,recoverable,q_learning,0.821666666667,False,0
1795,recoverable,q_learning,0.816666666667,False,0
1796,recoverable,q_learning,0.816153846154,False,2
1797,recoverable,q_learning,0.829166666667,False,1
1798,recoverable,q_learning,0.818181818182,False,0
1799,recoverable,q_learning,0.818,False,0
1800,recoverable,q_learning,0.821,False,0
1801,recoverable,q_learning,0.823333333333,False,0
1802,recoverable,q_learning,0.822857142857,False,0
1803,recoverable,q_learning,0.823571428571,False,1
1804,recoverable,q_learning,0.828333333333,False,0
1805,recoverable,q_learning,0.822142857143,False,0
1806,recoverable,q_learning,0.823,False,0
1807,recoverable,q_learning,0.82,False,0
1808,recoverable,q_learning,0.82,False,0
1809,recoverable,q_learning,0.825,False,0
1810,recoverable,q_learning,0.82625,False,0
1811,recoverable,q_learning,0.81875,False,1
1812,recoverable,q_learning,0.814,False,1
1813,recoverable,q_learning,0.824,False,0
1814,recoverable,q_learning,0.83,False,0
1815,recoverable,q_learning,0.824,False,1
1816,recoverable,q_learning,0.816666666667,False,0
1817,recoverable,q_learning,0.826428571429,False,0
1818,recoverable,q_learning,0.8175,False,1
1819,recoverable,q_learning,0.823333333333,False,1
1820,recoverable,q_learning,0.827,False,0
1821,recoverable,q_learning,0.8225,False,0
1822,recoverable,q_learning,0.817,False,2
1823,recoverable,q_learning,0.82,False,0
1824,recoverable,q_learning,0.827,False,1
1825,recoverable,q_learning,0.825,False,0
1826,recoverable,q_learning,0.818333333333,False,0
1827,recoverable,q_learning,0.82375,False,0
1828,recoverable,q_learning,0.82,False,1
1829,recoverable,q_learning,0.830714285714,False,0
1830,recoverable,q_learning,0.83,False,0
1831,recoverable,q_learning,0.82,False,0
1832,recoverable,q_learning,0.823333333333,False,0
1833,recoverable,q_learning,0.82,False,0
1834,recoverable,q_learning,0.826666666667,False,0
1835,recoverable,q_learning,0.823333333333,False,0
1836,recoverable,q_learning,0.815555555556,False,0
1837,recoverable,q_learning,0.823,False,0
1838,recoverable,q_learning,0.825,False,0
1839,recoverable,q_learning,0.823333333333,False,1
1840,recoverable,q_learning,0.828333333333,False,0
1841,recoverable,q_learning,0.823333333333,False,0
1842,recoverable,q_learning,0.823333333333,False,1
1843,recoverable,q_learning,0.82,False,0
1844,recoverable,q_learning,0.81625,False,0
1845,recoverable,q_learning,0.81,False,0
1846,recoverable,q_learning,0.82125,False,0
1847,recoverable,q_learning,0.82125,False,0
1848,recoverable,q_learning,0.825,False,0
1849,recoverable,q_learning,0.8175,False,0
1850,recoverable,q_learning,0.8175,False,0
1851,recoverable,q_learning,0.8225,False,0
1852,recoverable,q_learning,0.8275,False,0
1853,recoverable,q_learning,0.8225,False,0
1854,recoverable,q_learning,0.816666666667,False,1
1855,recoverable,q_learning,0.825,False,0
1856,recoverable,q_learning,0.8225,False,0
1857,recoverable,q_learning,0.83,False,0
1858,recoverable,q_learning,0.822,False,0
1859,recoverable,q_learning,0.816666666667,False,1
1860,recoverable,q_learning,0.818571428571,False,0
1861,recoverable,q_learning,0.82,False,0
1862,recoverable,q_learning,0.821,False,1
1863,recoverable,q_learning,0.825,False,0
1864,recoverable,q_learning,0.821428571429,False,1
1865,recoverable,q_learning,0.821666666667,False,0
1866,recoverable,q_learning,0.825,False,0
1867,recoverable,q_learning,0.817142857143,False,0
1868,recoverable,q_learning,0.825,False,0
1869,recoverable,q_learning,0.82,False,1
1870,recoverable,q_learning,0.821666666667,False,0
1871,recoverable,q_learning,0.818571428571,False,1
1872,recoverable,q_learning,0.8225,False,0
1873,recoverable,q_learning,0.822777777778,False,1
1874,recoverable,q_learning,0.81875,False,0
1875,recoverable,q_learning,0.821666666667,False,0
1876,recoverable,q_learning,0.82,False,0
1877,recoverable,q_learning,0.818333333333,False,0
1878,recoverable,q_learning,0.827,False,0
1879,recoverable,q_learning,0.82,False,0
1880,recoverable,q_learning,0.828636363636,False,1
1881,recoverable,q_learning,0.829285714286,False,0
1882,recoverable,q_learning,0.8175,False,0
1883,recoverable,q_learning,0.817142857143,False,0
1884,recoverable,q_learning,0.817777777778,False,1
1885,recoverable,q_learning,0.82,False,1
1886,recoverable,q_learning,0.830714285714,False,0
1887,recoverable,q_learning,0.819,False,1
1888,recoverable,q_learning,0.825,False,1
1889,recoverable,q_learning,0.817142857143,False,1
1890,recoverable,q_learning,0.8225,False,0
1891,recoverable,q_learning,0.823333333333,False,0
1892,recoverable,q_learning,0.816,False,2
1893,recoverable,q_learning,0.8225,False,0
1894,recoverable,q_learning,0.819,False,1
1895,recoverable,q_learning,0.823333333333,False,0
1896,recoverable,q_learning,0.825,False,0
1897,recoverable,q_learning,0.828333333333,False,1
1898,recoverable,q_learning,0.822,False,0
1899,recoverable,q_learning,0.821666666667,False,0
1900,recoverable,q_learning,0.825,False,0
1901,recoverable,q_learning,0.81625,False,1
1902,recoverable,q_learning,0.825,False,0
1903,recoverable,q_learning,0.825,False,0
1904,recoverable,q_learning,0.8175,False,0
1905,recoverable,q_learning,0.8225,False,0
1906,recoverable,q_learning,0.823,False,0
1907,recoverable,q_learning,0.828333333333,False,1
1908,recoverable,q_learning,0.8225,False,0
1909,recoverable,q_learning,0.82375,False,1
1910,recoverable,q_learning,0.817777777778,False,2
1911,recoverable,q_learning,0.816666666667,False,0
1912,recoverable,q_learning,0.822,False,0
1913,recoverable,q_learning,0.8225,False,0
1914,recoverable,q_learning,0.829,False,0
1915,recoverable,q_learning,0.82125,False,0
1916,recoverable,q_learning,0.8225,False,0
1917,recoverable,q_learning,0.8225,False,1
1918,recoverable,q_learning,0.825,False,0
1919,recoverable,q_learning,0.818,False,0
1920,recoverable,q_learning,0.818333333333,False,1
1921,recoverable,q_learning,0.831,False,0
1922,recoverable,q_learning,0.822777777778,False,0
1923,recoverable,q_learning,0.828333333333,False,0
1924,recoverable,q_learning,0.816,False,1
1925,recoverable,q_learning,0.8175,False,0
1926,recoverable,q_learning,0.8225,False,1
1927,recoverable,q_learning,0.821,False,0
1928,recoverable,q_learning,0.821666666667,False,0
1929,recoverable,q_learning,0.826111111111,False,0
1930,recoverable,q_learning,0.825,False,0
1931,recoverable,q_learning,0.82,False,1
1932,recoverable,q_learning,0.823333333333,False,0
1933,recoverable,q_learning,0.816666666667,False,0
1934,recoverable,q_learning,0.82125,False,1
1935,recoverable,q_learning,0.8225,False,0
1936,recoverable,q_learning,0.8225,False,0
1937,recoverable,q_learning,0.82375,False,0
1938,recoverable,q_learning,0.82,False,0
1939,recoverable,q_learning,0.823333333333,False,0
1940,recoverable,q_learning,0.815714285714,False,0
1941,recoverable,q_learning,0.818571428571,False,0
1942,recoverable,q_learning,0.82125,False,0
1943,recoverable,q_learning,0.82,False,0
1944,recoverable,q_learning,0.817142857143,False,1
1945,recoverable,q_learning,0.82,False,0
1946,recoverable,q_learning,0.818333333333,False,0
1947,recoverable,q_learning,0.82,False,1
1948,recoverable,q_learning,0.82,False,0
1949,recoverable,q_learning,0.8225,False,0
1950,recoverable,q_learning,0.818333333333,False,1
1951,recoverable,q_learning,0.823333333333,False,0
1952,recoverable,q_learning,0.827857142857,False,0
1953,recoverable,q_learning,0.818,False,0
1954,recoverable,q_learning,0.8225,False,0
1955,recoverable,q_learning,0.81625,False,1
1956,recoverable,q_learning,0.824166666667,False,1
1957,recoverable,q_learning,0.818,False,0
1958,recoverable,q_learning,0.825,False,0
1959,recoverable,q_learning,0.817,False,2
1960,recoverable,q_learning,0.825,False,1
1961,recoverable,q_learning,0.821666666667,False,1
1962,recoverable,q_learning,0.8225,False,0
1963,recoverable,q_learning,0.809444444444,False,1
1964,recoverable,q_learning,0.82,False,0
1965,recoverable,q_learning,0.82125,False,0
1966,recoverable,q_learning,0.818181818182,False,1
1967,recoverable,q_learning,0.818333333333,False,0
1968,recoverable,q_learning,0.82625,False,0
1969,recoverable,q_learning,0.82,False,1
1970,recoverable,q_learning,0.82,False,0
1971,recoverable,q_learning,0.82,False,0
1972,recoverable,q_learning,0.8225,False,1
1973,recoverable,q_learning,0.82,False,0
1974,recoverable,q_learning,0.825,False,0
1975,recoverable,q_learning,0.823333333333,False,0
1976,recoverable,q_learning,0.8225,False,0
1977,recoverable,q_learning,0.823333333333,False,0
1978,recoverable,q_learning,0.82,False,1
1979,recoverable,q_learning,0.822,False,0
1980,recoverable,q_learning,0.82,False,1
1981,recoverable,q_learning,0.81,False,1
1982,recoverable,q_learning,0.826111111111,False,0
1983,recoverable,q_learning,0.823333333333,False,0
1984,recoverable,q_learning,0.831,False,1
1985,recoverable,q_learning,0.82,False,1
1986,recoverable,q_learning,0.82,False,1
1987,recoverable,q_learning,0.82,False,0
1988,recoverable,q_learning,0.81,False,1
1989,recoverable,q_learning,0.816666666667,False,1
1990,recoverable,q_learning,0.816,False,2
1991,recoverable,q_learning,0.82,False,1
1992,recoverable,q_learning,0.825,False,0
1993,recoverable,q_learning,0.816666666667,False,0
1994,recoverable,q_learning,0.825,False,0
1995,recoverable,q_learning,0.82,False,0
1996,recoverable,q_learning,0.8225,False,1
1997,recoverable,q_learning,0.82,False,1
1998,recoverable,q_learning,0.825,False,0
1999,recoverable,q_learning,0.823333333333,False,0
0,recoverable,sarsa,0.846428571429,False,1
1,recoverable,sarsa,0.8475,False,1
2,recoverable,sarsa,0.85,False,1
3,recoverable,sarsa,0.848125,False,2
4,recoverable,sarsa,0.8525,False,2
5,recoverable,sarsa,0.844,False,2
6,recoverable,sarsa,0.844375,False,3
7,recoverable,sarsa,0.8425,False,2
8,recoverable,sarsa,0.848571428571,False,3
9,recoverable,sarsa,0.848571428571,False,2
10,recoverable,sarsa,0.848,False,2
11,recoverable,sarsa,0.848888888889,False,3
12,recoverable,sarsa,0.84875,False,4
13,recoverable,sarsa,0.845,False,1
14,recoverable,sarsa,0.8475,False,3
15,recoverable,sarsa,0.84625,False,3
16,recoverable,sarsa,0.8475,False,5
17,recoverable,sarsa,0.846666666667,False,2
18,recoverable,sarsa,0.84875,False,4
19,recoverable,sarsa,0.85,False,3
20,recoverable,sarsa,0.852,False,2
21,recoverable,sarsa,0.848333333333,False,3
22,recoverable,sarsa,0.8475,False,3
23,recoverable,sarsa,0.845,False,3
24,recoverable,sarsa,0.85,False,2
25,recoverable,sarsa,0.848,False,6
26,recoverable,sarsa,0.848,False,2
27,recoverable,sarsa,0.844,False,2
28,recoverable,sarsa,0.848571428571,False,3
29,recoverable,sarsa,0.842857142857,False,3
30,recoverable,sarsa,0.8475,False,1
31,recoverable,sarsa,0.847142857143,False,1
32,recoverable,sarsa,0.848333333333,False,2
33,recoverable,sarsa,0.845,False,1
34,recoverable,sarsa,0.846666666667,False,2
35,recoverable,sarsa,0.846666666667,False,3
36,recoverable,sarsa,0.859166666667,False,2
37,recoverable,sarsa,0.848888888889,False,3
38,recoverable,sarsa,0.8475,False,4
39,recoverable,sarsa,0.848,False,3
40,recoverable,sarsa,0.847857142857,False,3
41,recoverable,sarsa,0.847142857143,False,1
42,recoverable,sarsa,0.844,False,2
43,recoverable,sarsa,0.848571428571,False,4
44,recoverable,sarsa,0.845,False,2
45,recoverable,sarsa,0.848333333333,False,2
46,recoverable,sarsa,0.85,False,1
47,recoverable,sarsa,0.846666666667,False,2
48,recoverable,sarsa,0.848333333333,False,2
49,recoverable,sarsa,0.84625,False,1
50,recoverable,sarsa,0.852,False,2
51,recoverable,sarsa,0.848333333333,False,2
52,recoverable,sarsa,0.845,False,1
53,recoverable,sarsa,0.847857142857,False,4
54,recoverable,sarsa,0.848076923077,False,4
55,recoverable,sarsa,0.847777777778,False,5
56,recoverable,sarsa,0.848,False,1
57,recoverable,sarsa,0.8475,False,1
58,recoverable,sarsa,0.849285714286,False,3
59,recoverable,sarsa,0.849166666667,False,2
60,recoverable,sarsa,0.845833333333,False,3
61,recoverable,sarsa,0.849375,False,4
62,recoverable,sarsa,0.846875,False,4
63,recoverable,sarsa,0.845714285714,False,3
64,recoverable,sarsa,0.8575,False,2
65,recoverable,sarsa,0.849,False,4
66,recoverable,sarsa,0.848333333333,False,4
67,recoverable,sarsa,0.849,False,3
68,recoverable,sarsa,0.8475,False,5
69,recoverable,sarsa,0.848333333333,False,2
70,recoverable,sarsa,0.858571428571,False,3
71,recoverable,sarsa,0.845,False,1
72,recoverable,sarsa,0.845,False,1
73,recoverable,sarsa,0.8475,False,4
74,recoverable,sarsa,0.849,False,4
75,recoverable,sarsa,0.847222222222,False,2
76,recoverable,sarsa,0.847,False,4
77,recoverable,sarsa,0.849166666667,False,3
78,recoverable,sarsa,0.845,False,2
79,recoverable,sarsa,0.847777777778,False,4
80,recoverable,sarsa,0.8575,False,3
81,recoverable,sarsa,0.8475,False,2
82,recoverable,sarsa,0.848,False,2
83,recoverable,sarsa,0.8475,False,2
84,recoverable,sarsa,0.845,False,0
85,recoverable,sarsa,0.84,False,3
86,recoverable,sarsa,0.85,False,2
87,recoverable,sarsa,0.849,False,3
88,recoverable,sarsa,0.849166666667,False,2
89,recoverable,sarsa,0.85,False,3
90,recoverable,sarsa,0.8475,False,2
91,recoverable,sarsa,0.858333333333,False,0
92,recoverable,sarsa,0.848,False,2
93,recoverable,sarsa,0.84,False,4
94,recoverable,sarsa,0.847727272727,False,3
95,recoverable,sarsa,0.844285714286,False,3
96,recoverable,sarsa,0.846666666667,False,1
97,recoverable,sarsa,0.845,False,2
98,recoverable,sarsa,0.839285714286,False,4
99,recoverable,sarsa,0.848333333333,False,1
100,recoverable,sarsa,0.855,False,2
101,recoverable,sarsa,0.8475,False,4
102,recoverable,sarsa,0.8475,False,4
103,recoverable,sarsa,0.848333333333,False,2
104,recoverable,sarsa,0.8475,False,3
105,recoverable,sarsa,0.849375,False,5
106,recoverable,sarsa,0.84,False,3
107,recoverable,sarsa,0.847857142857,False,2
108,recoverable,sarsa,0.84625,False,1
109,recoverable,sarsa,0.848,False,2
110,recoverable,sarsa,0.853,False,3
111,recoverable,sarsa,0.85,False,1
112,recoverable,sarsa,0.845,False,3
113,recoverable,sarsa,0.847142857143,False,2
114,recoverable,sarsa,0.8435,False,3
115,recoverable,sarsa,0.848888888889,False,2
116,recoverable,sarsa,0.847222222222,False,1
117,recoverable,sarsa,0.848333333333,False,4
118,recoverable,sarsa,0.86,False,1
119,recoverable,sarsa,0.8475,False,2
120,recoverable,sarsa,0.8475,False,3
121,recoverable,sarsa,0.8475,False,4
122,recoverable,sarsa,0.843888888889,False,3
123,recoverable,sarsa,0.847,False,1
124,recoverable,sarsa,0.86,False,4
125,recoverable,sarsa,0.84625,False,3
126,recoverable,sarsa,0.846666666667,False,4
127,recoverable,sarsa,0.838888888889,False,4
128,recoverable,sarsa,0.8475,False,2
129,recoverable,sarsa,0.8475,False,2
130,recoverable,sarsa,0.846666666667,False,2
131,recoverable,sarsa,0.855,False,4
132,recoverable,sarsa,0.85,False,4
133,recoverable,sarsa,0.8475,False,2
134,recoverable,sarsa,0.846428571429,False,2
135,recoverable,sarsa,0.849285714286,False,4
136,recoverable,sarsa,0.84,False,1
137,recoverable,sarsa,0.8475,False,0
138,recoverable,sarsa,0.846666666667,False,2
139,recoverable,sarsa,0.843333333333,False,2
140,recoverable,sarsa,0.848333333333,False,3
141,recoverable,sarsa,0.84625,False,1
142,recoverable,sarsa,0.848333333333,False,0
143,recoverable,sarsa,0.848125,False,3
144,recoverable,sarsa,0.85375,False,3
145,recoverable,sarsa,0.847222222222,False,3
146,recoverable,sarsa,0.85,False,2
147,recoverable,sarsa,0.85375,False,1
148,recoverable,sarsa,0.848333333333,False,3
149,recoverable,sarsa,0.848333333333,False,1
150,recoverable,sarsa,0.846666666667,False,2
151,recoverable,sarsa,0.845714285714,False,1
152,recoverable,sarsa,0.8525,False,2
153,recoverable,sarsa,0.846875,False,1
154,recoverable,sarsa,0.844,False,2
155,recoverable,sarsa,0.849,False,3
156,recoverable,sarsa,0.847222222222,False,2
157,recoverable,sarsa,0.849,False,2
158,recoverable,sarsa,0.839375,False,4
159,recoverable,sarsa,0.851666666667,False,1
160,recoverable,sarsa,0.8475,False,3
161,recoverable,sarsa,0.847727272727,False,4
162,recoverable,sarsa,0.848333333333,False,2
163,recoverable,sarsa,0.847857142857,False,3
164,recoverable,sarsa,0.844,False,3
165,recoverable,sarsa,0.8575,False,2
166,recoverable,sarsa,0.861818181818,False,2
167,recoverable,sarsa,0.855,False,1
168,recoverable,sarsa,0.845,False,1
169,recoverable,sarsa,0.84,False,3
170,recoverable,sarsa,0.85,False,2
171,recoverable,sarsa,0.847,False,2
172,recoverable,sarsa,0.848125,False,4
173,recoverable,sarsa,0.849090909091,False,4
174,recoverable,sarsa,0.849,False,3
175,recoverable,sarsa,0.84625,False,1
176,recoverable,sarsa,0.848333333333,False,3
177,recoverable,sarsa,0.848571428571,False,3
178,recoverable,sarsa,0.849285714286,False,2
179,recoverable,sarsa,0.862,False,3
180,recoverable,sarsa,0.848125,False,5
181,recoverable,sarsa,0.846428571429,False,4
182,recoverable,sarsa,0.845,False,2
183,recoverable,sarsa,0.848333333333,False,2
184,recoverable,sarsa,0.849166666667,False,1
185,recoverable,sarsa,0.863333333333,False,2
186,recoverable,sarsa,0.8475,False,4
187,recoverable,sarsa,0.8475,False,2
188,recoverable,sarsa,0.846875,False,4
189,recoverable,sarsa,0.8475,False,5
190,recoverable,sarsa,0.85,False,2
191,recoverable,sarsa,0.855,False,1
192,recoverable,sarsa,0.848333333333,False,1
193,recoverable,sarsa,0.848333333333,False,4
194,recoverable,sarsa,0.85625,False,2
195,recoverable,sarsa,0.8475,False,4
196,recoverable,sarsa,0.863333333333,False,2
197,recoverable,sarsa,0.846875,False,2
198,recoverable,sarsa,0.849,False,5
199,recoverable,sarsa,0.845,False,1
200,recoverable,sarsa,0.839444444444,False,4
201,recoverable,sarsa,0.845,False,2
202,recoverable,sarsa,0.849,False,3
203,recoverable,sarsa,0.848,False,2
204,recoverable,sarsa,0.849285714286,False,4
205,recoverable,sarsa,0.839375,False,3
206,recoverable,sarsa,0.84875,False,2
207,recoverable,sarsa,0.848333333333,False,1
208,recoverable,sarsa,0.8475,False,3
209,recoverable,sarsa,0.84375,False,2
210,recoverable,sarsa,0.846,False,2
211,recoverable,sarsa,0.847142857143,False,4
212,recoverable,sarsa,0.84875,False,2
213,recoverable,sarsa,0.84875,False,3
214,recoverable,sarsa,0.849375,False,3
215,recoverable,sarsa,0.845,False,2
216,recoverable,sarsa,0.846666666667,False,1
217,recoverable,sarsa,0.861818181818,False,3
218,recoverable,sarsa,0.8475,False,3
219,recoverable,sarsa,0.847142857143,False,3
220,recoverable,sarsa,0.85,False,3
221,recoverable,sarsa,0.849,False,3
222,recoverable,sarsa,0.845,False,3
223,recoverable,sarsa,0.849285714286,False,3
224,recoverable,sarsa,0.848333333333,False,2
225,recoverable,sarsa,0.843125,False,1
226,recoverable,sarsa,0.839375,False,3
227,recoverable,sarsa,0.849375,False,3
228,recoverable,sarsa,0.844375,False,2
229,recoverable,sarsa,0.8475,False,2
230,recoverable,sarsa,0.84625,False,4
231,recoverable,sarsa,0.846666666667,False,2
232,recoverable,sarsa,0.847272727273,False,2
233,recoverable,sarsa,0.8465,False,4
234,recoverable,sarsa,0.848571428571,False,1
235,recoverable,sarsa,0.8475,False,2
236,recoverable,sarsa,0.847777777778,False,4
237,recoverable,sarsa,0.85,False,0
238,recoverable,sarsa,0.845,False,3
239,recoverable,sarsa,0.846666666667,False,1
240,recoverable,sarsa,0.8475,False,6
241,recoverable,sarsa,0.847142857143,False,2
242,recoverable,sarsa,0.847727272727,False,5
243,recoverable,sarsa,0.848125,False,2
244,recoverable,sarsa,0.849166666667,False,3
245,recoverable,sarsa,0.85,False,3
246,recoverable,sarsa,0.8525,False,3
247,recoverable,sarsa,0.845,False,2
248,recoverable,sarsa,0.84625,False,3
249,recoverable,sarsa,0.846111111111,False,3
250,recoverable,sarsa,0.842142857143,False,4
251,recoverable,sarsa,0.85,False,1
252,recoverable,sarsa,0.858333333333,False,2
253,recoverable,sarsa,0.844444444444,False,4
254,recoverable,sarsa,0.847222222222,False,4
255,recoverable,sarsa,0.846666666667,False,2
256,recoverable,sarsa,0.848,False,3
257,recoverable,sarsa,0.847,False,3
258,recoverable,sarsa,0.85,False,1
259,recoverable,sarsa,0.847222222222,False,3
260,recoverable,sarsa,0.85,False,3
261,recoverable,sarsa,0.848333333333,False,2
262,recoverable,sarsa,0.85,False,2
263,recoverable,sarsa,0.8475,False,2
264,recoverable,sarsa,0.848571428571,False,4
265,recoverable,sarsa,0.8475,False,3
266,recoverable,sarsa,0.848333333333,False,6
267,recoverable,sarsa,0.847222222222,False,3
268,recoverable,sarsa,0.84875,False,5
269,recoverable,sarsa,0.847777777778,False,3
270,recoverable,sarsa,0.85,False,3
271,recoverable,sarsa,0.849166666667,False,3
272,recoverable,sarsa,0.8475,False,1
273,recoverable,sarsa,0.849285714286,False,4
274,recoverable,sarsa,0.848,False,2
275,recoverable,sarsa,0.8475,False,2
276,recoverable,sarsa,0.85,False,1
277,recoverable,sarsa,0.847307692308,False,5
278,recoverable,sarsa,0.857,False,2
279,recoverable,sarsa,0.8435,False,4
280,recoverable,sarsa,0.847857142857,False,6
281,recoverable,sarsa,0.866153846154,False,1
282,recoverable,sarsa,0.8525,False,3
283,recoverable,sarsa,0.844,False,2
284,recoverable,sarsa,0.847857142857,False,3
285,recoverable,sarsa,0.848125,False,3
286,recoverable,sarsa,0.847,False,3
287,recoverable,sarsa,0.845,False,0
288,recoverable,sarsa,0.862,False,3
289,recoverable,sarsa,0.847857142857,False,4
290,recoverable,sarsa,0.84625,False,2
291,recoverable,sarsa,0.85,False,2
292,recoverable,sarsa,0.865454545455,False,4
293,recoverable,sarsa,0.845,False,3
294,recoverable,sarsa,0.846875,False,2
295,recoverable,sarsa,0.847857142857,False,1
296,recoverable,sarsa,0.834090909091,False,3
297,recoverable,sarsa,0.84875,False,2
298,recoverable,sarsa,0.846666666667,False,2
299,recoverable,sarsa,0.853333333333,False,1
300,recoverable,sarsa,0.8495,False,4
301,recoverable,sarsa,0.84625,False,3
302,recoverable,sarsa,0.855,False,2
303,recoverable,sarsa,0.85,False,3
304,recoverable,sarsa,0.847142857143,False,3
305,recoverable,sarsa,0.847,False,3
306,recoverable,sarsa,0.853333333333,False,2
307,recoverable,sarsa,0.8475,False,3
308,recoverable,sarsa,0.84375,False,2
309,recoverable,sarsa,0.847142857143,False,1
310,recoverable,sarsa,0.85,False,1
311,recoverable,sarsa,0.848333333333,False,1
312,recoverable,sarsa,0.8475,False,2
313,recoverable,sarsa,0.85,False,4
314,recoverable,sarsa,0.861818181818,False,3
315,recoverable,sarsa,0.848181818182,False,5
316,recoverable,sarsa,0.846666666667,False,4
317,recoverable,sarsa,0.849166666667,False,1
318,recoverable,sarsa,0.838636363636,False,4
319,recoverable,sarsa,0.8475,False,2
320,recoverable,sarsa,0.846666666667,False,6
321,recoverable,sarsa,0.845,False,3
322,recoverable,sarsa,0.851666666667,False,2
323,recoverable,sarsa,0.846666666667,False,2
324,recoverable,sarsa,0.848,False,5
325,recoverable,sarsa,0.8475,False,3
326,recoverable,sarsa,0.849166666667,False,2
327,recoverable,sarsa,0.848,False,1
328,recoverable,sarsa,0.847,False,3
329,recoverable,sarsa,0.848125,False,3
330,recoverable,sarsa,0.843333333333,False,2
331,recoverable,sarsa,0.846666666667,False,2
332,recoverable,sarsa,0.846875,False,2
333,recoverable,sarsa,0.845,False,3
334,recoverable,sarsa,0.848125,False,3
335,recoverable,sarsa,0.85,False,2
336,recoverable,sarsa,0.848333333333,False,2
337,recoverable,sarsa,0.8475,False,3
338,recoverable,sarsa,0.847222222222,False,3
339,recoverable,sarsa,0.846428571429,False,1
340,recoverable,sarsa,0.85,False,1
341,recoverable,sarsa,0.847142857143,False,2
342,recoverable,sarsa,0.8575,False,2
343,recoverable,sarsa,0.847,False,2
344,recoverable,sarsa,0.847,False,1
345,recoverable,sarsa,0.8475,False,2
346,recoverable,sarsa,0.846875,False,2
347,recoverable,sarsa,0.846666666667,False,3
348,recoverable,sarsa,0.8475,False,4
349,recoverable,sarsa,0.8475,False,3
350,recoverable,sarsa,0.835,False,3
351,recoverable,sarsa,0.85375,False,5
352,recoverable,sarsa,0.847,False,3
353,recoverable,sarsa,0.843571428571,False,2
354,recoverable,sarsa,0.847,False,2
355,recoverable,sarsa,0.844375,False,4
356,recoverable,sarsa,0.845,False,2
357,recoverable,sarsa,0.85,False,2
358,recoverable,sarsa,0.8475,False,1
359,recoverable,sarsa,0.848333333333,False,3
360,recoverable,sarsa,0.8475,False,3
361,recoverable,sarsa,0.848125,False,4
362,recoverable,sarsa,0.846,False,2
363,recoverable,sarsa,0.844166666667,False,1
364,recoverable,sarsa,0.8395,False,5
365,recoverable,sarsa,0.846,False,2
366,recoverable,sarsa,0.85375,False,1
367,recoverable,sarsa,0.84,False,4
368,recoverable,sarsa,0.845625,False,1
369,recoverable,sarsa,0.847857142857,False,4
370,recoverable,sarsa,0.85,False,3
371,recoverable,sarsa,0.8475,False,3
372,recoverable,sarsa,0.847222222222,False,3
373,recoverable,sarsa,0.8475,False,2
374,recoverable,sarsa,0.857,False,1
375,recoverable,sarsa,0.848333333333,False,4
376,recoverable,sarsa,0.847777777778,False,5
377,recoverable,sarsa,0.856666666667,False,3
378,recoverable,sarsa,0.846,False,1
379,recoverable,sarsa,0.848,False,4
380,recoverable,sarsa,0.845,False,1
381,recoverable,sarsa,0.846428571429,False,3
382,recoverable,sarsa,0.84,False,4
383,recoverable,sarsa,0.8525,False,4
384,recoverable,sarsa,0.848333333333,False,4
385,recoverable,sarsa,0.848571428571,False,2
386,recoverable,sarsa,0.848,False,1
387,recoverable,sarsa,0.855,False,1
388,recoverable,sarsa,0.846,False,1
389,recoverable,sarsa,0.845,False,2
390,recoverable,sarsa,0.8475,False,1
391,recoverable,sarsa,0.847857142857,False,3
392,recoverable,sarsa,0.856666666667,False,1
393,recoverable,sarsa,0.846666666667,False,1
394,recoverable,sarsa,0.849,False,3
395,recoverable,sarsa,0.8475,False,3
396,recoverable,sarsa,0.845714285714,False,3
397,recoverable,sarsa,0.8475,False,1
398,recoverable,sarsa,0.846666666667,False,2
399,recoverable,sarsa,0.848333333333,False,0
400,recoverable,sarsa,0.8475,False,2
401,recoverable,sarsa,0.862222222222,False,3
402,recoverable,sarsa,0.846666666667,False,3
403,recoverable,sarsa,0.84375,False,3
404,recoverable,sarsa,0.848125,False,3
405,recoverable,sarsa,0.85,False,3
406,recoverable,sarsa,0.849090909091,False,4
407,recoverable,sarsa,0.858333333333,False,3
408,recoverable,sarsa,0.847142857143,False,3
409,recoverable,sarsa,0.84,False,3
410,recoverable,sarsa,0.853333333333,False,2
411,recoverable,sarsa,0.862222222222,False,2
412,recoverable,sarsa,0.848333333333,False,2
413,recoverable,sarsa,0.845,False,3
414,recoverable,sarsa,0.85,False,2
415,recoverable,sarsa,0.863333333333,False,4
416,recoverable,sarsa,0.85,False,1
417,recoverable,sarsa,0.846666666667,False,1
418,recoverable,sarsa,0.845,False,3
419,recoverable,sarsa,0.84875,False,4
420,recoverable,sarsa,0.84,False,1
421,recoverable,sarsa,0.8475,False,3
422,recoverable,sarsa,0.845,False,3
423,recoverable,sarsa,0.84,False,2
424,recoverable,sarsa,0.845,False,3
425,recoverable,sarsa,0.847142857143,False,4
426,recoverable,sarsa,0.847222222222,False,1
427,recoverable,sarsa,0.847,False,2
428,recoverable,sarsa,0.8475,False,2
429,recoverable,sarsa,0.85,False,2
430,recoverable,sarsa,0.845,False,2
431,recoverable,sarsa,0.8475,False,2
432,recoverable,sarsa,0.84625,False,1
433,recoverable,sarsa,0.84875,False,4
434,recoverable,sarsa,0.848333333333,False,3
435,recoverable,sarsa,0.84875,False,4
436,recoverable,sarsa,0.8475,False,1
437,recoverable,sarsa,0.849,False,1
438,recoverable,sarsa,0.84625,False,3
439,recoverable,sarsa,0.8475,False,2
440,recoverable,sarsa,0.8475,False,3
441,recoverable,sarsa,0.85,False,1
442,recoverable,sarsa,0.846,False,2
443,recoverable,sarsa,0.849,False,3
444,recoverable,sarsa,0.848333333333,False,3
445,recoverable,sarsa,0.848,False,3
446,recoverable,sarsa,0.845,False,3
447,recoverable,sarsa,0.847857142857,False,2
448,recoverable,sarsa,0.849,False,3
449,recoverable,sarsa,0.849166666667,False,2
450,recoverable,sarsa,0.845,False,1
451,recoverable,sarsa,0.84375,False,3
452,recoverable,sarsa,0.8475,False,2
453,recoverable,sarsa,0.847,False,1
454,recoverable,sarsa,0.847857142857,False,4
455,recoverable,sarsa,0.85,False,3
456,recoverable,sarsa,0.848333333333,False,4
457,recoverable,sarsa,0.848125,False,3
458,recoverable,sarsa,0.847,False,2
459,recoverable,sarsa,0.85,False,2
460,recoverable,sarsa,0.8475,False,4
461,recoverable,sarsa,0.845,False,3
462,recoverable,sarsa,0.847,False,2
463,recoverable,sarsa,0.846666666667,False,2
464,recoverable,sarsa,0.847,False,4
465,recoverable,sarsa,0.845714285714,False,1
466,recoverable,sarsa,0.8475,False,2
467,recoverable,sarsa,0.853333333333,False,1
468,recoverable,sarsa,0.849,False,4
469,recoverable,sarsa,0.848571428571,False,3
470,recoverable,sarsa,0.862,False,2
471,recoverable,sarsa,0.84625,False,2
472,recoverable,sarsa,0.848333333333,False,2
473,recoverable,sarsa,0.85,False,3
474,recoverable,sarsa,0.85,False,2
475,recoverable,sarsa,0.848571428571,False,1
476,recoverable,sarsa,0.844285714286,False,2
477,recoverable,sarsa,0.855,False,3
478,recoverable,sarsa,0.84,False,4
479,recoverable,sarsa,0.85,False,1
480,recoverable,sarsa,0.847,False,2
481,recoverable,sarsa,0.846666666667,False,2
482,recoverable,sarsa,0.846,False,1
483,recoverable,sarsa,0.849285714286,False,1
484,recoverable,sarsa,0.85,False,1
485,recoverable,sarsa,0.845,False,4
486,recoverable,sarsa,0.847142857143,False,3
487,recoverable,sarsa,0.855,False,1
488,recoverable,sarsa,0.8475,False,1
489,recoverable,sarsa,0.849,False,1
490,recoverable,sarsa,0.862,False,3
491,recoverable,sarsa,0.848,False,3
492,recoverable,sarsa,0.847,False,4
493,recoverable,sarsa,0.8475,False,3
494,recoverable,sarsa,0.8575,False,2
495,recoverable,sarsa,0.849166666667,False,3
496,recoverable,sarsa,0.849375,False,2
497,recoverable,sarsa,0.8475,False,3
498,recoverable,sarsa,0.85,False,3
499,recoverable,sarsa,0.85,False,2
500,recoverable,sarsa,0.848,False,3
501,recoverable,sarsa,0.851666666667,False,0
502,recoverable,sarsa,0.844375,False,2
503,recoverable,sarsa,0.8525,False,1
504,recoverable,sarsa,0.844,False,3
505,recoverable,sarsa,0.844,False,3
506,recoverable,sarsa,0.847,False,4
507,recoverable,sarsa,0.846666666667,False,4
508,recoverable,sarsa,0.855,False,1
509,recoverable,sarsa,0.845,False,3
510,recoverable,sarsa,0.855,False,0
511,recoverable,sarsa,0.85,False,3
512,recoverable,sarsa,0.8475,False,4
513,recoverable,sarsa,0.846666666667,False,2
514,recoverable,sarsa,0.84,False,3
515,recoverable,sarsa,0.844375,False,3
516,recoverable,sarsa,0.835,False,3
517,recoverable,sarsa,0.848,False,2
518,recoverable,sarsa,0.8475,False,2
519,recoverable,sarsa,0.848333333333,False,0
520,recoverable,sarsa,0.845,False,3
521,recoverable,sarsa,0.8475,False,2
522,recoverable,sarsa,0.848333333333,False,3
523,recoverable,sarsa,0.85,False,4
524,recoverable,sarsa,0.862222222222,False,2
525,recoverable,sarsa,0.845,False,2
526,recoverable,sarsa,0.848125,False,3
527,recoverable,sarsa,0.849166666667,False,1
528,recoverable,sarsa,0.858,False,4
529,recoverable,sarsa,0.848333333333,False,2
530,recoverable,sarsa,0.84875,False,1
531,recoverable,sarsa,0.848333333333,False,5
532,recoverable,sarsa,0.8475,False,2
533,recoverable,sarsa,0.846875,False,4
534,recoverable,sarsa,0.851666666667,False,2
535,recoverable,sarsa,0.847857142857,False,1
536,recoverable,sarsa,0.847142857143,False,2
537,recoverable,sarsa,0.846428571429,False,4
538,recoverable,sarsa,0.8475,False,2
539,recoverable,sarsa,0.85,False,2
540,recoverable,sarsa,0.864615384615,False,3
541,recoverable,sarsa,0.848333333333,False,4
542,recoverable,sarsa,0.845833333333,False,4
543,recoverable,sarsa,0.84,False,5
544,recoverable,sarsa,0.845,False,1
545,recoverable,sarsa,0.848571428571,False,3
546,recoverable,sarsa,0.8575,False,1
547,recoverable,sarsa,0.845,False,4
548,recoverable,sarsa,0.848,False,2
549,recoverable,sarsa,0.856666666667,False,2
550,recoverable,sarsa,0.846,False,2
551,recoverable,sarsa,0.85,False,1
552,recoverable,sarsa,0.85,False,2
553,recoverable,sarsa,0.846666666667,False,2
554,recoverable,sarsa,0.848,False,2
555,recoverable,sarsa,0.8575,False,4
556,recoverable,sarsa,0.84875,False,3
557,recoverable,sarsa,0.848,False,4
558,recoverable,sarsa,0.84,False,6
559,recoverable,sarsa,0.845,False,2
560,recoverable,sarsa,0.847857142857,False,1
561,recoverable,sarsa,0.84875,False,4
562,recoverable,sarsa,0.847916666667,False,3
563,recoverable,sarsa,0.855,False,2
564,recoverable,sarsa,0.848,False,1
565,recoverable,sarsa,0.85,False,2
566,recoverable,sarsa,0.848,False,2
567,recoverable,sarsa,0.85125,False,1
568,recoverable,sarsa,0.848333333333,False,3
569,recoverable,sarsa,0.855,False,1
570,recoverable,sarsa,0.84875,False,3
571,recoverable,sarsa,0.846666666667,False,2
572,recoverable,sarsa,0.8475,False,3
573,recoverable,sarsa,0.846666666667,False,3
574,recoverable,sarsa,0.856666666667,False,4
575,recoverable,sarsa,0.848333333333,False,3
576,recoverable,sarsa,0.8575,False,3
577,recoverable,sarsa,0.8475,False,4
578,recoverable,sarsa,0.848571428571,False,4
579,recoverable,sarsa,0.846,False,1
580,recoverable,sarsa,0.84875,False,2
581,recoverable,sarsa,0.848333333333,False,3
582,recoverable,sarsa,0.846666666667,False,3
583,recoverable,sarsa,0.848571428571,False,1
584,recoverable,sarsa,0.8475,False,2
585,recoverable,sarsa,0.847,False,2
586,recoverable,sarsa,0.847307692308,False,2
587,recoverable,sarsa,0.84625,False,1
588,recoverable,sarsa,0.859166666667,False,2
589,recoverable,sarsa,0.848,False,2
590,recoverable,sarsa,0.848125,False,4
591,recoverable,sarsa,0.8475,False,2
592,recoverable,sarsa,0.848333333333,False,5
593,recoverable,sarsa,0.848125,False,3
594,recoverable,sarsa,0.85,False,3
595,recoverable,sarsa,0.85,False,2
596,recoverable,sarsa,0.8475,False,3
597,recoverable,sarsa,0.845,False,3
598,recoverable,sarsa,0.847857142857,False,3
599,recoverable,sarsa,0.847,False,2
600,recoverable,sarsa,0.85,False,2
601,recoverable,sarsa,0.847222222222,False,4
602,recoverable,sarsa,0.844090909091,False,3
603,recoverable,sarsa,0.847857142857,False,4
604,recoverable,sarsa,0.848333333333,False,2
605,recoverable,sarsa,0.85,False,1
606,recoverable,sarsa,0.85,False,1
607,recoverable,sarsa,0.855,False,1
608,recoverable,sarsa,0.845,False,1
609,recoverable,sarsa,0.847692307692,False,3
610,recoverable,sarsa,0.85,False,3
611,recoverable,sarsa,0.85,False,4
612,recoverable,sarsa,0.85,False,3
613,recoverable,sarsa,0.848571428571,False,2
614,recoverable,sarsa,0.85,False,4
615,recoverable,sarsa,0.846875,False,2
616,recoverable,sarsa,0.849,False,1
617,recoverable,sarsa,0.8475,False,5
618,recoverable,sarsa,0.845,False,1
619,recoverable,sarsa,0.85,False,3
620,recoverable,sarsa,0.848,False,3
621,recoverable,sarsa,0.846,False,1
622,recoverable,sarsa,0.84,False,5
623,recoverable,sarsa,0.8475,False,1
624,recoverable,sarsa,0.8475,False,2
625,recoverable,sarsa,0.839444444444,False,5
626,recoverable,sarsa,0.84625,False,2
627,recoverable,sarsa,0.8475,False,3
628,recoverable,sarsa,0.85,False,3
629,recoverable,sarsa,0.847142857143,False,1
630,recoverable,sarsa,0.838571428571,False,3
631,recoverable,sarsa,0.846666666667,False,3
632,recoverable,sarsa,0.844375,False,2
633,recoverable,sarsa,0.848,False,2
634,recoverable,sarsa,0.848333333333,False,0
635,recoverable,sarsa,0.846,False,1
636,recoverable,sarsa,0.839375,False,4
637,recoverable,sarsa,0.847,False,3
638,recoverable,sarsa,0.844285714286,False,3
639,recoverable,sarsa,0.845833333333,False,2
640,recoverable,sarsa,0.847,False,2
641,recoverable,sarsa,0.845,False,1
642,recoverable,sarsa,0.848571428571,False,1
643,recoverable,sarsa,0.85,False,3
644,recoverable,sarsa,0.8475,False,4
645,recoverable,sarsa,0.8525,False,2
646,recoverable,sarsa,0.848571428571,False,3
647,recoverable,sarsa,0.852,False,3
648,recoverable,sarsa,0.8525,False,1
649,recoverable,sarsa,0.848125,False,3
650,recoverable,sarsa,0.85,False,1
651,recoverable,sarsa,0.845,False,3
652,recoverable,sarsa,0.846666666667,False,4
653,recoverable,sarsa,0.855,False,2
654,recoverable,sarsa,0.85,False,3
655,recoverable,sarsa,0.847857142857,False,5
656,recoverable,sarsa,0.848333333333,False,4
657,recoverable,sarsa,0.84625,False,1
658,recoverable,sarsa,0.845,False,3
659,recoverable,sarsa,0.848125,False,2
660,recoverable,sarsa,0.847,False,2
661,recoverable,sarsa,0.849285714286,False,2
662,recoverable,sarsa,0.846666666667,False,2
663,recoverable,sarsa,0.847142857143,False,3
664,recoverable,sarsa,0.85,False,2
665,recoverable,sarsa,0.847777777778,False,1
666,recoverable,sarsa,0.849285714286,False,3
667,recoverable,sarsa,0.85,False,4
668,recoverable,sarsa,0.858333333333,False,2
669,recoverable,sarsa,0.85,False,3
670,recoverable,sarsa,0.848888888889,False,4
671,recoverable,sarsa,0.844285714286,False,1
672,recoverable,sarsa,0.845,False,2
673,recoverable,sarsa,0.857,False,1
674,recoverable,sarsa,0.844,False,1
675,recoverable,sarsa,0.847,False,2
676,recoverable,sarsa,0.846428571429,False,2
677,recoverable,sarsa,0.845,False,1
678,recoverable,sarsa,0.8475,False,3
679,recoverable,sarsa,0.844,False,2
680,recoverable,sarsa,0.845,False,2
681,recoverable,sarsa,0.847727272727,False,4
682,recoverable,sarsa,0.85,False,2
683,recoverable,sarsa,0.847222222222,False,2
684,recoverable,sarsa,0.86,False,2
685,recoverable,sarsa,0.848571428571,False,4
686,recoverable,sarsa,0.848333333333,False,2
687,recoverable,sarsa,0.848333333333,False,1
688,recoverable,sarsa,0.85,False,4
689,recoverable,sarsa,0.8475,False,3
690,recoverable,sarsa,0.849166666667,False,4
691,recoverable,sarsa,0.848333333333,False,3
692,recoverable,sarsa,0.85,False,3
693,recoverable,sarsa,0.848333333333,False,4
694,recoverable,sarsa,0.848,False,2
695,recoverable,sarsa,0.849,False,2
696,recoverable,sarsa,0.8475,False,3
697,recoverable,sarsa,0.84,False,4
698,recoverable,sarsa,0.845,False,3
699,recoverable,sarsa,0.85,False,0
700,recoverable,sarsa,0.846875,False,1
701,recoverable,sarsa,0.855,False,2
702,recoverable,sarsa,0.8485,False,5
703,recoverable,sarsa,0.846666666667,False,1
704,recoverable,sarsa,0.846,False,3
705,recoverable,sarsa,0.85,False,2
706,recoverable,sarsa,0.847857142857,False,3
707,recoverable,sarsa,0.835,False,3
708,recoverable,sarsa,0.845,False,2
709,recoverable,sarsa,0.8475,False,2
710,recoverable,sarsa,0.847,False,3
711,recoverable,sarsa,0.847,False,5
712,recoverable,sarsa,0.848333333333,False,3
713,recoverable,sarsa,0.848571428571,False,4
714,recoverable,sarsa,0.858,False,3
715,recoverable,sarsa,0.85,False,1
716,recoverable,sarsa,0.8475,False,2
717,recoverable,sarsa,0.847857142857,False,3
718,recoverable,sarsa,0.848333333333,False,4
719,recoverable,sarsa,0.85125,False,2
720,recoverable,sarsa,0.849166666667,False,3
721,recoverable,sarsa,0.84375,False,1
722,recoverable,sarsa,0.847857142857,False,4
723,recoverable,sarsa,0.858333333333,False,2
724,recoverable,sarsa,0.846428571429,False,3
725,recoverable,sarsa,0.86,False,3
726,recoverable,sarsa,0.84,False,5
727,recoverable,sarsa,0.846818181818,False,2
728,recoverable,sarsa,0.848125,False,5
729,recoverable,sarsa,0.8575,False,2
730,recoverable,sarsa,0.8525,False,1
731,recoverable,sarsa,0.845625,False,3
732,recoverable,sarsa,0.852,False,3
733,recoverable,sarsa,0.846428571429,False,4
734,recoverable,sarsa,0.845,False,3
735,recoverable,sarsa,0.84875,False,2
736,recoverable,sarsa,0.853333333333,False,1
737,recoverable,sarsa,0.85,False,2
738,recoverable,sarsa,0.846666666667,False,1
739,recoverable,sarsa,0.847857142857,False,3
740,recoverable,sarsa,0.84,False,5
741,recoverable,sarsa,0.844444444444,False,3
742,recoverable,sarsa,0.845833333333,False,3
743,recoverable,sarsa,0.85,False,2
744,recoverable,sarsa,0.85,False,1
745,recoverable,sarsa,0.85,False,2
746,recoverable,sarsa,0.848,False,1
747,recoverable,sarsa,0.848,False,3
748,recoverable,sarsa,0.85,False,3
749,recoverable,sarsa,0.844285714286,False,3
750,recoverable,sarsa,0.84875,False,3
751,recoverable,sarsa,0.845,False,3
752,recoverable,sarsa,0.848,False,2
753,recoverable,sarsa,0.845,False,2
754,recoverable,sarsa,0.848,False,3
755,recoverable,sarsa,0.848125,False,5
756,recoverable,sarsa,0.847777777778,False,4
757,recoverable,sarsa,0.845,False,2
758,recoverable,sarsa,0.847777777778,False,3
759,recoverable,sarsa,0.84875,False,2
760,recoverable,sarsa,0.847,False,2
761,recoverable,sarsa,0.847222222222,False,2
762,recoverable,sarsa,0.8475,False,4
763,recoverable,sarsa,0.846818181818,False,2
764,recoverable,sarsa,0.849375,False,2
765,recoverable,sarsa,0.85,False,1
766,recoverable,sarsa,0.848,False,2
767,recoverable,sarsa,0.84625,False,2
768,recoverable,sarsa,0.845,False,4
769,recoverable,sarsa,0.848125,False,4
770,recoverable,sarsa,0.847857142857,False,4
771,recoverable,sarsa,0.843636363636,False,3
772,recoverable,sarsa,0.847272727273,False,6
773,recoverable,sarsa,0.84875,False,4
774,recoverable,sarsa,0.8475,False,2
775,recoverable,sarsa,0.846666666667,False,2
776,recoverable,sarsa,0.8475,False,3
777,recoverable,sarsa,0.849,False,2
778,recoverable,sarsa,0.849166666667,False,3
779,recoverable,sarsa,0.846666666667,False,2
780,recoverable,sarsa,0.849285714286,False,4
781,recoverable,sarsa,0.844166666667,False,3
782,recoverable,sarsa,0.84875,False,2
783,recoverable,sarsa,0.846666666667,False,4
784,recoverable,sarsa,0.8475,False,4
785,recoverable,sarsa,0.848125,False,4
786,recoverable,sarsa,0.8475,False,4
787,recoverable,sarsa,0.839375,False,3
788,recoverable,sarsa,0.847,False,3
789,recoverable,sarsa,0.847222222222,False,3
790,recoverable,sarsa,0.848125,False,1
791,recoverable,sarsa,0.847777777778,False,3
792,recoverable,sarsa,0.84875,False,2
793,recoverable,sarsa,0.8525,False,2
794,recoverable,sarsa,0.846666666667,False,2
795,recoverable,sarsa,0.846428571429,False,2
796,recoverable,sarsa,0.845714285714,False,3
797,recoverable,sarsa,0.847857142857,False,3
798,recoverable,sarsa,0.85,False,2
799,recoverable,sarsa,0.85,False,1
800,recoverable,sarsa,0.843333333333,False,2
801,recoverable,sarsa,0.846666666667,False,3
802,recoverable,sarsa,0.847916666667,False,2
803,recoverable,sarsa,0.849,False,2
804,recoverable,sarsa,0.846428571429,False,2
805,recoverable,sarsa,0.847777777778,False,3
806,recoverable,sarsa,0.8575,False,0
807,recoverable,sarsa,0.84875,False,2
808,recoverable,sarsa,0.85,False,4
809,recoverable,sarsa,0.848333333333,False,3
810,recoverable,sarsa,0.849166666667,False,4
811,recoverable,sarsa,0.85,False,4
812,recoverable,sarsa,0.8475,False,2
813,recoverable,sarsa,0.848333333333,False,3
814,recoverable,sarsa,0.8475,False,3
815,recoverable,sarsa,0.846875,False,4
816,recoverable,sarsa,0.848,False,1
817,recoverable,sarsa,0.86,False,3
818,recoverable,sarsa,0.8475,False,3
819,recoverable,sarsa,0.8475,False,3
820,recoverable,sarsa,0.8575,False,1
821,recoverable,sarsa,0.847142857143,False,3
822,recoverable,sarsa,0.844,False,1
823,recoverable,sarsa,0.845,False,2
824,recoverable,sarsa,0.8475,False,3
825,recoverable,sarsa,0.85,False,2
826,recoverable,sarsa,0.85,False,3
827,recoverable,sarsa,0.85375,False,3
828,recoverable,sarsa,0.847,False,4
829,recoverable,sarsa,0.847222222222,False,1
830,recoverable,sarsa,0.848,False,4
831,recoverable,sarsa,0.8475,False,4
832,recoverable,sarsa,0.84625,False,1
833,recoverable,sarsa,0.849285714286,False,2
834,recoverable,sarsa,0.846666666667,False,1
835,recoverable,sarsa,0.846666666667,False,2
836,recoverable,sarsa,0.847916666667,False,3
837,recoverable,sarsa,0.845,False,2
838,recoverable,sarsa,0.8475,False,2
839,recoverable,sarsa,0.849166666667,False,2
840,recoverable,sarsa,0.845,False,2
841,recoverable,sarsa,0.847857142857,False,5
842,recoverable,sarsa,0.845,False,1
843,recoverable,sarsa,0.8475,False,5
844,recoverable,sarsa,0.84875,False,5
845,recoverable,sarsa,0.848888888889,False,3
846,recoverable,sarsa,0.85,False,2
847,recoverable,sarsa,0.84,False,3
848,recoverable,sarsa,0.846666666667,False,2
849,recoverable,sarsa,0.845,False,3
850,recoverable,sarsa,0.848333333333,False,1
851,recoverable,sarsa,0.846,False,3
852,recoverable,sarsa,0.848333333333,False,1
853,recoverable,sarsa,0.86,False,2
854,recoverable,sarsa,0.848333333333,False,3
855,recoverable,sarsa,0.8475,False,3
856,recoverable,sarsa,0.8475,False,2
857,recoverable,sarsa,0.85,False,1
858,recoverable,sarsa,0.8475,False,2
859,recoverable,sarsa,0.839444444444,False,3
860,recoverable,sarsa,0.845833333333,False,2
861,recoverable,sarsa,0.847857142857,False,2
862,recoverable,sarsa,0.846875,False,3
863,recoverable,sarsa,0.848333333333,False,5
864,recoverable,sarsa,0.847,False,2
865,recoverable,sarsa,0.8485,False,3
866,recoverable,sarsa,0.84875,False,1
867,recoverable,sarsa,0.846818181818,False,4
868,recoverable,sarsa,0.848333333333,False,3
869,recoverable,sarsa,0.848333333333,False,3
870,recoverable,sarsa,0.84625,False,1
871,recoverable,sarsa,0.84,False,4
872,recoverable,sarsa,0.843333333333,False,2
873,recoverable,sarsa,0.848,False,4
874,recoverable,sarsa,0.846428571429,False,3
875,recoverable,sarsa,0.86,False,3
876,recoverable,sarsa,0.848888888889,False,5
877,recoverable,sarsa,0.847,False,4
878,recoverable,sarsa,0.85,False,2
879,recoverable,sarsa,0.849285714286,False,4
880,recoverable,sarsa,0.848333333333,False,2
881,recoverable,sarsa,0.845,False,2
882,recoverable,sarsa,0.8475,False,2
883,recoverable,sarsa,0.8475,False,3
884,recoverable,sarsa,0.862222222222,False,2
885,recoverable,sarsa,0.853333333333,False,3
886,recoverable,sarsa,0.8475,False,4
887,recoverable,sarsa,0.8475,False,3
888,recoverable,sarsa,0.863636363636,False,2
889,recoverable,sarsa,0.847,False,2
890,recoverable,sarsa,0.84,False,6
891,recoverable,sarsa,0.844,False,1
892,recoverable,sarsa,0.849375,False,3
893,recoverable,sarsa,0.85,False,2
894,recoverable,sarsa,0.85,False,4
895,recoverable,sarsa,0.849,False,5
896,recoverable,sarsa,0.85,False,3
897,recoverable,sarsa,0.848333333333,False,2
898,recoverable,sarsa,0.848333333333,False,1
899,recoverable,sarsa,0.847857142857,False,2
900,recoverable,sarsa,0.848333333333,False,2
901,recoverable,sarsa,0.846666666667,False,4
902,recoverable,sarsa,0.848076923077,False,5
903,recoverable,sarsa,0.845,False,2
904,recoverable,sarsa,0.85,False,0
905,recoverable,sarsa,0.847272727273,False,1
906,recoverable,sarsa,0.849,False,1
907,recoverable,sarsa,0.85,False,2
908,recoverable,sarsa,0.847222222222,False,3
909,recoverable,sarsa,0.848125,False,4
910,recoverable,sarsa,0.849,False,1
911,recoverable,sarsa,0.8475,False,2
912,recoverable,sarsa,0.849,False,2
913,recoverable,sarsa,0.846875,False,1
914,recoverable,sarsa,0.855,False,2
915,recoverable,sarsa,0.847,False,1
916,recoverable,sarsa,0.86,False,0
917,recoverable,sarsa,0.85,False,2
918,recoverable,sarsa,0.845,False,2
919,recoverable,sarsa,0.85,False,0
920,recoverable,sarsa,0.845,False,2
921,recoverable,sarsa,0.847857142857,False,4
922,recoverable,sarsa,0.848181818182,False,3
923,recoverable,sarsa,0.85,False,3
924,recoverable,sarsa,0.844,False,1
925,recoverable,sarsa,0.846,False,2
926,recoverable,sarsa,0.848333333333,False,3
927,recoverable,sarsa,0.848333333333,False,1
928,recoverable,sarsa,0.844166666667,False,1
929,recoverable,sarsa,0.848333333333,False,3
930,recoverable,sarsa,0.856666666667,False,1
931,recoverable,sarsa,0.844166666667,False,2
932,recoverable,sarsa,0.8475,False,3
933,recoverable,sarsa,0.847142857143,False,2
934,recoverable,sarsa,0.848125,False,1
935,recoverable,sarsa,0.84625,False,1
936,recoverable,sarsa,0.8475,False,1
937,recoverable,sarsa,0.847857142857,False,3
938,recoverable,sarsa,0.84625,False,2
939,recoverable,sarsa,0.847,False,3
940,recoverable,sarsa,0.85,False,2
941,recoverable,sarsa,0.849,False,2
942,recoverable,sarsa,0.845833333333,False,3
943,recoverable,sarsa,0.84875,False,2
944,recoverable,sarsa,0.848571428571,False,2
945,recoverable,sarsa,0.84875,False,2
946,recoverable,sarsa,0.848636363636,False,4
947,recoverable,sarsa,0.849,False,1
948,recoverable,sarsa,0.84,False,3
949,recoverable,sarsa,0.848,False,3
950,recoverable,sarsa,0.845833333333,False,3
951,recoverable,sarsa,0.849285714286,False,3
952,recoverable,sarsa,0.849166666667,False,3
953,recoverable,sarsa,0.848888888889,False,3
954,recoverable,sarsa,0.855833333333,False,2
955,recoverable,sarsa,0.848,False,3
956,recoverable,sarsa,0.84625,False,1
957,recoverable,sarsa,0.84875,False,0
958,recoverable,sarsa,0.839,False,4
959,recoverable,sarsa,0.86,False,3
960,recoverable,sarsa,0.847142857143,False,2
961,recoverable,sarsa,0.847222222222,False,3
962,recoverable,sarsa,0.84,False,3
963,recoverable,sarsa,0.84875,False,2
964,recoverable,sarsa,0.85,False,2
965,recoverable,sarsa,0.847,False,3
966,recoverable,sarsa,0.845,False,3
967,recoverable,sarsa,0.851666666667,False,1
968,recoverable,sarsa,0.845,False,2
969,recoverable,sarsa,0.85,False,1
970,recoverable,sarsa,0.8475,False,2
971,recoverable,sarsa,0.8475,False,3
972,recoverable,sarsa,0.847,False,3
973,recoverable,sarsa,0.848,False,2
974,recoverable,sarsa,0.8475,False,2
975,recoverable,sarsa,0.848333333333,False,2
976,recoverable,sarsa,0.845,False,0
977,recoverable,sarsa,0.85,False,3
978,recoverable,sarsa,0.849375,False,5
979,recoverable,sarsa,0.848,False,4
980,recoverable,sarsa,0.845,False,2
981,recoverable,sarsa,0.84,False,3
982,recoverable,sarsa,0.847,False,1
983,recoverable,sarsa,0.847727272727,False,6
984,recoverable,sarsa,0.8475,False,4
985,recoverable,sarsa,0.849285714286,False,4
986,recoverable,sarsa,0.848333333333,False,2
987,recoverable,sarsa,0.847142857143,False,3
988,recoverable,sarsa,0.84,False,4
989,recoverable,sarsa,0.86,False,2
990,recoverable,sarsa,0.85,False,1
991,recoverable,sarsa,0.847777777778,False,3
992,recoverable,sarsa,0.84625,False,2
993,recoverable,sarsa,0.848571428571,False,3
994,recoverable,sarsa,0.847727272727,False,3
995,recoverable,sarsa,0.861818181818,False,1
996,recoverable,sarsa,0.846428571429,False,2
997,recoverable,sarsa,0.85625,False,2
998,recoverable,sarsa,0.846666666667,False,3
999,recoverable,sarsa,0.84875,False,4
1000,recoverable,sarsa,0.85,False,1
1001,recoverable,sarsa,0.850833333333,False,2
1002,recoverable,sarsa,0.851,False,2
1003,recoverable,sarsa,0.845,False,1
1004,recoverable,sarsa,0.844285714286,False,2
1005,recoverable,sarsa,0.846818181818,False,2
1006,recoverable,sarsa,0.8475,False,4
1007,recoverable,sarsa,0.848888888889,False,3
1008,recoverable,sarsa,0.848333333333,False,5
1009,recoverable,sarsa,0.843125,False,3
1010,recoverable,sarsa,0.84375,False,1
1011,recoverable,sarsa,0.85,False,2
1012,recoverable,sarsa,0.845,False,1
1013,recoverable,sarsa,0.849375,False,4
1014,recoverable,sarsa,0.847,False,1
1015,recoverable,sarsa,0.846,False,2
1016,recoverable,sarsa,0.849,False,2
1017,recoverable,sarsa,0.84375,False,1
1018,recoverable,sarsa,0.8475,False,1
1019,recoverable,sarsa,0.847,False,2
1020,recoverable,sarsa,0.855,False,2
1021,recoverable,sarsa,0.849285714286,False,2
1022,recoverable,sarsa,0.8475,False,2
1023,recoverable,sarsa,0.849285714286,False,4
1024,recoverable,sarsa,0.85625,False,2
1025,recoverable,sarsa,0.838636363636,False,4
1026,recoverable,sarsa,0.855,False,1
1027,recoverable,sarsa,0.848,False,3
1028,recoverable,sarsa,0.848,False,3
1029,recoverable,sarsa,0.84625,False,2
1030,recoverable,sarsa,0.848,False,2
1031,recoverable,sarsa,0.846666666667,False,2
1032,recoverable,sarsa,0.845833333333,False,3
1033,recoverable,sarsa,0.84875,False,2
1034,recoverable,sarsa,0.8475,False,4
1035,recoverable,sarsa,0.865,False,3
1036,recoverable,sarsa,0.844375,False,2
1037,recoverable,sarsa,0.848571428571,False,3
1038,recoverable,sarsa,0.846428571429,False,4
1039,recoverable,sarsa,0.85,False,2
1040,recoverable,sarsa,0.84,False,4
1041,recoverable,sarsa,0.847,False,3
1042,recoverable,sarsa,0.8475,False,2
1043,recoverable,sarsa,0.84625,False,2
1044,recoverable,sarsa,0.8525,False,1
1045,recoverable,sarsa,0.848333333333,False,4
1046,recoverable,sarsa,0.844444444444,False,4
1047,recoverable,sarsa,0.845,False,1
1048,recoverable,sarsa,0.85,False,3
1049,recoverable,sarsa,0.85,False,2
1050,recoverable,sarsa,0.847142857143,False,2
1051,recoverable,sarsa,0.849,False,4
1052,recoverable,sarsa,0.85,False,1
1053,recoverable,sarsa,0.85,False,3
1054,recoverable,sarsa,0.848,False,4
1055,recoverable,sarsa,0.84,False,4
1056,recoverable,sarsa,0.85,False,1
1057,recoverable,sarsa,0.85,False,2
1058,recoverable,sarsa,0.85,False,3
1059,recoverable,sarsa,0.847727272727,False,4
1060,recoverable,sarsa,0.847727272727,False,3
1061,recoverable,sarsa,0.8475,False,3
1062,recoverable,sarsa,0.847222222222,False,3
1063,recoverable,sarsa,0.848333333333,False,3
1064,recoverable,sarsa,0.84875,False,4
1065,recoverable,sarsa,0.846666666667,False,3
1066,recoverable,sarsa,0.85,False,2
1067,recoverable,sarsa,0.848,False,3
1068,recoverable,sarsa,0.84,False,4
1069,recoverable,sarsa,0.846666666667,False,3
1070,recoverable,sarsa,0.848571428571,False,4
1071,recoverable,sarsa,0.85,False,3
1072,recoverable,sarsa,0.846875,False,2
1073,recoverable,sarsa,0.850833333333,False,2
1074,recoverable,sarsa,0.85,False,1
1075,recoverable,sarsa,0.848333333333,False,0
1076,recoverable,sarsa,0.84875,False,2
1077,recoverable,sarsa,0.8475,False,1
1078,recoverable,sarsa,0.847857142857,False,2
1079,recoverable,sarsa,0.85,False,2
1080,recoverable,sarsa,0.848333333333,False,4
1081,recoverable,sarsa,0.8475,False,2
1082,recoverable,sarsa,0.84875,False,2
1083,recoverable,sarsa,0.84625,False,4
1084,recoverable,sarsa,0.849166666667,False,3
1085,recoverable,sarsa,0.846111111111,False,4
1086,recoverable,sarsa,0.839166666667,False,4
1087,recoverable,sarsa,0.846,False,4
1088,recoverable,sarsa,0.848125,False,2
1089,recoverable,sarsa,0.845,False,4
1090,recoverable,sarsa,0.85,False,3
1091,recoverable,sarsa,0.85,False,2
1092,recoverable,sarsa,0.849,False,3
1093,recoverable,sarsa,0.851666666667,False,1
1094,recoverable,sarsa,0.847142857143,False,2
1095,recoverable,sarsa,0.848333333333,False,3
1096,recoverable,sarsa,0.848333333333,False,3
1097,recoverable,sarsa,0.8475,False,2
1098,recoverable,sarsa,0.84875,False,2
1099,recoverable,sarsa,0.8475,False,2
1100,recoverable,sarsa,0.8475,False,2
1101,recoverable,sarsa,0.86,False,2
1102,recoverable,sarsa,0.84,False,4
1103,recoverable,sarsa,0.867692307692,False,4
1104,recoverable,sarsa,0.84875,False,4
1105,recoverable,sarsa,0.84625,False,2
1106,recoverable,sarsa,0.846875,False,1
1107,recoverable,sarsa,0.848333333333,False,3
1108,recoverable,sarsa,0.848333333333,False,2
1109,recoverable,sarsa,0.8525,False,2
1110,recoverable,sarsa,0.84625,False,2
1111,recoverable,sarsa,0.847,False,2
1112,recoverable,sarsa,0.84,False,4
1113,recoverable,sarsa,0.847777777778,False,3
1114,recoverable,sarsa,0.846666666667,False,2
1115,recoverable,sarsa,0.83875,False,4
1116,recoverable,sarsa,0.855,False,2
1117,recoverable,sarsa,0.847,False,2
1118,recoverable,sarsa,0.849,False,2
1119,recoverable,sarsa,0.8475,False,2
1120,recoverable,sarsa,0.8475,False,2
1121,recoverable,sarsa,0.853,False,3
1122,recoverable,sarsa,0.844,False,3
1123,recoverable,sarsa,0.846875,False,3
1124,recoverable,sarsa,0.846666666667,False,2
1125,recoverable,sarsa,0.85,False,4
1126,recoverable,sarsa,0.8465,False,3
1127,recoverable,sarsa,0.84,False,2
1128,recoverable,sarsa,0.84,False,3
1129,recoverable,sarsa,0.846666666667,False,1
1130,recoverable,sarsa,0.845,False,3
1131,recoverable,sarsa,0.847916666667,False,4
1132,recoverable,sarsa,0.8475,False,4
1133,recoverable,sarsa,0.848888888889,False,3
1134,recoverable,sarsa,0.844166666667,False,2
1135,recoverable,sarsa,0.8475,False,3
1136,recoverable,sarsa,0.846666666667,False,4
1137,recoverable,sarsa,0.84875,False,2
1138,recoverable,sarsa,0.846666666667,False,2
1139,recoverable,sarsa,0.846111111111,False,3
1140,recoverable,sarsa,0.848333333333,False,3
1141,recoverable,sarsa,0.848333333333,False,3
1142,recoverable,sarsa,0.848571428571,False,3
1143,recoverable,sarsa,0.849444444444,False,4
1144,recoverable,sarsa,0.85,False,2
1145,recoverable,sarsa,0.84875,False,2
1146,recoverable,sarsa,0.8475,False,1
1147,recoverable,sarsa,0.855,False,1
1148,recoverable,sarsa,0.849166666667,False,2
1149,recoverable,sarsa,0.846666666667,False,2
1150,recoverable,sarsa,0.8475,False,3
1151,recoverable,sarsa,0.8575,False,1
1152,recoverable,sarsa,0.846666666667,False,3
1153,recoverable,sarsa,0.847692307692,False,4
1154,recoverable,sarsa,0.85,False,3
1155,recoverable,sarsa,0.8475,False,2
1156,recoverable,sarsa,0.845,False,1
1157,recoverable,sarsa,0.845,False,4
1158,recoverable,sarsa,0.848636363636,False,3
1159,recoverable,sarsa,0.847222222222,False,4
1160,recoverable,sarsa,0.849,False,3
1161,recoverable,sarsa,0.857857142857,False,3
1162,recoverable,sarsa,0.846111111111,False,1
1163,recoverable,sarsa,0.8525,False,2
1164,recoverable,sarsa,0.856666666667,False,2
1165,recoverable,sarsa,0.86,False,3
1166,recoverable,sarsa,0.857,False,0
1167,recoverable,sarsa,0.84875,False,4
1168,recoverable,sarsa,0.84,False,5
1169,recoverable,sarsa,0.844444444444,False,3
1170,recoverable,sarsa,0.847222222222,False,3
1171,recoverable,sarsa,0.844,False,2
1172,recoverable,sarsa,0.858333333333,False,2
1173,recoverable,sarsa,0.848571428571,False,2
1174,recoverable,sarsa,0.85,False,1
1175,recoverable,sarsa,0.839375,False,4
1176,recoverable,sarsa,0.8475,False,2
1177,recoverable,sarsa,0.849285714286,False,5
1178,recoverable,sarsa,0.848888888889,False,4
1179,recoverable,sarsa,0.845,False,3
1180,recoverable,sarsa,0.85,False,4
1181,recoverable,sarsa,0.84,False,3
1182,recoverable,sarsa,0.85,False,2
1183,recoverable,sarsa,0.85,False,3
1184,recoverable,sarsa,0.847272727273,False,4
1185,recoverable,sarsa,0.84,False,3
1186,recoverable,sarsa,0.85,False,1
1187,recoverable,sarsa,0.85,False,2
1188,recoverable,sarsa,0.856666666667,False,2
1189,recoverable,sarsa,0.86,False,2
1190,recoverable,sarsa,0.844166666667,False,2
1191,recoverable,sarsa,0.844,False,3
1192,recoverable,sarsa,0.8475,False,1
1193,recoverable,sarsa,0.849,False,3
1194,recoverable,sarsa,0.8475,False,1
1195,recoverable,sarsa,0.85,False,3
1196,recoverable,sarsa,0.85,False,0
1197,recoverable,sarsa,0.8475,False,2
1198,recoverable,sarsa,0.848125,False,3
1199,recoverable,sarsa,0.85,False,1
1200,recoverable,sarsa,0.845,False,3
1201,recoverable,sarsa,0.8485,False,3
1202,recoverable,sarsa,0.846666666667,False,3
1203,recoverable,sarsa,0.861818181818,False,3
1204,recoverable,sarsa,0.847857142857,False,4
1205,recoverable,sarsa,0.845,False,3
1206,recoverable,sarsa,0.849,False,3
1207,recoverable,sarsa,0.846666666667,False,1
1208,recoverable,sarsa,0.848333333333,False,3
1209,recoverable,sarsa,0.8575,False,1
1210,recoverable,sarsa,0.848571428571,False,3
1211,recoverable,sarsa,0.864,False,1
1212,recoverable,sarsa,0.855,False,1
1213,recoverable,sarsa,0.845,False,2
1214,recoverable,sarsa,0.854,False,1
1215,recoverable,sarsa,0.847857142857,False,4
1216,recoverable,sarsa,0.84875,False,1
1217,recoverable,sarsa,0.85,False,1
1218,recoverable,sarsa,0.84875,False,0
1219,recoverable,sarsa,0.848125,False,4
1220,recoverable,sarsa,0.849166666667,False,1
1221,recoverable,sarsa,0.846875,False,3
1222,recoverable,sarsa,0.8525,False,1
1223,recoverable,sarsa,0.855,False,1
1224,recoverable,sarsa,0.846666666667,False,3
1225,recoverable,sarsa,0.84875,False,4
1226,recoverable,sarsa,0.847916666667,False,4
1227,recoverable,sarsa,0.849,False,2
1228,recoverable,sarsa,0.855,False,2
1229,recoverable,sarsa,0.839285714286,False,3
1230,recoverable,sarsa,0.848333333333,False,1
1231,recoverable,sarsa,0.84,False,3
1232,recoverable,sarsa,0.851666666667,False,1
1233,recoverable,sarsa,0.85,False,2
1234,recoverable,sarsa,0.847857142857,False,2
1235,recoverable,sarsa,0.84,False,4
1236,recoverable,sarsa,0.85,False,4
1237,recoverable,sarsa,0.845,False,3
1238,recoverable,sarsa,0.84875,False,4
1239,recoverable,sarsa,0.848333333333,False,2
1240,recoverable,sarsa,0.849,False,3
1241,recoverable,sarsa,0.85,False,4
1242,recoverable,sarsa,0.85,False,2
1243,recoverable,sarsa,0.8525,False,0
1244,recoverable,sarsa,0.848125,False,4
1245,recoverable,sarsa,0.84,False,5
1246,recoverable,sarsa,0.845714285714,False,3
1247,recoverable,sarsa,0.85,False,4
1248,recoverable,sarsa,0.846,False,1
1249,recoverable,sarsa,0.84,False,5
1250,recoverable,sarsa,0.845,False,1
1251,recoverable,sarsa,0.85,False,2
1252,recoverable,sarsa,0.84625,False,3
1253,recoverable,sarsa,0.8475,False,2
1254,recoverable,sarsa,0.853333333333,False,2
1255,recoverable,sarsa,0.845,False,2
1256,recoverable,sarsa,0.84625,False,1
1257,recoverable,sarsa,0.849444444444,False,2
1258,recoverable,sarsa,0.8475,False,2
1259,recoverable,sarsa,0.8475,False,4
1260,recoverable,sarsa,0.849,False,2
1261,recoverable,sarsa,0.8475,False,1
1262,recoverable,sarsa,0.85,False,1
1263,recoverable,sarsa,0.845,False,4
1264,recoverable,sarsa,0.849,False,3
1265,recoverable,sarsa,0.848,False,2
1266,recoverable,sarsa,0.847142857143,False,2
1267,recoverable,sarsa,0.84,False,5
1268,recoverable,sarsa,0.8475,False,2
1269,recoverable,sarsa,0.85,False,1
1270,recoverable,sarsa,0.848,False,3
1271,recoverable,sarsa,0.848333333333,False,1
1272,recoverable,sarsa,0.84,False,4
1273,recoverable,sarsa,0.8475,False,3
1274,recoverable,sarsa,0.84875,False,3
1275,recoverable,sarsa,0.856666666667,False,1
1276,recoverable,sarsa,0.847857142857,False,3
1277,recoverable,sarsa,0.84,False,3
1278,recoverable,sarsa,0.844285714286,False,1
1279,recoverable,sarsa,0.847777777778,False,4
1280,recoverable,sarsa,0.84875,False,4
1281,recoverable,sarsa,0.848333333333,False,5
1282,recoverable,sarsa,0.849166666667,False,2
1283,recoverable,sarsa,0.848333333333,False,2
1284,recoverable,sarsa,0.847777777778,False,3
1285,recoverable,sarsa,0.849,False,2
1286,recoverable,sarsa,0.848333333333,False,2
1287,recoverable,sarsa,0.849,False,1
1288,recoverable,sarsa,0.847307692308,False,1
1289,recoverable,sarsa,0.845,False,2
1290,recoverable,sarsa,0.84,False,3
1291,recoverable,sarsa,0.84875,False,5
1292,recoverable,sarsa,0.8475,False,2
1293,recoverable,sarsa,0.8475,False,1
1294,recoverable,sarsa,0.8465,False,1
1295,recoverable,sarsa,0.848333333333,False,5
1296,recoverable,sarsa,0.848125,False,3
1297,recoverable,sarsa,0.849285714286,False,3
1298,recoverable,sarsa,0.86,False,3
1299,recoverable,sarsa,0.84875,False,3
1300,recoverable,sarsa,0.848333333333,False,2
1301,recoverable,sarsa,0.847142857143,False,3
1302,recoverable,sarsa,0.844,False,3
1303,recoverable,sarsa,0.8475,False,3
1304,recoverable,sarsa,0.847272727273,False,4
1305,recoverable,sarsa,0.843125,False,3
1306,recoverable,sarsa,0.8475,False,2
1307,recoverable,sarsa,0.8475,False,3
1308,recoverable,sarsa,0.855,False,2
1309,recoverable,sarsa,0.83875,False,2
1310,recoverable,sarsa,0.84,False,2
1311,recoverable,sarsa,0.86,False,3
1312,recoverable,sarsa,0.8475,False,5
1313,recoverable,sarsa,0.8475,False,3
1314,recoverable,sarsa,0.847857142857,False,3
1315,recoverable,sarsa,0.84625,False,2
1316,recoverable,sarsa,0.848,False,2
1317,recoverable,sarsa,0.845,False,1
1318,recoverable,sarsa,0.84,False,3
1319,recoverable,sarsa,0.849444444444,False,4
1320,recoverable,sarsa,0.848333333333,False,2
1321,recoverable,sarsa,0.848571428571,False,2
1322,recoverable,sarsa,0.8575,False,3
1323,recoverable,sarsa,0.852,False,2
1324,recoverable,sarsa,0.846428571429,False,3
1325,recoverable,sarsa,0.849166666667,False,3
1326,recoverable,sarsa,0.85,False,3
1327,recoverable,sarsa,0.8475,False,3
1328,recoverable,sarsa,0.84,False,4
1329,recoverable,sarsa,0.85,False,1
1330,recoverable,sarsa,0.850833333333,False,3
1331,recoverable,sarsa,0.849285714286,False,3
1332,recoverable,sarsa,0.84,False,4
1333,recoverable,sarsa,0.848333333333,False,3
1334,recoverable,sarsa,0.845,False,4
1335,recoverable,sarsa,0.8425,False,1
1336,recoverable,sarsa,0.849,False,2
1337,recoverable,sarsa,0.856666666667,False,3
1338,recoverable,sarsa,0.848,False,3
1339,recoverable,sarsa,0.856,False,2
1340,recoverable,sarsa,0.847727272727,False,3
1341,recoverable,sarsa,0.845,False,1
1342,recoverable,sarsa,0.84875,False,3
1343,recoverable,sarsa,0.847857142857,False,3
1344,recoverable,sarsa,0.84625,False,3
1345,recoverable,sarsa,0.846666666667,False,2
1346,recoverable,sarsa,0.8525,False,2
1347,recoverable,sarsa,0.845,False,2
1348,recoverable,sarsa,0.847222222222,False,4
1349,recoverable,sarsa,0.848571428571,False,3
1350,recoverable,sarsa,0.8525,False,2
1351,recoverable,sarsa,0.857,False,4
1352,recoverable,sarsa,0.848333333333,False,4
1353,recoverable,sarsa,0.845,False,1
1354,recoverable,sarsa,0.846,False,1
1355,recoverable,sarsa,0.85,False,2
1356,recoverable,sarsa,0.846,False,2
1357,recoverable,sarsa,0.8475,False,1
1358,recoverable,sarsa,0.845,False,1
1359,recoverable,sarsa,0.848,False,2
1360,recoverable,sarsa,0.849285714286,False,1
1361,recoverable,sarsa,0.858333333333,False,2
1362,recoverable,sarsa,0.8475,False,2
1363,recoverable,sarsa,0.8475,False,2
1364,recoverable,sarsa,0.855,False,2
1365,recoverable,sarsa,0.85,False,3
1366,recoverable,sarsa,0.84,False,2
1367,recoverable,sarsa,0.85,False,2
1368,recoverable,sarsa,0.8485,False,2
1369,recoverable,sarsa,0.85,False,1
1370,recoverable,sarsa,0.847777777778,False,3
1371,recoverable,sarsa,0.84875,False,4
1372,recoverable,sarsa,0.847222222222,False,2
1373,recoverable,sarsa,0.848333333333,False,1
1374,recoverable,sarsa,0.846111111111,False,4
1375,recoverable,sarsa,0.85,False,2
1376,recoverable,sarsa,0.846666666667,False,3
1377,recoverable,sarsa,0.8475,False,3
1378,recoverable,sarsa,0.8475,False,2
1379,recoverable,sarsa,0.84,False,4
1380,recoverable,sarsa,0.847,False,2
1381,recoverable,sarsa,0.8525,False,2
1382,recoverable,sarsa,0.846666666667,False,4
1383,recoverable,sarsa,0.846666666667,False,1
1384,recoverable,sarsa,0.84,False,2
1385,recoverable,sarsa,0.84875,False,3
1386,recoverable,sarsa,0.848,False,1
1387,recoverable,sarsa,0.85375,False,4
1388,recoverable,sarsa,0.85875,False,2
1389,recoverable,sarsa,0.847857142857,False,3
1390,recoverable,sarsa,0.845,False,1
1391,recoverable,sarsa,0.848125,False,3
1392,recoverable,sarsa,0.848333333333,False,1
1393,recoverable,sarsa,0.847142857143,False,2
1394,recoverable,sarsa,0.854,False,2
1395,recoverable,sarsa,0.847,False,3
1396,recoverable,sarsa,0.85,False,2
1397,recoverable,sarsa,0.847777777778,False,3
1398,recoverable,sarsa,0.846428571429,False,3
1399,recoverable,sarsa,0.8475,False,3
1400,recoverable,sarsa,0.846875,False,2
1401,recoverable,sarsa,0.843125,False,2
1402,recoverable,sarsa,0.848333333333,False,3
1403,recoverable,sarsa,0.85,False,1
1404,recoverable,sarsa,0.855,False,1
1405,recoverable,sarsa,0.845833333333,False,3
1406,recoverable,sarsa,0.849285714286,False,1
1407,recoverable,sarsa,0.848,False,3
1408,recoverable,sarsa,0.845,False,3
1409,recoverable,sarsa,0.84875,False,2
1410,recoverable,sarsa,0.847777777778,False,2
1411,recoverable,sarsa,0.847777777778,False,4
1412,recoverable,sarsa,0.847,False,3
1413,recoverable,sarsa,0.84625,False,2
1414,recoverable,sarsa,0.85875,False,3
1415,recoverable,sarsa,0.85,False,2
1416,recoverable,sarsa,0.85,False,4
1417,recoverable,sarsa,0.8475,False,2
1418,recoverable,sarsa,0.85,False,2
1419,recoverable,sarsa,0.84625,False,3
1420,recoverable,sarsa,0.847142857143,False,2
1421,recoverable,sarsa,0.847857142857,False,3
1422,recoverable,sarsa,0.846666666667,False,1
1423,recoverable,sarsa,0.86,False,2
1424,recoverable,sarsa,0.848333333333,False,4
1425,recoverable,sarsa,0.843125,False,3
1426,recoverable,sarsa,0.847857142857,False,3
1427,recoverable,sarsa,0.848636363636,False,3
1428,recoverable,sarsa,0.85,False,1
1429,recoverable,sarsa,0.85,False,3
1430,recoverable,sarsa,0.85,False,2
1431,recoverable,sarsa,0.848333333333,False,1
1432,recoverable,sarsa,0.84,False,4
1433,recoverable,sarsa,0.85,False,4
1434,recoverable,sarsa,0.844285714286,False,3
1435,recoverable,sarsa,0.85,False,2
1436,recoverable,sarsa,0.86,False,2
1437,recoverable,sarsa,0.8475,False,2
1438,recoverable,sarsa,0.8475,False,5
1439,recoverable,sarsa,0.847777777778,False,3
1440,recoverable,sarsa,0.84625,False,1
1441,recoverable,sarsa,0.84,False,3
1442,recoverable,sarsa,0.85,False,1
1443,recoverable,sarsa,0.848125,False,5
1444,recoverable,sarsa,0.845,False,3
1445,recoverable,sarsa,0.838571428571,False,3
1446,recoverable,sarsa,0.85,False,4
1447,recoverable,sarsa,0.848333333333,False,2
1448,recoverable,sarsa,0.84625,False,3
1449,recoverable,sarsa,0.858333333333,False,3
1450,recoverable,sarsa,0.849166666667,False,3
1451,recoverable,sarsa,0.844285714286,False,1
1452,recoverable,sarsa,0.845,False,1
1453,recoverable,sarsa,0.8475,False,1
1454,recoverable,sarsa,0.839166666667,False,3
1455,recoverable,sarsa,0.8475,False,2
1456,recoverable,sarsa,0.85,False,2
1457,recoverable,sarsa,0.839375,False,3
1458,recoverable,sarsa,0.849285714286,False,3
1459,recoverable,sarsa,0.84875,False,3
1460,recoverable,sarsa,0.85,False,2
1461,recoverable,sarsa,0.848125,False,2
1462,recoverable,sarsa,0.848181818182,False,4
1463,recoverable,sarsa,0.8525,False,2
1464,recoverable,sarsa,0.847857142857,False,2
1465,recoverable,sarsa,0.85,False,1
1466,recoverable,sarsa,0.848,False,4
1467,recoverable,sarsa,0.8575,False,1
1468,recoverable,sarsa,0.846666666667,False,4
1469,recoverable,sarsa,0.844,False,3
1470,recoverable,sarsa,0.85,False,1
1471,recoverable,sarsa,0.84,False,2
1472,recoverable,sarsa,0.847857142857,False,2
1473,recoverable,sarsa,0.85,False,2
1474,recoverable,sarsa,0.848214285714,False,4
1475,recoverable,sarsa,0.8475,False,3
1476,recoverable,sarsa,0.8475,False,2
1477,recoverable,sarsa,0.848125,False,4
1478,recoverable,sarsa,0.848125,False,2
1479,recoverable,sarsa,0.852,False,1
1480,recoverable,sarsa,0.855,False,2
1481,recoverable,sarsa,0.843888888889,False,4
1482,recoverable,sarsa,0.85,False,3
1483,recoverable,sarsa,0.856666666667,False,2
1484,recoverable,sarsa,0.847,False,2
1485,recoverable,sarsa,0.8485,False,2
1486,recoverable,sarsa,0.85,False,1
1487,recoverable,sarsa,0.84875,False,3
1488,recoverable,sarsa,0.85,False,2
1489,recoverable,sarsa,0.845,False,2
1490,recoverable,sarsa,0.85125,False,2
1491,recoverable,sarsa,0.85125,False,3
1492,recoverable,sarsa,0.85,False,2
1493,recoverable,sarsa,0.848333333333,False,4
1494,recoverable,sarsa,0.847777777778,False,4
1495,recoverable,sarsa,0.8475,False,5
1496,recoverable,sarsa,0.847,False,4
1497,recoverable,sarsa,0.855,False,3
1498,recoverable,sarsa,0.847,False,2
1499,recoverable,sarsa,0.8525,False,3
1500,recoverable,sarsa,0.845,False,2
1501,recoverable,sarsa,0.85,False,2
1502,recoverable,sarsa,0.8475,False,3
1503,recoverable,sarsa,0.84625,False,3
1504,recoverable,sarsa,0.848333333333,False,2
1505,recoverable,sarsa,0.849285714286,False,5
1506,recoverable,sarsa,0.846875,False,3
1507,recoverable,sarsa,0.85,False,2
1508,recoverable,sarsa,0.847857142857,False,3
1509,recoverable,sarsa,0.848,False,2
1510,recoverable,sarsa,0.8475,False,3
1511,recoverable,sarsa,0.8475,False,2
1512,recoverable,sarsa,0.847,False,2
1513,recoverable,sarsa,0.856666666667,False,1
1514,recoverable,sarsa,0.84875,False,3
1515,recoverable,sarsa,0.849375,False,4
1516,recoverable,sarsa,0.843076923077,False,3
1517,recoverable,sarsa,0.847222222222,False,4
1518,recoverable,sarsa,0.848125,False,4
1519,recoverable,sarsa,0.8465,False,2
1520,recoverable,sarsa,0.848,False,4
1521,recoverable,sarsa,0.846428571429,False,3
1522,recoverable,sarsa,0.849285714286,False,4
1523,recoverable,sarsa,0.848,False,3
1524,recoverable,sarsa,0.85,False,1
1525,recoverable,sarsa,0.851666666667,False,3
1526,recoverable,sarsa,0.847692307692,False,5
1527,recoverable,sarsa,0.8475,False,3
1528,recoverable,sarsa,0.843333333333,False,3
1529,recoverable,sarsa,0.842,False,2
1530,recoverable,sarsa,0.861818181818,False,4
1531,recoverable,sarsa,0.847272727273,False,3
1532,recoverable,sarsa,0.846666666667,False,3
1533,recoverable,sarsa,0.84625,False,1
1534,recoverable,sarsa,0.847777777778,False,2
1535,recoverable,sarsa,0.847857142857,False,3
1536,recoverable,sarsa,0.86,False,2
1537,recoverable,sarsa,0.8625,False,0
1538,recoverable,sarsa,0.846666666667,False,2
1539,recoverable,sarsa,0.847142857143,False,2
1540,recoverable,sarsa,0.845,False,2
1541,recoverable,sarsa,0.845,False,3
1542,recoverable,sarsa,0.848461538462,False,5
1543,recoverable,sarsa,0.855,False,0
1544,recoverable,sarsa,0.858333333333,False,2
1545,recoverable,sarsa,0.848333333333,False,2
1546,recoverable,sarsa,0.855,False,2
1547,recoverable,sarsa,0.842857142857,False,2
1548,recoverable,sarsa,0.848,False,3
1549,recoverable,sarsa,0.848333333333,False,3
1550,recoverable,sarsa,0.85,False,1
1551,recoverable,sarsa,0.844166666667,False,1
1552,recoverable,sarsa,0.846666666667,False,2
1553,recoverable,sarsa,0.848333333333,False,2
1554,recoverable,sarsa,0.848,False,2
1555,recoverable,sarsa,0.84625,False,2
1556,recoverable,sarsa,0.85,False,2
1557,recoverable,sarsa,0.8475,False,3
1558,recoverable,sarsa,0.8475,False,1
1559,recoverable,sarsa,0.848571428571,False,4
1560,recoverable,sarsa,0.85,False,2
1561,recoverable,sarsa,0.848125,False,3
1562,recoverable,sarsa,0.849166666667,False,2
1563,recoverable,sarsa,0.848,False,2
1564,recoverable,sarsa,0.848,False,2
1565,recoverable,sarsa,0.84625,False,3
1566,recoverable,sarsa,0.85875,False,3
1567,recoverable,sarsa,0.845,False,2
1568,recoverable,sarsa,0.85,False,1
1569,recoverable,sarsa,0.8575,False,2
1570,recoverable,sarsa,0.8525,False,2
1571,recoverable,sarsa,0.848571428571,False,2
1572,recoverable,sarsa,0.847,False,2
1573,recoverable,sarsa,0.8475,False,2
1574,recoverable,sarsa,0.848,False,4
1575,recoverable,sarsa,0.847142857143,False,3
1576,recoverable,sarsa,0.849285714286,False,4
1577,recoverable,sarsa,0.847142857143,False,3
1578,recoverable,sarsa,0.848571428571,False,2
1579,recoverable,sarsa,0.8475,False,2
1580,recoverable,sarsa,0.85,False,2
1581,recoverable,sarsa,0.848333333333,False,2
1582,recoverable,sarsa,0.847857142857,False,1
1583,recoverable,sarsa,0.84875,False,3
1584,recoverable,sarsa,0.846428571429,False,3
1585,recoverable,sarsa,0.849166666667,False,2
1586,recoverable,sarsa,0.844,False,2
1587,recoverable,sarsa,0.848333333333,False,2
1588,recoverable,sarsa,0.842857142857,False,3
1589,recoverable,sarsa,0.845,False,3
1590,recoverable,sarsa,0.844,False,2
1591,recoverable,sarsa,0.849,False,2
1592,recoverable,sarsa,0.848333333333,False,2
1593,recoverable,sarsa,0.847777777778,False,2
1594,recoverable,sarsa,0.848333333333,False,1
1595,recoverable,sarsa,0.847142857143,False,2
1596,recoverable,sarsa,0.848333333333,False,2
1597,recoverable,sarsa,0.847142857143,False,2
1598,recoverable,sarsa,0.848333333333,False,3
1599,recoverable,sarsa,0.85,False,0
1600,recoverable,sarsa,0.8475,False,3
1601,recoverable,sarsa,0.85,False,3
1602,recoverable,sarsa,0.846666666667,False,4
1603,recoverable,sarsa,0.85,False,2
1604,recoverable,sarsa,0.85,False,1
1605,recoverable,sarsa,0.839285714286,False,4
1606,recoverable,sarsa,0.862222222222,False,3
1607,recoverable,sarsa,0.846666666667,False,3
1608,recoverable,sarsa,0.848,False,3
1609,recoverable,sarsa,0.845,False,4
1610,recoverable,sarsa,0.8475,False,2
1611,recoverable,sarsa,0.849166666667,False,5
1612,recoverable,sarsa,0.845714285714,False,3
1613,recoverable,sarsa,0.8525,False,0
1614,recoverable,sarsa,0.848,False,2
1615,recoverable,sarsa,0.845,False,3
1616,recoverable,sarsa,0.84875,False,5
1617,recoverable,sarsa,0.845,False,3
1618,recoverable,sarsa,0.845,False,3
1619,recoverable,sarsa,0.847857142857,False,2
1620,recoverable,sarsa,0.847142857143,False,3
1621,recoverable,sarsa,0.847142857143,False,4
1622,recoverable,sarsa,0.85,False,1
1623,recoverable,sarsa,0.8475,False,4
1624,recoverable,sarsa,0.848333333333,False,2
1625,recoverable,sarsa,0.8525,False,1
1626,recoverable,sarsa,0.846666666667,False,2
1627,recoverable,sarsa,0.84875,False,4
1628,recoverable,sarsa,0.85,False,4
1629,recoverable,sarsa,0.8435,False,4
1630,recoverable,sarsa,0.846,False,2
1631,recoverable,sarsa,0.848333333333,False,2
1632,recoverable,sarsa,0.847857142857,False,4
1633,recoverable,sarsa,0.845,False,1
1634,recoverable,sarsa,0.846666666667,False,3
1635,recoverable,sarsa,0.85375,False,2
1636,recoverable,sarsa,0.845,False,3
1637,recoverable,sarsa,0.84875,False,2
1638,recoverable,sarsa,0.8485,False,6
1639,recoverable,sarsa,0.849166666667,False,3
1640,recoverable,sarsa,0.847,False,3
1641,recoverable,sarsa,0.851666666667,False,2
1642,recoverable,sarsa,0.855,False,1
1643,recoverable,sarsa,0.85,False,3
1644,recoverable,sarsa,0.849166666667,False,1
1645,recoverable,sarsa,0.847857142857,False,4
1646,recoverable,sarsa,0.845,False,0
1647,recoverable,sarsa,0.848571428571,False,2
1648,recoverable,sarsa,0.85,False,3
1649,recoverable,sarsa,0.8475,False,3
1650,recoverable,sarsa,0.848888888889,False,4
1651,recoverable,sarsa,0.847,False,3
1652,recoverable,sarsa,0.848571428571,False,2
1653,recoverable,sarsa,0.839375,False,5
1654,recoverable,sarsa,0.848333333333,False,4
1655,recoverable,sarsa,0.847857142857,False,4
1656,recoverable,sarsa,0.8475,False,3
1657,recoverable,sarsa,0.85,False,2
1658,recoverable,sarsa,0.8475,False,3
1659,recoverable,sarsa,0.84875,False,3
1660,recoverable,sarsa,0.848125,False,4
1661,recoverable,sarsa,0.849285714286,False,2
1662,recoverable,sarsa,0.848571428571,False,3
1663,recoverable,sarsa,0.858,False,4
1664,recoverable,sarsa,0.85,False,4
1665,recoverable,sarsa,0.839090909091,False,4
1666,recoverable,sarsa,0.85,False,3
1667,recoverable,sarsa,0.847,False,3
1668,recoverable,sarsa,0.848333333333,False,2
1669,recoverable,sarsa,0.848333333333,False,2
1670,recoverable,sarsa,0.8475,False,2
1671,recoverable,sarsa,0.84,False,4
1672,recoverable,sarsa,0.848,False,3
1673,recoverable,sarsa,0.84,False,3
1674,recoverable,sarsa,0.85875,False,2
1675,recoverable,sarsa,0.855,False,3
1676,recoverable,sarsa,0.847,False,3
1677,recoverable,sarsa,0.8445,False,3
1678,recoverable,sarsa,0.85,False,4
1679,recoverable,sarsa,0.8475,False,2
1680,recoverable,sarsa,0.848,False,3
1681,recoverable,sarsa,0.85,False,2
1682,recoverable,sarsa,0.847222222222,False,2
1683,recoverable,sarsa,0.847,False,4
1684,recoverable,sarsa,0.85,False,4
1685,recoverable,sarsa,0.85,False,1
1686,recoverable,sarsa,0.855,False,2
1687,recoverable,sarsa,0.8475,False,2
1688,recoverable,sarsa,0.85,False,0
1689,recoverable,sarsa,0.849166666667,False,2
1690,recoverable,sarsa,0.846666666667,False,3
1691,recoverable,sarsa,0.85,False,1
1692,recoverable,sarsa,0.84,False,4
1693,recoverable,sarsa,0.847,False,1
1694,recoverable,sarsa,0.848,False,3
1695,recoverable,sarsa,0.845,False,1
1696,recoverable,sarsa,0.844,False,1
1697,recoverable,sarsa,0.84875,False,3
1698,recoverable,sarsa,0.84875,False,5
1699,recoverable,sarsa,0.848571428571,False,3
1700,recoverable,sarsa,0.8475,False,2
1701,recoverable,sarsa,0.849285714286,False,3
1702,recoverable,sarsa,0.84875,False,3
1703,recoverable,sarsa,0.849,False,4
1704,recoverable,sarsa,0.8475,False,2
1705,recoverable,sarsa,0.845,False,2
1706,recoverable,sarsa,0.856666666667,False,1
1707,recoverable,sarsa,0.849,False,2
1708,recoverable,sarsa,0.846,False,2
1709,recoverable,sarsa,0.845,False,2
1710,recoverable,sarsa,0.8525,False,1
1711,recoverable,sarsa,0.85,False,2
1712,recoverable,sarsa,0.844375,False,2
1713,recoverable,sarsa,0.861818181818,False,3
1714,recoverable,sarsa,0.849,False,3
1715,recoverable,sarsa,0.848333333333,False,4
1716,recoverable,sarsa,0.846666666667,False,2
1717,recoverable,sarsa,0.855,False,3
1718,recoverable,sarsa,0.846111111111,False,2
1719,recoverable,sarsa,0.848888888889,False,3
1720,recoverable,sarsa,0.848571428571,False,3
1721,recoverable,sarsa,0.849,False,3
1722,recoverable,sarsa,0.849166666667,False,3
1723,recoverable,sarsa,0.843333333333,False,1
1724,recoverable,sarsa,0.847222222222,False,4
1725,recoverable,sarsa,0.8475,False,2
1726,recoverable,sarsa,0.846666666667,False,2
1727,recoverable,sarsa,0.85,False,3
1728,recoverable,sarsa,0.835,False,3
1729,recoverable,sarsa,0.85,False,2
1730,recoverable,sarsa,0.8425,False,2
1731,recoverable,sarsa,0.848333333333,False,1
1732,recoverable,sarsa,0.845,False,3
1733,recoverable,sarsa,0.846,False,2
1734,recoverable,sarsa,0.845,False,2
1735,recoverable,sarsa,0.849166666667,False,2
1736,recoverable,sarsa,0.846666666667,False,3
1737,recoverable,sarsa,0.85,False,2
1738,recoverable,sarsa,0.845625,False,2
1739,recoverable,sarsa,0.848,False,5
1740,recoverable,sarsa,0.846666666667,False,4
1741,recoverable,sarsa,0.849,False,4
1742,recoverable,sarsa,0.85,False,2
1743,recoverable,sarsa,0.845,False,2
1744,recoverable,sarsa,0.846,False,3
1745,recoverable,sarsa,0.84875,False,2
1746,recoverable,sarsa,0.85,False,1
1747,recoverable,sarsa,0.84875,False,2
1748,recoverable,sarsa,0.847,False,2
1749,recoverable,sarsa,0.848333333333,False,3
1750,recoverable,sarsa,0.84625,False,1
1751,recoverable,sarsa,0.848181818182,False,5
1752,recoverable,sarsa,0.84,False,2
1753,recoverable,sarsa,0.858333333333,False,1
1754,recoverable,sarsa,0.839166666667,False,4
1755,recoverable,sarsa,0.845,False,3
1756,recoverable,sarsa,0.848333333333,False,4
1757,recoverable,sarsa,0.848333333333,False,4
1758,recoverable,sarsa,0.846666666667,False,1
1759,recoverable,sarsa,0.847272727273,False,3
1760,recoverable,sarsa,0.846363636364,False,4
1761,recoverable,sarsa,0.848636363636,False,3
1762,recoverable,sarsa,0.847142857143,False,4
1763,recoverable,sarsa,0.848333333333,False,1
1764,recoverable,sarsa,0.848,False,1
1765,recoverable,sarsa,0.8475,False,2
1766,recoverable,sarsa,0.85,False,1
1767,recoverable,sarsa,0.848333333333,False,3
1768,recoverable,sarsa,0.848333333333,False,2
1769,recoverable,sarsa,0.848333333333,False,5
1770,recoverable,sarsa,0.849166666667,False,1
1771,recoverable,sarsa,0.847857142857,False,3
1772,recoverable,sarsa,0.844285714286,False,1
1773,recoverable,sarsa,0.847857142857,False,3
1774,recoverable,sarsa,0.848,False,3
1775,recoverable,sarsa,0.848571428571,False,1
1776,recoverable,sarsa,0.84875,False,5
1777,recoverable,sarsa,0.8395,False,4
1778,recoverable,sarsa,0.843571428571,False,2
1779,recoverable,sarsa,0.848333333333,False,0
1780,recoverable,sarsa,0.8575,False,3
1781,recoverable,sarsa,0.84875,False,4
1782,recoverable,sarsa,0.8475,False,3
1783,recoverable,sarsa,0.85875,False,2
1784,recoverable,sarsa,0.844,False,1
1785,recoverable,sarsa,0.8475,False,3
1786,recoverable,sarsa,0.848,False,2
1787,recoverable,sarsa,0.846666666667,False,3
1788,recoverable,sarsa,0.849,False,2
1789,recoverable,sarsa,0.843636363636,False,4
1790,recoverable,sarsa,0.8475,False,3
1791,recoverable,sarsa,0.84625,False,2
1792,recoverable,sarsa,0.845,False,1
1793,recoverable,sarsa,0.85,False,2
1794,recoverable,sarsa,0.85,False,3
1795,recoverable,sarsa,0.855,False,2
1796,recoverable,sarsa,0.856,False,2
1797,recoverable,sarsa,0.84,False,4
1798,recoverable,sarsa,0.8475,False,4
1799,recoverable,sarsa,0.84875,False,2
1800,recoverable,sarsa,0.84625,False,3
1801,recoverable,sarsa,0.846666666667,False,1
1802,recoverable,sarsa,0.8475,False,3
1803,recoverable,sarsa,0.845,False,3
1804,recoverable,sarsa,0.8475,False,3
1805,recoverable,sarsa,0.848333333333,False,3
1806,recoverable,sarsa,0.845833333333,False,2
1807,recoverable,sarsa,0.849,False,2
1808,recoverable,sarsa,0.849166666667,False,4
1809,recoverable,sarsa,0.846666666667,False,2
1810,recoverable,sarsa,0.846666666667,False,2
1811,recoverable,sarsa,0.848571428571,False,2
1812,recoverable,sarsa,0.848888888889,False,3
1813,recoverable,sarsa,0.844,False,3
1814,recoverable,sarsa,0.849444444444,False,3
1815,recoverable,sarsa,0.845,False,2
1816,recoverable,sarsa,0.85,False,2
1817,recoverable,sarsa,0.846875,False,2
1818,recoverable,sarsa,0.835,False,3
1819,recoverable,sarsa,0.846428571429,False,3
1820,recoverable,sarsa,0.84875,False,6
1821,recoverable,sarsa,0.84875,False,3
1822,recoverable,sarsa,0.85,False,1
1823,recoverable,sarsa,0.848571428571,False,4
1824,recoverable,sarsa,0.8475,False,3
1825,recoverable,sarsa,0.848,False,4
1826,recoverable,sarsa,0.84,False,4
1827,recoverable,sarsa,0.84875,False,1
1828,recoverable,sarsa,0.848333333333,False,2
1829,recoverable,sarsa,0.847142857143,False,3
1830,recoverable,sarsa,0.848333333333,False,4
1831,recoverable,sarsa,0.84875,False,1
1832,recoverable,sarsa,0.848125,False,4
1833,recoverable,sarsa,0.8475,False,1
1834,recoverable,sarsa,0.8525,False,1
1835,recoverable,sarsa,0.8475,False,2
1836,recoverable,sarsa,0.8475,False,2
1837,recoverable,sarsa,0.846428571429,False,2
1838,recoverable,sarsa,0.847,False,2
1839,recoverable,sarsa,0.848,False,4
1840,recoverable,sarsa,0.8475,False,2
1841,recoverable,sarsa,0.847777777778,False,3
1842,recoverable,sarsa,0.8475,False,2
1843,recoverable,sarsa,0.847857142857,False,3
1844,recoverable,sarsa,0.845,False,1
1845,recoverable,sarsa,0.84625,False,2
1846,recoverable,sarsa,0.8475,False,2
1847,recoverable,sarsa,0.86,False,1
1848,recoverable,sarsa,0.846666666667,False,1
1849,recoverable,sarsa,0.85,False,2
1850,recoverable,sarsa,0.8475,False,3
1851,recoverable,sarsa,0.844285714286,False,2
1852,recoverable,sarsa,0.848571428571,False,4
1853,recoverable,sarsa,0.848,False,2
1854,recoverable,sarsa,0.853,False,2
1855,recoverable,sarsa,0.847857142857,False,3
1856,recoverable,sarsa,0.85,False,1
1857,recoverable,sarsa,0.839375,False,5
1858,recoverable,sarsa,0.844166666667,False,1
1859,recoverable,sarsa,0.845,False,2
1860,recoverable,sarsa,0.848333333333,False,2
1861,recoverable,sarsa,0.848333333333,False,1
1862,recoverable,sarsa,0.835,False,2
1863,recoverable,sarsa,0.848333333333,False,2
1864,recoverable,sarsa,0.847,False,2
1865,recoverable,sarsa,0.848333333333,False,1
1866,recoverable,sarsa,0.847857142857,False,2
1867,recoverable,sarsa,0.8575,False,1
1868,recoverable,sarsa,0.846666666667,False,3
1869,recoverable,sarsa,0.848333333333,False,1
1870,recoverable,sarsa,0.8475,False,2
1871,recoverable,sarsa,0.84,False,3
1872,recoverable,sarsa,0.848333333333,False,2
1873,recoverable,sarsa,0.85,False,2
1874,recoverable,sarsa,0.846666666667,False,3
1875,recoverable,sarsa,0.845,False,3
1876,recoverable,sarsa,0.848125,False,3
1877,recoverable,sarsa,0.848,False,3
1878,recoverable,sarsa,0.848333333333,False,3
1879,recoverable,sarsa,0.848,False,3
1880,recoverable,sarsa,0.846666666667,False,4
1881,recoverable,sarsa,0.84875,False,3
1882,recoverable,sarsa,0.85625,False,2
1883,recoverable,sarsa,0.845,False,2
1884,recoverable,sarsa,0.848,False,1
1885,recoverable,sarsa,0.84625,False,3
1886,recoverable,sarsa,0.848571428571,False,4
1887,recoverable,sarsa,0.847727272727,False,3
1888,recoverable,sarsa,0.847142857143,False,3
1889,recoverable,sarsa,0.84,False,4
1890,recoverable,sarsa,0.846,False,3
1891,recoverable,sarsa,0.844285714286,False,1
1892,recoverable,sarsa,0.857,False,2
1893,recoverable,sarsa,0.848333333333,False,2
1894,recoverable,sarsa,0.846666666667,False,1
1895,recoverable,sarsa,0.845,False,2
1896,recoverable,sarsa,0.858333333333,False,3
1897,recoverable,sarsa,0.839444444444,False,4
1898,recoverable,sarsa,0.846,False,3
1899,recoverable,sarsa,0.847222222222,False,4
1900,recoverable,sarsa,0.85,False,5
1901,recoverable,sarsa,0.8525,False,1
1902,recoverable,sarsa,0.848571428571,False,3
1903,recoverable,sarsa,0.847857142857,False,2
1904,recoverable,sarsa,0.848,False,2
1905,recoverable,sarsa,0.848,False,3
1906,recoverable,sarsa,0.843888888889,False,3
1907,recoverable,sarsa,0.847307692308,False,3
1908,recoverable,sarsa,0.847,False,2
1909,recoverable,sarsa,0.846,False,2
1910,recoverable,sarsa,0.8475,False,4
1911,recoverable,sarsa,0.848571428571,False,2
1912,recoverable,sarsa,0.842916666667,False,3
1913,recoverable,sarsa,0.849444444444,False,4
1914,recoverable,sarsa,0.846875,False,4
1915,recoverable,sarsa,0.845,False,2
1916,recoverable,sarsa,0.847,False,1
1917,recoverable,sarsa,0.849166666667,False,3
1918,recoverable,sarsa,0.8485,False,3
1919,recoverable,sarsa,0.85875,False,2
1920,recoverable,sarsa,0.8395,False,3
1921,recoverable,sarsa,0.8475,False,3
1922,recoverable,sarsa,0.85,False,3
1923,recoverable,sarsa,0.847857142857,False,2
1924,recoverable,sarsa,0.8475,False,4
1925,recoverable,sarsa,0.848333333333,False,4
1926,recoverable,sarsa,0.846818181818,False,2
1927,recoverable,sarsa,0.848,False,1
1928,recoverable,sarsa,0.8575,False,1
1929,recoverable,sarsa,0.84,False,4
1930,recoverable,sarsa,0.849285714286,False,3
1931,recoverable,sarsa,0.848571428571,False,3
1932,recoverable,sarsa,0.8475,False,2
1933,recoverable,sarsa,0.848333333333,False,4
1934,recoverable,sarsa,0.843333333333,False,3
1935,recoverable,sarsa,0.855,False,4
1936,recoverable,sarsa,0.84875,False,2
1937,recoverable,sarsa,0.84625,False,4
1938,recoverable,sarsa,0.85625,False,2
1939,recoverable,sarsa,0.8475,False,2
1940,recoverable,sarsa,0.85,False,2
1941,recoverable,sarsa,0.847222222222,False,2
1942,recoverable,sarsa,0.85,False,2
1943,recoverable,sarsa,0.8475,False,3
1944,recoverable,sarsa,0.849166666667,False,3
1945,recoverable,sarsa,0.848333333333,False,3
1946,recoverable,sarsa,0.848333333333,False,2
1947,recoverable,sarsa,0.846666666667,False,1
1948,recoverable,sarsa,0.846666666667,False,3
1949,recoverable,sarsa,0.848,False,1
1950,recoverable,sarsa,0.8525,False,1
1951,recoverable,sarsa,0.84875,False,2
1952,recoverable,sarsa,0.848125,False,3
1953,recoverable,sarsa,0.84875,False,3
1954,recoverable,sarsa,0.8475,False,3
1955,recoverable,sarsa,0.8525,False,2
1956,recoverable,sarsa,0.849285714286,False,2
1957,recoverable,sarsa,0.859,False,1
1958,recoverable,sarsa,0.848333333333,False,3
1959,recoverable,sarsa,0.845,False,1
1960,recoverable,sarsa,0.847,False,1
1961,recoverable,sarsa,0.848,False,3
1962,recoverable,sarsa,0.846666666667,False,4
1963,recoverable,sarsa,0.8475,False,3
1964,recoverable,sarsa,0.847142857143,False,2
1965,recoverable,sarsa,0.85,False,2
1966,recoverable,sarsa,0.848333333333,False,2
1967,recoverable,sarsa,0.845,False,4
1968,recoverable,sarsa,0.84875,False,4
1969,recoverable,sarsa,0.84625,False,3
1970,recoverable,sarsa,0.853333333333,False,3
1971,recoverable,sarsa,0.846666666667,False,2
1972,recoverable,sarsa,0.846666666667,False,4
1973,recoverable,sarsa,0.85625,False,2
1974,recoverable,sarsa,0.8475,False,3
1975,recoverable,sarsa,0.8425,False,2
1976,recoverable,sarsa,0.85,False,4
1977,recoverable,sarsa,0.848333333333,False,4
1978,recoverable,sarsa,0.848571428571,False,4
1979,recoverable,sarsa,0.848,False,2
1980,recoverable,sarsa,0.84625,False,2
1981,recoverable,sarsa,0.8395,False,6
1982,recoverable,sarsa,0.845,False,2
1983,recoverable,sarsa,0.848,False,3
1984,recoverable,sarsa,0.848333333333,False,4
1985,recoverable,sarsa,0.8425,False,2
1986,recoverable,sarsa,0.84875,False,4
1987,recoverable,sarsa,0.847857142857,False,2
1988,recoverable,sarsa,0.86,False,2
1989,recoverable,sarsa,0.849375,False,3
1990,recoverable,sarsa,0.845,False,2
1991,recoverable,sarsa,0.847857142857,False,3
1992,recoverable,sarsa,0.846875,False,1
1993,recoverable,sarsa,0.8475,False,1
1994,recoverable,sarsa,0.847222222222,False,3
1995,recoverable,sarsa,0.848333333333,False,1
1996,recoverable,sarsa,0.846666666667,False,2
1997,recoverable,sarsa,0.848125,False,1
1998,recoverable,sarsa,0.846666666667,False,2
1999,recoverable,sarsa,0.85875,False,4
