trial_id,seed,agent,hazard_mode,reliability,progress,target_global_step,observed_global_step,step_lag,choice,greedy_action,corridor_selected
recoverable_risky_corridor-expected_sarsa-s0-01e183b86b23,0,expected_sarsa,recoverable,0.84,0.25,25000,25000,0,shelter,2,0
recoverable_risky_corridor-expected_sarsa-s0-01e183b86b23,0,expected_sarsa,recoverable,0.84,0.5,50000,50000,0,shelter,2,0
recoverable_risky_corridor-expected_sarsa-s0-01e183b86b23,0,expected_sarsa,recoverable,0.84,0.75,75000,75000,0,shelter,2,0
recoverable_risky_corridor-expected_sarsa-s0-01e183b86b23,0,expected_sarsa,recoverable,0.84,1,100000,100000,0,shelter,2,0
recoverable_risky_corridor-expected_sarsa-s0-067dc89f79f5,0,expected_sarsa,recoverable,0.835,0.25,25000,25000,0,corridor,1,1
recoverable_risky_corridor-expected_sarsa-s0-067dc89f79f5,0,expected_sarsa,recoverable,0.835,0.5,50000,50000,0,shelter,2,0
recoverable_risky_corridor-expected_sarsa-s0-067dc89f79f5,0,expected_sarsa,recoverable,0.835,0.75,75000,75000,0,shelter,2,0
recoverable_risky_corridor-expected_sarsa-s0-067dc89f79f5,0,expected_sarsa,recoverable,0.835,1,100000,100000,0,shelter,2,0
recoverable_risky_corridor-expected_sarsa-s0-0fbce346af4c,0,expected_sarsa,recoverable,1,0.25,25000,25000,0,corridor,1,1
recoverable_risky_corridor-expected_sarsa-s0-0fbce346af4c,0,expected_sarsa,recoverable,1,0.5,50000,50000,0,corridor,1,1
recoverable_risky_corridor-expected_sarsa-s0-0fbce346af4c,0,expected_sarsa,recoverable,1,0.75,75000,75000,0,corridor,1,1
recoverable_risky_corridor-expected_sarsa-s0-0fbce346af4c,0,expected_sarsa,recoverable,1,1,100000,100000,0,corridor,1,1
recoverable_risky_corridor-expected_sarsa-s0-12be793723c1,0,expected_sarsa,recoverable,0.82,0.25,25000,25000,0,corridor,1,1
recoverable_risky_corridor-expected_sarsa-s0-12be793723c1,0,expected_sarsa,recoverable,0.82,0.5,50000,50000,0,corridor,1,1
recoverable_risky_corridor-expected_sarsa-s0-12be793723c1,0,expected_sarsa,recoverable,0.82,0.75,75000,75000,0,shelter,2,0
recoverable_risky_corridor-expected_sarsa-s0-12be793723c1,0,expected_sarsa,recoverable,0.82,1,100000,100000,0,shelter,2,0
recoverable_risky_corridor-expected_sarsa-s0-1a26f4508dd7,0,expected_sarsa,recoverable,0.7,0.25,25000,25000,0,shelter,2,0
recoverable_risky_corridor-expected_sarsa-s0-1a26f4508dd7,0,expected_sarsa,recoverable,0.7,0.5,50000,50000,0,shelter,2,0
recoverable_risky_corridor-expected_sarsa-s0-1a26f4508dd7,0,expected_sarsa,recoverable,0.7,0.75,75000,75000,0,shelter,2,0
recoverable_risky_corridor-expected_sarsa-s0-1a26f4508dd7,0,expected_sarsa,recoverable,0.7,1,100000,100000,0,shelter,2,0
recoverable_risky_corridor-expected_sarsa-s0-1f722b89ddfd,0,expected_sarsa,recoverable,0.81,0.25,25000,25000,0,corridor,1,1
recoverable_risky_corridor-expected_sarsa-s0-1f722b89ddfd,0,expected_sarsa,recoverable,0.81,0.5,50000,50000,0,shelter,2,0
recoverable_risky_corridor-expected_sarsa-s0-1f722b89ddfd,0,expected_sarsa,recoverable,0.81,0.75,75000,75000,0,shelter,2,0
recoverable_risky_corridor-expected_sarsa-s0-1f722b89ddfd,0,expected_sarsa,recoverable,0.81,1,100000,100000,0,shelter,2,0
recoverable_risky_corridor-expected_sarsa-s0-241fdb704c21,0,expected_sarsa,recoverable,0.6,0.25,25000,25000,0,corridor,1,1
recoverable_risky_corridor-expected_sarsa-s0-241fdb704c21,0,expected_sarsa,recoverable,0.6,0.5,50000,50000,0,shelter,2,0
recoverable_risky_corridor-expected_sarsa-s0-241fdb704c21,0,expected_sarsa,recoverable,0.6,0.75,75000,75000,0,shelter,2,0
recoverable_risky_corridor-expected_sarsa-s0-241fdb704c21,0,expected_sarsa,recoverable,0.6,1,100000,100000,0,shelter,2,0
recoverable_risky_corridor-expected_sarsa-s0-3858e5a5f44c,0,expected_sarsa,recoverable,0.855,0.25,25000,25000,0,shelter,2,0
recoverable_risky_corridor-expected_sarsa-s0-3858e5a5f44c,0,expected_sarsa,recoverable,0.855,0.5,50000,50000,0,shelter,2,0
recoverable_risky_corridor-expected_sarsa-s0-3858e5a5f44c,0,expected_sarsa,recoverable,0.855,0.75,75000,75000,0,corridor,1,1
recoverable_risky_corridor-expected_sarsa-s0-3858e5a5f44c,0,expected_sarsa,recoverable,0.855,1,100000,100000,0,shelter,2,0
recoverable_risky_corridor-expected_sarsa-s0-3b68f71cb072,0,expected_sarsa,recoverable,0.86,0.25,25000,25000,0,corridor,1,1
recoverable_risky_corridor-expected_sarsa-s0-3b68f71cb072,0,expected_sarsa,recoverable,0.86,0.5,50000,50000,0,corridor,1,1
recoverable_risky_corridor-expected_sarsa-s0-3b68f71cb072,0,expected_sarsa,recoverable,0.86,0.75,75000,75000,0,corridor,1,1
recoverable_risky_corridor-expected_sarsa-s0-3b68f71cb072,0,expected_sarsa,recoverable,0.86,1,100000,100000,0,corridor,1,1
recoverable_risky_corridor-expected_sarsa-s0-4379856877f5,0,expected_sarsa,recoverable,0.78,0.25,25000,25000,0,shelter,2,0
recoverable_risky_corridor-expected_sarsa-s0-4379856877f5,0,expected_sarsa,recoverable,0.78,0.5,50000,50000,0,shelter,2,0
recoverable_risky_corridor-expected_sarsa-s0-4379856877f5,0,expected_sarsa,recoverable,0.78,0.75,75000,75000,0,shelter,2,0
recoverable_risky_corridor-expected_sarsa-s0-4379856877f5,0,expected_sarsa,recoverable,0.78,1,100000,100000,0,shelter,2,0
recoverable_risky_corridor-expected_sarsa-s0-4ad10ee12367,0,expected_sarsa,recoverable,0.845,0.25,25000,25000,0,corridor,1,1
recoverable_risky_corridor-expected_sarsa-s0-4ad10ee12367,0,expected_sarsa,recoverable,0.845,0.5,50000,50000,0,shelter,2,0
recoverable_risky_corridor-expected_sarsa-s0-4ad10ee12367,0,expected_sarsa,recoverable,0.845,0.75,75000,75000,0,shelter,2,0
recoverable_risky_corridor-expected_sarsa-s0-4ad10ee12367,0,expected_sarsa,recoverable,0.845,1,100000,100000,0,shelter,2,0
recoverable_risky_corridor-expected_sarsa-s0-8429b4b363fd,0,expected_sarsa,recoverable,0.825,0.25,25000,25000,0,corridor,1,1
recoverable_risky_corridor-expected_sarsa-s0-8429b4b363fd,0,expected_sarsa,recoverable,0.825,0.5,50000,50000,0,corridor,1,1
recoverable_risky_corridor-expected_sarsa-s0-8429b4b363fd,0,expected_sarsa,recoverable,0.825,0.75,75000,75000,0,shelter,2,0
recoverable_risky_corridor-expected_sarsa-s0-8429b4b363fd,0,expected_sarsa,recoverable,0.825,1,100000,100000,0,shelter,2,0
recoverable_risky_corridor-expected_sarsa-s0-9d471ab34df9,0,expected_sarsa,recoverable,0.79,0.25,25000,25000,0,corridor,1,1
recoverable_risky_corridor-expected_sarsa-s0-9d471ab34df9,0,expected_sarsa,recoverable,0.79,0.5,50000,50000,0,shelter,2,0
recoverable_risky_corridor-expected_sarsa-s0-9d471ab34df9,0,expected_sarsa,recoverable,0.79,0.75,75000,75000,0,shelter,2,0
recoverable_risky_corridor-expected_sarsa-s0-9d471ab34df9,0,expected_sarsa,recoverable,0.79,1,100000,100000,0,shelter,2,0
recoverable_risky_corridor-expected_sarsa-s0-9fd2fab535ee,0,expected_sarsa,recoverable,0.85,0.25,25000,25000,0,corridor,1,1
recoverable_risky_corridor-expected_sarsa-s0-9fd2fab535ee,0,expected_sarsa,recoverable,0.85,0.5,50000,50000,0,shelter,2,0
recoverable_risky_corridor-expected_sarsa-s0-9fd2fab535ee,0,expected_sarsa,recoverable,0.85,0.75,75000,75000,0,shelter,2,0
recoverable_risky_corridor-expected_sarsa-s0-9fd2fab535ee,0,expected_sarsa,recoverable,0.85,1,100000,100000,0,corridor,1,1
recoverable_risky_corridor-expected_sarsa-s0-a025880180f4,0,expected_sarsa,recoverable,0.8,0.25,25000,25000,0,other,3,0
recoverable_risky_corridor-expected_sarsa-s0-a025880180f4,0,expected_sarsa,recoverable,0.8,0.5,50000,50000,0,shelter,2,0
recoverable_risky_corridor-expected_sarsa-s0-a025880180f4,0,expected_sarsa,recoverable,0.8,0.75,75000,75000,0,shelter,2,0
recoverable_risky_corridor-expected_sarsa-s0-a025880180f4,0,expected_sarsa,recoverable,0.8,1,100000,100000,0,shelter,2,0
recoverable_risky_corridor-expected_sarsa-s0-e2c83302ba54,0,expected_sarsa,recoverable,0.805,0.25,25000,25000,0,other,0,0
recoverable_risky_corridor-expected_sarsa-s0-e2c83302ba54,0,expected_sarsa,recoverable,0.805,0.5,50000,50000,0,shelter,2,0
recoverable_risky_corridor-expected_sarsa-s0-e2c83302ba54,0,expected_sarsa,recoverable,0.805,0.75,75000,75000,0,shelter,2,0
recoverable_risky_corridor-expected_sarsa-s0-e2c83302ba54,0,expected_sarsa,recoverable,0.805,1,100000,100000,0,shelter,2,0
recoverable_risky_corridor-expected_sarsa-s0-ee4825fbb619,0,expected_sarsa,recoverable,0.88,0.25,25000,25000,0,corridor,1,1
recoverable_risky_corridor-expected_sarsa-s0-ee4825fbb619,0,expected_sarsa,recoverable,0.88,0.5,50000,50000,0,corridor,1,1
recoverable_risky_corridor-expected_sarsa-s0-ee4825fbb619,0,expected_sarsa,recoverable,0.88,0.75,75000,75000,0,shelter,2,0
recoverable_risky_corridor-expected_sarsa-s0-ee4825fbb619,0,expected_sarsa,recoverable,0.88,1,100000,100000,0,corridor,1,1
recoverable_risky_corridor-expected_sarsa-s0-f87bb167fd6f,0,expected_sarsa,recoverable,0.9,0.25,25000,25000,0,corridor,1,1
recoverable_risky_corridor-expected_sarsa-s0-f87bb167fd6f,0,expected_sarsa,recoverable,0.9,0.5,50000,50000,0,corridor,1,1
recoverable_risky_corridor-expected_sarsa-s0-f87bb167fd6f,0,expected_sarsa,recoverable,0.9,0.75,75000,75000,0,corridor,1,1
recoverable_risky_corridor-expected_sarsa-s0-f87bb167fd6f,0,expected_sarsa,recoverable,0.9,1,100000,100000,0,corridor,1,1
recoverable_risky_corridor-expected_sarsa-s1-0adcaff12266,1,expected_sarsa,recoverable,0.86,0.25,25000,25000,0,corridor,1,1
recoverable_risky_corridor-expected_sarsa-s1-0adcaff12266,1,expected_sarsa,recoverable,0.86,0.5,50000,50000,0,corridor,1,1
recoverable_risky_corridor-expected_sarsa-s1-0adcaff12266,1,expected_sarsa,recoverable,0.86,0.75,75000,75000,0,shelter,2,0
recoverable_risky_corridor-expected_sarsa-s1-0adcaff12266,1,expected_sarsa,recoverable,0.86,1,100000,100000,0,corridor,1,1
recoverable_risky_corridor-expected_sarsa-s1-0be786c34f00,1,expected_sarsa,recoverable,0.835,0.25,25000,25000,0,shelter,2,0
recoverable_risky_corridor-expected_sarsa-s1-0be786c34f00,1,expected_sarsa,recoverable,0.835,0.5,50000,50000,0,corridor,1,1
recoverable_risky_corridor-expected_sarsa-s1-0be786c34f00,1,expected_sarsa,recoverable,0.835,0.75,75000,75000,0,shelter,2,0
recoverable_risky_corridor-expected_sarsa-s1-0be786c34f00,1,expected_sarsa,recoverable,0.835,1,100000,100000,0,shelter,2,0
recoverable_risky_corridor-expected_sarsa-s1-15dc31fe3977,1,expected_sarsa,recoverable,0.825,0.25,25000,25000,0,corridor,1,1
recoverable_risky_corridor-expected_sarsa-s1-15dc31fe3977,1,expected_sarsa,recoverable,0.825,0.5,50000,50000,0,shelter,2,0
recoverable_risky_corridor-expected_sarsa-s1-15dc31fe3977,1,expected_sarsa,recoverable,0.825,0.75,75000,75000,0,shelter,2,0
recoverable_risky_corridor-expected_sarsa-s1-15dc31fe3977,1,expected_sarsa,recoverable,0.825,1,100000,100000,0,shelter,2,0
recoverable_risky_corridor-expected_sarsa-s1-1fa87ce5c9b4,1,expected_sarsa,recoverable,0.84,0.25,25000,25000,0,corridor,1,1
recoverable_risky_corridor-expected_sarsa-s1-1fa87ce5c9b4,1,expected_sarsa,recoverable,0.84,0.5,50000,50000,0,corridor,1,1
recoverable_risky_corridor-expected_sarsa-s1-1fa87ce5c9b4,1,expected_sarsa,recoverable,0.84,0.75,75000,75000,0,shelter,2,0
recoverable_risky_corridor-expected_sarsa-s1-1fa87ce5c9b4,1,expected_sarsa,recoverable,0.84,1,100000,100000,0,shelter,2,0
recoverable_risky_corridor-expected_sarsa-s1-53a7564d10ff,1,expected_sarsa,recoverable,0.855,0.25,25000,25000,0,corridor,1,1
recoverable_risky_corridor-expected_sarsa-s1-53a7564d10ff,1,expected_sarsa,recoverable,0.855,0.5,50000,50000,0,corridor,1,1
recoverable_risky_corridor-expected_sarsa-s1-53a7564d10ff,1,expected_sarsa,recoverable,0.855,0.75,75000,75000,0,shelter,2,0
recoverable_risky_corridor-expected_sarsa-s1-53a7564d10ff,1,expected_sarsa,recoverable,0.855,1,100000,100000,0,corridor,1,1
recoverable_risky_corridor-expected_sarsa-s1-6b66591a7ff1,1,expected_sarsa,recoverable,0.9,0.25,25000,25000,0,shelter,2,0
recoverable_risky_corridor-expected_sarsa-s1-6b66591a7ff1,1,expected_sarsa,recoverable,0.9,0.5,50000,50000,0,corridor,1,1
recoverable_risky_corridor-expected_sarsa-s1-6b66591a7ff1,1,expected_sarsa,recoverable,0.9,0.75,75000,75000,0,corridor,1,1
recoverable_risky_corridor-expected_sarsa-s1-6b66591a7ff1,1,expected_sarsa,recoverable,0.9,1,100000,100000,0,corridor,1,1
recoverable_risky_corridor-expected_sarsa-s1-6decaf0f5add,1,expected_sarsa,recoverable,0.7,0.25,25000,25000,0,shelter,2,0
recoverable_risky_corridor-expected_sarsa-s1-6decaf0f5add,1,expected_sarsa,recoverable,0.7,0.5,50000,50000,0,shelter,2,0
recoverable_risky_corridor-expected_sarsa-s1-6decaf0f5add,1,expected_sarsa,recoverable,0.7,0.75,75000,75000,0,shelter,2,0
recoverable_risky_corridor-expected_sarsa-s1-6decaf0f5add,1,expected_sarsa,recoverable,0.7,1,100000,100000,0,shelter,2,0
recoverable_risky_corridor-expected_sarsa-s1-7ce9937e85f3,1,expected_sarsa,recoverable,1,0.25,25000,25000,0,corridor,1,1
recoverable_risky_corridor-expected_sarsa-s1-7ce9937e85f3,1,expected_sarsa,recoverable,1,0.5,50000,50000,0,corridor,1,1
recoverable_risky_corridor-expected_sarsa-s1-7ce9937e85f3,1,expected_sarsa,recoverable,1,0.75,75000,75000,0,corridor,1,1
recoverable_risky_corridor-expected_sarsa-s1-7ce9937e85f3,1,expected_sarsa,recoverable,1,1,100000,100000,0,corridor,1,1
recoverable_risky_corridor-expected_sarsa-s1-889f8934bce3,1,expected_sarsa,recoverable,0.79,0.25,25000,25000,0,corridor,1,1
recoverable_risky_corridor-expected_sarsa-s1-889f8934bce3,1,expected_sarsa,recoverable,0.79,0.5,50000,50000,0,shelter,2,0
recoverable_risky_corridor-expected_sarsa-s1-889f8934bce3,1,expected_sarsa,recoverable,0.79,0.75,75000,75000,0,shelter,2,0
recoverable_risky_corridor-expected_sarsa-s1-889f8934bce3,1,expected_sarsa,recoverable,0.79,1,100000,100000,0,shelter,2,0
recoverable_risky_corridor-expected_sarsa-s1-901337f14800,1,expected_sarsa,recoverable,0.88,0.25,25000,25000,0,corridor,1,1
recoverable_risky_corridor-expected_sarsa-s1-901337f14800,1,expected_sarsa,recoverable,0.88,0.5,50000,50000,0,shelter,2,0
recoverable_risky_corridor-expected_sarsa-s1-901337f14800,1,expected_sarsa,recoverable,0.88,0.75,75000,75000,0,corridor,1,1
recoverable_risky_corridor-expected_sarsa-s1-901337f14800,1,expected_sarsa,recoverable,0.88,1,100000,100000,0,corridor,1,1
recoverable_risky_corridor-expected_sarsa-s1-b169117bd391,1,expected_sarsa,recoverable,0.85,0.25,25000,25000,0,corridor,1,1
recoverable_risky_corridor-expected_sarsa-s1-b169117bd391,1,expected_sarsa,recoverable,0.85,0.5,50000,50000,0,shelter,2,0
recoverable_risky_corridor-expected_sarsa-s1-b169117bd391,1,expected_sarsa,recoverable,0.85,0.75,75000,75000,0,shelter,2,0
recoverable_risky_corridor-expected_sarsa-s1-b169117bd391,1,expected_sarsa,recoverable,0.85,1,100000,100000,0,corridor,1,1
recoverable_risky_corridor-expected_sarsa-s1-b183f37472c4,1,expected_sarsa,recoverable,0.845,0.25,25000,25000,0,corridor,1,1
recoverable_risky_corridor-expected_sarsa-s1-b183f37472c4,1,expected_sarsa,recoverable,0.845,0.5,50000,50000,0,corridor,1,1
recoverable_risky_corridor-expected_sarsa-s1-b183f37472c4,1,expected_sarsa,recoverable,0.845,0.75,75000,75000,0,shelter,2,0
recoverable_risky_corridor-expected_sarsa-s1-b183f37472c4,1,expected_sarsa,recoverable,0.845,1,100000,100000,0,shelter,2,0
recoverable_risky_corridor-expected_sarsa-s1-b45fbd851b9d,1,expected_sarsa,recoverable,0.8,0.25,25000,25000,0,corridor,1,1
recoverable_risky_corridor-expected_sarsa-s1-b45fbd851b9d,1,expected_sarsa,recoverable,0.8,0.5,50000,50000,0,shelter,2,0
recoverable_risky_corridor-expected_sarsa-s1-b45fbd851b9d,1,expected_sarsa,recoverable,0.8,0.75,75000,75000,0,shelter,2,0
recoverable_risky_corridor-expected_sarsa-s1-b45fbd851b9d,1,expected_sarsa,recoverable,0.8,1,100000,100000,0,shelter,2,0
recoverable_risky_corridor-expected_sarsa-s1-c3e5168b6c54,1,expected_sarsa,recoverable,0.78,0.25,25000,25000,0,corridor,1,1
recoverable_risky_corridor-expected_sarsa-s1-c3e5168b6c54,1,expected_sarsa,recoverable,0.78,0.5,50000,50000,0,shelter,2,0
recoverable_risky_corridor-expected_sarsa-s1-c3e5168b6c54,1,expected_sarsa,recoverable,0.78,0.75,75000,75000,0,shelter,2,0
recoverable_risky_corridor-expected_sarsa-s1-c3e5168b6c54,1,expected_sarsa,recoverable,0.78,1,100000,100000,0,shelter,2,0
recoverable_risky_corridor-expected_sarsa-s1-c402c0afb210,1,expected_sarsa,recoverable,0.81,0.25,25000,25000,0,corridor,1,1
recoverable_risky_corridor-expected_sarsa-s1-c402c0afb210,1,expected_sarsa,recoverable,0.81,0.5,50000,50000,0,shelter,2,0
recoverable_risky_corridor-expected_sarsa-s1-c402c0afb210,1,expected_sarsa,recoverable,0.81,0.75,75000,75000,0,shelter,2,0
recoverable_risky_corridor-expected_sarsa-s1-c402c0afb210,1,expected_sarsa,recoverable,0.81,1,100000,100000,0,shelter,2,0
recoverable_risky_corridor-expected_sarsa-s1-ceaa5d22b743,1,expected_sarsa,recoverable,0.805,0.25,25000,25000,0,shelter,2,0
recoverable_risky_corridor-expected_sarsa-s1-ceaa5d22b743,1,expected_sarsa,recoverable,0.805,0.5,50000,50000,0,shelter,2,0
recoverable_risky_corridor-expected_sarsa-s1-ceaa5d22b743,1,expected_sarsa,recoverable,0.805,0.75,75000,75000,0,shelter,2,0
recoverable_risky_corridor-expected_sarsa-s1-ceaa5d22b743,1,expected_sarsa,recoverable,0.805,1,100000,100000,0,shelter,2,0
recoverable_risky_corridor-expected_sarsa-s1-dd55933e1d43,1,expected_sarsa,recoverable,0.6,0.25,25000,25000,0,corridor,1,1
recoverable_risky_corridor-expected_sarsa-s1-dd55933e1d43,1,expected_sarsa,recoverable,0.6,0.5,50000,50000,0,shelter,2,0
recoverable_risky_corridor-expected_sarsa-s1-dd55933e1d43,1,expected_sarsa,recoverable,0.6,0.75,75000,75000,0,shelter,2,0
recoverable_risky_corridor-expected_sarsa-s1-dd55933e1d43,1,expected_sarsa,recoverable,0.6,1,100000,100000,0,shelter,2,0
recoverable_risky_corridor-expected_sarsa-s1-ff7e7ba2d98e,1,expected_sarsa,recoverable,0.82,0.25,25000,25000,0,corridor,1,1
recoverable_risky_corridor-expected_sarsa-s1-ff7e7ba2d98e,1,expected_sarsa,recoverable,0.82,0.5,50000,50000,0,shelter,2,0
recoverable_risky_corridor-expected_sarsa-s1-ff7e7ba2d98e,1,expected_sarsa,recoverable,0.82,0.75,75000,75000,0,shelter,2,0
recoverable_risky_corridor-expected_sarsa-s1-ff7e7ba2d98e,1,expected_sarsa,recoverable,0.82,1,100000,100000,0,shelter,2,0
recoverable_risky_corridor-expected_sarsa-s10-0408482e7451,10,expected_sarsa,recoverable,0.79,0.25,25000,25000,0,shelter,2,0
recoverable_risky_corridor-expected_sarsa-s10-0408482e7451,10,expected_sarsa,recoverable,0.79,0.5,50000,50000,0,shelter,2,0
recoverable_risky_corridor-expected_sarsa-s10-0408482e7451,10,expected_sarsa,recoverable,0.79,0.75,75000,75000,0,shelter,2,0
recoverable_risky_corridor-expected_sarsa-s10-0408482e7451,10,expected_sarsa,recoverable,0.79,1,100000,100000,0,shelter,2,0
recoverable_risky_corridor-expected_sarsa-s10-11ac2cd3f90a,10,expected_sarsa,recoverable,1,0.25,25000,25000,0,corridor,1,1
recoverable_risky_corridor-expected_sarsa-s10-11ac2cd3f90a,10,expected_sarsa,recoverable,1,0.5,50000,50000,0,corridor,1,1
recoverable_risky_corridor-expected_sarsa-s10-11ac2cd3f90a,10,expected_sarsa,recoverable,1,0.75,75000,75000,0,corridor,1,1
recoverable_risky_corridor-expected_sarsa-s10-11ac2cd3f90a,10,expected_sarsa,recoverable,1,1,100000,100000,0,corridor,1,1
recoverable_risky_corridor-expected_sarsa-s10-17e2e827e47f,10,expected_sarsa,recoverable,0.85,0.25,25000,25000,0,corridor,1,1
recoverable_risky_corridor-expected_sarsa-s10-17e2e827e47f,10,expected_sarsa,recoverable,0.85,0.5,50000,50000,0,shelter,2,0
recoverable_risky_corridor-expected_sarsa-s10-17e2e827e47f,10,expected_sarsa,recoverable,0.85,0.75,75000,75000,0,corridor,1,1
recoverable_risky_corridor-expected_sarsa-s10-17e2e827e47f,10,expected_sarsa,recoverable,0.85,1,100000,100000,0,shelter,2,0
recoverable_risky_corridor-expected_sarsa-s10-353a7e627767,10,expected_sarsa,recoverable,0.845,0.25,25000,25000,0,corridor,1,1
recoverable_risky_corridor-expected_sarsa-s10-353a7e627767,10,expected_sarsa,recoverable,0.845,0.5,50000,50000,0,shelter,2,0
recoverable_risky_corridor-expected_sarsa-s10-353a7e627767,10,expected_sarsa,recoverable,0.845,0.75,75000,75000,0,corridor,1,1
recoverable_risky_corridor-expected_sarsa-s10-353a7e627767,10,expected_sarsa,recoverable,0.845,1,100000,100000,0,shelter,2,0
recoverable_risky_corridor-expected_sarsa-s10-3aa16c92b36b,10,expected_sarsa,recoverable,0.81,0.25,25000,25000,0,corridor,1,1
recoverable_risky_corridor-expected_sarsa-s10-3aa16c92b36b,10,expected_sarsa,recoverable,0.81,0.5,50000,50000,0,shelter,2,0
recoverable_risky_corridor-expected_sarsa-s10-3aa16c92b36b,10,expected_sarsa,recoverable,0.81,0.75,75000,75000,0,shelter,2,0
recoverable_risky_corridor-expected_sarsa-s10-3aa16c92b36b,10,expected_sarsa,recoverable,0.81,1,100000,100000,0,shelter,2,0
recoverable_risky_corridor-expected_sarsa-s10-8f7ec3983b56,10,expected_sarsa,recoverable,0.825,0.25,25000,25000,0,corridor,1,1
recoverable_risky_corridor-expected_sarsa-s10-8f7ec3983b56,10,expected_sarsa,recoverable,0.825,0.5,50000,50000,0,shelter,2,0
recoverable_risky_corridor-expected_sarsa-s10-8f7ec3983b56,10,expected_sarsa,recoverable,0.825,0.75,75000,75000,0,shelter,2,0
recoverable_risky_corridor-expected_sarsa-s10-8f7ec3983b56,10,expected_sarsa,recoverable,0.825,1,100000,100000,0,shelter,2,0
recoverable_risky_corridor-expected_sarsa-s10-991c5e1f3e4b,10,expected_sarsa,recoverable,0.805,0.25,25000,25000,0,shelter,2,0
recoverable_risky_corridor-expected_sarsa-s10-991c5e1f3e4b,10,expected_sarsa,recoverable,0.805,0.5,50000,50000,0,shelter,2,0
recoverable_risky_corridor-expected_sarsa-s10-991c5e1f3e4b,10,expected_sarsa,recoverable,0.805,0.75,75000,75000,0,shelter,2,0
recoverable_risky_corridor-expected_sarsa-s10-991c5e1f3e4b,10,expected_sarsa,recoverable,0.805,1,100000,100000,0,shelter,2,0
recoverable_risky_corridor-expected_sarsa-s10-993cb05504a4,10,expected_sarsa,recoverable,0.8,0.25,25000,25000,0,corridor,1,1
recoverable_risky_corridor-expected_sarsa-s10-993cb05504a4,10,expected_sarsa,recoverable,0.8,0.5,50000,50000,0,shelter,2,0
recoverable_risky_corridor-expected_sarsa-s10-993cb05504a4,10,expected_sarsa,recoverable,0.8,0.75,75000,75000,0,shelter,2,0
recoverable_risky_corridor-expected_sarsa-s10-993cb05504a4,10,expected_sarsa,recoverable,0.8,1,100000,100000,0,shelter,2,0
recoverable_risky_corridor-expected_sarsa-s10-9ae5f813290f,10,expected_sarsa,recoverable,0.855,0.25,25000,25000,0,corridor,1,1
recoverable_risky_corridor-expected_sarsa-s10-9ae5f813290f,10,expected_sarsa,recoverable,0.855,0.5,50000,50000,0,shelter,2,0
recoverable_risky_corridor-expected_sarsa-s10-9ae5f813290f,10,expected_sarsa,recoverable,0.855,0.75,75000,75000,0,corridor,1,1
recoverable_risky_corridor-expected_sarsa-s10-9ae5f813290f,10,expected_sarsa,recoverable,0.855,1,100000,100000,0,shelter,2,0
recoverable_risky_corridor-expected_sarsa-s10-a0b59650c3e1,10,expected_sarsa,recoverable,0.9,0.25,25000,25000,0,corridor,1,1
recoverable_risky_corridor-expected_sarsa-s10-a0b59650c3e1,10,expected_sarsa,recoverable,0.9,0.5,50000,50000,0,corridor,1,1
recoverable_risky_corridor-expected_sarsa-s10-a0b59650c3e1,10,expected_sarsa,recoverable,0.9,0.75,75000,75000,0,corridor,1,1
recoverable_risky_corridor-expected_sarsa-s10-a0b59650c3e1,10,expected_sarsa,recoverable,0.9,1,100000,100000,0,corridor,1,1
recoverable_risky_corridor-expected_sarsa-s10-a10222716505,10,expected_sarsa,recoverable,0.6,0.25,25000,25000,0,shelter,2,0
recoverable_risky_corridor-expected_sarsa-s10-a10222716505,10,expected_sarsa,recoverable,0.6,0.5,50000,50000,0,shelter,2,0
recoverable_risky_corridor-expected_sarsa-s10-a10222716505,10,expected_sarsa,recoverable,0.6,0.75,75000,75000,0,shelter,2,0
recoverable_risky_corridor-expected_sarsa-s10-a10222716505,10,expected_sarsa,recoverable,0.6,1,100000,100000,0,shelter,2,0
recoverable_risky_corridor-expected_sarsa-s10-b2a5b94230da,10,expected_sarsa,recoverable,0.78,0.25,25000,25000,0,corridor,1,1
recoverable_risky_corridor-expected_sarsa-s10-b2a5b94230da,10,expected_sarsa,recoverable,0.78,0.5,50000,50000,0,shelter,2,0
recoverable_risky_corridor-expected_sarsa-s10-b2a5b94230da,10,expected_sarsa,recoverable,0.78,0.75,75000,75000,0,shelter,2,0
recoverable_risky_corridor-expected_sarsa-s10-b2a5b94230da,10,expected_sarsa,recoverable,0.78,1,100000,100000,0,shelter,2,0
recoverable_risky_corridor-expected_sarsa-s10-b95814116d46,10,expected_sarsa,recoverable,0.7,0.25,25000,25000,0,shelter,2,0
recoverable_risky_corridor-expected_sarsa-s10-b95814116d46,10,expected_sarsa,recoverable,0.7,0.5,50000,50000,0,shelter,2,0
recoverable_risky_corridor-expected_sarsa-s10-b95814116d46,10,expected_sarsa,recoverable,0.7,0.75,75000,75000,0,shelter,2,0
recoverable_risky_corridor-expected_sarsa-s10-b95814116d46,10,expected_sarsa,recoverable,0.7,1,100000,100000,0,shelter,2,0
recoverable_risky_corridor-expected_sarsa-s10-c94ad2d26191,10,expected_sarsa,recoverable,0.88,0.25,25000,25000,0,corridor,1,1
recoverable_risky_corridor-expected_sarsa-s10-c94ad2d26191,10,expected_sarsa,recoverable,0.88,0.5,50000,50000,0,corridor,1,1
recoverable_risky_corridor-expected_sarsa-s10-c94ad2d26191,10,expected_sarsa,recoverable,0.88,0.75,75000,75000,0,corridor,1,1
recoverable_risky_corridor-expected_sarsa-s10-c94ad2d26191,10,expected_sarsa,recoverable,0.88,1,100000,100000,0,corridor,1,1
recoverable_risky_corridor-expected_sarsa-s10-df6b082966b8,10,expected_sarsa,recoverable,0.82,0.25,25000,25000,0,corridor,1,1
recoverable_risky_corridor-expected_sarsa-s10-df6b082966b8,10,expected_sarsa,recoverable,0.82,0.5,50000,50000,0,shelter,2,0
recoverable_risky_corridor-expected_sarsa-s10-df6b082966b8,10,expected_sarsa,recoverable,0.82,0.75,75000,75000,0,shelter,2,0
recoverable_risky_corridor-expected_sarsa-s10-df6b082966b8,10,expected_sarsa,recoverable,0.82,1,100000,100000,0,shelter,2,0
recoverable_risky_corridor-expected_sarsa-s10-f1c00e7a024e,10,expected_sarsa,recoverable,0.84,0.25,25000,25000,0,corridor,1,1
recoverable_risky_corridor-expected_sarsa-s10-f1c00e7a024e,10,expected_sarsa,recoverable,0.84,0.5,50000,50000,0,shelter,2,0
recoverable_risky_corridor-expected_sarsa-s10-f1c00e7a024e,10,expected_sarsa,recoverable,0.84,0.75,75000,75000,0,corridor,1,1
recoverable_risky_corridor-expected_sarsa-s10-f1c00e7a024e,10,expected_sarsa,recoverable,0.84,1,100000,100000,0,shelter,2,0
recoverable_risky_corridor-expected_sarsa-s10-f42112e38955,10,expected_sarsa,recoverable,0.86,0.25,25000,25000,0,corridor,1,1
recoverable_risky_corridor-expected_sarsa-s10-f42112e38955,10,expected_sarsa,recoverable,0.86,0.5,50000,50000,0,shelter,2,0
recoverable_risky_corridor-expected_sarsa-s10-f42112e38955,10,expected_sarsa,recoverable,0.86,0.75,75000,75000,0,shelter,2,0
recoverable_risky_corridor-expected_sarsa-s10-f42112e38955,10,expected_sarsa,recoverable,0.86,1,100000,100000,0,corridor,1,1
recoverable_risky_corridor-expected_sarsa-s10-fd590462df2b,10,expected_sarsa,recoverable,0.835,0.25,25000,25000,0,corridor,1,1
recoverable_risky_corridor-expected_sarsa-s10-fd590462df2b,10,expected_sarsa,recoverable,0.835,0.5,50000,50000,0,shelter,2,0
recoverable_risky_corridor-expected_sarsa-s10-fd590462df2b,10,expected_sarsa,recoverable,0.835,0.75,75000,75000,0,shelter,2,0
recoverable_risky_corridor-expected_sarsa-s10-fd590462df2b,10,expected_sarsa,recoverable,0.835,1,100000,100000,0,shelter,2,0
recoverable_risky_corridor-expected_sarsa-s11-262a051ff107,11,expected_sarsa,recoverable,0.9,0.25,25000,25000,0,corridor,1,1
recoverable_risky_corridor-expected_sarsa-s11-262a051ff107,11,expected_sarsa,recoverable,0.9,0.5,50000,50000,0,corridor,1,1
recoverable_risky_corridor-expected_sarsa-s11-262a051ff107,11,expected_sarsa,recoverable,0.9,0.75,75000,75000,0,corridor,1,1
recoverable_risky_corridor-expected_sarsa-s11-262a051ff107,11,expected_sarsa,recoverable,0.9,1,100000,100000,0,corridor,1,1
recoverable_risky_corridor-expected_sarsa-s11-2ebcce49c5c1,11,expected_sarsa,recoverable,0.81,0.25,25000,25000,0,shelter,2,0
recoverable_risky_corridor-expected_sarsa-s11-2ebcce49c5c1,11,expected_sarsa,recoverable,0.81,0.5,50000,50000,0,shelter,2,0
recoverable_risky_corridor-expected_sarsa-s11-2ebcce49c5c1,11,expected_sarsa,recoverable,0.81,0.75,75000,75000,0,shelter,2,0
recoverable_risky_corridor-expected_sarsa-s11-2ebcce49c5c1,11,expected_sarsa,recoverable,0.81,1,100000,100000,0,shelter,2,0
recoverable_risky_corridor-expected_sarsa-s11-311809940c8f,11,expected_sarsa,recoverable,0.7,0.25,25000,25000,0,shelter,2,0
recoverable_risky_corridor-expected_sarsa-s11-311809940c8f,11,expected_sarsa,recoverable,0.7,0.5,50000,50000,0,shelter,2,0
recoverable_risky_corridor-expected_sarsa-s11-311809940c8f,11,expected_sarsa,recoverable,0.7,0.75,75000,75000,0,shelter,2,0
recoverable_risky_corridor-expected_sarsa-s11-311809940c8f,11,expected_sarsa,recoverable,0.7,1,100000,100000,0,shelter,2,0
recoverable_risky_corridor-expected_sarsa-s11-4070fad50ac8,11,expected_sarsa,recoverable,0.845,0.25,25000,25000,0,corridor,1,1
recoverable_risky_corridor-expected_sarsa-s11-4070fad50ac8,11,expected_sarsa,recoverable,0.845,0.5,50000,50000,0,shelter,2,0
recoverable_risky_corridor-expected_sarsa-s11-4070fad50ac8,11,expected_sarsa,recoverable,0.845,0.75,75000,75000,0,corridor,1,1
recoverable_risky_corridor-expected_sarsa-s11-4070fad50ac8,11,expected_sarsa,recoverable,0.845,1,100000,100000,0,shelter,2,0
recoverable_risky_corridor-expected_sarsa-s11-455aecd1f67e,11,expected_sarsa,recoverable,0.85,0.25,25000,25000,0,corridor,1,1
recoverable_risky_corridor-expected_sarsa-s11-455aecd1f67e,11,expected_sarsa,recoverable,0.85,0.5,50000,50000,0,corridor,1,1
recoverable_risky_corridor-expected_sarsa-s11-455aecd1f67e,11,expected_sarsa,recoverable,0.85,0.75,75000,75000,0,corridor,1,1
recoverable_risky_corridor-expected_sarsa-s11-455aecd1f67e,11,expected_sarsa,recoverable,0.85,1,100000,100000,0,shelter,2,0
recoverable_risky_corridor-expected_sarsa-s11-62a43e8eac18,11,expected_sarsa,recoverable,0.82,0.25,25000,25000,0,corridor,1,1
recoverable_risky_corridor-expected_sarsa-s11-62a43e8eac18,11,expected_sarsa,recoverable,0.82,0.5,50000,50000,0,corridor,1,1
recoverable_risky_corridor-expected_sarsa-s11-62a43e8eac18,11,expected_sarsa,recoverable,0.82,0.75,75000,75000,0,shelter,2,0
recoverable_risky_corridor-expected_sarsa-s11-62a43e8eac18,11,expected_sarsa,recoverable,0.82,1,100000,100000,0,shelter,2,0
recoverable_risky_corridor-expected_sarsa-s11-6c3e23ab1aaf,11,expected_sarsa,recoverable,1,0.25,25000,25000,0,corridor,1,1
recoverable_risky_corridor-expected_sarsa-s11-6c3e23ab1aaf,11,expected_sarsa,recoverable,1,0.5,50000,50000,0,corridor,1,1
recoverable_risky_corridor-expected_sarsa-s11-6c3e23ab1aaf,11,expected_sarsa,recoverable,1,0.75,75000,75000,0,corridor,1,1
recoverable_risky_corridor-expected_sarsa-s11-6c3e23ab1aaf,11,expected_sarsa,recoverable,1,1,100000,100000,0,corridor,1,1
recoverable_risky_corridor-expected_sarsa-s11-7a7d0a0eacf1,11,expected_sarsa,recoverable,0.86,0.25,25000,25000,0,corridor,1,1
recoverable_risky_corridor-expected_sarsa-s11-7a7d0a0eacf1,11,expected_sarsa,recoverable,0.86,0.5,50000,50000,0,shelter,2,0
recoverable_risky_corridor-expected_sarsa-s11-7a7d0a0eacf1,11,expected_sarsa,recoverable,0.86,0.75,75000,75000,0,corridor,1,1
recoverable_risky_corridor-expected_sarsa-s11-7a7d0a0eacf1,11,expected_sarsa,recoverable,0.86,1,100000,100000,0,corridor,1,1
recoverable_risky_corridor-expected_sarsa-s11-9430e2e17bfc,11,expected_sarsa,recoverable,0.835,0.25,25000,25000,0,corridor,1,1
recoverable_risky_corridor-expected_sarsa-s11-9430e2e17bfc,11,expected_sarsa,recoverable,0.835,0.5,50000,50000,0,corridor,1,1
recoverable_risky_corridor-expected_sarsa-s11-9430e2e17bfc,11,expected_sarsa,recoverable,0.835,0.75,75000,75000,0,corridor,1,1
recoverable_risky_corridor-expected_sarsa-s11-9430e2e17bfc,11,expected_sarsa,recoverable,0.835,1,100000,100000,0,corridor,1,1
recoverable_risky_corridor-expected_sarsa-s11-993527dc968b,11,expected_sarsa,recoverable,0.84,0.25,25000,25000,0,corridor,1,1
recoverable_risky_corridor-expected_sarsa-s11-993527dc968b,11,expected_sarsa,recoverable,0.84,0.5,50000,50000,0,corridor,1,1
recoverable_risky_corridor-expected_sarsa-s11-993527dc968b,11,expected_sarsa,recoverable,0.84,0.75,75000,75000,0,shelter,2,0
recoverable_risky_corridor-expected_sarsa-s11-993527dc968b,11,expected_sarsa,recoverable,0.84,1,100000,100000,0,corridor,1,1
recoverable_risky_corridor-expected_sarsa-s11-a27e72388a49,11,expected_sarsa,recoverable,0.79,0.25,25000,25000,0,corridor,1,1
recoverable_risky_corridor-expected_sarsa-s11-a27e72388a49,11,expected_sarsa,recoverable,0.79,0.5,50000,50000,0,shelter,2,0
recoverable_risky_corridor-expected_sarsa-s11-a27e72388a49,11,expected_sarsa,recoverable,0.79,0.75,75000,75000,0,shelter,2,0
recoverable_risky_corridor-expected_sarsa-s11-a27e72388a49,11,expected_sarsa,recoverable,0.79,1,100000,100000,0,shelter,2,0
recoverable_risky_corridor-expected_sarsa-s11-a49336a26363,11,expected_sarsa,recoverable,0.88,0.25,25000,25000,0,corridor,1,1
recoverable_risky_corridor-expected_sarsa-s11-a49336a26363,11,expected_sarsa,recoverable,0.88,0.5,50000,50000,0,corridor,1,1
recoverable_risky_corridor-expected_sarsa-s11-a49336a26363,11,expected_sarsa,recoverable,0.88,0.75,75000,75000,0,corridor,1,1
recoverable_risky_corridor-expected_sarsa-s11-a49336a26363,11,expected_sarsa,recoverable,0.88,1,100000,100000,0,corridor,1,1
recoverable_risky_corridor-expected_sarsa-s11-ba1df1d19df4,11,expected_sarsa,recoverable,0.6,0.25,25000,25000,0,shelter,2,0
recoverable_risky_corridor-expected_sarsa-s11-ba1df1d19df4,11,expected_sarsa,recoverable,0.6,0.5,50000,50000,0,shelter,2,0
recoverable_risky_corridor-expected_sarsa-s11-ba1df1d19df4,11,expected_sarsa,recoverable,0.6,0.75,75000,75000,0,shelter,2,0
recoverable_risky_corridor-expected_sarsa-s11-ba1df1d19df4,11,expected_sarsa,recoverable,0.6,1,100000,100000,0,shelter,2,0
recoverable_risky_corridor-expected_sarsa-s11-c35395e3989e,11,expected_sarsa,recoverable,0.805,0.25,25000,25000,0,other,3,0
recoverable_risky_corridor-expected_sarsa-s11-c35395e3989e,11,expected_sarsa,recoverable,0.805,0.5,50000,50000,0,shelter,2,0
recoverable_risky_corridor-expected_sarsa-s11-c35395e3989e,11,expected_sarsa,recoverable,0.805,0.75,75000,75000,0,shelter,2,0
recoverable_risky_corridor-expected_sarsa-s11-c35395e3989e,11,expected_sarsa,recoverable,0.805,1,100000,100000,0,shelter,2,0
recoverable_risky_corridor-expected_sarsa-s11-c51d33b5a240,11,expected_sarsa,recoverable,0.855,0.25,25000,25000,0,corridor,1,1
recoverable_risky_corridor-expected_sarsa-s11-c51d33b5a240,11,expected_sarsa,recoverable,0.855,0.5,50000,50000,0,shelter,2,0
recoverable_risky_corridor-expected_sarsa-s11-c51d33b5a240,11,expected_sarsa,recoverable,0.855,0.75,75000,75000,0,shelter,2,0
recoverable_risky_corridor-expected_sarsa-s11-c51d33b5a240,11,expected_sarsa,recoverable,0.855,1,100000,100000,0,corridor,1,1
recoverable_risky_corridor-expected_sarsa-s11-f006eae3de77,11,expected_sarsa,recoverable,0.78,0.25,25000,25000,0,shelter,2,0
recoverable_risky_corridor-expected_sarsa-s11-f006eae3de77,11,expected_sarsa,recoverable,0.78,0.5,50000,50000,0,shelter,2,0
recoverable_risky_corridor-expected_sarsa-s11-f006eae3de77,11,expected_sarsa,recoverable,0.78,0.75,75000,75000,0,shelter,2,0
recoverable_risky_corridor-expected_sarsa-s11-f006eae3de77,11,expected_sarsa,recoverable,0.78,1,100000,100000,0,shelter,2,0
recoverable_risky_corridor-expected_sarsa-s11-f425814783fa,11,expected_sarsa,recoverable,0.825,0.25,25000,25000,0,corridor,1,1
recoverable_risky_corridor-expected_sarsa-s11-f425814783fa,11,expected_sarsa,recoverable,0.825,0.5,50000,50000,0,corridor,1,1
recoverable_risky_corridor-expected_sarsa-s11-f425814783fa,11,expected_sarsa,recoverable,0.825,0.75,75000,75000,0,shelter,2,0
recoverable_risky_corridor-expected_sarsa-s11-f425814783fa,11,expected_sarsa,recoverable,0.825,1,100000,100000,0,shelter,2,0
recoverable_risky_corridor-expected_sarsa-s11-fe7f6cd81336,11,expected_sarsa,recoverable,0.8,0.25,25000,25000,0,corridor,1,1
recoverable_risky_corridor-expected_sarsa-s11-fe7f6cd81336,11,expected_sarsa,recoverable,0.8,0.5,50000,50000,0,shelter,2,0
recoverable_risky_corridor-expected_sarsa-s11-fe7f6cd81336,11,expected_sarsa,recoverable,0.8,0.75,75000,75000,0,shelter,2,0
recoverable_risky_corridor-expected_sarsa-s11-fe7f6cd81336,11,expected_sarsa,recoverable,0.8,1,100000,100000,0,shelter,2,0
recoverable_risky_corridor-expected_sarsa-s12-04c292522822,12,expected_sarsa,recoverable,0.79,0.25,25000,25000,0,corridor,1,1
recoverable_risky_corridor-expected_sarsa-s12-04c292522822,12,expected_sarsa,recoverable,0.79,0.5,50000,50000,0,shelter,2,0
recoverable_risky_corridor-expected_sarsa-s12-04c292522822,12,expected_sarsa,recoverable,0.79,0.75,75000,75000,0,shelter,2,0
recoverable_risky_corridor-expected_sarsa-s12-04c292522822,12,expected_sarsa,recoverable,0.79,1,100000,100000,0,shelter,2,0
recoverable_risky_corridor-expected_sarsa-s12-17525641f77b,12,expected_sarsa,recoverable,0.81,0.25,25000,25000,0,corridor,1,1
recoverable_risky_corridor-expected_sarsa-s12-17525641f77b,12,expected_sarsa,recoverable,0.81,0.5,50000,50000,0,shelter,2,0
recoverable_risky_corridor-expected_sarsa-s12-17525641f77b,12,expected_sarsa,recoverable,0.81,0.75,75000,75000,0,shelter,2,0
recoverable_risky_corridor-expected_sarsa-s12-17525641f77b,12,expected_sarsa,recoverable,0.81,1,100000,100000,0,shelter,2,0
recoverable_risky_corridor-expected_sarsa-s12-2125937f884f,12,expected_sarsa,recoverable,0.825,0.25,25000,25000,0,corridor,1,1
recoverable_risky_corridor-expected_sarsa-s12-2125937f884f,12,expected_sarsa,recoverable,0.825,0.5,50000,50000,0,shelter,2,0
recoverable_risky_corridor-expected_sarsa-s12-2125937f884f,12,expected_sarsa,recoverable,0.825,0.75,75000,75000,0,shelter,2,0
recoverable_risky_corridor-expected_sarsa-s12-2125937f884f,12,expected_sarsa,recoverable,0.825,1,100000,100000,0,shelter,2,0
recoverable_risky_corridor-expected_sarsa-s12-219197aa1dbb,12,expected_sarsa,recoverable,0.84,0.25,25000,25000,0,shelter,2,0
recoverable_risky_corridor-expected_sarsa-s12-219197aa1dbb,12,expected_sarsa,recoverable,0.84,0.5,50000,50000,0,shelter,2,0
recoverable_risky_corridor-expected_sarsa-s12-219197aa1dbb,12,expected_sarsa,recoverable,0.84,0.75,75000,75000,0,shelter,2,0
recoverable_risky_corridor-expected_sarsa-s12-219197aa1dbb,12,expected_sarsa,recoverable,0.84,1,100000,100000,0,shelter,2,0
recoverable_risky_corridor-expected_sarsa-s12-23b8f3f95b04,12,expected_sarsa,recoverable,0.6,0.25,25000,25000,0,corridor,1,1
recoverable_risky_corridor-expected_sarsa-s12-23b8f3f95b04,12,expected_sarsa,recoverable,0.6,0.5,50000,50000,0,shelter,2,0
recoverable_risky_corridor-expected_sarsa-s12-23b8f3f95b04,12,expected_sarsa,recoverable,0.6,0.75,75000,75000,0,shelter,2,0
recoverable_risky_corridor-expected_sarsa-s12-23b8f3f95b04,12,expected_sarsa,recoverable,0.6,1,100000,100000,0,shelter,2,0
recoverable_risky_corridor-expected_sarsa-s12-2df4f80c4581,12,expected_sarsa,recoverable,0.835,0.25,25000,25000,0,corridor,1,1
recoverable_risky_corridor-expected_sarsa-s12-2df4f80c4581,12,expected_sarsa,recoverable,0.835,0.5,50000,50000,0,corridor,1,1
recoverable_risky_corridor-expected_sarsa-s12-2df4f80c4581,12,expected_sarsa,recoverable,0.835,0.75,75000,75000,0,shelter,2,0
recoverable_risky_corridor-expected_sarsa-s12-2df4f80c4581,12,expected_sarsa,recoverable,0.835,1,100000,100000,0,shelter,2,0
recoverable_risky_corridor-expected_sarsa-s12-3f09d42c3611,12,expected_sarsa,recoverable,0.9,0.25,25000,25000,0,corridor,1,1
recoverable_risky_corridor-expected_sarsa-s12-3f09d42c3611,12,expected_sarsa,recoverable,0.9,0.5,50000,50000,0,corridor,1,1
recoverable_risky_corridor-expected_sarsa-s12-3f09d42c3611,12,expected_sarsa,recoverable,0.9,0.75,75000,75000,0,shelter,2,0
recoverable_risky_corridor-expected_sarsa-s12-3f09d42c3611,12,expected_sarsa,recoverable,0.9,1,100000,100000,0,corridor,1,1
recoverable_risky_corridor-expected_sarsa-s12-4189796d4738,12,expected_sarsa,recoverable,0.8,0.25,25000,25000,0,corridor,1,1
recoverable_risky_corridor-expected_sarsa-s12-4189796d4738,12,expected_sarsa,recoverable,0.8,0.5,50000,50000,0,shelter,2,0
recoverable_risky_corridor-expected_sarsa-s12-4189796d4738,12,expected_sarsa,recoverable,0.8,0.75,75000,75000,0,shelter,2,0
recoverable_risky_corridor-expected_sarsa-s12-4189796d4738,12,expected_sarsa,recoverable,0.8,1,100000,100000,0,shelter,2,0
recoverable_risky_corridor-expected_sarsa-s12-4cd504e4d5b3,12,expected_sarsa,recoverable,0.85,0.25,25000,25000,0,shelter,2,0
recoverable_risky_corridor-expected_sarsa-s12-4cd504e4d5b3,12,expected_sarsa,recoverable,0.85,0.5,50000,50000,0,corridor,1,1
recoverable_risky_corridor-expected_sarsa-s12-4cd504e4d5b3,12,expected_sarsa,recoverable,0.85,0.75,75000,75000,0,shelter,2,0
recoverable_risky_corridor-expected_sarsa-s12-4cd504e4d5b3,12,expected_sarsa,recoverable,0.85,1,100000,100000,0,corridor,1,1
recoverable_risky_corridor-expected_sarsa-s12-511bf21c08db,12,expected_sarsa,recoverable,0.88,0.25,25000,25000,0,corridor,1,1
recoverable_risky_corridor-expected_sarsa-s12-511bf21c08db,12,expected_sarsa,recoverable,0.88,0.5,50000,50000,0,corridor,1,1
recoverable_risky_corridor-expected_sarsa-s12-511bf21c08db,12,expected_sarsa,recoverable,0.88,0.75,75000,75000,0,corridor,1,1
recoverable_risky_corridor-expected_sarsa-s12-511bf21c08db,12,expected_sarsa,recoverable,0.88,1,100000,100000,0,corridor,1,1
recoverable_risky_corridor-expected_sarsa-s12-62aa8fd7b29f,12,expected_sarsa,recoverable,0.78,0.25,25000,25000,0,shelter,2,0
recoverable_risky_corridor-expected_sarsa-s12-62aa8fd7b29f,12,expected_sarsa,recoverable,0.78,0.5,50000,50000,0,corridor,1,1
recoverable_risky_corridor-expected_sarsa-s12-62aa8fd7b29f,12,expected_sarsa,recoverable,0.78,0.75,75000,75000,0,shelter,2,0
recoverable_risky_corridor-expected_sarsa-s12-62aa8fd7b29f,12,expected_sarsa,recoverable,0.78,1,100000,100000,0,shelter,2,0
recoverable_risky_corridor-expected_sarsa-s12-9340c7a97eb9,12,expected_sarsa,recoverable,1,0.25,25000,25000,0,corridor,1,1
recoverable_risky_corridor-expected_sarsa-s12-9340c7a97eb9,12,expected_sarsa,recoverable,1,0.5,50000,50000,0,corridor,1,1
recoverable_risky_corridor-expected_sarsa-s12-9340c7a97eb9,12,expected_sarsa,recoverable,1,0.75,75000,75000,0,corridor,1,1
recoverable_risky_corridor-expected_sarsa-s12-9340c7a97eb9,12,expected_sarsa,recoverable,1,1,100000,100000,0,corridor,1,1
recoverable_risky_corridor-expected_sarsa-s12-9cbc67bf9ce5,12,expected_sarsa,recoverable,0.855,0.25,25000,25000,0,corridor,1,1
recoverable_risky_corridor-expected_sarsa-s12-9cbc67bf9ce5,12,expected_sarsa,recoverable,0.855,0.5,50000,50000,0,corridor,1,1
recoverable_risky_corridor-expected_sarsa-s12-9cbc67bf9ce5,12,expected_sarsa,recoverable,0.855,0.75,75000,75000,0,corridor,1,1
recoverable_risky_corridor-expected_sarsa-s12-9cbc67bf9ce5,12,expected_sarsa,recoverable,0.855,1,100000,100000,0,shelter,2,0
recoverable_risky_corridor-expected_sarsa-s12-ad8bbc73b939,12,expected_sarsa,recoverable,0.845,0.25,25000,25000,0,corridor,1,1
recoverable_risky_corridor-expected_sarsa-s12-ad8bbc73b939,12,expected_sarsa,recoverable,0.845,0.5,50000,50000,0,corridor,1,1
recoverable_risky_corridor-expected_sarsa-s12-ad8bbc73b939,12,expected_sarsa,recoverable,0.845,0.75,75000,75000,0,shelter,2,0
recoverable_risky_corridor-expected_sarsa-s12-ad8bbc73b939,12,expected_sarsa,recoverable,0.845,1,100000,100000,0,shelter,2,0
recoverable_risky_corridor-expected_sarsa-s12-bfef9482d6d0,12,expected_sarsa,recoverable,0.82,0.25,25000,25000,0,corridor,1,1
recoverable_risky_corridor-expected_sarsa-s12-bfef9482d6d0,12,expected_sarsa,recoverable,0.82,0.5,50000,50000,0,corridor,1,1
recoverable_risky_corridor-expected_sarsa-s12-bfef9482d6d0,12,expected_sarsa,recoverable,0.82,0.75,75000,75000,0,shelter,2,0
recoverable_risky_corridor-expected_sarsa-s12-bfef9482d6d0,12,expected_sarsa,recoverable,0.82,1,100000,100000,0,shelter,2,0
recoverable_risky_corridor-expected_sarsa-s12-d730c852965b,12,expected_sarsa,recoverable,0.86,0.25,25000,25000,0,corridor,1,1
recoverable_risky_corridor-expected_sarsa-s12-d730c852965b,12,expected_sarsa,recoverable,0.86,0.5,50000,50000,0,corridor,1,1
recoverable_risky_corridor-expected_sarsa-s12-d730c852965b,12,expected_sarsa,recoverable,0.86,0.75,75000,75000,0,shelter,2,0
recoverable_risky_corridor-expected_sarsa-s12-d730c852965b,12,expected_sarsa,recoverable,0.86,1,100000,100000,0,corridor,1,1
recoverable_risky_corridor-expected_sarsa-s12-ed42d550ec8c,12,expected_sarsa,recoverable,0.805,0.25,25000,25000,0,corridor,1,1
recoverable_risky_corridor-expected_sarsa-s12-ed42d550ec8c,12,expected_sarsa,recoverable,0.805,0.5,50000,50000,0,shelter,2,0
recoverable_risky_corridor-expected_sarsa-s12-ed42d550ec8c,12,expected_sarsa,recoverable,0.805,0.75,75000,75000,0,shelter,2,0
recoverable_risky_corridor-expected_sarsa-s12-ed42d550ec8c,12,expected_sarsa,recoverable,0.805,1,100000,100000,0,shelter,2,0
recoverable_risky_corridor-expected_sarsa-s12-f0afd26e745a,12,expected_sarsa,recoverable,0.7,0.25,25000,25000,0,shelter,2,0
recoverable_risky_corridor-expected_sarsa-s12-f0afd26e745a,12,expected_sarsa,recoverable,0.7,0.5,50000,50000,0,shelter,2,0
recoverable_risky_corridor-expected_sarsa-s12-f0afd26e745a,12,expected_sarsa,recoverable,0.7,0.75,75000,75000,0,shelter,2,0
recoverable_risky_corridor-expected_sarsa-s12-f0afd26e745a,12,expected_sarsa,recoverable,0.7,1,100000,100000,0,shelter,2,0
recoverable_risky_corridor-expected_sarsa-s13-05612f78d125,13,expected_sarsa,recoverable,0.82,0.25,25000,25000,0,corridor,1,1
recoverable_risky_corridor-expected_sarsa-s13-05612f78d125,13,expected_sarsa,recoverable,0.82,0.5,50000,50000,0,shelter,2,0
recoverable_risky_corridor-expected_sarsa-s13-05612f78d125,13,expected_sarsa,recoverable,0.82,0.75,75000,75000,0,corridor,1,1
recoverable_risky_corridor-expected_sarsa-s13-05612f78d125,13,expected_sarsa,recoverable,0.82,1,100000,100000,0,shelter,2,0
recoverable_risky_corridor-expected_sarsa-s13-078bb3359e14,13,expected_sarsa,recoverable,0.79,0.25,25000,25000,0,shelter,2,0
recoverable_risky_corridor-expected_sarsa-s13-078bb3359e14,13,expected_sarsa,recoverable,0.79,0.5,50000,50000,0,corridor,1,1
recoverable_risky_corridor-expected_sarsa-s13-078bb3359e14,13,expected_sarsa,recoverable,0.79,0.75,75000,75000,0,shelter,2,0
recoverable_risky_corridor-expected_sarsa-s13-078bb3359e14,13,expected_sarsa,recoverable,0.79,1,100000,100000,0,shelter,2,0
recoverable_risky_corridor-expected_sarsa-s13-4f5cd5752bce,13,expected_sarsa,recoverable,0.835,0.25,25000,25000,0,corridor,1,1
recoverable_risky_corridor-expected_sarsa-s13-4f5cd5752bce,13,expected_sarsa,recoverable,0.835,0.5,50000,50000,0,corridor,1,1
recoverable_risky_corridor-expected_sarsa-s13-4f5cd5752bce,13,expected_sarsa,recoverable,0.835,0.75,75000,75000,0,shelter,2,0
recoverable_risky_corridor-expected_sarsa-s13-4f5cd5752bce,13,expected_sarsa,recoverable,0.835,1,100000,100000,0,shelter,2,0
recoverable_risky_corridor-expected_sarsa-s13-57284ded5d9b,13,expected_sarsa,recoverable,0.86,0.25,25000,25000,0,corridor,1,1
recoverable_risky_corridor-expected_sarsa-s13-57284ded5d9b,13,expected_sarsa,recoverable,0.86,0.5,50000,50000,0,corridor,1,1
recoverable_risky_corridor-expected_sarsa-s13-57284ded5d9b,13,expected_sarsa,recoverable,0.86,0.75,75000,75000,0,shelter,2,0
recoverable_risky_corridor-expected_sarsa-s13-57284ded5d9b,13,expected_sarsa,recoverable,0.86,1,100000,100000,0,corridor,1,1
recoverable_risky_corridor-expected_sarsa-s13-6dd7123c4290,13,expected_sarsa,recoverable,0.805,0.25,25000,25000,0,corridor,1,1
recoverable_risky_corridor-expected_sarsa-s13-6dd7123c4290,13,expected_sarsa,recoverable,0.805,0.5,50000,50000,0,shelter,2,0
recoverable_risky_corridor-expected_sarsa-s13-6dd7123c4290,13,expected_sarsa,recoverable,0.805,0.75,75000,75000,0,shelter,2,0
recoverable_risky_corridor-expected_sarsa-s13-6dd7123c4290,13,expected_sarsa,recoverable,0.805,1,100000,100000,0,shelter,2,0
recoverable_risky_corridor-expected_sarsa-s13-7e20658427b9,13,expected_sarsa,recoverable,0.88,0.25,25000,25000,0,corridor,1,1
recoverable_risky_corridor-expected_sarsa-s13-7e20658427b9,13,expected_sarsa,recoverable,0.88,0.5,50000,50000,0,shelter,2,0
recoverable_risky_corridor-expected_sarsa-s13-7e20658427b9,13,expected_sarsa,recoverable,0.88,0.75,75000,75000,0,corridor,1,1
recoverable_risky_corridor-expected_sarsa-s13-7e20658427b9,13,expected_sarsa,recoverable,0.88,1,100000,100000,0,corridor,1,1
recoverable_risky_corridor-expected_sarsa-s13-8b53569983ca,13,expected_sarsa,recoverable,1,0.25,25000,25000,0,corridor,1,1
recoverable_risky_corridor-expected_sarsa-s13-8b53569983ca,13,expected_sarsa,recoverable,1,0.5,50000,50000,0,corridor,1,1
recoverable_risky_corridor-expected_sarsa-s13-8b53569983ca,13,expected_sarsa,recoverable,1,0.75,75000,75000,0,corridor,1,1
recoverable_risky_corridor-expected_sarsa-s13-8b53569983ca,13,expected_sarsa,recoverable,1,1,100000,100000,0,corridor,1,1
recoverable_risky_corridor-expected_sarsa-s13-97074a6c2bd0,13,expected_sarsa,recoverable,0.84,0.25,25000,25000,0,shelter,2,0
recoverable_risky_corridor-expected_sarsa-s13-97074a6c2bd0,13,expected_sarsa,recoverable,0.84,0.5,50000,50000,0,shelter,2,0
recoverable_risky_corridor-expected_sarsa-s13-97074a6c2bd0,13,expected_sarsa,recoverable,0.84,0.75,75000,75000,0,shelter,2,0
recoverable_risky_corridor-expected_sarsa-s13-97074a6c2bd0,13,expected_sarsa,recoverable,0.84,1,100000,100000,0,shelter,2,0
recoverable_risky_corridor-expected_sarsa-s13-a346e55a5cc2,13,expected_sarsa,recoverable,0.825,0.25,25000,25000,0,shelter,2,0
recoverable_risky_corridor-expected_sarsa-s13-a346e55a5cc2,13,expected_sarsa,recoverable,0.825,0.5,50000,50000,0,shelter,2,0
recoverable_risky_corridor-expected_sarsa-s13-a346e55a5cc2,13,expected_sarsa,recoverable,0.825,0.75,75000,75000,0,shelter,2,0
recoverable_risky_corridor-expected_sarsa-s13-a346e55a5cc2,13,expected_sarsa,recoverable,0.825,1,100000,100000,0,shelter,2,0
recoverable_risky_corridor-expected_sarsa-s13-a512b5d48870,13,expected_sarsa,recoverable,0.85,0.25,25000,25000,0,corridor,1,1
recoverable_risky_corridor-expected_sarsa-s13-a512b5d48870,13,expected_sarsa,recoverable,0.85,0.5,50000,50000,0,shelter,2,0
recoverable_risky_corridor-expected_sarsa-s13-a512b5d48870,13,expected_sarsa,recoverable,0.85,0.75,75000,75000,0,shelter,2,0
recoverable_risky_corridor-expected_sarsa-s13-a512b5d48870,13,expected_sarsa,recoverable,0.85,1,100000,100000,0,shelter,2,0
recoverable_risky_corridor-expected_sarsa-s13-a7b48fba8197,13,expected_sarsa,recoverable,0.7,0.25,25000,25000,0,shelter,2,0
recoverable_risky_corridor-expected_sarsa-s13-a7b48fba8197,13,expected_sarsa,recoverable,0.7,0.5,50000,50000,0,shelter,2,0
recoverable_risky_corridor-expected_sarsa-s13-a7b48fba8197,13,expected_sarsa,recoverable,0.7,0.75,75000,75000,0,shelter,2,0
recoverable_risky_corridor-expected_sarsa-s13-a7b48fba8197,13,expected_sarsa,recoverable,0.7,1,100000,100000,0,shelter,2,0
recoverable_risky_corridor-expected_sarsa-s13-a813e823cb3c,13,expected_sarsa,recoverable,0.9,0.25,25000,25000,0,corridor,1,1
recoverable_risky_corridor-expected_sarsa-s13-a813e823cb3c,13,expected_sarsa,recoverable,0.9,0.5,50000,50000,0,corridor,1,1
recoverable_risky_corridor-expected_sarsa-s13-a813e823cb3c,13,expected_sarsa,recoverable,0.9,0.75,75000,75000,0,corridor,1,1
recoverable_risky_corridor-expected_sarsa-s13-a813e823cb3c,13,expected_sarsa,recoverable,0.9,1,100000,100000,0,corridor,1,1
recoverable_risky_corridor-expected_sarsa-s13-b0901db3b102,13,expected_sarsa,recoverable,0.8,0.25,25000,25000,0,corridor,1,1
recoverable_risky_corridor-expected_sarsa-s13-b0901db3b102,13,expected_sarsa,recoverable,0.8,0.5,50000,50000,0,shelter,2,0
recoverable_risky_corridor-expected_sarsa-s13-b0901db3b102,13,expected_sarsa,recoverable,0.8,0.75,75000,75000,0,shelter,2,0
recoverable_risky_corridor-expected_sarsa-s13-b0901db3b102,13,expected_sarsa,recoverable,0.8,1,100000,100000,0,shelter,2,0
recoverable_risky_corridor-expected_sarsa-s13-b4b7f61f7aa5,13,expected_sarsa,recoverable,0.81,0.25,25000,25000,0,corridor,1,1
recoverable_risky_corridor-expected_sarsa-s13-b4b7f61f7aa5,13,expected_sarsa,recoverable,0.81,0.5,50000,50000,0,shelter,2,0
recoverable_risky_corridor-expected_sarsa-s13-b4b7f61f7aa5,13,expected_sarsa,recoverable,0.81,0.75,75000,75000,0,corridor,1,1
recoverable_risky_corridor-expected_sarsa-s13-b4b7f61f7aa5,13,expected_sarsa,recoverable,0.81,1,100000,100000,0,shelter,2,0
recoverable_risky_corridor-expected_sarsa-s13-bc53443789fd,13,expected_sarsa,recoverable,0.6,0.25,25000,25000,0,shelter,2,0
recoverable_risky_corridor-expected_sarsa-s13-bc53443789fd,13,expected_sarsa,recoverable,0.6,0.5,50000,50000,0,shelter,2,0
recoverable_risky_corridor-expected_sarsa-s13-bc53443789fd,13,expected_sarsa,recoverable,0.6,0.75,75000,75000,0,shelter,2,0
recoverable_risky_corridor-expected_sarsa-s13-bc53443789fd,13,expected_sarsa,recoverable,0.6,1,100000,100000,0,shelter,2,0
recoverable_risky_corridor-expected_sarsa-s13-e961ef1e1301,13,expected_sarsa,recoverable,0.78,0.25,25000,25000,0,shelter,2,0
recoverable_risky_corridor-expected_sarsa-s13-e961ef1e1301,13,expected_sarsa,recoverable,0.78,0.5,50000,50000,0,shelter,2,0
recoverable_risky_corridor-expected_sarsa-s13-e961ef1e1301,13,expected_sarsa,recoverable,0.78,0.75,75000,75000,0,shelter,2,0
recoverable_risky_corridor-expected_sarsa-s13-e961ef1e1301,13,expected_sarsa,recoverable,0.78,1,100000,100000,0,shelter,2,0
recoverable_risky_corridor-expected_sarsa-s13-f7c410a0a7de,13,expected_sarsa,recoverable,0.845,0.25,25000,25000,0,corridor,1,1
recoverable_risky_corridor-expected_sarsa-s13-f7c410a0a7de,13,expected_sarsa,recoverable,0.845,0.5,50000,50000,0,shelter,2,0
recoverable_risky_corridor-expected_sarsa-s13-f7c410a0a7de,13,expected_sarsa,recoverable,0.845,0.75,75000,75000,0,corridor,1,1
recoverable_risky_corridor-expected_sarsa-s13-f7c410a0a7de,13,expected_sarsa,recoverable,0.845,1,100000,100000,0,corridor,1,1
recoverable_risky_corridor-expected_sarsa-s13-fc7558876d93,13,expected_sarsa,recoverable,0.855,0.25,25000,25000,0,corridor,1,1
recoverable_risky_corridor-expected_sarsa-s13-fc7558876d93,13,expected_sarsa,recoverable,0.855,0.5,50000,50000,0,shelter,2,0
recoverable_risky_corridor-expected_sarsa-s13-fc7558876d93,13,expected_sarsa,recoverable,0.855,0.75,75000,75000,0,shelter,2,0
recoverable_risky_corridor-expected_sarsa-s13-fc7558876d93,13,expected_sarsa,recoverable,0.855,1,100000,100000,0,corridor,1,1
recoverable_risky_corridor-expected_sarsa-s14-16c170420e9a,14,expected_sarsa,recoverable,0.855,0.25,25000,25000,0,corridor,1,1
recoverable_risky_corridor-expected_sarsa-s14-16c170420e9a,14,expected_sarsa,recoverable,0.855,0.5,50000,50000,0,corridor,1,1
recoverable_risky_corridor-expected_sarsa-s14-16c170420e9a,14,expected_sarsa,recoverable,0.855,0.75,75000,75000,0,shelter,2,0
recoverable_risky_corridor-expected_sarsa-s14-16c170420e9a,14,expected_sarsa,recoverable,0.855,1,100000,100000,0,corridor,1,1
recoverable_risky_corridor-expected_sarsa-s14-2184f56d6587,14,expected_sarsa,recoverable,0.8,0.25,25000,25000,0,corridor,1,1
recoverable_risky_corridor-expected_sarsa-s14-2184f56d6587,14,expected_sarsa,recoverable,0.8,0.5,50000,50000,0,shelter,2,0
recoverable_risky_corridor-expected_sarsa-s14-2184f56d6587,14,expected_sarsa,recoverable,0.8,0.75,75000,75000,0,shelter,2,0
recoverable_risky_corridor-expected_sarsa-s14-2184f56d6587,14,expected_sarsa,recoverable,0.8,1,100000,100000,0,shelter,2,0
recoverable_risky_corridor-expected_sarsa-s14-285aa6cd97a6,14,expected_sarsa,recoverable,0.78,0.25,25000,25000,0,corridor,1,1
recoverable_risky_corridor-expected_sarsa-s14-285aa6cd97a6,14,expected_sarsa,recoverable,0.78,0.5,50000,50000,0,shelter,2,0
recoverable_risky_corridor-expected_sarsa-s14-285aa6cd97a6,14,expected_sarsa,recoverable,0.78,0.75,75000,75000,0,shelter,2,0
recoverable_risky_corridor-expected_sarsa-s14-285aa6cd97a6,14,expected_sarsa,recoverable,0.78,1,100000,100000,0,shelter,2,0
recoverable_risky_corridor-expected_sarsa-s14-2b239fae7944,14,expected_sarsa,recoverable,0.81,0.25,25000,25000,0,shelter,2,0
recoverable_risky_corridor-expected_sarsa-s14-2b239fae7944,14,expected_sarsa,recoverable,0.81,0.5,50000,50000,0,shelter,2,0
recoverable_risky_corridor-expected_sarsa-s14-2b239fae7944,14,expected_sarsa,recoverable,0.81,0.75,75000,75000,0,shelter,2,0
recoverable_risky_corridor-expected_sarsa-s14-2b239fae7944,14,expected_sarsa,recoverable,0.81,1,100000,100000,0,shelter,2,0
recoverable_risky_corridor-expected_sarsa-s14-2eb9da56e0fa,14,expected_sarsa,recoverable,0.82,0.25,25000,25000,0,corridor,1,1
recoverable_risky_corridor-expected_sarsa-s14-2eb9da56e0fa,14,expected_sarsa,recoverable,0.82,0.5,50000,50000,0,shelter,2,0
recoverable_risky_corridor-expected_sarsa-s14-2eb9da56e0fa,14,expected_sarsa,recoverable,0.82,0.75,75000,75000,0,shelter,2,0
recoverable_risky_corridor-expected_sarsa-s14-2eb9da56e0fa,14,expected_sarsa,recoverable,0.82,1,100000,100000,0,shelter,2,0
recoverable_risky_corridor-expected_sarsa-s14-45520487f025,14,expected_sarsa,recoverable,0.88,0.25,25000,25000,0,shelter,2,0
recoverable_risky_corridor-expected_sarsa-s14-45520487f025,14,expected_sarsa,recoverable,0.88,0.5,50000,50000,0,corridor,1,1
recoverable_risky_corridor-expected_sarsa-s14-45520487f025,14,expected_sarsa,recoverable,0.88,0.75,75000,75000,0,corridor,1,1
recoverable_risky_corridor-expected_sarsa-s14-45520487f025,14,expected_sarsa,recoverable,0.88,1,100000,100000,0,corridor,1,1
recoverable_risky_corridor-expected_sarsa-s14-7a2f2020bd6e,14,expected_sarsa,recoverable,0.805,0.25,25000,25000,0,corridor,1,1
recoverable_risky_corridor-expected_sarsa-s14-7a2f2020bd6e,14,expected_sarsa,recoverable,0.805,0.5,50000,50000,0,shelter,2,0
recoverable_risky_corridor-expected_sarsa-s14-7a2f2020bd6e,14,expected_sarsa,recoverable,0.805,0.75,75000,75000,0,shelter,2,0
recoverable_risky_corridor-expected_sarsa-s14-7a2f2020bd6e,14,expected_sarsa,recoverable,0.805,1,100000,100000,0,shelter,2,0
recoverable_risky_corridor-expected_sarsa-s14-7e269a743771,14,expected_sarsa,recoverable,0.84,0.25,25000,25000,0,corridor,1,1
recoverable_risky_corridor-expected_sarsa-s14-7e269a743771,14,expected_sarsa,recoverable,0.84,0.5,50000,50000,0,shelter,2,0
recoverable_risky_corridor-expected_sarsa-s14-7e269a743771,14,expected_sarsa,recoverable,0.84,0.75,75000,75000,0,shelter,2,0
recoverable_risky_corridor-expected_sarsa-s14-7e269a743771,14,expected_sarsa,recoverable,0.84,1,100000,100000,0,corridor,1,1
recoverable_risky_corridor-expected_sarsa-s14-88aae1cdca05,14,expected_sarsa,recoverable,0.6,0.25,25000,25000,0,shelter,2,0
recoverable_risky_corridor-expected_sarsa-s14-88aae1cdca05,14,expected_sarsa,recoverable,0.6,0.5,50000,50000,0,shelter,2,0
recoverable_risky_corridor-expected_sarsa-s14-88aae1cdca05,14,expected_sarsa,recoverable,0.6,0.75,75000,75000,0,shelter,2,0
recoverable_risky_corridor-expected_sarsa-s14-88aae1cdca05,14,expected_sarsa,recoverable,0.6,1,100000,100000,0,shelter,2,0
recoverable_risky_corridor-expected_sarsa-s14-97362c073e6e,14,expected_sarsa,recoverable,0.85,0.25,25000,25000,0,corridor,1,1
recoverable_risky_corridor-expected_sarsa-s14-97362c073e6e,14,expected_sarsa,recoverable,0.85,0.5,50000,50000,0,shelter,2,0
recoverable_risky_corridor-expected_sarsa-s14-97362c073e6e,14,expected_sarsa,recoverable,0.85,0.75,75000,75000,0,shelter,2,0
recoverable_risky_corridor-expected_sarsa-s14-97362c073e6e,14,expected_sarsa,recoverable,0.85,1,100000,100000,0,shelter,2,0
recoverable_risky_corridor-expected_sarsa-s14-99d7d1deff81,14,expected_sarsa,recoverable,0.9,0.25,25000,25000,0,corridor,1,1
recoverable_risky_corridor-expected_sarsa-s14-99d7d1deff81,14,expected_sarsa,recoverable,0.9,0.5,50000,50000,0,corridor,1,1
recoverable_risky_corridor-expected_sarsa-s14-99d7d1deff81,14,expected_sarsa,recoverable,0.9,0.75,75000,75000,0,corridor,1,1
recoverable_risky_corridor-expected_sarsa-s14-99d7d1deff81,14,expected_sarsa,recoverable,0.9,1,100000,100000,0,corridor,1,1
recoverable_risky_corridor-expected_sarsa-s14-afebe577997f,14,expected_sarsa,recoverable,0.86,0.25,25000,25000,0,corridor,1,1
recoverable_risky_corridor-expected_sarsa-s14-afebe577997f,14,expected_sarsa,recoverable,0.86,0.5,50000,50000,0,shelter,2,0
recoverable_risky_corridor-expected_sarsa-s14-afebe577997f,14,expected_sarsa,recoverable,0.86,0.75,75000,75000,0,corridor,1,1
recoverable_risky_corridor-expected_sarsa-s14-afebe577997f,14,expected_sarsa,recoverable,0.86,1,100000,100000,0,corridor,1,1
recoverable_risky_corridor-expected_sarsa-s14-b2f39382f9e4,14,expected_sarsa,recoverable,0.835,0.25,25000,25000,0,shelter,2,0
recoverable_risky_corridor-expected_sarsa-s14-b2f39382f9e4,14,expected_sarsa,recoverable,0.835,0.5,50000,50000,0,shelter,2,0
recoverable_risky_corridor-expected_sarsa-s14-b2f39382f9e4,14,expected_sarsa,recoverable,0.835,0.75,75000,75000,0,shelter,2,0
recoverable_risky_corridor-expected_sarsa-s14-b2f39382f9e4,14,expected_sarsa,recoverable,0.835,1,100000,100000,0,shelter,2,0
recoverable_risky_corridor-expected_sarsa-s14-d8d2fa961431,14,expected_sarsa,recoverable,0.7,0.25,25000,25000,0,shelter,2,0
recoverable_risky_corridor-expected_sarsa-s14-d8d2fa961431,14,expected_sarsa,recoverable,0.7,0.5,50000,50000,0,shelter,2,0
recoverable_risky_corridor-expected_sarsa-s14-d8d2fa961431,14,expected_sarsa,recoverable,0.7,0.75,75000,75000,0,shelter,2,0
recoverable_risky_corridor-expected_sarsa-s14-d8d2fa961431,14,expected_sarsa,recoverable,0.7,1,100000,100000,0,shelter,2,0
recoverable_risky_corridor-expected_sarsa-s14-db893f99943b,14,expected_sarsa,recoverable,1,0.25,25000,25000,0,corridor,1,1
recoverable_risky_corridor-expected_sarsa-s14-db893f99943b,14,expected_sarsa,recoverable,1,0.5,50000,50000,0,corridor,1,1
recoverable_risky_corridor-expected_sarsa-s14-db893f99943b,14,expected_sarsa,recoverable,1,0.75,75000,75000,0,corridor,1,1
recoverable_risky_corridor-expected_sarsa-s14-db893f99943b,14,expected_sarsa,recoverable,1,1,100000,100000,0,corridor,1,1
recoverable_risky_corridor-expected_sarsa-s14-e076555d5f66,14,expected_sarsa,recoverable,0.845,0.25,25000,25000,0,shelter,2,0
recoverable_risky_corridor-expected_sarsa-s14-e076555d5f66,14,expected_sarsa,recoverable,0.845,0.5,50000,50000,0,shelter,2,0
recoverable_risky_corridor-expected_sarsa-s14-e076555d5f66,14,expected_sarsa,recoverable,0.845,0.75,75000,75000,0,shelter,2,0
recoverable_risky_corridor-expected_sarsa-s14-e076555d5f66,14,expected_sarsa,recoverable,0.845,1,100000,100000,0,corridor,1,1
recoverable_risky_corridor-expected_sarsa-s14-e369a6084ba2,14,expected_sarsa,recoverable,0.79,0.25,25000,25000,0,corridor,1,1
recoverable_risky_corridor-expected_sarsa-s14-e369a6084ba2,14,expected_sarsa,recoverable,0.79,0.5,50000,50000,0,shelter,2,0
recoverable_risky_corridor-expected_sarsa-s14-e369a6084ba2,14,expected_sarsa,recoverable,0.79,0.75,75000,75000,0,shelter,2,0
recoverable_risky_corridor-expected_sarsa-s14-e369a6084ba2,14,expected_sarsa,recoverable,0.79,1,100000,100000,0,shelter,2,0
recoverable_risky_corridor-expected_sarsa-s14-fb86233ab227,14,expected_sarsa,recoverable,0.825,0.25,25000,25000,0,corridor,1,1
recoverable_risky_corridor-expected_sarsa-s14-fb86233ab227,14,expected_sarsa,recoverable,0.825,0.5,50000,50000,0,shelter,2,0
recoverable_risky_corridor-expected_sarsa-s14-fb86233ab227,14,expected_sarsa,recoverable,0.825,0.75,75000,75000,0,shelter,2,0
recoverable_risky_corridor-expected_sarsa-s14-fb86233ab227,14,expected_sarsa,recoverable,0.825,1,100000,100000,0,corridor,1,1
recoverable_risky_corridor-expected_sarsa-s15-04faad0fc3cf,15,expected_sarsa,recoverable,0.855,0.25,25000,25000,0,corridor,1,1
recoverable_risky_corridor-expected_sarsa-s15-04faad0fc3cf,15,expected_sarsa,recoverable,0.855,0.5,50000,50000,0,corridor,1,1
recoverable_risky_corridor-expected_sarsa-s15-04faad0fc3cf,15,expected_sarsa,recoverable,0.855,0.75,75000,75000,0,corridor,1,1
recoverable_risky_corridor-expected_sarsa-s15-04faad0fc3cf,15,expected_sarsa,recoverable,0.855,1,100000,100000,0,corridor,1,1
recoverable_risky_corridor-expected_sarsa-s15-138f280d3217,15,expected_sarsa,recoverable,0.85,0.25,25000,25000,0,shelter,2,0
recoverable_risky_corridor-expected_sarsa-s15-138f280d3217,15,expected_sarsa,recoverable,0.85,0.5,50000,50000,0,shelter,2,0
recoverable_risky_corridor-expected_sarsa-s15-138f280d3217,15,expected_sarsa,recoverable,0.85,0.75,75000,75000,0,corridor,1,1
recoverable_risky_corridor-expected_sarsa-s15-138f280d3217,15,expected_sarsa,recoverable,0.85,1,100000,100000,0,shelter,2,0
recoverable_risky_corridor-expected_sarsa-s15-174d7d971fec,15,expected_sarsa,recoverable,0.86,0.25,25000,25000,0,corridor,1,1
recoverable_risky_corridor-expected_sarsa-s15-174d7d971fec,15,expected_sarsa,recoverable,0.86,0.5,50000,50000,0,corridor,1,1
recoverable_risky_corridor-expected_sarsa-s15-174d7d971fec,15,expected_sarsa,recoverable,0.86,0.75,75000,75000,0,shelter,2,0
recoverable_risky_corridor-expected_sarsa-s15-174d7d971fec,15,expected_sarsa,recoverable,0.86,1,100000,100000,0,corridor,1,1
recoverable_risky_corridor-expected_sarsa-s15-1dbd5c5f905a,15,expected_sarsa,recoverable,0.78,0.25,25000,25000,0,other,0,0
recoverable_risky_corridor-expected_sarsa-s15-1dbd5c5f905a,15,expected_sarsa,recoverable,0.78,0.5,50000,50000,0,corridor,1,1
recoverable_risky_corridor-expected_sarsa-s15-1dbd5c5f905a,15,expected_sarsa,recoverable,0.78,0.75,75000,75000,0,shelter,2,0
recoverable_risky_corridor-expected_sarsa-s15-1dbd5c5f905a,15,expected_sarsa,recoverable,0.78,1,100000,100000,0,shelter,2,0
recoverable_risky_corridor-expected_sarsa-s15-2d7f3bc3552f,15,expected_sarsa,recoverable,1,0.25,25000,25000,0,corridor,1,1
recoverable_risky_corridor-expected_sarsa-s15-2d7f3bc3552f,15,expected_sarsa,recoverable,1,0.5,50000,50000,0,corridor,1,1
recoverable_risky_corridor-expected_sarsa-s15-2d7f3bc3552f,15,expected_sarsa,recoverable,1,0.75,75000,75000,0,corridor,1,1
recoverable_risky_corridor-expected_sarsa-s15-2d7f3bc3552f,15,expected_sarsa,recoverable,1,1,100000,100000,0,corridor,1,1
recoverable_risky_corridor-expected_sarsa-s15-34568bc8c617,15,expected_sarsa,recoverable,0.79,0.25,25000,25000,0,corridor,1,1
recoverable_risky_corridor-expected_sarsa-s15-34568bc8c617,15,expected_sarsa,recoverable,0.79,0.5,50000,50000,0,shelter,2,0
recoverable_risky_corridor-expected_sarsa-s15-34568bc8c617,15,expected_sarsa,recoverable,0.79,0.75,75000,75000,0,shelter,2,0
recoverable_risky_corridor-expected_sarsa-s15-34568bc8c617,15,expected_sarsa,recoverable,0.79,1,100000,100000,0,shelter,2,0
recoverable_risky_corridor-expected_sarsa-s15-505bc434e694,15,expected_sarsa,recoverable,0.81,0.25,25000,25000,0,corridor,1,1
recoverable_risky_corridor-expected_sarsa-s15-505bc434e694,15,expected_sarsa,recoverable,0.81,0.5,50000,50000,0,shelter,2,0
recoverable_risky_corridor-expected_sarsa-s15-505bc434e694,15,expected_sarsa,recoverable,0.81,0.75,75000,75000,0,shelter,2,0
recoverable_risky_corridor-expected_sarsa-s15-505bc434e694,15,expected_sarsa,recoverable,0.81,1,100000,100000,0,shelter,2,0
recoverable_risky_corridor-expected_sarsa-s15-69a1fd486a27,15,expected_sarsa,recoverable,0.845,0.25,25000,25000,0,corridor,1,1
recoverable_risky_corridor-expected_sarsa-s15-69a1fd486a27,15,expected_sarsa,recoverable,0.845,0.5,50000,50000,0,corridor,1,1
recoverable_risky_corridor-expected_sarsa-s15-69a1fd486a27,15,expected_sarsa,recoverable,0.845,0.75,75000,75000,0,shelter,2,0
recoverable_risky_corridor-expected_sarsa-s15-69a1fd486a27,15,expected_sarsa,recoverable,0.845,1,100000,100000,0,shelter,2,0
recoverable_risky_corridor-expected_sarsa-s15-7552ff6140d8,15,expected_sarsa,recoverable,0.835,0.25,25000,25000,0,corridor,1,1
recoverable_risky_corridor-expected_sarsa-s15-7552ff6140d8,15,expected_sarsa,recoverable,0.835,0.5,50000,50000,0,corridor,1,1
recoverable_risky_corridor-expected_sarsa-s15-7552ff6140d8,15,expected_sarsa,recoverable,0.835,0.75,75000,75000,0,corridor,1,1
recoverable_risky_corridor-expected_sarsa-s15-7552ff6140d8,15,expected_sarsa,recoverable,0.835,1,100000,100000,0,shelter,2,0
recoverable_risky_corridor-expected_sarsa-s15-7b437e492f8f,15,expected_sarsa,recoverable,0.825,0.25,25000,25000,0,corridor,1,1
recoverable_risky_corridor-expected_sarsa-s15-7b437e492f8f,15,expected_sarsa,recoverable,0.825,0.5,50000,50000,0,corridor,1,1
recoverable_risky_corridor-expected_sarsa-s15-7b437e492f8f,15,expected_sarsa,recoverable,0.825,0.75,75000,75000,0,shelter,2,0
recoverable_risky_corridor-expected_sarsa-s15-7b437e492f8f,15,expected_sarsa,recoverable,0.825,1,100000,100000,0,shelter,2,0
recoverable_risky_corridor-expected_sarsa-s15-927d16f8161f,15,expected_sarsa,recoverable,0.82,0.25,25000,25000,0,corridor,1,1
recoverable_risky_corridor-expected_sarsa-s15-927d16f8161f,15,expected_sarsa,recoverable,0.82,0.5,50000,50000,0,corridor,1,1
recoverable_risky_corridor-expected_sarsa-s15-927d16f8161f,15,expected_sarsa,recoverable,0.82,0.75,75000,75000,0,shelter,2,0
recoverable_risky_corridor-expected_sarsa-s15-927d16f8161f,15,expected_sarsa,recoverable,0.82,1,100000,100000,0,shelter,2,0
recoverable_risky_corridor-expected_sarsa-s15-a8a71f253c10,15,expected_sarsa,recoverable,0.805,0.25,25000,25000,0,corridor,1,1
recoverable_risky_corridor-expected_sarsa-s15-a8a71f253c10,15,expected_sarsa,recoverable,0.805,0.5,50000,50000,0,shelter,2,0
recoverable_risky_corridor-expected_sarsa-s15-a8a71f253c10,15,expected_sarsa,recoverable,0.805,0.75,75000,75000,0,shelter,2,0
recoverable_risky_corridor-expected_sarsa-s15-a8a71f253c10,15,expected_sarsa,recoverable,0.805,1,100000,100000,0,shelter,2,0
recoverable_risky_corridor-expected_sarsa-s15-aa22f94451c7,15,expected_sarsa,recoverable,0.9,0.25,25000,25000,0,corridor,1,1
recoverable_risky_corridor-expected_sarsa-s15-aa22f94451c7,15,expected_sarsa,recoverable,0.9,0.5,50000,50000,0,corridor,1,1
recoverable_risky_corridor-expected_sarsa-s15-aa22f94451c7,15,expected_sarsa,recoverable,0.9,0.75,75000,75000,0,corridor,1,1
recoverable_risky_corridor-expected_sarsa-s15-aa22f94451c7,15,expected_sarsa,recoverable,0.9,1,100000,100000,0,corridor,1,1
recoverable_risky_corridor-expected_sarsa-s15-ae707cc45495,15,expected_sarsa,recoverable,0.7,0.25,25000,25000,0,shelter,2,0
recoverable_risky_corridor-expected_sarsa-s15-ae707cc45495,15,expected_sarsa,recoverable,0.7,0.5,50000,50000,0,shelter,2,0
recoverable_risky_corridor-expected_sarsa-s15-ae707cc45495,15,expected_sarsa,recoverable,0.7,0.75,75000,75000,0,shelter,2,0
recoverable_risky_corridor-expected_sarsa-s15-ae707cc45495,15,expected_sarsa,recoverable,0.7,1,100000,100000,0,shelter,2,0
recoverable_risky_corridor-expected_sarsa-s15-c3aafc60ecff,15,expected_sarsa,recoverable,0.88,0.25,25000,25000,0,corridor,1,1
recoverable_risky_corridor-expected_sarsa-s15-c3aafc60ecff,15,expected_sarsa,recoverable,0.88,0.5,50000,50000,0,corridor,1,1
recoverable_risky_corridor-expected_sarsa-s15-c3aafc60ecff,15,expected_sarsa,recoverable,0.88,0.75,75000,75000,0,corridor,1,1
recoverable_risky_corridor-expected_sarsa-s15-c3aafc60ecff,15,expected_sarsa,recoverable,0.88,1,100000,100000,0,shelter,2,0
recoverable_risky_corridor-expected_sarsa-s15-df164e6e7a80,15,expected_sarsa,recoverable,0.8,0.25,25000,25000,0,shelter,2,0
recoverable_risky_corridor-expected_sarsa-s15-df164e6e7a80,15,expected_sarsa,recoverable,0.8,0.5,50000,50000,0,shelter,2,0
recoverable_risky_corridor-expected_sarsa-s15-df164e6e7a80,15,expected_sarsa,recoverable,0.8,0.75,75000,75000,0,shelter,2,0
recoverable_risky_corridor-expected_sarsa-s15-df164e6e7a80,15,expected_sarsa,recoverable,0.8,1,100000,100000,0,shelter,2,0
recoverable_risky_corridor-expected_sarsa-s15-e9a4cf24a40c,15,expected_sarsa,recoverable,0.84,0.25,25000,25000,0,corridor,1,1
recoverable_risky_corridor-expected_sarsa-s15-e9a4cf24a40c,15,expected_sarsa,recoverable,0.84,0.5,50000,50000,0,corridor,1,1
recoverable_risky_corridor-expected_sarsa-s15-e9a4cf24a40c,15,expected_sarsa,recoverable,0.84,0.75,75000,75000,0,shelter,2,0
recoverable_risky_corridor-expected_sarsa-s15-e9a4cf24a40c,15,expected_sarsa,recoverable,0.84,1,100000,100000,0,shelter,2,0
recoverable_risky_corridor-expected_sarsa-s15-eefd5924ecb5,15,expected_sarsa,recoverable,0.6,0.25,25000,25000,0,shelter,2,0
recoverable_risky_corridor-expected_sarsa-s15-eefd5924ecb5,15,expected_sarsa,recoverable,0.6,0.5,50000,50000,0,corridor,1,1
recoverable_risky_corridor-expected_sarsa-s15-eefd5924ecb5,15,expected_sarsa,recoverable,0.6,0.75,75000,75000,0,shelter,2,0
recoverable_risky_corridor-expected_sarsa-s15-eefd5924ecb5,15,expected_sarsa,recoverable,0.6,1,100000,100000,0,shelter,2,0
recoverable_risky_corridor-expected_sarsa-s16-090506fd0a24,16,expected_sarsa,recoverable,0.86,0.25,25000,25000,0,corridor,1,1
recoverable_risky_corridor-expected_sarsa-s16-090506fd0a24,16,expected_sarsa,recoverable,0.86,0.5,50000,50000,0,shelter,2,0
recoverable_risky_corridor-expected_sarsa-s16-090506fd0a24,16,expected_sarsa,recoverable,0.86,0.75,75000,75000,0,corridor,1,1
recoverable_risky_corridor-expected_sarsa-s16-090506fd0a24,16,expected_sarsa,recoverable,0.86,1,100000,100000,0,shelter,2,0
recoverable_risky_corridor-expected_sarsa-s16-0d76c3d63a73,16,expected_sarsa,recoverable,0.84,0.25,25000,25000,0,corridor,1,1
recoverable_risky_corridor-expected_sarsa-s16-0d76c3d63a73,16,expected_sarsa,recoverable,0.84,0.5,50000,50000,0,shelter,2,0
recoverable_risky_corridor-expected_sarsa-s16-0d76c3d63a73,16,expected_sarsa,recoverable,0.84,0.75,75000,75000,0,shelter,2,0
recoverable_risky_corridor-expected_sarsa-s16-0d76c3d63a73,16,expected_sarsa,recoverable,0.84,1,100000,100000,0,shelter,2,0
recoverable_risky_corridor-expected_sarsa-s16-30761b2e6581,16,expected_sarsa,recoverable,0.85,0.25,25000,25000,0,corridor,1,1
recoverable_risky_corridor-expected_sarsa-s16-30761b2e6581,16,expected_sarsa,recoverable,0.85,0.5,50000,50000,0,shelter,2,0
recoverable_risky_corridor-expected_sarsa-s16-30761b2e6581,16,expected_sarsa,recoverable,0.85,0.75,75000,75000,0,corridor,1,1
recoverable_risky_corridor-expected_sarsa-s16-30761b2e6581,16,expected_sarsa,recoverable,0.85,1,100000,100000,0,shelter,2,0
recoverable_risky_corridor-expected_sarsa-s16-338664bdac09,16,expected_sarsa,recoverable,0.855,0.25,25000,25000,0,corridor,1,1
recoverable_risky_corridor-expected_sarsa-s16-338664bdac09,16,expected_sarsa,recoverable,0.855,0.5,50000,50000,0,corridor,1,1
recoverable_risky_corridor-expected_sarsa-s16-338664bdac09,16,expected_sarsa,recoverable,0.855,0.75,75000,75000,0,shelter,2,0
recoverable_risky_corridor-expected_sarsa-s16-338664bdac09,16,expected_sarsa,recoverable,0.855,1,100000,100000,0,shelter,2,0
recoverable_risky_corridor-expected_sarsa-s16-44572c112f8d,16,expected_sarsa,recoverable,0.88,0.25,25000,25000,0,corridor,1,1
recoverable_risky_corridor-expected_sarsa-s16-44572c112f8d,16,expected_sarsa,recoverable,0.88,0.5,50000,50000,0,shelter,2,0
recoverable_risky_corridor-expected_sarsa-s16-44572c112f8d,16,expected_sarsa,recoverable,0.88,0.75,75000,75000,0,shelter,2,0
recoverable_risky_corridor-expected_sarsa-s16-44572c112f8d,16,expected_sarsa,recoverable,0.88,1,100000,100000,0,corridor,1,1
recoverable_risky_corridor-expected_sarsa-s16-4c36d2390b6d,16,expected_sarsa,recoverable,0.7,0.25,25000,25000,0,corridor,1,1
recoverable_risky_corridor-expected_sarsa-s16-4c36d2390b6d,16,expected_sarsa,recoverable,0.7,0.5,50000,50000,0,shelter,2,0
recoverable_risky_corridor-expected_sarsa-s16-4c36d2390b6d,16,expected_sarsa,recoverable,0.7,0.75,75000,75000,0,shelter,2,0
recoverable_risky_corridor-expected_sarsa-s16-4c36d2390b6d,16,expected_sarsa,recoverable,0.7,1,100000,100000,0,shelter,2,0
recoverable_risky_corridor-expected_sarsa-s16-4e4f699d82f2,16,expected_sarsa,recoverable,0.835,0.25,25000,25000,0,corridor,1,1
recoverable_risky_corridor-expected_sarsa-s16-4e4f699d82f2,16,expected_sarsa,recoverable,0.835,0.5,50000,50000,0,shelter,2,0
recoverable_risky_corridor-expected_sarsa-s16-4e4f699d82f2,16,expected_sarsa,recoverable,0.835,0.75,75000,75000,0,shelter,2,0
recoverable_risky_corridor-expected_sarsa-s16-4e4f699d82f2,16,expected_sarsa,recoverable,0.835,1,100000,100000,0,shelter,2,0
recoverable_risky_corridor-expected_sarsa-s16-68947f25ecf8,16,expected_sarsa,recoverable,0.805,0.25,25000,25000,0,corridor,1,1
recoverable_risky_corridor-expected_sarsa-s16-68947f25ecf8,16,expected_sarsa,recoverable,0.805,0.5,50000,50000,0,shelter,2,0
recoverable_risky_corridor-expected_sarsa-s16-68947f25ecf8,16,expected_sarsa,recoverable,0.805,0.75,75000,75000,0,shelter,2,0
recoverable_risky_corridor-expected_sarsa-s16-68947f25ecf8,16,expected_sarsa,recoverable,0.805,1,100000,100000,0,shelter,2,0
recoverable_risky_corridor-expected_sarsa-s16-97d6602b8a48,16,expected_sarsa,recoverable,0.845,0.25,25000,25000,0,corridor,1,1
recoverable_risky_corridor-expected_sarsa-s16-97d6602b8a48,16,expected_sarsa,recoverable,0.845,0.5,50000,50000,0,corridor,1,1
recoverable_risky_corridor-expected_sarsa-s16-97d6602b8a48,16,expected_sarsa,recoverable,0.845,0.75,75000,75000,0,shelter,2,0
recoverable_risky_corridor-expected_sarsa-s16-97d6602b8a48,16,expected_sarsa,recoverable,0.845,1,100000,100000,0,shelter,2,0
recoverable_risky_corridor-expected_sarsa-s16-9e1eb463d681,16,expected_sarsa,recoverable,0.78,0.25,25000,25000,0,shelter,2,0
recoverable_risky_corridor-expected_sarsa-s16-9e1eb463d681,16,expected_sarsa,recoverable,0.78,0.5,50000,50000,0,shelter,2,0
recoverable_risky_corridor-expected_sarsa-s16-9e1eb463d681,16,expected_sarsa,recoverable,0.78,0.75,75000,75000,0,shelter,2,0
recoverable_risky_corridor-expected_sarsa-s16-9e1eb463d681,16,expected_sarsa,recoverable,0.78,1,100000,100000,0,shelter,2,0
recoverable_risky_corridor-expected_sarsa-s16-b706cb9a48af,16,expected_sarsa,recoverable,0.9,0.25,25000,25000,0,corridor,1,1
recoverable_risky_corridor-expected_sarsa-s16-b706cb9a48af,16,expected_sarsa,recoverable,0.9,0.5,50000,50000,0,corridor,1,1
recoverable_risky_corridor-expected_sarsa-s16-b706cb9a48af,16,expected_sarsa,recoverable,0.9,0.75,75000,75000,0,corridor,1,1
recoverable_risky_corridor-expected_sarsa-s16-b706cb9a48af,16,expected_sarsa,recoverable,0.9,1,100000,100000,0,corridor,1,1
recoverable_risky_corridor-expected_sarsa-s16-bde3834f83b0,16,expected_sarsa,recoverable,0.82,0.25,25000,25000,0,corridor,1,1
recoverable_risky_corridor-expected_sarsa-s16-bde3834f83b0,16,expected_sarsa,recoverable,0.82,0.5,50000,50000,0,shelter,2,0
recoverable_risky_corridor-expected_sarsa-s16-bde3834f83b0,16,expected_sarsa,recoverable,0.82,0.75,75000,75000,0,corridor,1,1
recoverable_risky_corridor-expected_sarsa-s16-bde3834f83b0,16,expected_sarsa,recoverable,0.82,1,100000,100000,0,shelter,2,0
recoverable_risky_corridor-expected_sarsa-s16-c01e8a47b841,16,expected_sarsa,recoverable,0.825,0.25,25000,25000,0,shelter,2,0
recoverable_risky_corridor-expected_sarsa-s16-c01e8a47b841,16,expected_sarsa,recoverable,0.825,0.5,50000,50000,0,shelter,2,0
recoverable_risky_corridor-expected_sarsa-s16-c01e8a47b841,16,expected_sarsa,recoverable,0.825,0.75,75000,75000,0,corridor,1,1
recoverable_risky_corridor-expected_sarsa-s16-c01e8a47b841,16,expected_sarsa,recoverable,0.825,1,100000,100000,0,shelter,2,0
recoverable_risky_corridor-expected_sarsa-s16-d3fe21c4d517,16,expected_sarsa,recoverable,0.8,0.25,25000,25000,0,corridor,1,1
recoverable_risky_corridor-expected_sarsa-s16-d3fe21c4d517,16,expected_sarsa,recoverable,0.8,0.5,50000,50000,0,shelter,2,0
recoverable_risky_corridor-expected_sarsa-s16-d3fe21c4d517,16,expected_sarsa,recoverable,0.8,0.75,75000,75000,0,shelter,2,0
recoverable_risky_corridor-expected_sarsa-s16-d3fe21c4d517,16,expected_sarsa,recoverable,0.8,1,100000,100000,0,shelter,2,0
recoverable_risky_corridor-expected_sarsa-s16-da2b6d3f3ff0,16,expected_sarsa,recoverable,0.79,0.25,25000,25000,0,shelter,2,0
recoverable_risky_corridor-expected_sarsa-s16-da2b6d3f3ff0,16,expected_sarsa,recoverable,0.79,0.5,50000,50000,0,shelter,2,0
recoverable_risky_corridor-expected_sarsa-s16-da2b6d3f3ff0,16,expected_sarsa,recoverable,0.79,0.75,75000,75000,0,shelter,2,0
recoverable_risky_corridor-expected_sarsa-s16-da2b6d3f3ff0,16,expected_sarsa,recoverable,0.79,1,100000,100000,0,shelter,2,0
recoverable_risky_corridor-expected_sarsa-s16-eee5643677aa,16,expected_sarsa,recoverable,0.81,0.25,25000,25000,0,corridor,1,1
recoverable_risky_corridor-expected_sarsa-s16-eee5643677aa,16,expected_sarsa,recoverable,0.81,0.5,50000,50000,0,shelter,2,0
recoverable_risky_corridor-expected_sarsa-s16-eee5643677aa,16,expected_sarsa,recoverable,0.81,0.75,75000,75000,0,shelter,2,0
recoverable_risky_corridor-expected_sarsa-s16-eee5643677aa,16,expected_sarsa,recoverable,0.81,1,100000,100000,0,shelter,2,0
recoverable_risky_corridor-expected_sarsa-s16-f5ee302bfd3d,16,expected_sarsa,recoverable,1,0.25,25000,25000,0,corridor,1,1
recoverable_risky_corridor-expected_sarsa-s16-f5ee302bfd3d,16,expected_sarsa,recoverable,1,0.5,50000,50000,0,corridor,1,1
recoverable_risky_corridor-expected_sarsa-s16-f5ee302bfd3d,16,expected_sarsa,recoverable,1,0.75,75000,75000,0,corridor,1,1
recoverable_risky_corridor-expected_sarsa-s16-f5ee302bfd3d,16,expected_sarsa,recoverable,1,1,100000,100000,0,corridor,1,1
recoverable_risky_corridor-expected_sarsa-s16-f88c612f4703,16,expected_sarsa,recoverable,0.6,0.25,25000,25000,0,corridor,1,1
recoverable_risky_corridor-expected_sarsa-s16-f88c612f4703,16,expected_sarsa,recoverable,0.6,0.5,50000,50000,0,shelter,2,0
recoverable_risky_corridor-expected_sarsa-s16-f88c612f4703,16,expected_sarsa,recoverable,0.6,0.75,75000,75000,0,shelter,2,0
recoverable_risky_corridor-expected_sarsa-s16-f88c612f4703,16,expected_sarsa,recoverable,0.6,1,100000,100000,0,shelter,2,0
recoverable_risky_corridor-expected_sarsa-s17-0080841fde21,17,expected_sarsa,recoverable,0.8,0.25,25000,25000,0,shelter,2,0
recoverable_risky_corridor-expected_sarsa-s17-0080841fde21,17,expected_sarsa,recoverable,0.8,0.5,50000,50000,0,shelter,2,0
recoverable_risky_corridor-expected_sarsa-s17-0080841fde21,17,expected_sarsa,recoverable,0.8,0.75,75000,75000,0,shelter,2,0
recoverable_risky_corridor-expected_sarsa-s17-0080841fde21,17,expected_sarsa,recoverable,0.8,1,100000,100000,0,shelter,2,0
recoverable_risky_corridor-expected_sarsa-s17-03df2fdb76ca,17,expected_sarsa,recoverable,0.78,0.25,25000,25000,0,corridor,1,1
recoverable_risky_corridor-expected_sarsa-s17-03df2fdb76ca,17,expected_sarsa,recoverable,0.78,0.5,50000,50000,0,shelter,2,0
recoverable_risky_corridor-expected_sarsa-s17-03df2fdb76ca,17,expected_sarsa,recoverable,0.78,0.75,75000,75000,0,shelter,2,0
recoverable_risky_corridor-expected_sarsa-s17-03df2fdb76ca,17,expected_sarsa,recoverable,0.78,1,100000,100000,0,shelter,2,0
recoverable_risky_corridor-expected_sarsa-s17-1936937eea56,17,expected_sarsa,recoverable,0.85,0.25,25000,25000,0,shelter,2,0
recoverable_risky_corridor-expected_sarsa-s17-1936937eea56,17,expected_sarsa,recoverable,0.85,0.5,50000,50000,0,shelter,2,0
recoverable_risky_corridor-expected_sarsa-s17-1936937eea56,17,expected_sarsa,recoverable,0.85,0.75,75000,75000,0,shelter,2,0
recoverable_risky_corridor-expected_sarsa-s17-1936937eea56,17,expected_sarsa,recoverable,0.85,1,100000,100000,0,shelter,2,0
recoverable_risky_corridor-expected_sarsa-s17-459622a5c759,17,expected_sarsa,recoverable,0.84,0.25,25000,25000,0,corridor,1,1
recoverable_risky_corridor-expected_sarsa-s17-459622a5c759,17,expected_sarsa,recoverable,0.84,0.5,50000,50000,0,shelter,2,0
recoverable_risky_corridor-expected_sarsa-s17-459622a5c759,17,expected_sarsa,recoverable,0.84,0.75,75000,75000,0,shelter,2,0
recoverable_risky_corridor-expected_sarsa-s17-459622a5c759,17,expected_sarsa,recoverable,0.84,1,100000,100000,0,shelter,2,0
recoverable_risky_corridor-expected_sarsa-s17-55f50686dabb,17,expected_sarsa,recoverable,0.88,0.25,25000,25000,0,corridor,1,1
recoverable_risky_corridor-expected_sarsa-s17-55f50686dabb,17,expected_sarsa,recoverable,0.88,0.5,50000,50000,0,corridor,1,1
recoverable_risky_corridor-expected_sarsa-s17-55f50686dabb,17,expected_sarsa,recoverable,0.88,0.75,75000,75000,0,corridor,1,1
recoverable_risky_corridor-expected_sarsa-s17-55f50686dabb,17,expected_sarsa,recoverable,0.88,1,100000,100000,0,corridor,1,1
recoverable_risky_corridor-expected_sarsa-s17-5be7124c1385,17,expected_sarsa,recoverable,0.825,0.25,25000,25000,0,corridor,1,1
recoverable_risky_corridor-expected_sarsa-s17-5be7124c1385,17,expected_sarsa,recoverable,0.825,0.5,50000,50000,0,shelter,2,0
recoverable_risky_corridor-expected_sarsa-s17-5be7124c1385,17,expected_sarsa,recoverable,0.825,0.75,75000,75000,0,shelter,2,0
recoverable_risky_corridor-expected_sarsa-s17-5be7124c1385,17,expected_sarsa,recoverable,0.825,1,100000,100000,0,corridor,1,1
recoverable_risky_corridor-expected_sarsa-s17-5ec01aad443e,17,expected_sarsa,recoverable,0.7,0.25,25000,25000,0,shelter,2,0
recoverable_risky_corridor-expected_sarsa-s17-5ec01aad443e,17,expected_sarsa,recoverable,0.7,0.5,50000,50000,0,shelter,2,0
recoverable_risky_corridor-expected_sarsa-s17-5ec01aad443e,17,expected_sarsa,recoverable,0.7,0.75,75000,75000,0,shelter,2,0
recoverable_risky_corridor-expected_sarsa-s17-5ec01aad443e,17,expected_sarsa,recoverable,0.7,1,100000,100000,0,shelter,2,0
recoverable_risky_corridor-expected_sarsa-s17-6fcf03ee91b6,17,expected_sarsa,recoverable,1,0.25,25000,25000,0,corridor,1,1
recoverable_risky_corridor-expected_sarsa-s17-6fcf03ee91b6,17,expected_sarsa,recoverable,1,0.5,50000,50000,0,corridor,1,1
recoverable_risky_corridor-expected_sarsa-s17-6fcf03ee91b6,17,expected_sarsa,recoverable,1,0.75,75000,75000,0,corridor,1,1
recoverable_risky_corridor-expected_sarsa-s17-6fcf03ee91b6,17,expected_sarsa,recoverable,1,1,100000,100000,0,corridor,1,1
recoverable_risky_corridor-expected_sarsa-s17-800d5f9e5b11,17,expected_sarsa,recoverable,0.82,0.25,25000,25000,0,shelter,2,0
recoverable_risky_corridor-expected_sarsa-s17-800d5f9e5b11,17,expected_sarsa,recoverable,0.82,0.5,50000,50000,0,corridor,1,1
recoverable_risky_corridor-expected_sarsa-s17-800d5f9e5b11,17,expected_sarsa,recoverable,0.82,0.75,75000,75000,0,corridor,1,1
recoverable_risky_corridor-expected_sarsa-s17-800d5f9e5b11,17,expected_sarsa,recoverable,0.82,1,100000,100000,0,shelter,2,0
recoverable_risky_corridor-expected_sarsa-s17-8cc2c62cd399,17,expected_sarsa,recoverable,0.6,0.25,25000,25000,0,corridor,1,1
recoverable_risky_corridor-expected_sarsa-s17-8cc2c62cd399,17,expected_sarsa,recoverable,0.6,0.5,50000,50000,0,shelter,2,0
recoverable_risky_corridor-expected_sarsa-s17-8cc2c62cd399,17,expected_sarsa,recoverable,0.6,0.75,75000,75000,0,shelter,2,0
recoverable_risky_corridor-expected_sarsa-s17-8cc2c62cd399,17,expected_sarsa,recoverable,0.6,1,100000,100000,0,shelter,2,0
recoverable_risky_corridor-expected_sarsa-s17-8f3d891a35d1,17,expected_sarsa,recoverable,0.9,0.25,25000,25000,0,corridor,1,1
recoverable_risky_corridor-expected_sarsa-s17-8f3d891a35d1,17,expected_sarsa,recoverable,0.9,0.5,50000,50000,0,corridor,1,1
recoverable_risky_corridor-expected_sarsa-s17-8f3d891a35d1,17,expected_sarsa,recoverable,0.9,0.75,75000,75000,0,corridor,1,1
recoverable_risky_corridor-expected_sarsa-s17-8f3d891a35d1,17,expected_sarsa,recoverable,0.9,1,100000,100000,0,corridor,1,1
recoverable_risky_corridor-expected_sarsa-s17-95f4480ae695,17,expected_sarsa,recoverable,0.81,0.25,25000,25000,0,corridor,1,1
recoverable_risky_corridor-expected_sarsa-s17-95f4480ae695,17,expected_sarsa,recoverable,0.81,0.5,50000,50000,0,corridor,1,1
recoverable_risky_corridor-expected_sarsa-s17-95f4480ae695,17,expected_sarsa,recoverable,0.81,0.75,75000,75000,0,shelter,2,0
recoverable_risky_corridor-expected_sarsa-s17-95f4480ae695,17,expected_sarsa,recoverable,0.81,1,100000,100000,0,shelter,2,0
recoverable_risky_corridor-expected_sarsa-s17-ab4bc99a897f,17,expected_sarsa,recoverable,0.79,0.25,25000,25000,0,shelter,2,0
recoverable_risky_corridor-expected_sarsa-s17-ab4bc99a897f,17,expected_sarsa,recoverable,0.79,0.5,50000,50000,0,shelter,2,0
recoverable_risky_corridor-expected_sarsa-s17-ab4bc99a897f,17,expected_sarsa,recoverable,0.79,0.75,75000,75000,0,shelter,2,0
recoverable_risky_corridor-expected_sarsa-s17-ab4bc99a897f,17,expected_sarsa,recoverable,0.79,1,100000,100000,0,shelter,2,0
recoverable_risky_corridor-expected_sarsa-s17-c26090b8eb9d,17,expected_sarsa,recoverable,0.845,0.25,25000,25000,0,corridor,1,1
recoverable_risky_corridor-expected_sarsa-s17-c26090b8eb9d,17,expected_sarsa,recoverable,0.845,0.5,50000,50000,0,shelter,2,0
recoverable_risky_corridor-expected_sarsa-s17-c26090b8eb9d,17,expected_sarsa,recoverable,0.845,0.75,75000,75000,0,corridor,1,1
recoverable_risky_corridor-expected_sarsa-s17-c26090b8eb9d,17,expected_sarsa,recoverable,0.845,1,100000,100000,0,shelter,2,0
recoverable_risky_corridor-expected_sarsa-s17-d4b82d36fa13,17,expected_sarsa,recoverable,0.805,0.25,25000,25000,0,corridor,1,1
recoverable_risky_corridor-expected_sarsa-s17-d4b82d36fa13,17,expected_sarsa,recoverable,0.805,0.5,50000,50000,0,shelter,2,0
recoverable_risky_corridor-expected_sarsa-s17-d4b82d36fa13,17,expected_sarsa,recoverable,0.805,0.75,75000,75000,0,shelter,2,0
recoverable_risky_corridor-expected_sarsa-s17-d4b82d36fa13,17,expected_sarsa,recoverable,0.805,1,100000,100000,0,shelter,2,0
recoverable_risky_corridor-expected_sarsa-s17-e380447c31ae,17,expected_sarsa,recoverable,0.855,0.25,25000,25000,0,corridor,1,1
recoverable_risky_corridor-expected_sarsa-s17-e380447c31ae,17,expected_sarsa,recoverable,0.855,0.5,50000,50000,0,corridor,1,1
recoverable_risky_corridor-expected_sarsa-s17-e380447c31ae,17,expected_sarsa,recoverable,0.855,0.75,75000,75000,0,corridor,1,1
recoverable_risky_corridor-expected_sarsa-s17-e380447c31ae,17,expected_sarsa,recoverable,0.855,1,100000,100000,0,corridor,1,1
recoverable_risky_corridor-expected_sarsa-s17-e95f7858e986,17,expected_sarsa,recoverable,0.86,0.25,25000,25000,0,corridor,1,1
recoverable_risky_corridor-expected_sarsa-s17-e95f7858e986,17,expected_sarsa,recoverable,0.86,0.5,50000,50000,0,corridor,1,1
recoverable_risky_corridor-expected_sarsa-s17-e95f7858e986,17,expected_sarsa,recoverable,0.86,0.75,75000,75000,0,shelter,2,0
recoverable_risky_corridor-expected_sarsa-s17-e95f7858e986,17,expected_sarsa,recoverable,0.86,1,100000,100000,0,shelter,2,0
recoverable_risky_corridor-expected_sarsa-s17-f4562b87b85a,17,expected_sarsa,recoverable,0.835,0.25,25000,25000,0,corridor,1,1
recoverable_risky_corridor-expected_sarsa-s17-f4562b87b85a,17,expected_sarsa,recoverable,0.835,0.5,50000,50000,0,shelter,2,0
recoverable_risky_corridor-expected_sarsa-s17-f4562b87b85a,17,expected_sarsa,recoverable,0.835,0.75,75000,75000,0,shelter,2,0
recoverable_risky_corridor-expected_sarsa-s17-f4562b87b85a,17,expected_sarsa,recoverable,0.835,1,100000,100000,0,shelter,2,0
recoverable_risky_corridor-expected_sarsa-s18-0cdfd538a0b8,18,expected_sarsa,recoverable,0.78,0.25,25000,25000,0,corridor,1,1
recoverable_risky_corridor-expected_sarsa-s18-0cdfd538a0b8,18,expected_sarsa,recoverable,0.78,0.5,50000,50000,0,shelter,2,0
recoverable_risky_corridor-expected_sarsa-s18-0cdfd538a0b8,18,expected_sarsa,recoverable,0.78,0.75,75000,75000,0,shelter,2,0
recoverable_risky_corridor-expected_sarsa-s18-0cdfd538a0b8,18,expected_sarsa,recoverable,0.78,1,100000,100000,0,shelter,2,0
recoverable_risky_corridor-expected_sarsa-s18-0d220f0be54c,18,expected_sarsa,recoverable,0.6,0.25,25000,25000,0,shelter,2,0
recoverable_risky_corridor-expected_sarsa-s18-0d220f0be54c,18,expected_sarsa,recoverable,0.6,0.5,50000,50000,0,shelter,2,0
recoverable_risky_corridor-expected_sarsa-s18-0d220f0be54c,18,expected_sarsa,recoverable,0.6,0.75,75000,75000,0,shelter,2,0
recoverable_risky_corridor-expected_sarsa-s18-0d220f0be54c,18,expected_sarsa,recoverable,0.6,1,100000,100000,0,shelter,2,0
recoverable_risky_corridor-expected_sarsa-s18-3701900a697d,18,expected_sarsa,recoverable,1,0.25,25000,25000,0,corridor,1,1
recoverable_risky_corridor-expected_sarsa-s18-3701900a697d,18,expected_sarsa,recoverable,1,0.5,50000,50000,0,corridor,1,1
recoverable_risky_corridor-expected_sarsa-s18-3701900a697d,18,expected_sarsa,recoverable,1,0.75,75000,75000,0,corridor,1,1
recoverable_risky_corridor-expected_sarsa-s18-3701900a697d,18,expected_sarsa,recoverable,1,1,100000,100000,0,corridor,1,1
recoverable_risky_corridor-expected_sarsa-s18-4e8a0f877576,18,expected_sarsa,recoverable,0.835,0.25,25000,25000,0,shelter,2,0
recoverable_risky_corridor-expected_sarsa-s18-4e8a0f877576,18,expected_sarsa,recoverable,0.835,0.5,50000,50000,0,corridor,1,1
recoverable_risky_corridor-expected_sarsa-s18-4e8a0f877576,18,expected_sarsa,recoverable,0.835,0.75,75000,75000,0,shelter,2,0
recoverable_risky_corridor-expected_sarsa-s18-4e8a0f877576,18,expected_sarsa,recoverable,0.835,1,100000,100000,0,shelter,2,0
recoverable_risky_corridor-expected_sarsa-s18-577b1beaa67c,18,expected_sarsa,recoverable,0.8,0.25,25000,25000,0,corridor,1,1
recoverable_risky_corridor-expected_sarsa-s18-577b1beaa67c,18,expected_sarsa,recoverable,0.8,0.5,50000,50000,0,shelter,2,0
recoverable_risky_corridor-expected_sarsa-s18-577b1beaa67c,18,expected_sarsa,recoverable,0.8,0.75,75000,75000,0,shelter,2,0
recoverable_risky_corridor-expected_sarsa-s18-577b1beaa67c,18,expected_sarsa,recoverable,0.8,1,100000,100000,0,shelter,2,0
recoverable_risky_corridor-expected_sarsa-s18-5da85ac6c645,18,expected_sarsa,recoverable,0.88,0.25,25000,25000,0,corridor,1,1
recoverable_risky_corridor-expected_sarsa-s18-5da85ac6c645,18,expected_sarsa,recoverable,0.88,0.5,50000,50000,0,corridor,1,1
recoverable_risky_corridor-expected_sarsa-s18-5da85ac6c645,18,expected_sarsa,recoverable,0.88,0.75,75000,75000,0,corridor,1,1
recoverable_risky_corridor-expected_sarsa-s18-5da85ac6c645,18,expected_sarsa,recoverable,0.88,1,100000,100000,0,corridor,1,1
recoverable_risky_corridor-expected_sarsa-s18-5f8c54570a3c,18,expected_sarsa,recoverable,0.85,0.25,25000,25000,0,corridor,1,1
recoverable_risky_corridor-expected_sarsa-s18-5f8c54570a3c,18,expected_sarsa,recoverable,0.85,0.5,50000,50000,0,shelter,2,0
recoverable_risky_corridor-expected_sarsa-s18-5f8c54570a3c,18,expected_sarsa,recoverable,0.85,0.75,75000,75000,0,corridor,1,1
recoverable_risky_corridor-expected_sarsa-s18-5f8c54570a3c,18,expected_sarsa,recoverable,0.85,1,100000,100000,0,shelter,2,0
recoverable_risky_corridor-expected_sarsa-s18-6afdf8017f8d,18,expected_sarsa,recoverable,0.9,0.25,25000,25000,0,corridor,1,1
recoverable_risky_corridor-expected_sarsa-s18-6afdf8017f8d,18,expected_sarsa,recoverable,0.9,0.5,50000,50000,0,corridor,1,1
recoverable_risky_corridor-expected_sarsa-s18-6afdf8017f8d,18,expected_sarsa,recoverable,0.9,0.75,75000,75000,0,corridor,1,1
recoverable_risky_corridor-expected_sarsa-s18-6afdf8017f8d,18,expected_sarsa,recoverable,0.9,1,100000,100000,0,corridor,1,1
recoverable_risky_corridor-expected_sarsa-s18-78f183c8725a,18,expected_sarsa,recoverable,0.79,0.25,25000,25000,0,corridor,1,1
recoverable_risky_corridor-expected_sarsa-s18-78f183c8725a,18,expected_sarsa,recoverable,0.79,0.5,50000,50000,0,shelter,2,0
recoverable_risky_corridor-expected_sarsa-s18-78f183c8725a,18,expected_sarsa,recoverable,0.79,0.75,75000,75000,0,shelter,2,0
recoverable_risky_corridor-expected_sarsa-s18-78f183c8725a,18,expected_sarsa,recoverable,0.79,1,100000,100000,0,shelter,2,0
recoverable_risky_corridor-expected_sarsa-s18-79f51cfad74c,18,expected_sarsa,recoverable,0.855,0.25,25000,25000,0,corridor,1,1
recoverable_risky_corridor-expected_sarsa-s18-79f51cfad74c,18,expected_sarsa,recoverable,0.855,0.5,50000,50000,0,shelter,2,0
recoverable_risky_corridor-expected_sarsa-s18-79f51cfad74c,18,expected_sarsa,recoverable,0.855,0.75,75000,75000,0,shelter,2,0
recoverable_risky_corridor-expected_sarsa-s18-79f51cfad74c,18,expected_sarsa,recoverable,0.855,1,100000,100000,0,corridor,1,1
recoverable_risky_corridor-expected_sarsa-s18-86d39888c09d,18,expected_sarsa,recoverable,0.805,0.25,25000,25000,0,other,3,0
recoverable_risky_corridor-expected_sarsa-s18-86d39888c09d,18,expected_sarsa,recoverable,0.805,0.5,50000,50000,0,shelter,2,0
recoverable_risky_corridor-expected_sarsa-s18-86d39888c09d,18,expected_sarsa,recoverable,0.805,0.75,75000,75000,0,shelter,2,0
recoverable_risky_corridor-expected_sarsa-s18-86d39888c09d,18,expected_sarsa,recoverable,0.805,1,100000,100000,0,shelter,2,0
recoverable_risky_corridor-expected_sarsa-s18-8e0bff07a0d7,18,expected_sarsa,recoverable,0.81,0.25,25000,25000,0,corridor,1,1
recoverable_risky_corridor-expected_sarsa-s18-8e0bff07a0d7,18,expected_sarsa,recoverable,0.81,0.5,50000,50000,0,shelter,2,0
recoverable_risky_corridor-expected_sarsa-s18-8e0bff07a0d7,18,expected_sarsa,recoverable,0.81,0.75,75000,75000,0,shelter,2,0
recoverable_risky_corridor-expected_sarsa-s18-8e0bff07a0d7,18,expected_sarsa,recoverable,0.81,1,100000,100000,0,shelter,2,0
recoverable_risky_corridor-expected_sarsa-s18-a31c7183b54d,18,expected_sarsa,recoverable,0.845,0.25,25000,25000,0,corridor,1,1
recoverable_risky_corridor-expected_sarsa-s18-a31c7183b54d,18,expected_sarsa,recoverable,0.845,0.5,50000,50000,0,corridor,1,1
recoverable_risky_corridor-expected_sarsa-s18-a31c7183b54d,18,expected_sarsa,recoverable,0.845,0.75,75000,75000,0,corridor,1,1
recoverable_risky_corridor-expected_sarsa-s18-a31c7183b54d,18,expected_sarsa,recoverable,0.845,1,100000,100000,0,corridor,1,1
recoverable_risky_corridor-expected_sarsa-s18-b0fa59f99b38,18,expected_sarsa,recoverable,0.82,0.25,25000,25000,0,shelter,2,0
recoverable_risky_corridor-expected_sarsa-s18-b0fa59f99b38,18,expected_sarsa,recoverable,0.82,0.5,50000,50000,0,corridor,1,1
recoverable_risky_corridor-expected_sarsa-s18-b0fa59f99b38,18,expected_sarsa,recoverable,0.82,0.75,75000,75000,0,shelter,2,0
recoverable_risky_corridor-expected_sarsa-s18-b0fa59f99b38,18,expected_sarsa,recoverable,0.82,1,100000,100000,0,shelter,2,0
recoverable_risky_corridor-expected_sarsa-s18-be63a6c0ece2,18,expected_sarsa,recoverable,0.7,0.25,25000,25000,0,shelter,2,0
recoverable_risky_corridor-expected_sarsa-s18-be63a6c0ece2,18,expected_sarsa,recoverable,0.7,0.5,50000,50000,0,shelter,2,0
recoverable_risky_corridor-expected_sarsa-s18-be63a6c0ece2,18,expected_sarsa,recoverable,0.7,0.75,75000,75000,0,shelter,2,0
recoverable_risky_corridor-expected_sarsa-s18-be63a6c0ece2,18,expected_sarsa,recoverable,0.7,1,100000,100000,0,shelter,2,0
recoverable_risky_corridor-expected_sarsa-s18-dd1b959b804b,18,expected_sarsa,recoverable,0.86,0.25,25000,25000,0,corridor,1,1
recoverable_risky_corridor-expected_sarsa-s18-dd1b959b804b,18,expected_sarsa,recoverable,0.86,0.5,50000,50000,0,shelter,2,0
recoverable_risky_corridor-expected_sarsa-s18-dd1b959b804b,18,expected_sarsa,recoverable,0.86,0.75,75000,75000,0,corridor,1,1
recoverable_risky_corridor-expected_sarsa-s18-dd1b959b804b,18,expected_sarsa,recoverable,0.86,1,100000,100000,0,shelter,2,0
recoverable_risky_corridor-expected_sarsa-s18-e53f2d7e50b6,18,expected_sarsa,recoverable,0.84,0.25,25000,25000,0,corridor,1,1
recoverable_risky_corridor-expected_sarsa-s18-e53f2d7e50b6,18,expected_sarsa,recoverable,0.84,0.5,50000,50000,0,shelter,2,0
recoverable_risky_corridor-expected_sarsa-s18-e53f2d7e50b6,18,expected_sarsa,recoverable,0.84,0.75,75000,75000,0,corridor,1,1
recoverable_risky_corridor-expected_sarsa-s18-e53f2d7e50b6,18,expected_sarsa,recoverable,0.84,1,100000,100000,0,shelter,2,0
recoverable_risky_corridor-expected_sarsa-s18-ee50a5661c57,18,expected_sarsa,recoverable,0.825,0.25,25000,25000,0,shelter,2,0
recoverable_risky_corridor-expected_sarsa-s18-ee50a5661c57,18,expected_sarsa,recoverable,0.825,0.5,50000,50000,0,shelter,2,0
recoverable_risky_corridor-expected_sarsa-s18-ee50a5661c57,18,expected_sarsa,recoverable,0.825,0.75,75000,75000,0,shelter,2,0
recoverable_risky_corridor-expected_sarsa-s18-ee50a5661c57,18,expected_sarsa,recoverable,0.825,1,100000,100000,0,shelter,2,0
recoverable_risky_corridor-expected_sarsa-s19-252c22ddbf5a,19,expected_sarsa,recoverable,0.845,0.25,25000,25000,0,corridor,1,1
recoverable_risky_corridor-expected_sarsa-s19-252c22ddbf5a,19,expected_sarsa,recoverable,0.845,0.5,50000,50000,0,corridor,1,1
recoverable_risky_corridor-expected_sarsa-s19-252c22ddbf5a,19,expected_sarsa,recoverable,0.845,0.75,75000,75000,0,shelter,2,0
recoverable_risky_corridor-expected_sarsa-s19-252c22ddbf5a,19,expected_sarsa,recoverable,0.845,1,100000,100000,0,shelter,2,0
recoverable_risky_corridor-expected_sarsa-s19-44896bc0d4b7,19,expected_sarsa,recoverable,0.84,0.25,25000,25000,0,corridor,1,1
recoverable_risky_corridor-expected_sarsa-s19-44896bc0d4b7,19,expected_sarsa,recoverable,0.84,0.5,50000,50000,0,shelter,2,0
recoverable_risky_corridor-expected_sarsa-s19-44896bc0d4b7,19,expected_sarsa,recoverable,0.84,0.75,75000,75000,0,shelter,2,0
recoverable_risky_corridor-expected_sarsa-s19-44896bc0d4b7,19,expected_sarsa,recoverable,0.84,1,100000,100000,0,shelter,2,0
recoverable_risky_corridor-expected_sarsa-s19-491b73f2a12f,19,expected_sarsa,recoverable,0.835,0.25,25000,25000,0,corridor,1,1
recoverable_risky_corridor-expected_sarsa-s19-491b73f2a12f,19,expected_sarsa,recoverable,0.835,0.5,50000,50000,0,shelter,2,0
recoverable_risky_corridor-expected_sarsa-s19-491b73f2a12f,19,expected_sarsa,recoverable,0.835,0.75,75000,75000,0,shelter,2,0
recoverable_risky_corridor-expected_sarsa-s19-491b73f2a12f,19,expected_sarsa,recoverable,0.835,1,100000,100000,0,shelter,2,0
recoverable_risky_corridor-expected_sarsa-s19-4d6746595bc2,19,expected_sarsa,recoverable,0.81,0.25,25000,25000,0,corridor,1,1
recoverable_risky_corridor-expected_sarsa-s19-4d6746595bc2,19,expected_sarsa,recoverable,0.81,0.5,50000,50000,0,shelter,2,0
recoverable_risky_corridor-expected_sarsa-s19-4d6746595bc2,19,expected_sarsa,recoverable,0.81,0.75,75000,75000,0,shelter,2,0
recoverable_risky_corridor-expected_sarsa-s19-4d6746595bc2,19,expected_sarsa,recoverable,0.81,1,100000,100000,0,corridor,1,1
recoverable_risky_corridor-expected_sarsa-s19-564db55b98b9,19,expected_sarsa,recoverable,1,0.25,25000,25000,0,corridor,1,1
recoverable_risky_corridor-expected_sarsa-s19-564db55b98b9,19,expected_sarsa,recoverable,1,0.5,50000,50000,0,corridor,1,1
recoverable_risky_corridor-expected_sarsa-s19-564db55b98b9,19,expected_sarsa,recoverable,1,0.75,75000,75000,0,corridor,1,1
recoverable_risky_corridor-expected_sarsa-s19-564db55b98b9,19,expected_sarsa,recoverable,1,1,100000,100000,0,corridor,1,1
recoverable_risky_corridor-expected_sarsa-s19-591fec718e9b,19,expected_sarsa,recoverable,0.79,0.25,25000,25000,0,corridor,1,1
recoverable_risky_corridor-expected_sarsa-s19-591fec718e9b,19,expected_sarsa,recoverable,0.79,0.5,50000,50000,0,shelter,2,0
recoverable_risky_corridor-expected_sarsa-s19-591fec718e9b,19,expected_sarsa,recoverable,0.79,0.75,75000,75000,0,shelter,2,0
recoverable_risky_corridor-expected_sarsa-s19-591fec718e9b,19,expected_sarsa,recoverable,0.79,1,100000,100000,0,shelter,2,0
recoverable_risky_corridor-expected_sarsa-s19-69183f7fc7b5,19,expected_sarsa,recoverable,0.9,0.25,25000,25000,0,corridor,1,1
recoverable_risky_corridor-expected_sarsa-s19-69183f7fc7b5,19,expected_sarsa,recoverable,0.9,0.5,50000,50000,0,corridor,1,1
recoverable_risky_corridor-expected_sarsa-s19-69183f7fc7b5,19,expected_sarsa,recoverable,0.9,0.75,75000,75000,0,corridor,1,1
recoverable_risky_corridor-expected_sarsa-s19-69183f7fc7b5,19,expected_sarsa,recoverable,0.9,1,100000,100000,0,corridor,1,1
recoverable_risky_corridor-expected_sarsa-s19-6fd0ce1ffe8f,19,expected_sarsa,recoverable,0.805,0.25,25000,25000,0,corridor,1,1
recoverable_risky_corridor-expected_sarsa-s19-6fd0ce1ffe8f,19,expected_sarsa,recoverable,0.805,0.5,50000,50000,0,shelter,2,0
recoverable_risky_corridor-expected_sarsa-s19-6fd0ce1ffe8f,19,expected_sarsa,recoverable,0.805,0.75,75000,75000,0,shelter,2,0
recoverable_risky_corridor-expected_sarsa-s19-6fd0ce1ffe8f,19,expected_sarsa,recoverable,0.805,1,100000,100000,0,shelter,2,0
recoverable_risky_corridor-expected_sarsa-s19-7c9aca6b58ef,19,expected_sarsa,recoverable,0.88,0.25,25000,25000,0,corridor,1,1
recoverable_risky_corridor-expected_sarsa-s19-7c9aca6b58ef,19,expected_sarsa,recoverable,0.88,0.5,50000,50000,0,corridor,1,1
recoverable_risky_corridor-expected_sarsa-s19-7c9aca6b58ef,19,expected_sarsa,recoverable,0.88,0.75,75000,75000,0,shelter,2,0
recoverable_risky_corridor-expected_sarsa-s19-7c9aca6b58ef,19,expected_sarsa,recoverable,0.88,1,100000,100000,0,corridor,1,1
recoverable_risky_corridor-expected_sarsa-s19-843d5b1b4c1a,19,expected_sarsa,recoverable,0.825,0.25,25000,25000,0,shelter,2,0
recoverable_risky_corridor-expected_sarsa-s19-843d5b1b4c1a,19,expected_sarsa,recoverable,0.825,0.5,50000,50000,0,shelter,2,0
recoverable_risky_corridor-expected_sarsa-s19-843d5b1b4c1a,19,expected_sarsa,recoverable,0.825,0.75,75000,75000,0,shelter,2,0
recoverable_risky_corridor-expected_sarsa-s19-843d5b1b4c1a,19,expected_sarsa,recoverable,0.825,1,100000,100000,0,shelter,2,0
recoverable_risky_corridor-expected_sarsa-s19-933f0e5a3eb1,19,expected_sarsa,recoverable,0.7,0.25,25000,25000,0,shelter,2,0
recoverable_risky_corridor-expected_sarsa-s19-933f0e5a3eb1,19,expected_sarsa,recoverable,0.7,0.5,50000,50000,0,shelter,2,0
recoverable_risky_corridor-expected_sarsa-s19-933f0e5a3eb1,19,expected_sarsa,recoverable,0.7,0.75,75000,75000,0,shelter,2,0
recoverable_risky_corridor-expected_sarsa-s19-933f0e5a3eb1,19,expected_sarsa,recoverable,0.7,1,100000,100000,0,shelter,2,0
recoverable_risky_corridor-expected_sarsa-s19-a5cff6819d7a,19,expected_sarsa,recoverable,0.85,0.25,25000,25000,0,corridor,1,1
recoverable_risky_corridor-expected_sarsa-s19-a5cff6819d7a,19,expected_sarsa,recoverable,0.85,0.5,50000,50000,0,corridor,1,1
recoverable_risky_corridor-expected_sarsa-s19-a5cff6819d7a,19,expected_sarsa,recoverable,0.85,0.75,75000,75000,0,shelter,2,0
recoverable_risky_corridor-expected_sarsa-s19-a5cff6819d7a,19,expected_sarsa,recoverable,0.85,1,100000,100000,0,corridor,1,1
recoverable_risky_corridor-expected_sarsa-s19-abe5ea32cfb9,19,expected_sarsa,recoverable,0.82,0.25,25000,25000,0,corridor,1,1
recoverable_risky_corridor-expected_sarsa-s19-abe5ea32cfb9,19,expected_sarsa,recoverable,0.82,0.5,50000,50000,0,shelter,2,0
recoverable_risky_corridor-expected_sarsa-s19-abe5ea32cfb9,19,expected_sarsa,recoverable,0.82,0.75,75000,75000,0,shelter,2,0
recoverable_risky_corridor-expected_sarsa-s19-abe5ea32cfb9,19,expected_sarsa,recoverable,0.82,1,100000,100000,0,shelter,2,0
recoverable_risky_corridor-expected_sarsa-s19-ae0d468680c8,19,expected_sarsa,recoverable,0.855,0.25,25000,25000,0,corridor,1,1
recoverable_risky_corridor-expected_sarsa-s19-ae0d468680c8,19,expected_sarsa,recoverable,0.855,0.5,50000,50000,0,corridor,1,1
recoverable_risky_corridor-expected_sarsa-s19-ae0d468680c8,19,expected_sarsa,recoverable,0.855,0.75,75000,75000,0,corridor,1,1
recoverable_risky_corridor-expected_sarsa-s19-ae0d468680c8,19,expected_sarsa,recoverable,0.855,1,100000,100000,0,corridor,1,1
recoverable_risky_corridor-expected_sarsa-s19-c75b9e980e4a,19,expected_sarsa,recoverable,0.78,0.25,25000,25000,0,corridor,1,1
recoverable_risky_corridor-expected_sarsa-s19-c75b9e980e4a,19,expected_sarsa,recoverable,0.78,0.5,50000,50000,0,shelter,2,0
recoverable_risky_corridor-expected_sarsa-s19-c75b9e980e4a,19,expected_sarsa,recoverable,0.78,0.75,75000,75000,0,shelter,2,0
recoverable_risky_corridor-expected_sarsa-s19-c75b9e980e4a,19,expected_sarsa,recoverable,0.78,1,100000,100000,0,shelter,2,0
recoverable_risky_corridor-expected_sarsa-s19-cb4c6d602af5,19,expected_sarsa,recoverable,0.86,0.25,25000,25000,0,corridor,1,1
recoverable_risky_corridor-expected_sarsa-s19-cb4c6d602af5,19,expected_sarsa,recoverable,0.86,0.5,50000,50000,0,shelter,2,0
recoverable_risky_corridor-expected_sarsa-s19-cb4c6d602af5,19,expected_sarsa,recoverable,0.86,0.75,75000,75000,0,corridor,1,1
recoverable_risky_corridor-expected_sarsa-s19-cb4c6d602af5,19,expected_sarsa,recoverable,0.86,1,100000,100000,0,corridor,1,1
recoverable_risky_corridor-expected_sarsa-s19-cceaaa0c73f4,19,expected_sarsa,recoverable,0.8,0.25,25000,25000,0,corridor,1,1
recoverable_risky_corridor-expected_sarsa-s19-cceaaa0c73f4,19,expected_sarsa,recoverable,0.8,0.5,50000,50000,0,shelter,2,0
recoverable_risky_corridor-expected_sarsa-s19-cceaaa0c73f4,19,expected_sarsa,recoverable,0.8,0.75,75000,75000,0,shelter,2,0
recoverable_risky_corridor-expected_sarsa-s19-cceaaa0c73f4,19,expected_sarsa,recoverable,0.8,1,100000,100000,0,shelter,2,0
recoverable_risky_corridor-expected_sarsa-s19-ec3362d9e5f8,19,expected_sarsa,recoverable,0.6,0.25,25000,25000,0,corridor,1,1
recoverable_risky_corridor-expected_sarsa-s19-ec3362d9e5f8,19,expected_sarsa,recoverable,0.6,0.5,50000,50000,0,shelter,2,0
recoverable_risky_corridor-expected_sarsa-s19-ec3362d9e5f8,19,expected_sarsa,recoverable,0.6,0.75,75000,75000,0,shelter,2,0
recoverable_risky_corridor-expected_sarsa-s19-ec3362d9e5f8,19,expected_sarsa,recoverable,0.6,1,100000,100000,0,shelter,2,0
recoverable_risky_corridor-expected_sarsa-s2-01c830df38f4,2,expected_sarsa,recoverable,0.78,0.25,25000,25000,0,corridor,1,1
recoverable_risky_corridor-expected_sarsa-s2-01c830df38f4,2,expected_sarsa,recoverable,0.78,0.5,50000,50000,0,shelter,2,0
recoverable_risky_corridor-expected_sarsa-s2-01c830df38f4,2,expected_sarsa,recoverable,0.78,0.75,75000,75000,0,shelter,2,0
recoverable_risky_corridor-expected_sarsa-s2-01c830df38f4,2,expected_sarsa,recoverable,0.78,1,100000,100000,0,shelter,2,0
recoverable_risky_corridor-expected_sarsa-s2-35210f116553,2,expected_sarsa,recoverable,0.805,0.25,25000,25000,0,shelter,2,0
recoverable_risky_corridor-expected_sarsa-s2-35210f116553,2,expected_sarsa,recoverable,0.805,0.5,50000,50000,0,shelter,2,0
recoverable_risky_corridor-expected_sarsa-s2-35210f116553,2,expected_sarsa,recoverable,0.805,0.75,75000,75000,0,shelter,2,0
recoverable_risky_corridor-expected_sarsa-s2-35210f116553,2,expected_sarsa,recoverable,0.805,1,100000,100000,0,shelter,2,0
recoverable_risky_corridor-expected_sarsa-s2-3690bfaee99c,2,expected_sarsa,recoverable,0.9,0.25,25000,25000,0,corridor,1,1
recoverable_risky_corridor-expected_sarsa-s2-3690bfaee99c,2,expected_sarsa,recoverable,0.9,0.5,50000,50000,0,corridor,1,1
recoverable_risky_corridor-expected_sarsa-s2-3690bfaee99c,2,expected_sarsa,recoverable,0.9,0.75,75000,75000,0,corridor,1,1
recoverable_risky_corridor-expected_sarsa-s2-3690bfaee99c,2,expected_sarsa,recoverable,0.9,1,100000,100000,0,corridor,1,1
recoverable_risky_corridor-expected_sarsa-s2-375567eca31a,2,expected_sarsa,recoverable,0.7,0.25,25000,25000,0,other,3,0
recoverable_risky_corridor-expected_sarsa-s2-375567eca31a,2,expected_sarsa,recoverable,0.7,0.5,50000,50000,0,shelter,2,0
recoverable_risky_corridor-expected_sarsa-s2-375567eca31a,2,expected_sarsa,recoverable,0.7,0.75,75000,75000,0,shelter,2,0
recoverable_risky_corridor-expected_sarsa-s2-375567eca31a,2,expected_sarsa,recoverable,0.7,1,100000,100000,0,shelter,2,0
recoverable_risky_corridor-expected_sarsa-s2-4073a0759eba,2,expected_sarsa,recoverable,0.8,0.25,25000,25000,0,corridor,1,1
recoverable_risky_corridor-expected_sarsa-s2-4073a0759eba,2,expected_sarsa,recoverable,0.8,0.5,50000,50000,0,shelter,2,0
recoverable_risky_corridor-expected_sarsa-s2-4073a0759eba,2,expected_sarsa,recoverable,0.8,0.75,75000,75000,0,shelter,2,0
recoverable_risky_corridor-expected_sarsa-s2-4073a0759eba,2,expected_sarsa,recoverable,0.8,1,100000,100000,0,shelter,2,0
recoverable_risky_corridor-expected_sarsa-s2-4be5813dc38f,2,expected_sarsa,recoverable,0.82,0.25,25000,25000,0,corridor,1,1
recoverable_risky_corridor-expected_sarsa-s2-4be5813dc38f,2,expected_sarsa,recoverable,0.82,0.5,50000,50000,0,shelter,2,0
recoverable_risky_corridor-expected_sarsa-s2-4be5813dc38f,2,expected_sarsa,recoverable,0.82,0.75,75000,75000,0,shelter,2,0
recoverable_risky_corridor-expected_sarsa-s2-4be5813dc38f,2,expected_sarsa,recoverable,0.82,1,100000,100000,0,shelter,2,0
recoverable_risky_corridor-expected_sarsa-s2-50486ae265ac,2,expected_sarsa,recoverable,0.6,0.25,25000,25000,0,shelter,2,0
recoverable_risky_corridor-expected_sarsa-s2-50486ae265ac,2,expected_sarsa,recoverable,0.6,0.5,50000,50000,0,shelter,2,0
recoverable_risky_corridor-expected_sarsa-s2-50486ae265ac,2,expected_sarsa,recoverable,0.6,0.75,75000,75000,0,shelter,2,0
recoverable_risky_corridor-expected_sarsa-s2-50486ae265ac,2,expected_sarsa,recoverable,0.6,1,100000,100000,0,shelter,2,0
recoverable_risky_corridor-expected_sarsa-s2-54be0055add5,2,expected_sarsa,recoverable,0.81,0.25,25000,25000,0,corridor,1,1
recoverable_risky_corridor-expected_sarsa-s2-54be0055add5,2,expected_sarsa,recoverable,0.81,0.5,50000,50000,0,corridor,1,1
recoverable_risky_corridor-expected_sarsa-s2-54be0055add5,2,expected_sarsa,recoverable,0.81,0.75,75000,75000,0,shelter,2,0
recoverable_risky_corridor-expected_sarsa-s2-54be0055add5,2,expected_sarsa,recoverable,0.81,1,100000,100000,0,shelter,2,0
recoverable_risky_corridor-expected_sarsa-s2-7826c0e31bd4,2,expected_sarsa,recoverable,0.86,0.25,25000,25000,0,corridor,1,1
recoverable_risky_corridor-expected_sarsa-s2-7826c0e31bd4,2,expected_sarsa,recoverable,0.86,0.5,50000,50000,0,corridor,1,1
recoverable_risky_corridor-expected_sarsa-s2-7826c0e31bd4,2,expected_sarsa,recoverable,0.86,0.75,75000,75000,0,corridor,1,1
recoverable_risky_corridor-expected_sarsa-s2-7826c0e31bd4,2,expected_sarsa,recoverable,0.86,1,100000,100000,0,corridor,1,1
recoverable_risky_corridor-expected_sarsa-s2-8a192e0eef33,2,expected_sarsa,recoverable,1,0.25,25000,25000,0,corridor,1,1
recoverable_risky_corridor-expected_sarsa-s2-8a192e0eef33,2,expected_sarsa,recoverable,1,0.5,50000,50000,0,corridor,1,1
recoverable_risky_corridor-expected_sarsa-s2-8a192e0eef33,2,expected_sarsa,recoverable,1,0.75,75000,75000,0,corridor,1,1
recoverable_risky_corridor-expected_sarsa-s2-8a192e0eef33,2,expected_sarsa,recoverable,1,1,100000,100000,0,corridor,1,1
recoverable_risky_corridor-expected_sarsa-s2-9950a6dfb843,2,expected_sarsa,recoverable,0.855,0.25,25000,25000,0,corridor,1,1
recoverable_risky_corridor-expected_sarsa-s2-9950a6dfb843,2,expected_sarsa,recoverable,0.855,0.5,50000,50000,0,corridor,1,1
recoverable_risky_corridor-expected_sarsa-s2-9950a6dfb843,2,expected_sarsa,recoverable,0.855,0.75,75000,75000,0,shelter,2,0
recoverable_risky_corridor-expected_sarsa-s2-9950a6dfb843,2,expected_sarsa,recoverable,0.855,1,100000,100000,0,shelter,2,0
recoverable_risky_corridor-expected_sarsa-s2-9a85376c331d,2,expected_sarsa,recoverable,0.84,0.25,25000,25000,0,corridor,1,1
recoverable_risky_corridor-expected_sarsa-s2-9a85376c331d,2,expected_sarsa,recoverable,0.84,0.5,50000,50000,0,corridor,1,1
recoverable_risky_corridor-expected_sarsa-s2-9a85376c331d,2,expected_sarsa,recoverable,0.84,0.75,75000,75000,0,corridor,1,1
recoverable_risky_corridor-expected_sarsa-s2-9a85376c331d,2,expected_sarsa,recoverable,0.84,1,100000,100000,0,corridor,1,1
recoverable_risky_corridor-expected_sarsa-s2-a3075aeb7b7b,2,expected_sarsa,recoverable,0.88,0.25,25000,25000,0,shelter,2,0
recoverable_risky_corridor-expected_sarsa-s2-a3075aeb7b7b,2,expected_sarsa,recoverable,0.88,0.5,50000,50000,0,corridor,1,1
recoverable_risky_corridor-expected_sarsa-s2-a3075aeb7b7b,2,expected_sarsa,recoverable,0.88,0.75,75000,75000,0,shelter,2,0
recoverable_risky_corridor-expected_sarsa-s2-a3075aeb7b7b,2,expected_sarsa,recoverable,0.88,1,100000,100000,0,corridor,1,1
recoverable_risky_corridor-expected_sarsa-s2-a4654b34e820,2,expected_sarsa,recoverable,0.85,0.25,25000,25000,0,corridor,1,1
recoverable_risky_corridor-expected_sarsa-s2-a4654b34e820,2,expected_sarsa,recoverable,0.85,0.5,50000,50000,0,corridor,1,1
recoverable_risky_corridor-expected_sarsa-s2-a4654b34e820,2,expected_sarsa,recoverable,0.85,0.75,75000,75000,0,shelter,2,0
recoverable_risky_corridor-expected_sarsa-s2-a4654b34e820,2,expected_sarsa,recoverable,0.85,1,100000,100000,0,corridor,1,1
recoverable_risky_corridor-expected_sarsa-s2-e14ed69e25d8,2,expected_sarsa,recoverable,0.845,0.25,25000,25000,0,corridor,1,1
recoverable_risky_corridor-expected_sarsa-s2-e14ed69e25d8,2,expected_sarsa,recoverable,0.845,0.5,50000,50000,0,corridor,1,1
recoverable_risky_corridor-expected_sarsa-s2-e14ed69e25d8,2,expected_sarsa,recoverable,0.845,0.75,75000,75000,0,shelter,2,0
recoverable_risky_corridor-expected_sarsa-s2-e14ed69e25d8,2,expected_sarsa,recoverable,0.845,1,100000,100000,0,shelter,2,0
recoverable_risky_corridor-expected_sarsa-s2-e5c77951254f,2,expected_sarsa,recoverable,0.825,0.25,25000,25000,0,corridor,1,1
recoverable_risky_corridor-expected_sarsa-s2-e5c77951254f,2,expected_sarsa,recoverable,0.825,0.5,50000,50000,0,corridor,1,1
recoverable_risky_corridor-expected_sarsa-s2-e5c77951254f,2,expected_sarsa,recoverable,0.825,0.75,75000,75000,0,shelter,2,0
recoverable_risky_corridor-expected_sarsa-s2-e5c77951254f,2,expected_sarsa,recoverable,0.825,1,100000,100000,0,shelter,2,0
recoverable_risky_corridor-expected_sarsa-s2-eb0f4a488969,2,expected_sarsa,recoverable,0.79,0.25,25000,25000,0,shelter,2,0
recoverable_risky_corridor-expected_sarsa-s2-eb0f4a488969,2,expected_sarsa,recoverable,0.79,0.5,50000,50000,0,shelter,2,0
recoverable_risky_corridor-expected_sarsa-s2-eb0f4a488969,2,expected_sarsa,recoverable,0.79,0.75,75000,75000,0,shelter,2,0
recoverable_risky_corridor-expected_sarsa-s2-eb0f4a488969,2,expected_sarsa,recoverable,0.79,1,100000,100000,0,shelter,2,0
recoverable_risky_corridor-expected_sarsa-s2-f3c59ea162cc,2,expected_sarsa,recoverable,0.835,0.25,25000,25000,0,corridor,1,1
recoverable_risky_corridor-expected_sarsa-s2-f3c59ea162cc,2,expected_sarsa,recoverable,0.835,0.5,50000,50000,0,shelter,2,0
recoverable_risky_corridor-expected_sarsa-s2-f3c59ea162cc,2,expected_sarsa,recoverable,0.835,0.75,75000,75000,0,shelter,2,0
recoverable_risky_corridor-expected_sarsa-s2-f3c59ea162cc,2,expected_sarsa,recoverable,0.835,1,100000,100000,0,shelter,2,0
recoverable_risky_corridor-expected_sarsa-s3-372f9ec569d9,3,expected_sarsa,recoverable,0.835,0.25,25000,25000,0,corridor,1,1
recoverable_risky_corridor-expected_sarsa-s3-372f9ec569d9,3,expected_sarsa,recoverable,0.835,0.5,50000,50000,0,shelter,2,0
recoverable_risky_corridor-expected_sarsa-s3-372f9ec569d9,3,expected_sarsa,recoverable,0.835,0.75,75000,75000,0,shelter,2,0
recoverable_risky_corridor-expected_sarsa-s3-372f9ec569d9,3,expected_sarsa,recoverable,0.835,1,100000,100000,0,shelter,2,0
recoverable_risky_corridor-expected_sarsa-s3-39bfb49fd68b,3,expected_sarsa,recoverable,0.88,0.25,25000,25000,0,corridor,1,1
recoverable_risky_corridor-expected_sarsa-s3-39bfb49fd68b,3,expected_sarsa,recoverable,0.88,0.5,50000,50000,0,corridor,1,1
recoverable_risky_corridor-expected_sarsa-s3-39bfb49fd68b,3,expected_sarsa,recoverable,0.88,0.75,75000,75000,0,corridor,1,1
recoverable_risky_corridor-expected_sarsa-s3-39bfb49fd68b,3,expected_sarsa,recoverable,0.88,1,100000,100000,0,corridor,1,1
recoverable_risky_corridor-expected_sarsa-s3-3ef3ccf8bfc0,3,expected_sarsa,recoverable,0.86,0.25,25000,25000,0,corridor,1,1
recoverable_risky_corridor-expected_sarsa-s3-3ef3ccf8bfc0,3,expected_sarsa,recoverable,0.86,0.5,50000,50000,0,corridor,1,1
recoverable_risky_corridor-expected_sarsa-s3-3ef3ccf8bfc0,3,expected_sarsa,recoverable,0.86,0.75,75000,75000,0,corridor,1,1
recoverable_risky_corridor-expected_sarsa-s3-3ef3ccf8bfc0,3,expected_sarsa,recoverable,0.86,1,100000,100000,0,shelter,2,0
recoverable_risky_corridor-expected_sarsa-s3-45f8206d6eba,3,expected_sarsa,recoverable,0.9,0.25,25000,25000,0,corridor,1,1
recoverable_risky_corridor-expected_sarsa-s3-45f8206d6eba,3,expected_sarsa,recoverable,0.9,0.5,50000,50000,0,corridor,1,1
recoverable_risky_corridor-expected_sarsa-s3-45f8206d6eba,3,expected_sarsa,recoverable,0.9,0.75,75000,75000,0,corridor,1,1
recoverable_risky_corridor-expected_sarsa-s3-45f8206d6eba,3,expected_sarsa,recoverable,0.9,1,100000,100000,0,corridor,1,1
recoverable_risky_corridor-expected_sarsa-s3-52feee4e80a7,3,expected_sarsa,recoverable,0.6,0.25,25000,25000,0,corridor,1,1
recoverable_risky_corridor-expected_sarsa-s3-52feee4e80a7,3,expected_sarsa,recoverable,0.6,0.5,50000,50000,0,shelter,2,0
recoverable_risky_corridor-expected_sarsa-s3-52feee4e80a7,3,expected_sarsa,recoverable,0.6,0.75,75000,75000,0,shelter,2,0
recoverable_risky_corridor-expected_sarsa-s3-52feee4e80a7,3,expected_sarsa,recoverable,0.6,1,100000,100000,0,shelter,2,0
recoverable_risky_corridor-expected_sarsa-s3-53e394481deb,3,expected_sarsa,recoverable,0.79,0.25,25000,25000,0,shelter,2,0
recoverable_risky_corridor-expected_sarsa-s3-53e394481deb,3,expected_sarsa,recoverable,0.79,0.5,50000,50000,0,shelter,2,0
recoverable_risky_corridor-expected_sarsa-s3-53e394481deb,3,expected_sarsa,recoverable,0.79,0.75,75000,75000,0,shelter,2,0
recoverable_risky_corridor-expected_sarsa-s3-53e394481deb,3,expected_sarsa,recoverable,0.79,1,100000,100000,0,shelter,2,0
recoverable_risky_corridor-expected_sarsa-s3-5d97fa407114,3,expected_sarsa,recoverable,0.8,0.25,25000,25000,0,shelter,2,0
recoverable_risky_corridor-expected_sarsa-s3-5d97fa407114,3,expected_sarsa,recoverable,0.8,0.5,50000,50000,0,shelter,2,0
recoverable_risky_corridor-expected_sarsa-s3-5d97fa407114,3,expected_sarsa,recoverable,0.8,0.75,75000,75000,0,shelter,2,0
recoverable_risky_corridor-expected_sarsa-s3-5d97fa407114,3,expected_sarsa,recoverable,0.8,1,100000,100000,0,shelter,2,0
recoverable_risky_corridor-expected_sarsa-s3-709c9180eefe,3,expected_sarsa,recoverable,0.82,0.25,25000,25000,0,other,3,0
recoverable_risky_corridor-expected_sarsa-s3-709c9180eefe,3,expected_sarsa,recoverable,0.82,0.5,50000,50000,0,shelter,2,0
recoverable_risky_corridor-expected_sarsa-s3-709c9180eefe,3,expected_sarsa,recoverable,0.82,0.75,75000,75000,0,shelter,2,0
recoverable_risky_corridor-expected_sarsa-s3-709c9180eefe,3,expected_sarsa,recoverable,0.82,1,100000,100000,0,shelter,2,0
recoverable_risky_corridor-expected_sarsa-s3-78b5adc960dd,3,expected_sarsa,recoverable,0.78,0.25,25000,25000,0,shelter,2,0
recoverable_risky_corridor-expected_sarsa-s3-78b5adc960dd,3,expected_sarsa,recoverable,0.78,0.5,50000,50000,0,shelter,2,0
recoverable_risky_corridor-expected_sarsa-s3-78b5adc960dd,3,expected_sarsa,recoverable,0.78,0.75,75000,75000,0,shelter,2,0
recoverable_risky_corridor-expected_sarsa-s3-78b5adc960dd,3,expected_sarsa,recoverable,0.78,1,100000,100000,0,shelter,2,0
recoverable_risky_corridor-expected_sarsa-s3-7d70601080cd,3,expected_sarsa,recoverable,1,0.25,25000,25000,0,corridor,1,1
recoverable_risky_corridor-expected_sarsa-s3-7d70601080cd,3,expected_sarsa,recoverable,1,0.5,50000,50000,0,corridor,1,1
recoverable_risky_corridor-expected_sarsa-s3-7d70601080cd,3,expected_sarsa,recoverable,1,0.75,75000,75000,0,corridor,1,1
recoverable_risky_corridor-expected_sarsa-s3-7d70601080cd,3,expected_sarsa,recoverable,1,1,100000,100000,0,corridor,1,1
recoverable_risky_corridor-expected_sarsa-s3-b8ca61604f0b,3,expected_sarsa,recoverable,0.855,0.25,25000,25000,0,shelter,2,0
recoverable_risky_corridor-expected_sarsa-s3-b8ca61604f0b,3,expected_sarsa,recoverable,0.855,0.5,50000,50000,0,corridor,1,1
recoverable_risky_corridor-expected_sarsa-s3-b8ca61604f0b,3,expected_sarsa,recoverable,0.855,0.75,75000,75000,0,shelter,2,0
recoverable_risky_corridor-expected_sarsa-s3-b8ca61604f0b,3,expected_sarsa,recoverable,0.855,1,100000,100000,0,shelter,2,0
recoverable_risky_corridor-expected_sarsa-s3-bc14b2eb3b03,3,expected_sarsa,recoverable,0.845,0.25,25000,25000,0,corridor,1,1
recoverable_risky_corridor-expected_sarsa-s3-bc14b2eb3b03,3,expected_sarsa,recoverable,0.845,0.5,50000,50000,0,corridor,1,1
recoverable_risky_corridor-expected_sarsa-s3-bc14b2eb3b03,3,expected_sarsa,recoverable,0.845,0.75,75000,75000,0,shelter,2,0
recoverable_risky_corridor-expected_sarsa-s3-bc14b2eb3b03,3,expected_sarsa,recoverable,0.845,1,100000,100000,0,shelter,2,0
recoverable_risky_corridor-expected_sarsa-s3-c6ccf1365956,3,expected_sarsa,recoverable,0.7,0.25,25000,25000,0,shelter,2,0
recoverable_risky_corridor-expected_sarsa-s3-c6ccf1365956,3,expected_sarsa,recoverable,0.7,0.5,50000,50000,0,shelter,2,0
recoverable_risky_corridor-expected_sarsa-s3-c6ccf1365956,3,expected_sarsa,recoverable,0.7,0.75,75000,75000,0,shelter,2,0
recoverable_risky_corridor-expected_sarsa-s3-c6ccf1365956,3,expected_sarsa,recoverable,0.7,1,100000,100000,0,shelter,2,0
recoverable_risky_corridor-expected_sarsa-s3-c7e728cbe00f,3,expected_sarsa,recoverable,0.85,0.25,25000,25000,0,corridor,1,1
recoverable_risky_corridor-expected_sarsa-s3-c7e728cbe00f,3,expected_sarsa,recoverable,0.85,0.5,50000,50000,0,corridor,1,1
recoverable_risky_corridor-expected_sarsa-s3-c7e728cbe00f,3,expected_sarsa,recoverable,0.85,0.75,75000,75000,0,corridor,1,1
recoverable_risky_corridor-expected_sarsa-s3-c7e728cbe00f,3,expected_sarsa,recoverable,0.85,1,100000,100000,0,shelter,2,0
recoverable_risky_corridor-expected_sarsa-s3-e3f3d2f50d54,3,expected_sarsa,recoverable,0.84,0.25,25000,25000,0,corridor,1,1
recoverable_risky_corridor-expected_sarsa-s3-e3f3d2f50d54,3,expected_sarsa,recoverable,0.84,0.5,50000,50000,0,corridor,1,1
recoverable_risky_corridor-expected_sarsa-s3-e3f3d2f50d54,3,expected_sarsa,recoverable,0.84,0.75,75000,75000,0,shelter,2,0
recoverable_risky_corridor-expected_sarsa-s3-e3f3d2f50d54,3,expected_sarsa,recoverable,0.84,1,100000,100000,0,shelter,2,0
recoverable_risky_corridor-expected_sarsa-s3-ecf347688105,3,expected_sarsa,recoverable,0.805,0.25,25000,25000,0,corridor,1,1
recoverable_risky_corridor-expected_sarsa-s3-ecf347688105,3,expected_sarsa,recoverable,0.805,0.5,50000,50000,0,shelter,2,0
recoverable_risky_corridor-expected_sarsa-s3-ecf347688105,3,expected_sarsa,recoverable,0.805,0.75,75000,75000,0,shelter,2,0
recoverable_risky_corridor-expected_sarsa-s3-ecf347688105,3,expected_sarsa,recoverable,0.805,1,100000,100000,0,shelter,2,0
recoverable_risky_corridor-expected_sarsa-s3-f7a1ebf1ed9d,3,expected_sarsa,recoverable,0.825,0.25,25000,25000,0,shelter,2,0
recoverable_risky_corridor-expected_sarsa-s3-f7a1ebf1ed9d,3,expected_sarsa,recoverable,0.825,0.5,50000,50000,0,corridor,1,1
recoverable_risky_corridor-expected_sarsa-s3-f7a1ebf1ed9d,3,expected_sarsa,recoverable,0.825,0.75,75000,75000,0,corridor,1,1
recoverable_risky_corridor-expected_sarsa-s3-f7a1ebf1ed9d,3,expected_sarsa,recoverable,0.825,1,100000,100000,0,shelter,2,0
recoverable_risky_corridor-expected_sarsa-s3-f8cbfd5c4242,3,expected_sarsa,recoverable,0.81,0.25,25000,25000,0,corridor,1,1
recoverable_risky_corridor-expected_sarsa-s3-f8cbfd5c4242,3,expected_sarsa,recoverable,0.81,0.5,50000,50000,0,shelter,2,0
recoverable_risky_corridor-expected_sarsa-s3-f8cbfd5c4242,3,expected_sarsa,recoverable,0.81,0.75,75000,75000,0,shelter,2,0
recoverable_risky_corridor-expected_sarsa-s3-f8cbfd5c4242,3,expected_sarsa,recoverable,0.81,1,100000,100000,0,shelter,2,0
recoverable_risky_corridor-expected_sarsa-s4-003388ecfbe0,4,expected_sarsa,recoverable,0.88,0.25,25000,25000,0,corridor,1,1
recoverable_risky_corridor-expected_sarsa-s4-003388ecfbe0,4,expected_sarsa,recoverable,0.88,0.5,50000,50000,0,corridor,1,1
recoverable_risky_corridor-expected_sarsa-s4-003388ecfbe0,4,expected_sarsa,recoverable,0.88,0.75,75000,75000,0,corridor,1,1
recoverable_risky_corridor-expected_sarsa-s4-003388ecfbe0,4,expected_sarsa,recoverable,0.88,1,100000,100000,0,corridor,1,1
recoverable_risky_corridor-expected_sarsa-s4-00af88b2db9d,4,expected_sarsa,recoverable,0.805,0.25,25000,25000,0,corridor,1,1
recoverable_risky_corridor-expected_sarsa-s4-00af88b2db9d,4,expected_sarsa,recoverable,0.805,0.5,50000,50000,0,shelter,2,0
recoverable_risky_corridor-expected_sarsa-s4-00af88b2db9d,4,expected_sarsa,recoverable,0.805,0.75,75000,75000,0,shelter,2,0
recoverable_risky_corridor-expected_sarsa-s4-00af88b2db9d,4,expected_sarsa,recoverable,0.805,1,100000,100000,0,shelter,2,0
recoverable_risky_corridor-expected_sarsa-s4-0e6b721d9435,4,expected_sarsa,recoverable,0.7,0.25,25000,25000,0,shelter,2,0
recoverable_risky_corridor-expected_sarsa-s4-0e6b721d9435,4,expected_sarsa,recoverable,0.7,0.5,50000,50000,0,shelter,2,0
recoverable_risky_corridor-expected_sarsa-s4-0e6b721d9435,4,expected_sarsa,recoverable,0.7,0.75,75000,75000,0,shelter,2,0
recoverable_risky_corridor-expected_sarsa-s4-0e6b721d9435,4,expected_sarsa,recoverable,0.7,1,100000,100000,0,shelter,2,0
recoverable_risky_corridor-expected_sarsa-s4-18e5d3e860d0,4,expected_sarsa,recoverable,0.6,0.25,25000,25000,0,shelter,2,0
recoverable_risky_corridor-expected_sarsa-s4-18e5d3e860d0,4,expected_sarsa,recoverable,0.6,0.5,50000,50000,0,shelter,2,0
recoverable_risky_corridor-expected_sarsa-s4-18e5d3e860d0,4,expected_sarsa,recoverable,0.6,0.75,75000,75000,0,shelter,2,0
recoverable_risky_corridor-expected_sarsa-s4-18e5d3e860d0,4,expected_sarsa,recoverable,0.6,1,100000,100000,0,shelter,2,0
recoverable_risky_corridor-expected_sarsa-s4-1f0e4ec2c824,4,expected_sarsa,recoverable,0.81,0.25,25000,25000,0,shelter,2,0
recoverable_risky_corridor-expected_sarsa-s4-1f0e4ec2c824,4,expected_sarsa,recoverable,0.81,0.5,50000,50000,0,shelter,2,0
recoverable_risky_corridor-expected_sarsa-s4-1f0e4ec2c824,4,expected_sarsa,recoverable,0.81,0.75,75000,75000,0,shelter,2,0
recoverable_risky_corridor-expected_sarsa-s4-1f0e4ec2c824,4,expected_sarsa,recoverable,0.81,1,100000,100000,0,shelter,2,0
recoverable_risky_corridor-expected_sarsa-s4-2f2262cb940c,4,expected_sarsa,recoverable,0.79,0.25,25000,25000,0,corridor,1,1
recoverable_risky_corridor-expected_sarsa-s4-2f2262cb940c,4,expected_sarsa,recoverable,0.79,0.5,50000,50000,0,shelter,2,0
recoverable_risky_corridor-expected_sarsa-s4-2f2262cb940c,4,expected_sarsa,recoverable,0.79,0.75,75000,75000,0,shelter,2,0
recoverable_risky_corridor-expected_sarsa-s4-2f2262cb940c,4,expected_sarsa,recoverable,0.79,1,100000,100000,0,shelter,2,0
recoverable_risky_corridor-expected_sarsa-s4-33004e1ac226,4,expected_sarsa,recoverable,0.845,0.25,25000,25000,0,other,3,0
recoverable_risky_corridor-expected_sarsa-s4-33004e1ac226,4,expected_sarsa,recoverable,0.845,0.5,50000,50000,0,corridor,1,1
recoverable_risky_corridor-expected_sarsa-s4-33004e1ac226,4,expected_sarsa,recoverable,0.845,0.75,75000,75000,0,shelter,2,0
recoverable_risky_corridor-expected_sarsa-s4-33004e1ac226,4,expected_sarsa,recoverable,0.845,1,100000,100000,0,shelter,2,0
recoverable_risky_corridor-expected_sarsa-s4-34576a270628,4,expected_sarsa,recoverable,0.855,0.25,25000,25000,0,corridor,1,1
recoverable_risky_corridor-expected_sarsa-s4-34576a270628,4,expected_sarsa,recoverable,0.855,0.5,50000,50000,0,shelter,2,0
recoverable_risky_corridor-expected_sarsa-s4-34576a270628,4,expected_sarsa,recoverable,0.855,0.75,75000,75000,0,shelter,2,0
recoverable_risky_corridor-expected_sarsa-s4-34576a270628,4,expected_sarsa,recoverable,0.855,1,100000,100000,0,corridor,1,1
recoverable_risky_corridor-expected_sarsa-s4-458b32982900,4,expected_sarsa,recoverable,0.9,0.25,25000,25000,0,corridor,1,1
recoverable_risky_corridor-expected_sarsa-s4-458b32982900,4,expected_sarsa,recoverable,0.9,0.5,50000,50000,0,corridor,1,1
recoverable_risky_corridor-expected_sarsa-s4-458b32982900,4,expected_sarsa,recoverable,0.9,0.75,75000,75000,0,corridor,1,1
recoverable_risky_corridor-expected_sarsa-s4-458b32982900,4,expected_sarsa,recoverable,0.9,1,100000,100000,0,corridor,1,1
recoverable_risky_corridor-expected_sarsa-s4-6a48f6d4b626,4,expected_sarsa,recoverable,0.835,0.25,25000,25000,0,shelter,2,0
recoverable_risky_corridor-expected_sarsa-s4-6a48f6d4b626,4,expected_sarsa,recoverable,0.835,0.5,50000,50000,0,shelter,2,0
recoverable_risky_corridor-expected_sarsa-s4-6a48f6d4b626,4,expected_sarsa,recoverable,0.835,0.75,75000,75000,0,shelter,2,0
recoverable_risky_corridor-expected_sarsa-s4-6a48f6d4b626,4,expected_sarsa,recoverable,0.835,1,100000,100000,0,shelter,2,0
recoverable_risky_corridor-expected_sarsa-s4-874ceff9e509,4,expected_sarsa,recoverable,1,0.25,25000,25000,0,corridor,1,1
recoverable_risky_corridor-expected_sarsa-s4-874ceff9e509,4,expected_sarsa,recoverable,1,0.5,50000,50000,0,corridor,1,1
recoverable_risky_corridor-expected_sarsa-s4-874ceff9e509,4,expected_sarsa,recoverable,1,0.75,75000,75000,0,corridor,1,1
recoverable_risky_corridor-expected_sarsa-s4-874ceff9e509,4,expected_sarsa,recoverable,1,1,100000,100000,0,corridor,1,1
recoverable_risky_corridor-expected_sarsa-s4-920271daca30,4,expected_sarsa,recoverable,0.82,0.25,25000,25000,0,other,3,0
recoverable_risky_corridor-expected_sarsa-s4-920271daca30,4,expected_sarsa,recoverable,0.82,0.5,50000,50000,0,shelter,2,0
recoverable_risky_corridor-expected_sarsa-s4-920271daca30,4,expected_sarsa,recoverable,0.82,0.75,75000,75000,0,shelter,2,0
recoverable_risky_corridor-expected_sarsa-s4-920271daca30,4,expected_sarsa,recoverable,0.82,1,100000,100000,0,shelter,2,0
recoverable_risky_corridor-expected_sarsa-s4-b1c325f4892d,4,expected_sarsa,recoverable,0.85,0.25,25000,25000,0,corridor,1,1
recoverable_risky_corridor-expected_sarsa-s4-b1c325f4892d,4,expected_sarsa,recoverable,0.85,0.5,50000,50000,0,corridor,1,1
recoverable_risky_corridor-expected_sarsa-s4-b1c325f4892d,4,expected_sarsa,recoverable,0.85,0.75,75000,75000,0,shelter,2,0
recoverable_risky_corridor-expected_sarsa-s4-b1c325f4892d,4,expected_sarsa,recoverable,0.85,1,100000,100000,0,corridor,1,1
recoverable_risky_corridor-expected_sarsa-s4-bbc23ded9d69,4,expected_sarsa,recoverable,0.86,0.25,25000,25000,0,corridor,1,1
recoverable_risky_corridor-expected_sarsa-s4-bbc23ded9d69,4,expected_sarsa,recoverable,0.86,0.5,50000,50000,0,shelter,2,0
recoverable_risky_corridor-expected_sarsa-s4-bbc23ded9d69,4,expected_sarsa,recoverable,0.86,0.75,75000,75000,0,corridor,1,1
recoverable_risky_corridor-expected_sarsa-s4-bbc23ded9d69,4,expected_sarsa,recoverable,0.86,1,100000,100000,0,corridor,1,1
recoverable_risky_corridor-expected_sarsa-s4-c34911b3d4d7,4,expected_sarsa,recoverable,0.84,0.25,25000,25000,0,shelter,2,0
recoverable_risky_corridor-expected_sarsa-s4-c34911b3d4d7,4,expected_sarsa,recoverable,0.84,0.5,50000,50000,0,shelter,2,0
recoverable_risky_corridor-expected_sarsa-s4-c34911b3d4d7,4,expected_sarsa,recoverable,0.84,0.75,75000,75000,0,shelter,2,0
recoverable_risky_corridor-expected_sarsa-s4-c34911b3d4d7,4,expected_sarsa,recoverable,0.84,1,100000,100000,0,corridor,1,1
recoverable_risky_corridor-expected_sarsa-s4-d23cfc7a3a00,4,expected_sarsa,recoverable,0.8,0.25,25000,25000,0,corridor,1,1
recoverable_risky_corridor-expected_sarsa-s4-d23cfc7a3a00,4,expected_sarsa,recoverable,0.8,0.5,50000,50000,0,shelter,2,0
recoverable_risky_corridor-expected_sarsa-s4-d23cfc7a3a00,4,expected_sarsa,recoverable,0.8,0.75,75000,75000,0,shelter,2,0
recoverable_risky_corridor-expected_sarsa-s4-d23cfc7a3a00,4,expected_sarsa,recoverable,0.8,1,100000,100000,0,shelter,2,0
recoverable_risky_corridor-expected_sarsa-s4-d2ff326d02b8,4,expected_sarsa,recoverable,0.825,0.25,25000,25000,0,shelter,2,0
recoverable_risky_corridor-expected_sarsa-s4-d2ff326d02b8,4,expected_sarsa,recoverable,0.825,0.5,50000,50000,0,corridor,1,1
recoverable_risky_corridor-expected_sarsa-s4-d2ff326d02b8,4,expected_sarsa,recoverable,0.825,0.75,75000,75000,0,shelter,2,0
recoverable_risky_corridor-expected_sarsa-s4-d2ff326d02b8,4,expected_sarsa,recoverable,0.825,1,100000,100000,0,shelter,2,0
recoverable_risky_corridor-expected_sarsa-s4-e35a0a1772b8,4,expected_sarsa,recoverable,0.78,0.25,25000,25000,0,corridor,1,1
recoverable_risky_corridor-expected_sarsa-s4-e35a0a1772b8,4,expected_sarsa,recoverable,0.78,0.5,50000,50000,0,shelter,2,0
recoverable_risky_corridor-expected_sarsa-s4-e35a0a1772b8,4,expected_sarsa,recoverable,0.78,0.75,75000,75000,0,shelter,2,0
recoverable_risky_corridor-expected_sarsa-s4-e35a0a1772b8,4,expected_sarsa,recoverable,0.78,1,100000,100000,0,shelter,2,0
recoverable_risky_corridor-expected_sarsa-s5-16a8ee1c14d5,5,expected_sarsa,recoverable,0.825,0.25,25000,25000,0,corridor,1,1
recoverable_risky_corridor-expected_sarsa-s5-16a8ee1c14d5,5,expected_sarsa,recoverable,0.825,0.5,50000,50000,0,corridor,1,1
recoverable_risky_corridor-expected_sarsa-s5-16a8ee1c14d5,5,expected_sarsa,recoverable,0.825,0.75,75000,75000,0,shelter,2,0
recoverable_risky_corridor-expected_sarsa-s5-16a8ee1c14d5,5,expected_sarsa,recoverable,0.825,1,100000,100000,0,shelter,2,0
recoverable_risky_corridor-expected_sarsa-s5-1e3b9573d8d9,5,expected_sarsa,recoverable,0.8,0.25,25000,25000,0,shelter,2,0
recoverable_risky_corridor-expected_sarsa-s5-1e3b9573d8d9,5,expected_sarsa,recoverable,0.8,0.5,50000,50000,0,shelter,2,0
recoverable_risky_corridor-expected_sarsa-s5-1e3b9573d8d9,5,expected_sarsa,recoverable,0.8,0.75,75000,75000,0,shelter,2,0
recoverable_risky_corridor-expected_sarsa-s5-1e3b9573d8d9,5,expected_sarsa,recoverable,0.8,1,100000,100000,0,shelter,2,0
recoverable_risky_corridor-expected_sarsa-s5-2eba57cc61ca,5,expected_sarsa,recoverable,0.9,0.25,25000,25000,0,corridor,1,1
recoverable_risky_corridor-expected_sarsa-s5-2eba57cc61ca,5,expected_sarsa,recoverable,0.9,0.5,50000,50000,0,corridor,1,1
recoverable_risky_corridor-expected_sarsa-s5-2eba57cc61ca,5,expected_sarsa,recoverable,0.9,0.75,75000,75000,0,corridor,1,1
recoverable_risky_corridor-expected_sarsa-s5-2eba57cc61ca,5,expected_sarsa,recoverable,0.9,1,100000,100000,0,corridor,1,1
recoverable_risky_corridor-expected_sarsa-s5-37a1e88c1f29,5,expected_sarsa,recoverable,0.835,0.25,25000,25000,0,corridor,1,1
recoverable_risky_corridor-expected_sarsa-s5-37a1e88c1f29,5,expected_sarsa,recoverable,0.835,0.5,50000,50000,0,corridor,1,1
recoverable_risky_corridor-expected_sarsa-s5-37a1e88c1f29,5,expected_sarsa,recoverable,0.835,0.75,75000,75000,0,shelter,2,0
recoverable_risky_corridor-expected_sarsa-s5-37a1e88c1f29,5,expected_sarsa,recoverable,0.835,1,100000,100000,0,shelter,2,0
recoverable_risky_corridor-expected_sarsa-s5-44753b3f7f03,5,expected_sarsa,recoverable,0.88,0.25,25000,25000,0,corridor,1,1
recoverable_risky_corridor-expected_sarsa-s5-44753b3f7f03,5,expected_sarsa,recoverable,0.88,0.5,50000,50000,0,corridor,1,1
recoverable_risky_corridor-expected_sarsa-s5-44753b3f7f03,5,expected_sarsa,recoverable,0.88,0.75,75000,75000,0,shelter,2,0
recoverable_risky_corridor-expected_sarsa-s5-44753b3f7f03,5,expected_sarsa,recoverable,0.88,1,100000,100000,0,shelter,2,0
recoverable_risky_corridor-expected_sarsa-s5-46c719a5a707,5,expected_sarsa,recoverable,0.82,0.25,25000,25000,0,corridor,1,1
recoverable_risky_corridor-expected_sarsa-s5-46c719a5a707,5,expected_sarsa,recoverable,0.82,0.5,50000,50000,0,shelter,2,0
recoverable_risky_corridor-expected_sarsa-s5-46c719a5a707,5,expected_sarsa,recoverable,0.82,0.75,75000,75000,0,shelter,2,0
recoverable_risky_corridor-expected_sarsa-s5-46c719a5a707,5,expected_sarsa,recoverable,0.82,1,100000,100000,0,shelter,2,0
recoverable_risky_corridor-expected_sarsa-s5-47f4315ca11e,5,expected_sarsa,recoverable,0.7,0.25,25000,25000,0,shelter,2,0
recoverable_risky_corridor-expected_sarsa-s5-47f4315ca11e,5,expected_sarsa,recoverable,0.7,0.5,50000,50000,0,shelter,2,0
recoverable_risky_corridor-expected_sarsa-s5-47f4315ca11e,5,expected_sarsa,recoverable,0.7,0.75,75000,75000,0,shelter,2,0
recoverable_risky_corridor-expected_sarsa-s5-47f4315ca11e,5,expected_sarsa,recoverable,0.7,1,100000,100000,0,shelter,2,0
recoverable_risky_corridor-expected_sarsa-s5-59592aeb1d40,5,expected_sarsa,recoverable,0.85,0.25,25000,25000,0,corridor,1,1
recoverable_risky_corridor-expected_sarsa-s5-59592aeb1d40,5,expected_sarsa,recoverable,0.85,0.5,50000,50000,0,corridor,1,1
recoverable_risky_corridor-expected_sarsa-s5-59592aeb1d40,5,expected_sarsa,recoverable,0.85,0.75,75000,75000,0,corridor,1,1
recoverable_risky_corridor-expected_sarsa-s5-59592aeb1d40,5,expected_sarsa,recoverable,0.85,1,100000,100000,0,shelter,2,0
recoverable_risky_corridor-expected_sarsa-s5-79baf3267b4b,5,expected_sarsa,recoverable,0.84,0.25,25000,25000,0,corridor,1,1
recoverable_risky_corridor-expected_sarsa-s5-79baf3267b4b,5,expected_sarsa,recoverable,0.84,0.5,50000,50000,0,shelter,2,0
recoverable_risky_corridor-expected_sarsa-s5-79baf3267b4b,5,expected_sarsa,recoverable,0.84,0.75,75000,75000,0,corridor,1,1
recoverable_risky_corridor-expected_sarsa-s5-79baf3267b4b,5,expected_sarsa,recoverable,0.84,1,100000,100000,0,shelter,2,0
recoverable_risky_corridor-expected_sarsa-s5-7b2341f84b68,5,expected_sarsa,recoverable,0.805,0.25,25000,25000,0,corridor,1,1
recoverable_risky_corridor-expected_sarsa-s5-7b2341f84b68,5,expected_sarsa,recoverable,0.805,0.5,50000,50000,0,shelter,2,0
recoverable_risky_corridor-expected_sarsa-s5-7b2341f84b68,5,expected_sarsa,recoverable,0.805,0.75,75000,75000,0,shelter,2,0
recoverable_risky_corridor-expected_sarsa-s5-7b2341f84b68,5,expected_sarsa,recoverable,0.805,1,100000,100000,0,shelter,2,0
recoverable_risky_corridor-expected_sarsa-s5-7ba1875aea8b,5,expected_sarsa,recoverable,0.855,0.25,25000,25000,0,corridor,1,1
recoverable_risky_corridor-expected_sarsa-s5-7ba1875aea8b,5,expected_sarsa,recoverable,0.855,0.5,50000,50000,0,shelter,2,0
recoverable_risky_corridor-expected_sarsa-s5-7ba1875aea8b,5,expected_sarsa,recoverable,0.855,0.75,75000,75000,0,corridor,1,1
recoverable_risky_corridor-expected_sarsa-s5-7ba1875aea8b,5,expected_sarsa,recoverable,0.855,1,100000,100000,0,corridor,1,1
recoverable_risky_corridor-expected_sarsa-s5-94da93d5cc95,5,expected_sarsa,recoverable,0.79,0.25,25000,25000,0,corridor,1,1
recoverable_risky_corridor-expected_sarsa-s5-94da93d5cc95,5,expected_sarsa,recoverable,0.79,0.5,50000,50000,0,shelter,2,0
recoverable_risky_corridor-expected_sarsa-s5-94da93d5cc95,5,expected_sarsa,recoverable,0.79,0.75,75000,75000,0,corridor,1,1
recoverable_risky_corridor-expected_sarsa-s5-94da93d5cc95,5,expected_sarsa,recoverable,0.79,1,100000,100000,0,shelter,2,0
recoverable_risky_corridor-expected_sarsa-s5-95aa41921cf3,5,expected_sarsa,recoverable,0.6,0.25,25000,25000,0,shelter,2,0
recoverable_risky_corridor-expected_sarsa-s5-95aa41921cf3,5,expected_sarsa,recoverable,0.6,0.5,50000,50000,0,shelter,2,0
recoverable_risky_corridor-expected_sarsa-s5-95aa41921cf3,5,expected_sarsa,recoverable,0.6,0.75,75000,75000,0,shelter,2,0
recoverable_risky_corridor-expected_sarsa-s5-95aa41921cf3,5,expected_sarsa,recoverable,0.6,1,100000,100000,0,shelter,2,0
recoverable_risky_corridor-expected_sarsa-s5-9698bc5ddaa1,5,expected_sarsa,recoverable,0.845,0.25,25000,25000,0,corridor,1,1
recoverable_risky_corridor-expected_sarsa-s5-9698bc5ddaa1,5,expected_sarsa,recoverable,0.845,0.5,50000,50000,0,shelter,2,0
recoverable_risky_corridor-expected_sarsa-s5-9698bc5ddaa1,5,expected_sarsa,recoverable,0.845,0.75,75000,75000,0,shelter,2,0
recoverable_risky_corridor-expected_sarsa-s5-9698bc5ddaa1,5,expected_sarsa,recoverable,0.845,1,100000,100000,0,corridor,1,1
recoverable_risky_corridor-expected_sarsa-s5-a4e3dc66dd8a,5,expected_sarsa,recoverable,1,0.25,25000,25000,0,corridor,1,1
recoverable_risky_corridor-expected_sarsa-s5-a4e3dc66dd8a,5,expected_sarsa,recoverable,1,0.5,50000,50000,0,corridor,1,1
recoverable_risky_corridor-expected_sarsa-s5-a4e3dc66dd8a,5,expected_sarsa,recoverable,1,0.75,75000,75000,0,corridor,1,1
recoverable_risky_corridor-expected_sarsa-s5-a4e3dc66dd8a,5,expected_sarsa,recoverable,1,1,100000,100000,0,corridor,1,1
recoverable_risky_corridor-expected_sarsa-s5-be5fd5ceb55f,5,expected_sarsa,recoverable,0.78,0.25,25000,25000,0,shelter,2,0
recoverable_risky_corridor-expected_sarsa-s5-be5fd5ceb55f,5,expected_sarsa,recoverable,0.78,0.5,50000,50000,0,shelter,2,0
recoverable_risky_corridor-expected_sarsa-s5-be5fd5ceb55f,5,expected_sarsa,recoverable,0.78,0.75,75000,75000,0,shelter,2,0
recoverable_risky_corridor-expected_sarsa-s5-be5fd5ceb55f,5,expected_sarsa,recoverable,0.78,1,100000,100000,0,shelter,2,0
recoverable_risky_corridor-expected_sarsa-s5-dee5bebeca01,5,expected_sarsa,recoverable,0.86,0.25,25000,25000,0,corridor,1,1
recoverable_risky_corridor-expected_sarsa-s5-dee5bebeca01,5,expected_sarsa,recoverable,0.86,0.5,50000,50000,0,corridor,1,1
recoverable_risky_corridor-expected_sarsa-s5-dee5bebeca01,5,expected_sarsa,recoverable,0.86,0.75,75000,75000,0,corridor,1,1
recoverable_risky_corridor-expected_sarsa-s5-dee5bebeca01,5,expected_sarsa,recoverable,0.86,1,100000,100000,0,corridor,1,1
recoverable_risky_corridor-expected_sarsa-s5-e8d643c0a664,5,expected_sarsa,recoverable,0.81,0.25,25000,25000,0,corridor,1,1
recoverable_risky_corridor-expected_sarsa-s5-e8d643c0a664,5,expected_sarsa,recoverable,0.81,0.5,50000,50000,0,shelter,2,0
recoverable_risky_corridor-expected_sarsa-s5-e8d643c0a664,5,expected_sarsa,recoverable,0.81,0.75,75000,75000,0,shelter,2,0
recoverable_risky_corridor-expected_sarsa-s5-e8d643c0a664,5,expected_sarsa,recoverable,0.81,1,100000,100000,0,shelter,2,0
recoverable_risky_corridor-expected_sarsa-s6-293d680ed731,6,expected_sarsa,recoverable,0.6,0.25,25000,25000,0,shelter,2,0
recoverable_risky_corridor-expected_sarsa-s6-293d680ed731,6,expected_sarsa,recoverable,0.6,0.5,50000,50000,0,shelter,2,0
recoverable_risky_corridor-expected_sarsa-s6-293d680ed731,6,expected_sarsa,recoverable,0.6,0.75,75000,75000,0,shelter,2,0
recoverable_risky_corridor-expected_sarsa-s6-293d680ed731,6,expected_sarsa,recoverable,0.6,1,100000,100000,0,shelter,2,0
recoverable_risky_corridor-expected_sarsa-s6-4118507c6968,6,expected_sarsa,recoverable,0.7,0.25,25000,25000,0,corridor,1,1
recoverable_risky_corridor-expected_sarsa-s6-4118507c6968,6,expected_sarsa,recoverable,0.7,0.5,50000,50000,0,shelter,2,0
recoverable_risky_corridor-expected_sarsa-s6-4118507c6968,6,expected_sarsa,recoverable,0.7,0.75,75000,75000,0,shelter,2,0
recoverable_risky_corridor-expected_sarsa-s6-4118507c6968,6,expected_sarsa,recoverable,0.7,1,100000,100000,0,shelter,2,0
recoverable_risky_corridor-expected_sarsa-s6-414393932a93,6,expected_sarsa,recoverable,0.78,0.25,25000,25000,0,corridor,1,1
recoverable_risky_corridor-expected_sarsa-s6-414393932a93,6,expected_sarsa,recoverable,0.78,0.5,50000,50000,0,shelter,2,0
recoverable_risky_corridor-expected_sarsa-s6-414393932a93,6,expected_sarsa,recoverable,0.78,0.75,75000,75000,0,shelter,2,0
recoverable_risky_corridor-expected_sarsa-s6-414393932a93,6,expected_sarsa,recoverable,0.78,1,100000,100000,0,shelter,2,0
recoverable_risky_corridor-expected_sarsa-s6-4f9becba3500,6,expected_sarsa,recoverable,0.82,0.25,25000,25000,0,corridor,1,1
recoverable_risky_corridor-expected_sarsa-s6-4f9becba3500,6,expected_sarsa,recoverable,0.82,0.5,50000,50000,0,shelter,2,0
recoverable_risky_corridor-expected_sarsa-s6-4f9becba3500,6,expected_sarsa,recoverable,0.82,0.75,75000,75000,0,shelter,2,0
recoverable_risky_corridor-expected_sarsa-s6-4f9becba3500,6,expected_sarsa,recoverable,0.82,1,100000,100000,0,shelter,2,0
recoverable_risky_corridor-expected_sarsa-s6-5369b4ed1f64,6,expected_sarsa,recoverable,0.825,0.25,25000,25000,0,corridor,1,1
recoverable_risky_corridor-expected_sarsa-s6-5369b4ed1f64,6,expected_sarsa,recoverable,0.825,0.5,50000,50000,0,corridor,1,1
recoverable_risky_corridor-expected_sarsa-s6-5369b4ed1f64,6,expected_sarsa,recoverable,0.825,0.75,75000,75000,0,shelter,2,0
recoverable_risky_corridor-expected_sarsa-s6-5369b4ed1f64,6,expected_sarsa,recoverable,0.825,1,100000,100000,0,shelter,2,0
recoverable_risky_corridor-expected_sarsa-s6-53f5c574504c,6,expected_sarsa,recoverable,0.835,0.25,25000,25000,0,shelter,2,0
recoverable_risky_corridor-expected_sarsa-s6-53f5c574504c,6,expected_sarsa,recoverable,0.835,0.5,50000,50000,0,shelter,2,0
recoverable_risky_corridor-expected_sarsa-s6-53f5c574504c,6,expected_sarsa,recoverable,0.835,0.75,75000,75000,0,shelter,2,0
recoverable_risky_corridor-expected_sarsa-s6-53f5c574504c,6,expected_sarsa,recoverable,0.835,1,100000,100000,0,shelter,2,0
recoverable_risky_corridor-expected_sarsa-s6-63d8e44c321d,6,expected_sarsa,recoverable,0.855,0.25,25000,25000,0,corridor,1,1
recoverable_risky_corridor-expected_sarsa-s6-63d8e44c321d,6,expected_sarsa,recoverable,0.855,0.5,50000,50000,0,shelter,2,0
recoverable_risky_corridor-expected_sarsa-s6-63d8e44c321d,6,expected_sarsa,recoverable,0.855,0.75,75000,75000,0,shelter,2,0
recoverable_risky_corridor-expected_sarsa-s6-63d8e44c321d,6,expected_sarsa,recoverable,0.855,1,100000,100000,0,corridor,1,1
recoverable_risky_corridor-expected_sarsa-s6-65e2b695613b,6,expected_sarsa,recoverable,0.8,0.25,25000,25000,0,corridor,1,1
recoverable_risky_corridor-expected_sarsa-s6-65e2b695613b,6,expected_sarsa,recoverable,0.8,0.5,50000,50000,0,shelter,2,0
recoverable_risky_corridor-expected_sarsa-s6-65e2b695613b,6,expected_sarsa,recoverable,0.8,0.75,75000,75000,0,shelter,2,0
recoverable_risky_corridor-expected_sarsa-s6-65e2b695613b,6,expected_sarsa,recoverable,0.8,1,100000,100000,0,shelter,2,0
recoverable_risky_corridor-expected_sarsa-s6-68a2d4d35b98,6,expected_sarsa,recoverable,0.86,0.25,25000,25000,0,corridor,1,1
recoverable_risky_corridor-expected_sarsa-s6-68a2d4d35b98,6,expected_sarsa,recoverable,0.86,0.5,50000,50000,0,corridor,1,1
recoverable_risky_corridor-expected_sarsa-s6-68a2d4d35b98,6,expected_sarsa,recoverable,0.86,0.75,75000,75000,0,corridor,1,1
recoverable_risky_corridor-expected_sarsa-s6-68a2d4d35b98,6,expected_sarsa,recoverable,0.86,1,100000,100000,0,corridor,1,1
recoverable_risky_corridor-expected_sarsa-s6-7a25b9bd7ef6,6,expected_sarsa,recoverable,1,0.25,25000,25000,0,corridor,1,1
recoverable_risky_corridor-expected_sarsa-s6-7a25b9bd7ef6,6,expected_sarsa,recoverable,1,0.5,50000,50000,0,corridor,1,1
recoverable_risky_corridor-expected_sarsa-s6-7a25b9bd7ef6,6,expected_sarsa,recoverable,1,0.75,75000,75000,0,corridor,1,1
recoverable_risky_corridor-expected_sarsa-s6-7a25b9bd7ef6,6,expected_sarsa,recoverable,1,1,100000,100000,0,corridor,1,1
recoverable_risky_corridor-expected_sarsa-s6-826eecfc5b62,6,expected_sarsa,recoverable,0.845,0.25,25000,25000,0,shelter,2,0
recoverable_risky_corridor-expected_sarsa-s6-826eecfc5b62,6,expected_sarsa,recoverable,0.845,0.5,50000,50000,0,shelter,2,0
recoverable_risky_corridor-expected_sarsa-s6-826eecfc5b62,6,expected_sarsa,recoverable,0.845,0.75,75000,75000,0,corridor,1,1
recoverable_risky_corridor-expected_sarsa-s6-826eecfc5b62,6,expected_sarsa,recoverable,0.845,1,100000,100000,0,corridor,1,1
recoverable_risky_corridor-expected_sarsa-s6-927f8bf93bcf,6,expected_sarsa,recoverable,0.84,0.25,25000,25000,0,shelter,2,0
recoverable_risky_corridor-expected_sarsa-s6-927f8bf93bcf,6,expected_sarsa,recoverable,0.84,0.5,50000,50000,0,shelter,2,0
recoverable_risky_corridor-expected_sarsa-s6-927f8bf93bcf,6,expected_sarsa,recoverable,0.84,0.75,75000,75000,0,shelter,2,0
recoverable_risky_corridor-expected_sarsa-s6-927f8bf93bcf,6,expected_sarsa,recoverable,0.84,1,100000,100000,0,corridor,1,1
recoverable_risky_corridor-expected_sarsa-s6-b0e43f9c8a48,6,expected_sarsa,recoverable,0.88,0.25,25000,25000,0,corridor,1,1
recoverable_risky_corridor-expected_sarsa-s6-b0e43f9c8a48,6,expected_sarsa,recoverable,0.88,0.5,50000,50000,0,corridor,1,1
recoverable_risky_corridor-expected_sarsa-s6-b0e43f9c8a48,6,expected_sarsa,recoverable,0.88,0.75,75000,75000,0,corridor,1,1
recoverable_risky_corridor-expected_sarsa-s6-b0e43f9c8a48,6,expected_sarsa,recoverable,0.88,1,100000,100000,0,corridor,1,1
recoverable_risky_corridor-expected_sarsa-s6-b70a0a296b41,6,expected_sarsa,recoverable,0.805,0.25,25000,25000,0,corridor,1,1
recoverable_risky_corridor-expected_sarsa-s6-b70a0a296b41,6,expected_sarsa,recoverable,0.805,0.5,50000,50000,0,shelter,2,0
recoverable_risky_corridor-expected_sarsa-s6-b70a0a296b41,6,expected_sarsa,recoverable,0.805,0.75,75000,75000,0,shelter,2,0
recoverable_risky_corridor-expected_sarsa-s6-b70a0a296b41,6,expected_sarsa,recoverable,0.805,1,100000,100000,0,shelter,2,0
recoverable_risky_corridor-expected_sarsa-s6-dd48c7366093,6,expected_sarsa,recoverable,0.85,0.25,25000,25000,0,corridor,1,1
recoverable_risky_corridor-expected_sarsa-s6-dd48c7366093,6,expected_sarsa,recoverable,0.85,0.5,50000,50000,0,corridor,1,1
recoverable_risky_corridor-expected_sarsa-s6-dd48c7366093,6,expected_sarsa,recoverable,0.85,0.75,75000,75000,0,corridor,1,1
recoverable_risky_corridor-expected_sarsa-s6-dd48c7366093,6,expected_sarsa,recoverable,0.85,1,100000,100000,0,corridor,1,1
recoverable_risky_corridor-expected_sarsa-s6-e4d9f51da758,6,expected_sarsa,recoverable,0.81,0.25,25000,25000,0,corridor,1,1
recoverable_risky_corridor-expected_sarsa-s6-e4d9f51da758,6,expected_sarsa,recoverable,0.81,0.5,50000,50000,0,corridor,1,1
recoverable_risky_corridor-expected_sarsa-s6-e4d9f51da758,6,expected_sarsa,recoverable,0.81,0.75,75000,75000,0,corridor,1,1
recoverable_risky_corridor-expected_sarsa-s6-e4d9f51da758,6,expected_sarsa,recoverable,0.81,1,100000,100000,0,shelter,2,0
recoverable_risky_corridor-expected_sarsa-s6-e7c285b6ca6d,6,expected_sarsa,recoverable,0.9,0.25,25000,25000,0,corridor,1,1
recoverable_risky_corridor-expected_sarsa-s6-e7c285b6ca6d,6,expected_sarsa,recoverable,0.9,0.5,50000,50000,0,corridor,1,1
recoverable_risky_corridor-expected_sarsa-s6-e7c285b6ca6d,6,expected_sarsa,recoverable,0.9,0.75,75000,75000,0,corridor,1,1
recoverable_risky_corridor-expected_sarsa-s6-e7c285b6ca6d,6,expected_sarsa,recoverable,0.9,1,100000,100000,0,corridor,1,1
recoverable_risky_corridor-expected_sarsa-s6-fde91ab87aa2,6,expected_sarsa,recoverable,0.79,0.25,25000,25000,0,shelter,2,0
recoverable_risky_corridor-expected_sarsa-s6-fde91ab87aa2,6,expected_sarsa,recoverable,0.79,0.5,50000,50000,0,shelter,2,0
recoverable_risky_corridor-expected_sarsa-s6-fde91ab87aa2,6,expected_sarsa,recoverable,0.79,0.75,75000,75000,0,shelter,2,0
recoverable_risky_corridor-expected_sarsa-s6-fde91ab87aa2,6,expected_sarsa,recoverable,0.79,1,100000,100000,0,shelter,2,0
recoverable_risky_corridor-expected_sarsa-s7-161e07e53339,7,expected_sarsa,recoverable,0.7,0.25,25000,25000,0,shelter,2,0
recoverable_risky_corridor-expected_sarsa-s7-161e07e53339,7,expected_sarsa,recoverable,0.7,0.5,50000,50000,0,shelter,2,0
recoverable_risky_corridor-expected_sarsa-s7-161e07e53339,7,expected_sarsa,recoverable,0.7,0.75,75000,75000,0,shelter,2,0
recoverable_risky_corridor-expected_sarsa-s7-161e07e53339,7,expected_sarsa,recoverable,0.7,1,100000,100000,0,shelter,2,0
recoverable_risky_corridor-expected_sarsa-s7-1a1ae4f0d41f,7,expected_sarsa,recoverable,0.88,0.25,25000,25000,0,corridor,1,1
recoverable_risky_corridor-expected_sarsa-s7-1a1ae4f0d41f,7,expected_sarsa,recoverable,0.88,0.5,50000,50000,0,corridor,1,1
recoverable_risky_corridor-expected_sarsa-s7-1a1ae4f0d41f,7,expected_sarsa,recoverable,0.88,0.75,75000,75000,0,shelter,2,0
recoverable_risky_corridor-expected_sarsa-s7-1a1ae4f0d41f,7,expected_sarsa,recoverable,0.88,1,100000,100000,0,corridor,1,1
recoverable_risky_corridor-expected_sarsa-s7-24dbaaaa436e,7,expected_sarsa,recoverable,0.805,0.25,25000,25000,0,corridor,1,1
recoverable_risky_corridor-expected_sarsa-s7-24dbaaaa436e,7,expected_sarsa,recoverable,0.805,0.5,50000,50000,0,shelter,2,0
recoverable_risky_corridor-expected_sarsa-s7-24dbaaaa436e,7,expected_sarsa,recoverable,0.805,0.75,75000,75000,0,shelter,2,0
recoverable_risky_corridor-expected_sarsa-s7-24dbaaaa436e,7,expected_sarsa,recoverable,0.805,1,100000,100000,0,shelter,2,0
recoverable_risky_corridor-expected_sarsa-s7-2d1e94e4d7b5,7,expected_sarsa,recoverable,0.78,0.25,25000,25000,0,corridor,1,1
recoverable_risky_corridor-expected_sarsa-s7-2d1e94e4d7b5,7,expected_sarsa,recoverable,0.78,0.5,50000,50000,0,shelter,2,0
recoverable_risky_corridor-expected_sarsa-s7-2d1e94e4d7b5,7,expected_sarsa,recoverable,0.78,0.75,75000,75000,0,shelter,2,0
recoverable_risky_corridor-expected_sarsa-s7-2d1e94e4d7b5,7,expected_sarsa,recoverable,0.78,1,100000,100000,0,shelter,2,0
recoverable_risky_corridor-expected_sarsa-s7-2e2b94799809,7,expected_sarsa,recoverable,0.845,0.25,25000,25000,0,other,3,0
recoverable_risky_corridor-expected_sarsa-s7-2e2b94799809,7,expected_sarsa,recoverable,0.845,0.5,50000,50000,0,corridor,1,1
recoverable_risky_corridor-expected_sarsa-s7-2e2b94799809,7,expected_sarsa,recoverable,0.845,0.75,75000,75000,0,shelter,2,0
recoverable_risky_corridor-expected_sarsa-s7-2e2b94799809,7,expected_sarsa,recoverable,0.845,1,100000,100000,0,shelter,2,0
recoverable_risky_corridor-expected_sarsa-s7-321f1de213f2,7,expected_sarsa,recoverable,0.835,0.25,25000,25000,0,corridor,1,1
recoverable_risky_corridor-expected_sarsa-s7-321f1de213f2,7,expected_sarsa,recoverable,0.835,0.5,50000,50000,0,shelter,2,0
recoverable_risky_corridor-expected_sarsa-s7-321f1de213f2,7,expected_sarsa,recoverable,0.835,0.75,75000,75000,0,shelter,2,0
recoverable_risky_corridor-expected_sarsa-s7-321f1de213f2,7,expected_sarsa,recoverable,0.835,1,100000,100000,0,shelter,2,0
recoverable_risky_corridor-expected_sarsa-s7-4208320cbc85,7,expected_sarsa,recoverable,0.82,0.25,25000,25000,0,corridor,1,1
recoverable_risky_corridor-expected_sarsa-s7-4208320cbc85,7,expected_sarsa,recoverable,0.82,0.5,50000,50000,0,corridor,1,1
recoverable_risky_corridor-expected_sarsa-s7-4208320cbc85,7,expected_sarsa,recoverable,0.82,0.75,75000,75000,0,shelter,2,0
recoverable_risky_corridor-expected_sarsa-s7-4208320cbc85,7,expected_sarsa,recoverable,0.82,1,100000,100000,0,shelter,2,0
recoverable_risky_corridor-expected_sarsa-s7-5d8792a010d6,7,expected_sarsa,recoverable,0.79,0.25,25000,25000,0,corridor,1,1
recoverable_risky_corridor-expected_sarsa-s7-5d8792a010d6,7,expected_sarsa,recoverable,0.79,0.5,50000,50000,0,shelter,2,0
recoverable_risky_corridor-expected_sarsa-s7-5d8792a010d6,7,expected_sarsa,recoverable,0.79,0.75,75000,75000,0,shelter,2,0
recoverable_risky_corridor-expected_sarsa-s7-5d8792a010d6,7,expected_sarsa,recoverable,0.79,1,100000,100000,0,shelter,2,0
recoverable_risky_corridor-expected_sarsa-s7-5e8b31c756a9,7,expected_sarsa,recoverable,0.84,0.25,25000,25000,0,corridor,1,1
recoverable_risky_corridor-expected_sarsa-s7-5e8b31c756a9,7,expected_sarsa,recoverable,0.84,0.5,50000,50000,0,corridor,1,1
recoverable_risky_corridor-expected_sarsa-s7-5e8b31c756a9,7,expected_sarsa,recoverable,0.84,0.75,75000,75000,0,shelter,2,0
recoverable_risky_corridor-expected_sarsa-s7-5e8b31c756a9,7,expected_sarsa,recoverable,0.84,1,100000,100000,0,shelter,2,0
recoverable_risky_corridor-expected_sarsa-s7-5e925f519912,7,expected_sarsa,recoverable,0.6,0.25,25000,25000,0,shelter,2,0
recoverable_risky_corridor-expected_sarsa-s7-5e925f519912,7,expected_sarsa,recoverable,0.6,0.5,50000,50000,0,shelter,2,0
recoverable_risky_corridor-expected_sarsa-s7-5e925f519912,7,expected_sarsa,recoverable,0.6,0.75,75000,75000,0,shelter,2,0
recoverable_risky_corridor-expected_sarsa-s7-5e925f519912,7,expected_sarsa,recoverable,0.6,1,100000,100000,0,shelter,2,0
recoverable_risky_corridor-expected_sarsa-s7-6597ee24e32f,7,expected_sarsa,recoverable,0.81,0.25,25000,25000,0,shelter,2,0
recoverable_risky_corridor-expected_sarsa-s7-6597ee24e32f,7,expected_sarsa,recoverable,0.81,0.5,50000,50000,0,shelter,2,0
recoverable_risky_corridor-expected_sarsa-s7-6597ee24e32f,7,expected_sarsa,recoverable,0.81,0.75,75000,75000,0,shelter,2,0
recoverable_risky_corridor-expected_sarsa-s7-6597ee24e32f,7,expected_sarsa,recoverable,0.81,1,100000,100000,0,corridor,1,1
recoverable_risky_corridor-expected_sarsa-s7-6948170c5a86,7,expected_sarsa,recoverable,0.825,0.25,25000,25000,0,corridor,1,1
recoverable_risky_corridor-expected_sarsa-s7-6948170c5a86,7,expected_sarsa,recoverable,0.825,0.5,50000,50000,0,shelter,2,0
recoverable_risky_corridor-expected_sarsa-s7-6948170c5a86,7,expected_sarsa,recoverable,0.825,0.75,75000,75000,0,shelter,2,0
recoverable_risky_corridor-expected_sarsa-s7-6948170c5a86,7,expected_sarsa,recoverable,0.825,1,100000,100000,0,shelter,2,0
recoverable_risky_corridor-expected_sarsa-s7-84d7aa29a285,7,expected_sarsa,recoverable,0.86,0.25,25000,25000,0,corridor,1,1
recoverable_risky_corridor-expected_sarsa-s7-84d7aa29a285,7,expected_sarsa,recoverable,0.86,0.5,50000,50000,0,corridor,1,1
recoverable_risky_corridor-expected_sarsa-s7-84d7aa29a285,7,expected_sarsa,recoverable,0.86,0.75,75000,75000,0,shelter,2,0
recoverable_risky_corridor-expected_sarsa-s7-84d7aa29a285,7,expected_sarsa,recoverable,0.86,1,100000,100000,0,shelter,2,0
recoverable_risky_corridor-expected_sarsa-s7-943cae63895a,7,expected_sarsa,recoverable,0.8,0.25,25000,25000,0,corridor,1,1
recoverable_risky_corridor-expected_sarsa-s7-943cae63895a,7,expected_sarsa,recoverable,0.8,0.5,50000,50000,0,corridor,1,1
recoverable_risky_corridor-expected_sarsa-s7-943cae63895a,7,expected_sarsa,recoverable,0.8,0.75,75000,75000,0,shelter,2,0
recoverable_risky_corridor-expected_sarsa-s7-943cae63895a,7,expected_sarsa,recoverable,0.8,1,100000,100000,0,shelter,2,0
recoverable_risky_corridor-expected_sarsa-s7-b2d755aa28b1,7,expected_sarsa,recoverable,1,0.25,25000,25000,0,corridor,1,1
recoverable_risky_corridor-expected_sarsa-s7-b2d755aa28b1,7,expected_sarsa,recoverable,1,0.5,50000,50000,0,corridor,1,1
recoverable_risky_corridor-expected_sarsa-s7-b2d755aa28b1,7,expected_sarsa,recoverable,1,0.75,75000,75000,0,corridor,1,1
recoverable_risky_corridor-expected_sarsa-s7-b2d755aa28b1,7,expected_sarsa,recoverable,1,1,100000,100000,0,corridor,1,1
recoverable_risky_corridor-expected_sarsa-s7-d446ceec0b4c,7,expected_sarsa,recoverable,0.9,0.25,25000,25000,0,corridor,1,1
recoverable_risky_corridor-expected_sarsa-s7-d446ceec0b4c,7,expected_sarsa,recoverable,0.9,0.5,50000,50000,0,corridor,1,1
recoverable_risky_corridor-expected_sarsa-s7-d446ceec0b4c,7,expected_sarsa,recoverable,0.9,0.75,75000,75000,0,corridor,1,1
recoverable_risky_corridor-expected_sarsa-s7-d446ceec0b4c,7,expected_sarsa,recoverable,0.9,1,100000,100000,0,corridor,1,1
recoverable_risky_corridor-expected_sarsa-s7-e6363330abc9,7,expected_sarsa,recoverable,0.85,0.25,25000,25000,0,corridor,1,1
recoverable_risky_corridor-expected_sarsa-s7-e6363330abc9,7,expected_sarsa,recoverable,0.85,0.5,50000,50000,0,shelter,2,0
recoverable_risky_corridor-expected_sarsa-s7-e6363330abc9,7,expected_sarsa,recoverable,0.85,0.75,75000,75000,0,shelter,2,0
recoverable_risky_corridor-expected_sarsa-s7-e6363330abc9,7,expected_sarsa,recoverable,0.85,1,100000,100000,0,shelter,2,0
recoverable_risky_corridor-expected_sarsa-s7-ed7e2f680316,7,expected_sarsa,recoverable,0.855,0.25,25000,25000,0,corridor,1,1
recoverable_risky_corridor-expected_sarsa-s7-ed7e2f680316,7,expected_sarsa,recoverable,0.855,0.5,50000,50000,0,corridor,1,1
recoverable_risky_corridor-expected_sarsa-s7-ed7e2f680316,7,expected_sarsa,recoverable,0.855,0.75,75000,75000,0,corridor,1,1
recoverable_risky_corridor-expected_sarsa-s7-ed7e2f680316,7,expected_sarsa,recoverable,0.855,1,100000,100000,0,shelter,2,0
recoverable_risky_corridor-expected_sarsa-s8-101ce297405d,8,expected_sarsa,recoverable,0.86,0.25,25000,25000,0,corridor,1,1
recoverable_risky_corridor-expected_sarsa-s8-101ce297405d,8,expected_sarsa,recoverable,0.86,0.5,50000,50000,0,corridor,1,1
recoverable_risky_corridor-expected_sarsa-s8-101ce297405d,8,expected_sarsa,recoverable,0.86,0.75,75000,75000,0,shelter,2,0
recoverable_risky_corridor-expected_sarsa-s8-101ce297405d,8,expected_sarsa,recoverable,0.86,1,100000,100000,0,corridor,1,1
recoverable_risky_corridor-expected_sarsa-s8-114e528557b3,8,expected_sarsa,recoverable,0.835,0.25,25000,25000,0,corridor,1,1
recoverable_risky_corridor-expected_sarsa-s8-114e528557b3,8,expected_sarsa,recoverable,0.835,0.5,50000,50000,0,shelter,2,0
recoverable_risky_corridor-expected_sarsa-s8-114e528557b3,8,expected_sarsa,recoverable,0.835,0.75,75000,75000,0,shelter,2,0
recoverable_risky_corridor-expected_sarsa-s8-114e528557b3,8,expected_sarsa,recoverable,0.835,1,100000,100000,0,corridor,1,1
recoverable_risky_corridor-expected_sarsa-s8-2aadd2ed291a,8,expected_sarsa,recoverable,0.845,0.25,25000,25000,0,corridor,1,1
recoverable_risky_corridor-expected_sarsa-s8-2aadd2ed291a,8,expected_sarsa,recoverable,0.845,0.5,50000,50000,0,corridor,1,1
recoverable_risky_corridor-expected_sarsa-s8-2aadd2ed291a,8,expected_sarsa,recoverable,0.845,0.75,75000,75000,0,shelter,2,0
recoverable_risky_corridor-expected_sarsa-s8-2aadd2ed291a,8,expected_sarsa,recoverable,0.845,1,100000,100000,0,corridor,1,1
recoverable_risky_corridor-expected_sarsa-s8-323861c87017,8,expected_sarsa,recoverable,1,0.25,25000,25000,0,corridor,1,1
recoverable_risky_corridor-expected_sarsa-s8-323861c87017,8,expected_sarsa,recoverable,1,0.5,50000,50000,0,corridor,1,1
recoverable_risky_corridor-expected_sarsa-s8-323861c87017,8,expected_sarsa,recoverable,1,0.75,75000,75000,0,corridor,1,1
recoverable_risky_corridor-expected_sarsa-s8-323861c87017,8,expected_sarsa,recoverable,1,1,100000,100000,0,corridor,1,1
recoverable_risky_corridor-expected_sarsa-s8-4ff04e9a6fd5,8,expected_sarsa,recoverable,0.9,0.25,25000,25000,0,corridor,1,1
recoverable_risky_corridor-expected_sarsa-s8-4ff04e9a6fd5,8,expected_sarsa,recoverable,0.9,0.5,50000,50000,0,corridor,1,1
recoverable_risky_corridor-expected_sarsa-s8-4ff04e9a6fd5,8,expected_sarsa,recoverable,0.9,0.75,75000,75000,0,corridor,1,1
recoverable_risky_corridor-expected_sarsa-s8-4ff04e9a6fd5,8,expected_sarsa,recoverable,0.9,1,100000,100000,0,corridor,1,1
recoverable_risky_corridor-expected_sarsa-s8-5e3084994a28,8,expected_sarsa,recoverable,0.6,0.25,25000,25000,0,shelter,2,0
recoverable_risky_corridor-expected_sarsa-s8-5e3084994a28,8,expected_sarsa,recoverable,0.6,0.5,50000,50000,0,shelter,2,0
recoverable_risky_corridor-expected_sarsa-s8-5e3084994a28,8,expected_sarsa,recoverable,0.6,0.75,75000,75000,0,shelter,2,0
recoverable_risky_corridor-expected_sarsa-s8-5e3084994a28,8,expected_sarsa,recoverable,0.6,1,100000,100000,0,shelter,2,0
recoverable_risky_corridor-expected_sarsa-s8-7d7623d56158,8,expected_sarsa,recoverable,0.85,0.25,25000,25000,0,corridor,1,1
recoverable_risky_corridor-expected_sarsa-s8-7d7623d56158,8,expected_sarsa,recoverable,0.85,0.5,50000,50000,0,corridor,1,1
recoverable_risky_corridor-expected_sarsa-s8-7d7623d56158,8,expected_sarsa,recoverable,0.85,0.75,75000,75000,0,shelter,2,0
recoverable_risky_corridor-expected_sarsa-s8-7d7623d56158,8,expected_sarsa,recoverable,0.85,1,100000,100000,0,shelter,2,0
recoverable_risky_corridor-expected_sarsa-s8-87c5c6b6ca7a,8,expected_sarsa,recoverable,0.8,0.25,25000,25000,0,shelter,2,0
recoverable_risky_corridor-expected_sarsa-s8-87c5c6b6ca7a,8,expected_sarsa,recoverable,0.8,0.5,50000,50000,0,shelter,2,0
recoverable_risky_corridor-expected_sarsa-s8-87c5c6b6ca7a,8,expected_sarsa,recoverable,0.8,0.75,75000,75000,0,shelter,2,0
recoverable_risky_corridor-expected_sarsa-s8-87c5c6b6ca7a,8,expected_sarsa,recoverable,0.8,1,100000,100000,0,shelter,2,0
recoverable_risky_corridor-expected_sarsa-s8-922019f34e31,8,expected_sarsa,recoverable,0.78,0.25,25000,25000,0,shelter,2,0
recoverable_risky_corridor-expected_sarsa-s8-922019f34e31,8,expected_sarsa,recoverable,0.78,0.5,50000,50000,0,shelter,2,0
recoverable_risky_corridor-expected_sarsa-s8-922019f34e31,8,expected_sarsa,recoverable,0.78,0.75,75000,75000,0,shelter,2,0
recoverable_risky_corridor-expected_sarsa-s8-922019f34e31,8,expected_sarsa,recoverable,0.78,1,100000,100000,0,shelter,2,0
recoverable_risky_corridor-expected_sarsa-s8-a5d851a33f64,8,expected_sarsa,recoverable,0.84,0.25,25000,25000,0,corridor,1,1
recoverable_risky_corridor-expected_sarsa-s8-a5d851a33f64,8,expected_sarsa,recoverable,0.84,0.5,50000,50000,0,shelter,2,0
recoverable_risky_corridor-expected_sarsa-s8-a5d851a33f64,8,expected_sarsa,recoverable,0.84,0.75,75000,75000,0,shelter,2,0
recoverable_risky_corridor-expected_sarsa-s8-a5d851a33f64,8,expected_sarsa,recoverable,0.84,1,100000,100000,0,corridor,1,1
recoverable_risky_corridor-expected_sarsa-s8-bb8632d8738b,8,expected_sarsa,recoverable,0.81,0.25,25000,25000,0,shelter,2,0
recoverable_risky_corridor-expected_sarsa-s8-bb8632d8738b,8,expected_sarsa,recoverable,0.81,0.5,50000,50000,0,shelter,2,0
recoverable_risky_corridor-expected_sarsa-s8-bb8632d8738b,8,expected_sarsa,recoverable,0.81,0.75,75000,75000,0,shelter,2,0
recoverable_risky_corridor-expected_sarsa-s8-bb8632d8738b,8,expected_sarsa,recoverable,0.81,1,100000,100000,0,shelter,2,0
recoverable_risky_corridor-expected_sarsa-s8-cf21ff9f044b,8,expected_sarsa,recoverable,0.825,0.25,25000,25000,0,corridor,1,1
recoverable_risky_corridor-expected_sarsa-s8-cf21ff9f044b,8,expected_sarsa,recoverable,0.825,0.5,50000,50000,0,shelter,2,0
recoverable_risky_corridor-expected_sarsa-s8-cf21ff9f044b,8,expected_sarsa,recoverable,0.825,0.75,75000,75000,0,corridor,1,1
recoverable_risky_corridor-expected_sarsa-s8-cf21ff9f044b,8,expected_sarsa,recoverable,0.825,1,100000,100000,0,shelter,2,0
recoverable_risky_corridor-expected_sarsa-s8-d87de76fffb9,8,expected_sarsa,recoverable,0.805,0.25,25000,25000,0,shelter,2,0
recoverable_risky_corridor-expected_sarsa-s8-d87de76fffb9,8,expected_sarsa,recoverable,0.805,0.5,50000,50000,0,shelter,2,0
recoverable_risky_corridor-expected_sarsa-s8-d87de76fffb9,8,expected_sarsa,recoverable,0.805,0.75,75000,75000,0,shelter,2,0
recoverable_risky_corridor-expected_sarsa-s8-d87de76fffb9,8,expected_sarsa,recoverable,0.805,1,100000,100000,0,shelter,2,0
recoverable_risky_corridor-expected_sarsa-s8-d8861b9c1c12,8,expected_sarsa,recoverable,0.7,0.25,25000,25000,0,corridor,1,1
recoverable_risky_corridor-expected_sarsa-s8-d8861b9c1c12,8,expected_sarsa,recoverable,0.7,0.5,50000,50000,0,shelter,2,0
recoverable_risky_corridor-expected_sarsa-s8-d8861b9c1c12,8,expected_sarsa,recoverable,0.7,0.75,75000,75000,0,shelter,2,0
recoverable_risky_corridor-expected_sarsa-s8-d8861b9c1c12,8,expected_sarsa,recoverable,0.7,1,100000,100000,0,shelter,2,0
recoverable_risky_corridor-expected_sarsa-s8-df1bd02c8cda,8,expected_sarsa,recoverable,0.82,0.25,25000,25000,0,shelter,2,0
recoverable_risky_corridor-expected_sarsa-s8-df1bd02c8cda,8,expected_sarsa,recoverable,0.82,0.5,50000,50000,0,corridor,1,1
recoverable_risky_corridor-expected_sarsa-s8-df1bd02c8cda,8,expected_sarsa,recoverable,0.82,0.75,75000,75000,0,shelter,2,0
recoverable_risky_corridor-expected_sarsa-s8-df1bd02c8cda,8,expected_sarsa,recoverable,0.82,1,100000,100000,0,shelter,2,0
recoverable_risky_corridor-expected_sarsa-s8-e5fdb4b6b153,8,expected_sarsa,recoverable,0.79,0.25,25000,25000,0,shelter,2,0
recoverable_risky_corridor-expected_sarsa-s8-e5fdb4b6b153,8,expected_sarsa,recoverable,0.79,0.5,50000,50000,0,shelter,2,0
recoverable_risky_corridor-expected_sarsa-s8-e5fdb4b6b153,8,expected_sarsa,recoverable,0.79,0.75,75000,75000,0,shelter,2,0
recoverable_risky_corridor-expected_sarsa-s8-e5fdb4b6b153,8,expected_sarsa,recoverable,0.79,1,100000,100000,0,shelter,2,0
recoverable_risky_corridor-expected_sarsa-s8-ef165375bf7f,8,expected_sarsa,recoverable,0.855,0.25,25000,25000,0,corridor,1,1
recoverable_risky_corridor-expected_sarsa-s8-ef165375bf7f,8,expected_sarsa,recoverable,0.855,0.5,50000,50000,0,corridor,1,1
recoverable_risky_corridor-expected_sarsa-s8-ef165375bf7f,8,expected_sarsa,recoverable,0.855,0.75,75000,75000,0,shelter,2,0
recoverable_risky_corridor-expected_sarsa-s8-ef165375bf7f,8,expected_sarsa,recoverable,0.855,1,100000,100000,0,shelter,2,0
recoverable_risky_corridor-expected_sarsa-s8-f782a005f17a,8,expected_sarsa,recoverable,0.88,0.25,25000,25000,0,corridor,1,1
recoverable_risky_corridor-expected_sarsa-s8-f782a005f17a,8,expected_sarsa,recoverable,0.88,0.5,50000,50000,0,corridor,1,1
recoverable_risky_corridor-expected_sarsa-s8-f782a005f17a,8,expected_sarsa,recoverable,0.88,0.75,75000,75000,0,shelter,2,0
recoverable_risky_corridor-expected_sarsa-s8-f782a005f17a,8,expected_sarsa,recoverable,0.88,1,100000,100000,0,corridor,1,1
recoverable_risky_corridor-expected_sarsa-s9-06aabbb7157e,9,expected_sarsa,recoverable,0.88,0.25,25000,25000,0,corridor,1,1
recoverable_risky_corridor-expected_sarsa-s9-06aabbb7157e,9,expected_sarsa,recoverable,0.88,0.5,50000,50000,0,shelter,2,0
recoverable_risky_corridor-expected_sarsa-s9-06aabbb7157e,9,expected_sarsa,recoverable,0.88,0.75,75000,75000,0,corridor,1,1
recoverable_risky_corridor-expected_sarsa-s9-06aabbb7157e,9,expected_sarsa,recoverable,0.88,1,100000,100000,0,corridor,1,1
recoverable_risky_corridor-expected_sarsa-s9-0bbd84043be4,9,expected_sarsa,recoverable,0.86,0.25,25000,25000,0,corridor,1,1
recoverable_risky_corridor-expected_sarsa-s9-0bbd84043be4,9,expected_sarsa,recoverable,0.86,0.5,50000,50000,0,corridor,1,1
recoverable_risky_corridor-expected_sarsa-s9-0bbd84043be4,9,expected_sarsa,recoverable,0.86,0.75,75000,75000,0,shelter,2,0
recoverable_risky_corridor-expected_sarsa-s9-0bbd84043be4,9,expected_sarsa,recoverable,0.86,1,100000,100000,0,corridor,1,1
recoverable_risky_corridor-expected_sarsa-s9-18f54e5dd82d,9,expected_sarsa,recoverable,1,0.25,25000,25000,0,corridor,1,1
recoverable_risky_corridor-expected_sarsa-s9-18f54e5dd82d,9,expected_sarsa,recoverable,1,0.5,50000,50000,0,corridor,1,1
recoverable_risky_corridor-expected_sarsa-s9-18f54e5dd82d,9,expected_sarsa,recoverable,1,0.75,75000,75000,0,corridor,1,1
recoverable_risky_corridor-expected_sarsa-s9-18f54e5dd82d,9,expected_sarsa,recoverable,1,1,100000,100000,0,corridor,1,1
recoverable_risky_corridor-expected_sarsa-s9-35437dcae0a6,9,expected_sarsa,recoverable,0.82,0.25,25000,25000,0,corridor,1,1
recoverable_risky_corridor-expected_sarsa-s9-35437dcae0a6,9,expected_sarsa,recoverable,0.82,0.5,50000,50000,0,shelter,2,0
recoverable_risky_corridor-expected_sarsa-s9-35437dcae0a6,9,expected_sarsa,recoverable,0.82,0.75,75000,75000,0,shelter,2,0
recoverable_risky_corridor-expected_sarsa-s9-35437dcae0a6,9,expected_sarsa,recoverable,0.82,1,100000,100000,0,shelter,2,0
recoverable_risky_corridor-expected_sarsa-s9-56ad59c3427a,9,expected_sarsa,recoverable,0.7,0.25,25000,25000,0,corridor,1,1
recoverable_risky_corridor-expected_sarsa-s9-56ad59c3427a,9,expected_sarsa,recoverable,0.7,0.5,50000,50000,0,shelter,2,0
recoverable_risky_corridor-expected_sarsa-s9-56ad59c3427a,9,expected_sarsa,recoverable,0.7,0.75,75000,75000,0,shelter,2,0
recoverable_risky_corridor-expected_sarsa-s9-56ad59c3427a,9,expected_sarsa,recoverable,0.7,1,100000,100000,0,shelter,2,0
recoverable_risky_corridor-expected_sarsa-s9-5b49caa14b84,9,expected_sarsa,recoverable,0.835,0.25,25000,25000,0,corridor,1,1
recoverable_risky_corridor-expected_sarsa-s9-5b49caa14b84,9,expected_sarsa,recoverable,0.835,0.5,50000,50000,0,shelter,2,0
recoverable_risky_corridor-expected_sarsa-s9-5b49caa14b84,9,expected_sarsa,recoverable,0.835,0.75,75000,75000,0,shelter,2,0
recoverable_risky_corridor-expected_sarsa-s9-5b49caa14b84,9,expected_sarsa,recoverable,0.835,1,100000,100000,0,corridor,1,1
recoverable_risky_corridor-expected_sarsa-s9-8cde451dcbe9,9,expected_sarsa,recoverable,0.855,0.25,25000,25000,0,corridor,1,1
recoverable_risky_corridor-expected_sarsa-s9-8cde451dcbe9,9,expected_sarsa,recoverable,0.855,0.5,50000,50000,0,shelter,2,0
recoverable_risky_corridor-expected_sarsa-s9-8cde451dcbe9,9,expected_sarsa,recoverable,0.855,0.75,75000,75000,0,corridor,1,1
recoverable_risky_corridor-expected_sarsa-s9-8cde451dcbe9,9,expected_sarsa,recoverable,0.855,1,100000,100000,0,corridor,1,1
recoverable_risky_corridor-expected_sarsa-s9-9373095da01f,9,expected_sarsa,recoverable,0.81,0.25,25000,25000,0,shelter,2,0
recoverable_risky_corridor-expected_sarsa-s9-9373095da01f,9,expected_sarsa,recoverable,0.81,0.5,50000,50000,0,shelter,2,0
recoverable_risky_corridor-expected_sarsa-s9-9373095da01f,9,expected_sarsa,recoverable,0.81,0.75,75000,75000,0,shelter,2,0
recoverable_risky_corridor-expected_sarsa-s9-9373095da01f,9,expected_sarsa,recoverable,0.81,1,100000,100000,0,shelter,2,0
recoverable_risky_corridor-expected_sarsa-s9-9ab30a7f954e,9,expected_sarsa,recoverable,0.825,0.25,25000,25000,0,corridor,1,1
recoverable_risky_corridor-expected_sarsa-s9-9ab30a7f954e,9,expected_sarsa,recoverable,0.825,0.5,50000,50000,0,shelter,2,0
recoverable_risky_corridor-expected_sarsa-s9-9ab30a7f954e,9,expected_sarsa,recoverable,0.825,0.75,75000,75000,0,shelter,2,0
recoverable_risky_corridor-expected_sarsa-s9-9ab30a7f954e,9,expected_sarsa,recoverable,0.825,1,100000,100000,0,shelter,2,0
recoverable_risky_corridor-expected_sarsa-s9-9c5f9b636f44,9,expected_sarsa,recoverable,0.8,0.25,25000,25000,0,corridor,1,1
recoverable_risky_corridor-expected_sarsa-s9-9c5f9b636f44,9,expected_sarsa,recoverable,0.8,0.5,50000,50000,0,shelter,2,0
recoverable_risky_corridor-expected_sarsa-s9-9c5f9b636f44,9,expected_sarsa,recoverable,0.8,0.75,75000,75000,0,shelter,2,0
recoverable_risky_corridor-expected_sarsa-s9-9c5f9b636f44,9,expected_sarsa,recoverable,0.8,1,100000,100000,0,shelter,2,0
recoverable_risky_corridor-expected_sarsa-s9-b1e281e64456,9,expected_sarsa,recoverable,0.9,0.25,25000,25000,0,corridor,1,1
recoverable_risky_corridor-expected_sarsa-s9-b1e281e64456,9,expected_sarsa,recoverable,0.9,0.5,50000,50000,0,corridor,1,1
recoverable_risky_corridor-expected_sarsa-s9-b1e281e64456,9,expected_sarsa,recoverable,0.9,0.75,75000,75000,0,corridor,1,1
recoverable_risky_corridor-expected_sarsa-s9-b1e281e64456,9,expected_sarsa,recoverable,0.9,1,100000,100000,0,corridor,1,1
recoverable_risky_corridor-expected_sarsa-s9-b2f0f6b3f8be,9,expected_sarsa,recoverable,0.6,0.25,25000,25000,0,corridor,1,1
recoverable_risky_corridor-expected_sarsa-s9-b2f0f6b3f8be,9,expected_sarsa,recoverable,0.6,0.5,50000,50000,0,shelter,2,0
recoverable_risky_corridor-expected_sarsa-s9-b2f0f6b3f8be,9,expected_sarsa,recoverable,0.6,0.75,75000,75000,0,shelter,2,0
recoverable_risky_corridor-expected_sarsa-s9-b2f0f6b3f8be,9,expected_sarsa,recoverable,0.6,1,100000,100000,0,shelter,2,0
recoverable_risky_corridor-expected_sarsa-s9-bb9c5dc7ee03,9,expected_sarsa,recoverable,0.78,0.25,25000,25000,0,other,3,0
recoverable_risky_corridor-expected_sarsa-s9-bb9c5dc7ee03,9,expected_sarsa,recoverable,0.78,0.5,50000,50000,0,shelter,2,0
recoverable_risky_corridor-expected_sarsa-s9-bb9c5dc7ee03,9,expected_sarsa,recoverable,0.78,0.75,75000,75000,0,shelter,2,0
recoverable_risky_corridor-expected_sarsa-s9-bb9c5dc7ee03,9,expected_sarsa,recoverable,0.78,1,100000,100000,0,shelter,2,0
recoverable_risky_corridor-expected_sarsa-s9-c508bde3d307,9,expected_sarsa,recoverable,0.85,0.25,25000,25000,0,corridor,1,1
recoverable_risky_corridor-expected_sarsa-s9-c508bde3d307,9,expected_sarsa,recoverable,0.85,0.5,50000,50000,0,shelter,2,0
recoverable_risky_corridor-expected_sarsa-s9-c508bde3d307,9,expected_sarsa,recoverable,0.85,0.75,75000,75000,0,corridor,1,1
recoverable_risky_corridor-expected_sarsa-s9-c508bde3d307,9,expected_sarsa,recoverable,0.85,1,100000,100000,0,corridor,1,1
recoverable_risky_corridor-expected_sarsa-s9-d1684c977a04,9,expected_sarsa,recoverable,0.845,0.25,25000,25000,0,corridor,1,1
recoverable_risky_corridor-expected_sarsa-s9-d1684c977a04,9,expected_sarsa,recoverable,0.845,0.5,50000,50000,0,shelter,2,0
recoverable_risky_corridor-expected_sarsa-s9-d1684c977a04,9,expected_sarsa,recoverable,0.845,0.75,75000,75000,0,shelter,2,0
recoverable_risky_corridor-expected_sarsa-s9-d1684c977a04,9,expected_sarsa,recoverable,0.845,1,100000,100000,0,shelter,2,0
recoverable_risky_corridor-expected_sarsa-s9-d5bdcbe6b57d,9,expected_sarsa,recoverable,0.84,0.25,25000,25000,0,corridor,1,1
recoverable_risky_corridor-expected_sarsa-s9-d5bdcbe6b57d,9,expected_sarsa,recoverable,0.84,0.5,50000,50000,0,corridor,1,1
recoverable_risky_corridor-expected_sarsa-s9-d5bdcbe6b57d,9,expected_sarsa,recoverable,0.84,0.75,75000,75000,0,corridor,1,1
recoverable_risky_corridor-expected_sarsa-s9-d5bdcbe6b57d,9,expected_sarsa,recoverable,0.84,1,100000,100000,0,shelter,2,0
recoverable_risky_corridor-expected_sarsa-s9-f12637400fb9,9,expected_sarsa,recoverable,0.79,0.25,25000,25000,0,corridor,1,1
recoverable_risky_corridor-expected_sarsa-s9-f12637400fb9,9,expected_sarsa,recoverable,0.79,0.5,50000,50000,0,shelter,2,0
recoverable_risky_corridor-expected_sarsa-s9-f12637400fb9,9,expected_sarsa,recoverable,0.79,0.75,75000,75000,0,shelter,2,0
recoverable_risky_corridor-expected_sarsa-s9-f12637400fb9,9,expected_sarsa,recoverable,0.79,1,100000,100000,0,shelter,2,0
recoverable_risky_corridor-expected_sarsa-s9-fcc6bb27bb1b,9,expected_sarsa,recoverable,0.805,0.25,25000,25000,0,shelter,2,0
recoverable_risky_corridor-expected_sarsa-s9-fcc6bb27bb1b,9,expected_sarsa,recoverable,0.805,0.5,50000,50000,0,shelter,2,0
recoverable_risky_corridor-expected_sarsa-s9-fcc6bb27bb1b,9,expected_sarsa,recoverable,0.805,0.75,75000,75000,0,shelter,2,0
recoverable_risky_corridor-expected_sarsa-s9-fcc6bb27bb1b,9,expected_sarsa,recoverable,0.805,1,100000,100000,0,shelter,2,0
recoverable_risky_corridor-q_learning-s0-00dec8011b9f,0,q_learning,recoverable,0.86,0.25,25000,25000,0,corridor,1,1
recoverable_risky_corridor-q_learning-s0-00dec8011b9f,0,q_learning,recoverable,0.86,0.5,50000,50000,0,corridor,1,1
recoverable_risky_corridor-q_learning-s0-00dec8011b9f,0,q_learning,recoverable,0.86,0.75,75000,75000,0,corridor,1,1
recoverable_risky_corridor-q_learning-s0-00dec8011b9f,0,q_learning,recoverable,0.86,1,100000,100000,0,corridor,1,1
recoverable_risky_corridor-q_learning-s0-0dd1a265783f,0,q_learning,recoverable,0.9,0.25,25000,25000,0,corridor,1,1
recoverable_risky_corridor-q_learning-s0-0dd1a265783f,0,q_learning,recoverable,0.9,0.5,50000,50000,0,corridor,1,1
recoverable_risky_corridor-q_learning-s0-0dd1a265783f,0,q_learning,recoverable,0.9,0.75,75000,75000,0,corridor,1,1
recoverable_risky_corridor-q_learning-s0-0dd1a265783f,0,q_learning,recoverable,0.9,1,100000,100000,0,corridor,1,1
recoverable_risky_corridor-q_learning-s0-105d757a2c76,0,q_learning,recoverable,0.81,0.25,25000,25000,0,corridor,1,1
recoverable_risky_corridor-q_learning-s0-105d757a2c76,0,q_learning,recoverable,0.81,0.5,50000,50000,0,shelter,2,0
recoverable_risky_corridor-q_learning-s0-105d757a2c76,0,q_learning,recoverable,0.81,0.75,75000,75000,0,shelter,2,0
recoverable_risky_corridor-q_learning-s0-105d757a2c76,0,q_learning,recoverable,0.81,1,100000,100000,0,shelter,2,0
recoverable_risky_corridor-q_learning-s0-2ba985a63416,0,q_learning,recoverable,0.6,0.25,25000,25000,0,shelter,2,0
recoverable_risky_corridor-q_learning-s0-2ba985a63416,0,q_learning,recoverable,0.6,0.5,50000,50000,0,shelter,2,0
recoverable_risky_corridor-q_learning-s0-2ba985a63416,0,q_learning,recoverable,0.6,0.75,75000,75000,0,shelter,2,0
recoverable_risky_corridor-q_learning-s0-2ba985a63416,0,q_learning,recoverable,0.6,1,100000,100000,0,shelter,2,0
recoverable_risky_corridor-q_learning-s0-2ec6f77f35f9,0,q_learning,recoverable,0.8,0.25,25000,25000,0,other,3,0
recoverable_risky_corridor-q_learning-s0-2ec6f77f35f9,0,q_learning,recoverable,0.8,0.5,50000,50000,0,shelter,2,0
recoverable_risky_corridor-q_learning-s0-2ec6f77f35f9,0,q_learning,recoverable,0.8,0.75,75000,75000,0,shelter,2,0
recoverable_risky_corridor-q_learning-s0-2ec6f77f35f9,0,q_learning,recoverable,0.8,1,100000,100000,0,shelter,2,0
recoverable_risky_corridor-q_learning-s0-34cdea8e3b88,0,q_learning,recoverable,0.78,0.25,25000,25000,0,shelter,2,0
recoverable_risky_corridor-q_learning-s0-34cdea8e3b88,0,q_learning,recoverable,0.78,0.5,50000,50000,0,shelter,2,0
recoverable_risky_corridor-q_learning-s0-34cdea8e3b88,0,q_learning,recoverable,0.78,0.75,75000,75000,0,shelter,2,0
recoverable_risky_corridor-q_learning-s0-34cdea8e3b88,0,q_learning,recoverable,0.78,1,100000,100000,0,shelter,2,0
recoverable_risky_corridor-q_learning-s0-365f9edba5d8,0,q_learning,recoverable,0.85,0.25,25000,25000,0,corridor,1,1
recoverable_risky_corridor-q_learning-s0-365f9edba5d8,0,q_learning,recoverable,0.85,0.5,50000,50000,0,corridor,1,1
recoverable_risky_corridor-q_learning-s0-365f9edba5d8,0,q_learning,recoverable,0.85,0.75,75000,75000,0,corridor,1,1
recoverable_risky_corridor-q_learning-s0-365f9edba5d8,0,q_learning,recoverable,0.85,1,100000,100000,0,corridor,1,1
recoverable_risky_corridor-q_learning-s0-78dad7413fe0,0,q_learning,recoverable,0.805,0.25,25000,25000,0,shelter,2,0
recoverable_risky_corridor-q_learning-s0-78dad7413fe0,0,q_learning,recoverable,0.805,0.5,50000,50000,0,shelter,2,0
recoverable_risky_corridor-q_learning-s0-78dad7413fe0,0,q_learning,recoverable,0.805,0.75,75000,75000,0,shelter,2,0
recoverable_risky_corridor-q_learning-s0-78dad7413fe0,0,q_learning,recoverable,0.805,1,100000,100000,0,corridor,1,1
recoverable_risky_corridor-q_learning-s0-7d19ab14c6d3,0,q_learning,recoverable,0.79,0.25,25000,25000,0,corridor,1,1
recoverable_risky_corridor-q_learning-s0-7d19ab14c6d3,0,q_learning,recoverable,0.79,0.5,50000,50000,0,shelter,2,0
recoverable_risky_corridor-q_learning-s0-7d19ab14c6d3,0,q_learning,recoverable,0.79,0.75,75000,75000,0,shelter,2,0
recoverable_risky_corridor-q_learning-s0-7d19ab14c6d3,0,q_learning,recoverable,0.79,1,100000,100000,0,shelter,2,0
recoverable_risky_corridor-q_learning-s0-854662ffbc7c,0,q_learning,recoverable,0.7,0.25,25000,25000,0,shelter,2,0
recoverable_risky_corridor-q_learning-s0-854662ffbc7c,0,q_learning,recoverable,0.7,0.5,50000,50000,0,shelter,2,0
recoverable_risky_corridor-q_learning-s0-854662ffbc7c,0,q_learning,recoverable,0.7,0.75,75000,75000,0,shelter,2,0
recoverable_risky_corridor-q_learning-s0-854662ffbc7c,0,q_learning,recoverable,0.7,1,100000,100000,0,shelter,2,0
recoverable_risky_corridor-q_learning-s0-a5ca29b58deb,0,q_learning,recoverable,1,0.25,25000,25000,0,corridor,1,1
recoverable_risky_corridor-q_learning-s0-a5ca29b58deb,0,q_learning,recoverable,1,0.5,50000,50000,0,corridor,1,1
recoverable_risky_corridor-q_learning-s0-a5ca29b58deb,0,q_learning,recoverable,1,0.75,75000,75000,0,corridor,1,1
recoverable_risky_corridor-q_learning-s0-a5ca29b58deb,0,q_learning,recoverable,1,1,100000,100000,0,corridor,1,1
recoverable_risky_corridor-q_learning-s0-b3ad7a6772f7,0,q_learning,recoverable,0.855,0.25,25000,25000,0,corridor,1,1
recoverable_risky_corridor-q_learning-s0-b3ad7a6772f7,0,q_learning,recoverable,0.855,0.5,50000,50000,0,corridor,1,1
recoverable_risky_corridor-q_learning-s0-b3ad7a6772f7,0,q_learning,recoverable,0.855,0.75,75000,75000,0,corridor,1,1
recoverable_risky_corridor-q_learning-s0-b3ad7a6772f7,0,q_learning,recoverable,0.855,1,100000,100000,0,corridor,1,1
recoverable_risky_corridor-q_learning-s0-c675ea0b929a,0,q_learning,recoverable,0.84,0.25,25000,25000,0,corridor,1,1
recoverable_risky_corridor-q_learning-s0-c675ea0b929a,0,q_learning,recoverable,0.84,0.5,50000,50000,0,corridor,1,1
recoverable_risky_corridor-q_learning-s0-c675ea0b929a,0,q_learning,recoverable,0.84,0.75,75000,75000,0,corridor,1,1
recoverable_risky_corridor-q_learning-s0-c675ea0b929a,0,q_learning,recoverable,0.84,1,100000,100000,0,corridor,1,1
recoverable_risky_corridor-q_learning-s0-cd014a860296,0,q_learning,recoverable,0.845,0.25,25000,25000,0,corridor,1,1
recoverable_risky_corridor-q_learning-s0-cd014a860296,0,q_learning,recoverable,0.845,0.5,50000,50000,0,corridor,1,1
recoverable_risky_corridor-q_learning-s0-cd014a860296,0,q_learning,recoverable,0.845,0.75,75000,75000,0,corridor,1,1
recoverable_risky_corridor-q_learning-s0-cd014a860296,0,q_learning,recoverable,0.845,1,100000,100000,0,corridor,1,1
recoverable_risky_corridor-q_learning-s0-d525076e30c4,0,q_learning,recoverable,0.835,0.25,25000,25000,0,corridor,1,1
recoverable_risky_corridor-q_learning-s0-d525076e30c4,0,q_learning,recoverable,0.835,0.5,50000,50000,0,corridor,1,1
recoverable_risky_corridor-q_learning-s0-d525076e30c4,0,q_learning,recoverable,0.835,0.75,75000,75000,0,corridor,1,1
recoverable_risky_corridor-q_learning-s0-d525076e30c4,0,q_learning,recoverable,0.835,1,100000,100000,0,corridor,1,1
recoverable_risky_corridor-q_learning-s0-f19b15027492,0,q_learning,recoverable,0.825,0.25,25000,25000,0,corridor,1,1
recoverable_risky_corridor-q_learning-s0-f19b15027492,0,q_learning,recoverable,0.825,0.5,50000,50000,0,corridor,1,1
recoverable_risky_corridor-q_learning-s0-f19b15027492,0,q_learning,recoverable,0.825,0.75,75000,75000,0,corridor,1,1
recoverable_risky_corridor-q_learning-s0-f19b15027492,0,q_learning,recoverable,0.825,1,100000,100000,0,corridor,1,1
recoverable_risky_corridor-q_learning-s0-f72d5aea2538,0,q_learning,recoverable,0.82,0.25,25000,25000,0,corridor,1,1
recoverable_risky_corridor-q_learning-s0-f72d5aea2538,0,q_learning,recoverable,0.82,0.5,50000,50000,0,shelter,2,0
recoverable_risky_corridor-q_learning-s0-f72d5aea2538,0,q_learning,recoverable,0.82,0.75,75000,75000,0,shelter,2,0
recoverable_risky_corridor-q_learning-s0-f72d5aea2538,0,q_learning,recoverable,0.82,1,100000,100000,0,corridor,1,1
recoverable_risky_corridor-q_learning-s0-fc05fb9050a7,0,q_learning,recoverable,0.88,0.25,25000,25000,0,corridor,1,1
recoverable_risky_corridor-q_learning-s0-fc05fb9050a7,0,q_learning,recoverable,0.88,0.5,50000,50000,0,corridor,1,1
recoverable_risky_corridor-q_learning-s0-fc05fb9050a7,0,q_learning,recoverable,0.88,0.75,75000,75000,0,corridor,1,1
recoverable_risky_corridor-q_learning-s0-fc05fb9050a7,0,q_learning,recoverable,0.88,1,100000,100000,0,corridor,1,1
recoverable_risky_corridor-q_learning-s1-01d5d5cd688b,1,q_learning,recoverable,0.835,0.25,25000,25000,0,corridor,1,1
recoverable_risky_corridor-q_learning-s1-01d5d5cd688b,1,q_learning,recoverable,0.835,0.5,50000,50000,0,corridor,1,1
recoverable_risky_corridor-q_learning-s1-01d5d5cd688b,1,q_learning,recoverable,0.835,0.75,75000,75000,0,corridor,1,1
recoverable_risky_corridor-q_learning-s1-01d5d5cd688b,1,q_learning,recoverable,0.835,1,100000,100000,0,corridor,1,1
recoverable_risky_corridor-q_learning-s1-02f7ac98c010,1,q_learning,recoverable,0.805,0.25,25000,25000,0,shelter,2,0
recoverable_risky_corridor-q_learning-s1-02f7ac98c010,1,q_learning,recoverable,0.805,0.5,50000,50000,0,shelter,2,0
recoverable_risky_corridor-q_learning-s1-02f7ac98c010,1,q_learning,recoverable,0.805,0.75,75000,75000,0,shelter,2,0
recoverable_risky_corridor-q_learning-s1-02f7ac98c010,1,q_learning,recoverable,0.805,1,100000,100000,0,shelter,2,0
recoverable_risky_corridor-q_learning-s1-17f7ae4035a2,1,q_learning,recoverable,0.81,0.25,25000,25000,0,shelter,2,0
recoverable_risky_corridor-q_learning-s1-17f7ae4035a2,1,q_learning,recoverable,0.81,0.5,50000,50000,0,shelter,2,0
recoverable_risky_corridor-q_learning-s1-17f7ae4035a2,1,q_learning,recoverable,0.81,0.75,75000,75000,0,shelter,2,0
recoverable_risky_corridor-q_learning-s1-17f7ae4035a2,1,q_learning,recoverable,0.81,1,100000,100000,0,shelter,2,0
recoverable_risky_corridor-q_learning-s1-35c14c77a04f,1,q_learning,recoverable,0.9,0.25,25000,25000,0,corridor,1,1
recoverable_risky_corridor-q_learning-s1-35c14c77a04f,1,q_learning,recoverable,0.9,0.5,50000,50000,0,corridor,1,1
recoverable_risky_corridor-q_learning-s1-35c14c77a04f,1,q_learning,recoverable,0.9,0.75,75000,75000,0,corridor,1,1
recoverable_risky_corridor-q_learning-s1-35c14c77a04f,1,q_learning,recoverable,0.9,1,100000,100000,0,corridor,1,1
recoverable_risky_corridor-q_learning-s1-51a9f9df2374,1,q_learning,recoverable,0.85,0.25,25000,25000,0,other,3,0
recoverable_risky_corridor-q_learning-s1-51a9f9df2374,1,q_learning,recoverable,0.85,0.5,50000,50000,0,corridor,1,1
recoverable_risky_corridor-q_learning-s1-51a9f9df2374,1,q_learning,recoverable,0.85,0.75,75000,75000,0,corridor,1,1
recoverable_risky_corridor-q_learning-s1-51a9f9df2374,1,q_learning,recoverable,0.85,1,100000,100000,0,corridor,1,1
recoverable_risky_corridor-q_learning-s1-64b0bc6fc573,1,q_learning,recoverable,1,0.25,25000,25000,0,corridor,1,1
recoverable_risky_corridor-q_learning-s1-64b0bc6fc573,1,q_learning,recoverable,1,0.5,50000,50000,0,corridor,1,1
recoverable_risky_corridor-q_learning-s1-64b0bc6fc573,1,q_learning,recoverable,1,0.75,75000,75000,0,corridor,1,1
recoverable_risky_corridor-q_learning-s1-64b0bc6fc573,1,q_learning,recoverable,1,1,100000,100000,0,corridor,1,1
recoverable_risky_corridor-q_learning-s1-7c7fab1f55fb,1,q_learning,recoverable,0.6,0.25,25000,25000,0,shelter,2,0
recoverable_risky_corridor-q_learning-s1-7c7fab1f55fb,1,q_learning,recoverable,0.6,0.5,50000,50000,0,shelter,2,0
recoverable_risky_corridor-q_learning-s1-7c7fab1f55fb,1,q_learning,recoverable,0.6,0.75,75000,75000,0,shelter,2,0
recoverable_risky_corridor-q_learning-s1-7c7fab1f55fb,1,q_learning,recoverable,0.6,1,100000,100000,0,shelter,2,0
recoverable_risky_corridor-q_learning-s1-8f0fcf948ff8,1,q_learning,recoverable,0.7,0.25,25000,25000,0,shelter,2,0
recoverable_risky_corridor-q_learning-s1-8f0fcf948ff8,1,q_learning,recoverable,0.7,0.5,50000,50000,0,shelter,2,0
recoverable_risky_corridor-q_learning-s1-8f0fcf948ff8,1,q_learning,recoverable,0.7,0.75,75000,75000,0,shelter,2,0
recoverable_risky_corridor-q_learning-s1-8f0fcf948ff8,1,q_learning,recoverable,0.7,1,100000,100000,0,shelter,2,0
recoverable_risky_corridor-q_learning-s1-a9e88dcfbb3b,1,q_learning,recoverable,0.845,0.25,25000,25000,0,other,3,0
recoverable_risky_corridor-q_learning-s1-a9e88dcfbb3b,1,q_learning,recoverable,0.845,0.5,50000,50000,0,corridor,1,1
recoverable_risky_corridor-q_learning-s1-a9e88dcfbb3b,1,q_learning,recoverable,0.845,0.75,75000,75000,0,corridor,1,1
recoverable_risky_corridor-q_learning-s1-a9e88dcfbb3b,1,q_learning,recoverable,0.845,1,100000,100000,0,corridor,1,1
recoverable_risky_corridor-q_learning-s1-afb0cec00a9b,1,q_learning,recoverable,0.825,0.25,25000,25000,0,shelter,2,0
recoverable_risky_corridor-q_learning-s1-afb0cec00a9b,1,q_learning,recoverable,0.825,0.5,50000,50000,0,corridor,1,1
recoverable_risky_corridor-q_learning-s1-afb0cec00a9b,1,q_learning,recoverable,0.825,0.75,75000,75000,0,corridor,1,1
recoverable_risky_corridor-q_learning-s1-afb0cec00a9b,1,q_learning,recoverable,0.825,1,100000,100000,0,corridor,1,1
recoverable_risky_corridor-q_learning-s1-afc074aa8d4a,1,q_learning,recoverable,0.855,0.25,25000,25000,0,corridor,1,1
recoverable_risky_corridor-q_learning-s1-afc074aa8d4a,1,q_learning,recoverable,0.855,0.5,50000,50000,0,corridor,1,1
recoverable_risky_corridor-q_learning-s1-afc074aa8d4a,1,q_learning,recoverable,0.855,0.75,75000,75000,0,corridor,1,1
recoverable_risky_corridor-q_learning-s1-afc074aa8d4a,1,q_learning,recoverable,0.855,1,100000,100000,0,corridor,1,1
recoverable_risky_corridor-q_learning-s1-be4d04e1407b,1,q_learning,recoverable,0.82,0.25,25000,25000,0,corridor,1,1
recoverable_risky_corridor-q_learning-s1-be4d04e1407b,1,q_learning,recoverable,0.82,0.5,50000,50000,0,shelter,2,0
recoverable_risky_corridor-q_learning-s1-be4d04e1407b,1,q_learning,recoverable,0.82,0.75,75000,75000,0,shelter,2,0
recoverable_risky_corridor-q_learning-s1-be4d04e1407b,1,q_learning,recoverable,0.82,1,100000,100000,0,shelter,2,0
recoverable_risky_corridor-q_learning-s1-c409b9032bc6,1,q_learning,recoverable,0.79,0.25,25000,25000,0,shelter,2,0
recoverable_risky_corridor-q_learning-s1-c409b9032bc6,1,q_learning,recoverable,0.79,0.5,50000,50000,0,shelter,2,0
recoverable_risky_corridor-q_learning-s1-c409b9032bc6,1,q_learning,recoverable,0.79,0.75,75000,75000,0,shelter,2,0
recoverable_risky_corridor-q_learning-s1-c409b9032bc6,1,q_learning,recoverable,0.79,1,100000,100000,0,shelter,2,0
recoverable_risky_corridor-q_learning-s1-c591dd8eb88d,1,q_learning,recoverable,0.88,0.25,25000,25000,0,corridor,1,1
recoverable_risky_corridor-q_learning-s1-c591dd8eb88d,1,q_learning,recoverable,0.88,0.5,50000,50000,0,corridor,1,1
recoverable_risky_corridor-q_learning-s1-c591dd8eb88d,1,q_learning,recoverable,0.88,0.75,75000,75000,0,corridor,1,1
recoverable_risky_corridor-q_learning-s1-c591dd8eb88d,1,q_learning,recoverable,0.88,1,100000,100000,0,corridor,1,1
recoverable_risky_corridor-q_learning-s1-d1be9125affc,1,q_learning,recoverable,0.86,0.25,25000,25000,0,corridor,1,1
recoverable_risky_corridor-q_learning-s1-d1be9125affc,1,q_learning,recoverable,0.86,0.5,50000,50000,0,corridor,1,1
recoverable_risky_corridor-q_learning-s1-d1be9125affc,1,q_learning,recoverable,0.86,0.75,75000,75000,0,corridor,1,1
recoverable_risky_corridor-q_learning-s1-d1be9125affc,1,q_learning,recoverable,0.86,1,100000,100000,0,corridor,1,1
recoverable_risky_corridor-q_learning-s1-db8ca62b25bf,1,q_learning,recoverable,0.78,0.25,25000,25000,0,corridor,1,1
recoverable_risky_corridor-q_learning-s1-db8ca62b25bf,1,q_learning,recoverable,0.78,0.5,50000,50000,0,shelter,2,0
recoverable_risky_corridor-q_learning-s1-db8ca62b25bf,1,q_learning,recoverable,0.78,0.75,75000,75000,0,shelter,2,0
recoverable_risky_corridor-q_learning-s1-db8ca62b25bf,1,q_learning,recoverable,0.78,1,100000,100000,0,shelter,2,0
recoverable_risky_corridor-q_learning-s1-dbd03e07c818,1,q_learning,recoverable,0.8,0.25,25000,25000,0,corridor,1,1
recoverable_risky_corridor-q_learning-s1-dbd03e07c818,1,q_learning,recoverable,0.8,0.5,50000,50000,0,shelter,2,0
recoverable_risky_corridor-q_learning-s1-dbd03e07c818,1,q_learning,recoverable,0.8,0.75,75000,75000,0,shelter,2,0
recoverable_risky_corridor-q_learning-s1-dbd03e07c818,1,q_learning,recoverable,0.8,1,100000,100000,0,shelter,2,0
recoverable_risky_corridor-q_learning-s1-ecbc609026b1,1,q_learning,recoverable,0.84,0.25,25000,25000,0,corridor,1,1
recoverable_risky_corridor-q_learning-s1-ecbc609026b1,1,q_learning,recoverable,0.84,0.5,50000,50000,0,corridor,1,1
recoverable_risky_corridor-q_learning-s1-ecbc609026b1,1,q_learning,recoverable,0.84,0.75,75000,75000,0,corridor,1,1
recoverable_risky_corridor-q_learning-s1-ecbc609026b1,1,q_learning,recoverable,0.84,1,100000,100000,0,corridor,1,1
recoverable_risky_corridor-q_learning-s10-11e28f71b4cc,10,q_learning,recoverable,0.7,0.25,25000,25000,0,shelter,2,0
recoverable_risky_corridor-q_learning-s10-11e28f71b4cc,10,q_learning,recoverable,0.7,0.5,50000,50000,0,shelter,2,0
recoverable_risky_corridor-q_learning-s10-11e28f71b4cc,10,q_learning,recoverable,0.7,0.75,75000,75000,0,shelter,2,0
recoverable_risky_corridor-q_learning-s10-11e28f71b4cc,10,q_learning,recoverable,0.7,1,100000,100000,0,shelter,2,0
recoverable_risky_corridor-q_learning-s10-17467fd5a77e,10,q_learning,recoverable,0.86,0.25,25000,25000,0,corridor,1,1
recoverable_risky_corridor-q_learning-s10-17467fd5a77e,10,q_learning,recoverable,0.86,0.5,50000,50000,0,corridor,1,1
recoverable_risky_corridor-q_learning-s10-17467fd5a77e,10,q_learning,recoverable,0.86,0.75,75000,75000,0,corridor,1,1
recoverable_risky_corridor-q_learning-s10-17467fd5a77e,10,q_learning,recoverable,0.86,1,100000,100000,0,corridor,1,1
recoverable_risky_corridor-q_learning-s10-1a4ebd9aaa53,10,q_learning,recoverable,0.8,0.25,25000,25000,0,shelter,2,0
recoverable_risky_corridor-q_learning-s10-1a4ebd9aaa53,10,q_learning,recoverable,0.8,0.5,50000,50000,0,shelter,2,0
recoverable_risky_corridor-q_learning-s10-1a4ebd9aaa53,10,q_learning,recoverable,0.8,0.75,75000,75000,0,shelter,2,0
recoverable_risky_corridor-q_learning-s10-1a4ebd9aaa53,10,q_learning,recoverable,0.8,1,100000,100000,0,shelter,2,0
recoverable_risky_corridor-q_learning-s10-1cbdc5962e84,10,q_learning,recoverable,0.9,0.25,25000,25000,0,corridor,1,1
recoverable_risky_corridor-q_learning-s10-1cbdc5962e84,10,q_learning,recoverable,0.9,0.5,50000,50000,0,corridor,1,1
recoverable_risky_corridor-q_learning-s10-1cbdc5962e84,10,q_learning,recoverable,0.9,0.75,75000,75000,0,corridor,1,1
recoverable_risky_corridor-q_learning-s10-1cbdc5962e84,10,q_learning,recoverable,0.9,1,100000,100000,0,corridor,1,1
recoverable_risky_corridor-q_learning-s10-1f81ee728ca9,10,q_learning,recoverable,0.78,0.25,25000,25000,0,corridor,1,1
recoverable_risky_corridor-q_learning-s10-1f81ee728ca9,10,q_learning,recoverable,0.78,0.5,50000,50000,0,shelter,2,0
recoverable_risky_corridor-q_learning-s10-1f81ee728ca9,10,q_learning,recoverable,0.78,0.75,75000,75000,0,shelter,2,0
recoverable_risky_corridor-q_learning-s10-1f81ee728ca9,10,q_learning,recoverable,0.78,1,100000,100000,0,shelter,2,0
recoverable_risky_corridor-q_learning-s10-2d7ac87d9218,10,q_learning,recoverable,0.84,0.25,25000,25000,0,corridor,1,1
recoverable_risky_corridor-q_learning-s10-2d7ac87d9218,10,q_learning,recoverable,0.84,0.5,50000,50000,0,corridor,1,1
recoverable_risky_corridor-q_learning-s10-2d7ac87d9218,10,q_learning,recoverable,0.84,0.75,75000,75000,0,corridor,1,1
recoverable_risky_corridor-q_learning-s10-2d7ac87d9218,10,q_learning,recoverable,0.84,1,100000,100000,0,corridor,1,1
recoverable_risky_corridor-q_learning-s10-3988ce143f2c,10,q_learning,recoverable,0.82,0.25,25000,25000,0,corridor,1,1
recoverable_risky_corridor-q_learning-s10-3988ce143f2c,10,q_learning,recoverable,0.82,0.5,50000,50000,0,corridor,1,1
recoverable_risky_corridor-q_learning-s10-3988ce143f2c,10,q_learning,recoverable,0.82,0.75,75000,75000,0,corridor,1,1
recoverable_risky_corridor-q_learning-s10-3988ce143f2c,10,q_learning,recoverable,0.82,1,100000,100000,0,shelter,2,0
recoverable_risky_corridor-q_learning-s10-53ab30379adb,10,q_learning,recoverable,0.805,0.25,25000,25000,0,shelter,2,0
recoverable_risky_corridor-q_learning-s10-53ab30379adb,10,q_learning,recoverable,0.805,0.5,50000,50000,0,shelter,2,0
recoverable_risky_corridor-q_learning-s10-53ab30379adb,10,q_learning,recoverable,0.805,0.75,75000,75000,0,shelter,2,0
recoverable_risky_corridor-q_learning-s10-53ab30379adb,10,q_learning,recoverable,0.805,1,100000,100000,0,corridor,1,1
recoverable_risky_corridor-q_learning-s10-72b9ee67246e,10,q_learning,recoverable,0.855,0.25,25000,25000,0,corridor,1,1
recoverable_risky_corridor-q_learning-s10-72b9ee67246e,10,q_learning,recoverable,0.855,0.5,50000,50000,0,corridor,1,1
recoverable_risky_corridor-q_learning-s10-72b9ee67246e,10,q_learning,recoverable,0.855,0.75,75000,75000,0,corridor,1,1
recoverable_risky_corridor-q_learning-s10-72b9ee67246e,10,q_learning,recoverable,0.855,1,100000,100000,0,corridor,1,1
recoverable_risky_corridor-q_learning-s10-73891c3d5463,10,q_learning,recoverable,0.835,0.25,25000,25000,0,corridor,1,1
recoverable_risky_corridor-q_learning-s10-73891c3d5463,10,q_learning,recoverable,0.835,0.5,50000,50000,0,corridor,1,1
recoverable_risky_corridor-q_learning-s10-73891c3d5463,10,q_learning,recoverable,0.835,0.75,75000,75000,0,corridor,1,1
recoverable_risky_corridor-q_learning-s10-73891c3d5463,10,q_learning,recoverable,0.835,1,100000,100000,0,corridor,1,1
recoverable_risky_corridor-q_learning-s10-905f757c36b4,10,q_learning,recoverable,0.825,0.25,25000,25000,0,corridor,1,1
recoverable_risky_corridor-q_learning-s10-905f757c36b4,10,q_learning,recoverable,0.825,0.5,50000,50000,0,shelter,2,0
recoverable_risky_corridor-q_learning-s10-905f757c36b4,10,q_learning,recoverable,0.825,0.75,75000,75000,0,corridor,1,1
recoverable_risky_corridor-q_learning-s10-905f757c36b4,10,q_learning,recoverable,0.825,1,100000,100000,0,corridor,1,1
recoverable_risky_corridor-q_learning-s10-926494a9849c,10,q_learning,recoverable,0.88,0.25,25000,25000,0,corridor,1,1
recoverable_risky_corridor-q_learning-s10-926494a9849c,10,q_learning,recoverable,0.88,0.5,50000,50000,0,corridor,1,1
recoverable_risky_corridor-q_learning-s10-926494a9849c,10,q_learning,recoverable,0.88,0.75,75000,75000,0,corridor,1,1
recoverable_risky_corridor-q_learning-s10-926494a9849c,10,q_learning,recoverable,0.88,1,100000,100000,0,corridor,1,1
recoverable_risky_corridor-q_learning-s10-9fc50fe21020,10,q_learning,recoverable,0.79,0.25,25000,25000,0,corridor,1,1
recoverable_risky_corridor-q_learning-s10-9fc50fe21020,10,q_learning,recoverable,0.79,0.5,50000,50000,0,shelter,2,0
recoverable_risky_corridor-q_learning-s10-9fc50fe21020,10,q_learning,recoverable,0.79,0.75,75000,75000,0,shelter,2,0
recoverable_risky_corridor-q_learning-s10-9fc50fe21020,10,q_learning,recoverable,0.79,1,100000,100000,0,shelter,2,0
recoverable_risky_corridor-q_learning-s10-bc539254218e,10,q_learning,recoverable,0.81,0.25,25000,25000,0,corridor,1,1
recoverable_risky_corridor-q_learning-s10-bc539254218e,10,q_learning,recoverable,0.81,0.5,50000,50000,0,shelter,2,0
recoverable_risky_corridor-q_learning-s10-bc539254218e,10,q_learning,recoverable,0.81,0.75,75000,75000,0,shelter,2,0
recoverable_risky_corridor-q_learning-s10-bc539254218e,10,q_learning,recoverable,0.81,1,100000,100000,0,corridor,1,1
recoverable_risky_corridor-q_learning-s10-de861c9d16b7,10,q_learning,recoverable,0.6,0.25,25000,25000,0,corridor,1,1
recoverable_risky_corridor-q_learning-s10-de861c9d16b7,10,q_learning,recoverable,0.6,0.5,50000,50000,0,shelter,2,0
recoverable_risky_corridor-q_learning-s10-de861c9d16b7,10,q_learning,recoverable,0.6,0.75,75000,75000,0,shelter,2,0
recoverable_risky_corridor-q_learning-s10-de861c9d16b7,10,q_learning,recoverable,0.6,1,100000,100000,0,shelter,2,0
recoverable_risky_corridor-q_learning-s10-e79f6222b6d7,10,q_learning,recoverable,0.85,0.25,25000,25000,0,corridor,1,1
recoverable_risky_corridor-q_learning-s10-e79f6222b6d7,10,q_learning,recoverable,0.85,0.5,50000,50000,0,corridor,1,1
recoverable_risky_corridor-q_learning-s10-e79f6222b6d7,10,q_learning,recoverable,0.85,0.75,75000,75000,0,corridor,1,1
recoverable_risky_corridor-q_learning-s10-e79f6222b6d7,10,q_learning,recoverable,0.85,1,100000,100000,0,corridor,1,1
recoverable_risky_corridor-q_learning-s10-e9734af28a91,10,q_learning,recoverable,0.845,0.25,25000,25000,0,corridor,1,1
recoverable_risky_corridor-q_learning-s10-e9734af28a91,10,q_learning,recoverable,0.845,0.5,50000,50000,0,corridor,1,1
recoverable_risky_corridor-q_learning-s10-e9734af28a91,10,q_learning,recoverable,0.845,0.75,75000,75000,0,corridor,1,1
recoverable_risky_corridor-q_learning-s10-e9734af28a91,10,q_learning,recoverable,0.845,1,100000,100000,0,corridor,1,1
recoverable_risky_corridor-q_learning-s10-f493d4685f93,10,q_learning,recoverable,1,0.25,25000,25000,0,corridor,1,1
recoverable_risky_corridor-q_learning-s10-f493d4685f93,10,q_learning,recoverable,1,0.5,50000,50000,0,corridor,1,1
recoverable_risky_corridor-q_learning-s10-f493d4685f93,10,q_learning,recoverable,1,0.75,75000,75000,0,corridor,1,1
recoverable_risky_corridor-q_learning-s10-f493d4685f93,10,q_learning,recoverable,1,1,100000,100000,0,corridor,1,1
recoverable_risky_corridor-q_learning-s11-1380d7e7f08b,11,q_learning,recoverable,0.805,0.25,25000,25000,0,shelter,2,0
recoverable_risky_corridor-q_learning-s11-1380d7e7f08b,11,q_learning,recoverable,0.805,0.5,50000,50000,0,shelter,2,0
recoverable_risky_corridor-q_learning-s11-1380d7e7f08b,11,q_learning,recoverable,0.805,0.75,75000,75000,0,shelter,2,0
recoverable_risky_corridor-q_learning-s11-1380d7e7f08b,11,q_learning,recoverable,0.805,1,100000,100000,0,shelter,2,0
recoverable_risky_corridor-q_learning-s11-1614cff58390,11,q_learning,recoverable,0.6,0.25,25000,25000,0,other,3,0
recoverable_risky_corridor-q_learning-s11-1614cff58390,11,q_learning,recoverable,0.6,0.5,50000,50000,0,shelter,2,0
recoverable_risky_corridor-q_learning-s11-1614cff58390,11,q_learning,recoverable,0.6,0.75,75000,75000,0,shelter,2,0
recoverable_risky_corridor-q_learning-s11-1614cff58390,11,q_learning,recoverable,0.6,1,100000,100000,0,shelter,2,0
recoverable_risky_corridor-q_learning-s11-1826821f6e19,11,q_learning,recoverable,0.9,0.25,25000,25000,0,corridor,1,1
recoverable_risky_corridor-q_learning-s11-1826821f6e19,11,q_learning,recoverable,0.9,0.5,50000,50000,0,corridor,1,1
recoverable_risky_corridor-q_learning-s11-1826821f6e19,11,q_learning,recoverable,0.9,0.75,75000,75000,0,corridor,1,1
recoverable_risky_corridor-q_learning-s11-1826821f6e19,11,q_learning,recoverable,0.9,1,100000,100000,0,corridor,1,1
recoverable_risky_corridor-q_learning-s11-2429aaa6cb3d,11,q_learning,recoverable,0.81,0.25,25000,25000,0,corridor,1,1
recoverable_risky_corridor-q_learning-s11-2429aaa6cb3d,11,q_learning,recoverable,0.81,0.5,50000,50000,0,shelter,2,0
recoverable_risky_corridor-q_learning-s11-2429aaa6cb3d,11,q_learning,recoverable,0.81,0.75,75000,75000,0,shelter,2,0
recoverable_risky_corridor-q_learning-s11-2429aaa6cb3d,11,q_learning,recoverable,0.81,1,100000,100000,0,corridor,1,1
recoverable_risky_corridor-q_learning-s11-4d88589b1d04,11,q_learning,recoverable,0.7,0.25,25000,25000,0,shelter,2,0
recoverable_risky_corridor-q_learning-s11-4d88589b1d04,11,q_learning,recoverable,0.7,0.5,50000,50000,0,shelter,2,0
recoverable_risky_corridor-q_learning-s11-4d88589b1d04,11,q_learning,recoverable,0.7,0.75,75000,75000,0,shelter,2,0
recoverable_risky_corridor-q_learning-s11-4d88589b1d04,11,q_learning,recoverable,0.7,1,100000,100000,0,shelter,2,0
recoverable_risky_corridor-q_learning-s11-5b88ab0e3e52,11,q_learning,recoverable,1,0.25,25000,25000,0,corridor,1,1
recoverable_risky_corridor-q_learning-s11-5b88ab0e3e52,11,q_learning,recoverable,1,0.5,50000,50000,0,corridor,1,1
recoverable_risky_corridor-q_learning-s11-5b88ab0e3e52,11,q_learning,recoverable,1,0.75,75000,75000,0,corridor,1,1
recoverable_risky_corridor-q_learning-s11-5b88ab0e3e52,11,q_learning,recoverable,1,1,100000,100000,0,corridor,1,1
recoverable_risky_corridor-q_learning-s11-618c95e1ce3f,11,q_learning,recoverable,0.8,0.25,25000,25000,0,corridor,1,1
recoverable_risky_corridor-q_learning-s11-618c95e1ce3f,11,q_learning,recoverable,0.8,0.5,50000,50000,0,shelter,2,0
recoverable_risky_corridor-q_learning-s11-618c95e1ce3f,11,q_learning,recoverable,0.8,0.75,75000,75000,0,shelter,2,0
recoverable_risky_corridor-q_learning-s11-618c95e1ce3f,11,q_learning,recoverable,0.8,1,100000,100000,0,shelter,2,0
recoverable_risky_corridor-q_learning-s11-8a5ba4df0290,11,q_learning,recoverable,0.825,0.25,25000,25000,0,corridor,1,1
recoverable_risky_corridor-q_learning-s11-8a5ba4df0290,11,q_learning,recoverable,0.825,0.5,50000,50000,0,corridor,1,1
recoverable_risky_corridor-q_learning-s11-8a5ba4df0290,11,q_learning,recoverable,0.825,0.75,75000,75000,0,corridor,1,1
recoverable_risky_corridor-q_learning-s11-8a5ba4df0290,11,q_learning,recoverable,0.825,1,100000,100000,0,shelter,2,0
recoverable_risky_corridor-q_learning-s11-8bb1c2584244,11,q_learning,recoverable,0.79,0.25,25000,25000,0,corridor,1,1
recoverable_risky_corridor-q_learning-s11-8bb1c2584244,11,q_learning,recoverable,0.79,0.5,50000,50000,0,shelter,2,0
recoverable_risky_corridor-q_learning-s11-8bb1c2584244,11,q_learning,recoverable,0.79,0.75,75000,75000,0,shelter,2,0
recoverable_risky_corridor-q_learning-s11-8bb1c2584244,11,q_learning,recoverable,0.79,1,100000,100000,0,shelter,2,0
recoverable_risky_corridor-q_learning-s11-93b7aabf1731,11,q_learning,recoverable,0.84,0.25,25000,25000,0,corridor,1,1
recoverable_risky_corridor-q_learning-s11-93b7aabf1731,11,q_learning,recoverable,0.84,0.5,50000,50000,0,corridor,1,1
recoverable_risky_corridor-q_learning-s11-93b7aabf1731,11,q_learning,recoverable,0.84,0.75,75000,75000,0,corridor,1,1
recoverable_risky_corridor-q_learning-s11-93b7aabf1731,11,q_learning,recoverable,0.84,1,100000,100000,0,corridor,1,1
recoverable_risky_corridor-q_learning-s11-b94b2891c518,11,q_learning,recoverable,0.88,0.25,25000,25000,0,corridor,1,1
recoverable_risky_corridor-q_learning-s11-b94b2891c518,11,q_learning,recoverable,0.88,0.5,50000,50000,0,corridor,1,1
recoverable_risky_corridor-q_learning-s11-b94b2891c518,11,q_learning,recoverable,0.88,0.75,75000,75000,0,corridor,1,1
recoverable_risky_corridor-q_learning-s11-b94b2891c518,11,q_learning,recoverable,0.88,1,100000,100000,0,corridor,1,1
recoverable_risky_corridor-q_learning-s11-cfbd9969c946,11,q_learning,recoverable,0.85,0.25,25000,25000,0,corridor,1,1
recoverable_risky_corridor-q_learning-s11-cfbd9969c946,11,q_learning,recoverable,0.85,0.5,50000,50000,0,corridor,1,1
recoverable_risky_corridor-q_learning-s11-cfbd9969c946,11,q_learning,recoverable,0.85,0.75,75000,75000,0,corridor,1,1
recoverable_risky_corridor-q_learning-s11-cfbd9969c946,11,q_learning,recoverable,0.85,1,100000,100000,0,corridor,1,1
recoverable_risky_corridor-q_learning-s11-d0d90ae4137e,11,q_learning,recoverable,0.86,0.25,25000,25000,0,corridor,1,1
recoverable_risky_corridor-q_learning-s11-d0d90ae4137e,11,q_learning,recoverable,0.86,0.5,50000,50000,0,corridor,1,1
recoverable_risky_corridor-q_learning-s11-d0d90ae4137e,11,q_learning,recoverable,0.86,0.75,75000,75000,0,corridor,1,1
recoverable_risky_corridor-q_learning-s11-d0d90ae4137e,11,q_learning,recoverable,0.86,1,100000,100000,0,corridor,1,1
recoverable_risky_corridor-q_learning-s11-d3ad330ac570,11,q_learning,recoverable,0.835,0.25,25000,25000,0,shelter,2,0
recoverable_risky_corridor-q_learning-s11-d3ad330ac570,11,q_learning,recoverable,0.835,0.5,50000,50000,0,corridor,1,1
recoverable_risky_corridor-q_learning-s11-d3ad330ac570,11,q_learning,recoverable,0.835,0.75,75000,75000,0,corridor,1,1
recoverable_risky_corridor-q_learning-s11-d3ad330ac570,11,q_learning,recoverable,0.835,1,100000,100000,0,corridor,1,1
recoverable_risky_corridor-q_learning-s11-ebb94b75b47d,11,q_learning,recoverable,0.855,0.25,25000,25000,0,corridor,1,1
recoverable_risky_corridor-q_learning-s11-ebb94b75b47d,11,q_learning,recoverable,0.855,0.5,50000,50000,0,corridor,1,1
recoverable_risky_corridor-q_learning-s11-ebb94b75b47d,11,q_learning,recoverable,0.855,0.75,75000,75000,0,corridor,1,1
recoverable_risky_corridor-q_learning-s11-ebb94b75b47d,11,q_learning,recoverable,0.855,1,100000,100000,0,corridor,1,1
recoverable_risky_corridor-q_learning-s11-f09b549a05bc,11,q_learning,recoverable,0.78,0.25,25000,25000,0,shelter,2,0
recoverable_risky_corridor-q_learning-s11-f09b549a05bc,11,q_learning,recoverable,0.78,0.5,50000,50000,0,shelter,2,0
recoverable_risky_corridor-q_learning-s11-f09b549a05bc,11,q_learning,recoverable,0.78,0.75,75000,75000,0,shelter,2,0
recoverable_risky_corridor-q_learning-s11-f09b549a05bc,11,q_learning,recoverable,0.78,1,100000,100000,0,shelter,2,0
recoverable_risky_corridor-q_learning-s11-fdb26ce53fcc,11,q_learning,recoverable,0.82,0.25,25000,25000,0,shelter,2,0
recoverable_risky_corridor-q_learning-s11-fdb26ce53fcc,11,q_learning,recoverable,0.82,0.5,50000,50000,0,corridor,1,1
recoverable_risky_corridor-q_learning-s11-fdb26ce53fcc,11,q_learning,recoverable,0.82,0.75,75000,75000,0,corridor,1,1
recoverable_risky_corridor-q_learning-s11-fdb26ce53fcc,11,q_learning,recoverable,0.82,1,100000,100000,0,shelter,2,0
recoverable_risky_corridor-q_learning-s11-ffb80c9c52fc,11,q_learning,recoverable,0.845,0.25,25000,25000,0,corridor,1,1
recoverable_risky_corridor-q_learning-s11-ffb80c9c52fc,11,q_learning,recoverable,0.845,0.5,50000,50000,0,corridor,1,1
recoverable_risky_corridor-q_learning-s11-ffb80c9c52fc,11,q_learning,recoverable,0.845,0.75,75000,75000,0,corridor,1,1
recoverable_risky_corridor-q_learning-s11-ffb80c9c52fc,11,q_learning,recoverable,0.845,1,100000,100000,0,corridor,1,1
recoverable_risky_corridor-q_learning-s12-01492aea4a1b,12,q_learning,recoverable,0.86,0.25,25000,25000,0,corridor,1,1
recoverable_risky_corridor-q_learning-s12-01492aea4a1b,12,q_learning,recoverable,0.86,0.5,50000,50000,0,corridor,1,1
recoverable_risky_corridor-q_learning-s12-01492aea4a1b,12,q_learning,recoverable,0.86,0.75,75000,75000,0,corridor,1,1
recoverable_risky_corridor-q_learning-s12-01492aea4a1b,12,q_learning,recoverable,0.86,1,100000,100000,0,corridor,1,1
recoverable_risky_corridor-q_learning-s12-1c010031d87a,12,q_learning,recoverable,0.81,0.25,25000,25000,0,corridor,1,1
recoverable_risky_corridor-q_learning-s12-1c010031d87a,12,q_learning,recoverable,0.81,0.5,50000,50000,0,shelter,2,0
recoverable_risky_corridor-q_learning-s12-1c010031d87a,12,q_learning,recoverable,0.81,0.75,75000,75000,0,corridor,1,1
recoverable_risky_corridor-q_learning-s12-1c010031d87a,12,q_learning,recoverable,0.81,1,100000,100000,0,shelter,2,0
recoverable_risky_corridor-q_learning-s12-51cd507027c3,12,q_learning,recoverable,0.845,0.25,25000,25000,0,corridor,1,1
recoverable_risky_corridor-q_learning-s12-51cd507027c3,12,q_learning,recoverable,0.845,0.5,50000,50000,0,corridor,1,1
recoverable_risky_corridor-q_learning-s12-51cd507027c3,12,q_learning,recoverable,0.845,0.75,75000,75000,0,corridor,1,1
recoverable_risky_corridor-q_learning-s12-51cd507027c3,12,q_learning,recoverable,0.845,1,100000,100000,0,corridor,1,1
recoverable_risky_corridor-q_learning-s12-5b72ac863260,12,q_learning,recoverable,0.825,0.25,25000,25000,0,corridor,1,1
recoverable_risky_corridor-q_learning-s12-5b72ac863260,12,q_learning,recoverable,0.825,0.5,50000,50000,0,shelter,2,0
recoverable_risky_corridor-q_learning-s12-5b72ac863260,12,q_learning,recoverable,0.825,0.75,75000,75000,0,corridor,1,1
recoverable_risky_corridor-q_learning-s12-5b72ac863260,12,q_learning,recoverable,0.825,1,100000,100000,0,shelter,2,0
recoverable_risky_corridor-q_learning-s12-5f29d9d69c51,12,q_learning,recoverable,0.79,0.25,25000,25000,0,shelter,2,0
recoverable_risky_corridor-q_learning-s12-5f29d9d69c51,12,q_learning,recoverable,0.79,0.5,50000,50000,0,shelter,2,0
recoverable_risky_corridor-q_learning-s12-5f29d9d69c51,12,q_learning,recoverable,0.79,0.75,75000,75000,0,shelter,2,0
recoverable_risky_corridor-q_learning-s12-5f29d9d69c51,12,q_learning,recoverable,0.79,1,100000,100000,0,shelter,2,0
recoverable_risky_corridor-q_learning-s12-86b30fec855f,12,q_learning,recoverable,1,0.25,25000,25000,0,corridor,1,1
recoverable_risky_corridor-q_learning-s12-86b30fec855f,12,q_learning,recoverable,1,0.5,50000,50000,0,corridor,1,1
recoverable_risky_corridor-q_learning-s12-86b30fec855f,12,q_learning,recoverable,1,0.75,75000,75000,0,corridor,1,1
recoverable_risky_corridor-q_learning-s12-86b30fec855f,12,q_learning,recoverable,1,1,100000,100000,0,corridor,1,1
recoverable_risky_corridor-q_learning-s12-92df9ea811a5,12,q_learning,recoverable,0.855,0.25,25000,25000,0,corridor,1,1
recoverable_risky_corridor-q_learning-s12-92df9ea811a5,12,q_learning,recoverable,0.855,0.5,50000,50000,0,corridor,1,1
recoverable_risky_corridor-q_learning-s12-92df9ea811a5,12,q_learning,recoverable,0.855,0.75,75000,75000,0,corridor,1,1
recoverable_risky_corridor-q_learning-s12-92df9ea811a5,12,q_learning,recoverable,0.855,1,100000,100000,0,corridor,1,1
recoverable_risky_corridor-q_learning-s12-94cbf53bbf0a,12,q_learning,recoverable,0.805,0.25,25000,25000,0,corridor,1,1
recoverable_risky_corridor-q_learning-s12-94cbf53bbf0a,12,q_learning,recoverable,0.805,0.5,50000,50000,0,shelter,2,0
recoverable_risky_corridor-q_learning-s12-94cbf53bbf0a,12,q_learning,recoverable,0.805,0.75,75000,75000,0,corridor,1,1
recoverable_risky_corridor-q_learning-s12-94cbf53bbf0a,12,q_learning,recoverable,0.805,1,100000,100000,0,shelter,2,0
recoverable_risky_corridor-q_learning-s12-985c88fa4456,12,q_learning,recoverable,0.84,0.25,25000,25000,0,corridor,1,1
recoverable_risky_corridor-q_learning-s12-985c88fa4456,12,q_learning,recoverable,0.84,0.5,50000,50000,0,corridor,1,1
recoverable_risky_corridor-q_learning-s12-985c88fa4456,12,q_learning,recoverable,0.84,0.75,75000,75000,0,corridor,1,1
recoverable_risky_corridor-q_learning-s12-985c88fa4456,12,q_learning,recoverable,0.84,1,100000,100000,0,corridor,1,1
recoverable_risky_corridor-q_learning-s12-a241e49f45b4,12,q_learning,recoverable,0.88,0.25,25000,25000,0,corridor,1,1
recoverable_risky_corridor-q_learning-s12-a241e49f45b4,12,q_learning,recoverable,0.88,0.5,50000,50000,0,corridor,1,1
recoverable_risky_corridor-q_learning-s12-a241e49f45b4,12,q_learning,recoverable,0.88,0.75,75000,75000,0,corridor,1,1
recoverable_risky_corridor-q_learning-s12-a241e49f45b4,12,q_learning,recoverable,0.88,1,100000,100000,0,corridor,1,1
recoverable_risky_corridor-q_learning-s12-a5abaa034c05,12,q_learning,recoverable,0.85,0.25,25000,25000,0,corridor,1,1
recoverable_risky_corridor-q_learning-s12-a5abaa034c05,12,q_learning,recoverable,0.85,0.5,50000,50000,0,corridor,1,1
recoverable_risky_corridor-q_learning-s12-a5abaa034c05,12,q_learning,recoverable,0.85,0.75,75000,75000,0,corridor,1,1
recoverable_risky_corridor-q_learning-s12-a5abaa034c05,12,q_learning,recoverable,0.85,1,100000,100000,0,corridor,1,1
recoverable_risky_corridor-q_learning-s12-a7c00a285ec4,12,q_learning,recoverable,0.9,0.25,25000,25000,0,corridor,1,1
recoverable_risky_corridor-q_learning-s12-a7c00a285ec4,12,q_learning,recoverable,0.9,0.5,50000,50000,0,corridor,1,1
recoverable_risky_corridor-q_learning-s12-a7c00a285ec4,12,q_learning,recoverable,0.9,0.75,75000,75000,0,corridor,1,1
recoverable_risky_corridor-q_learning-s12-a7c00a285ec4,12,q_learning,recoverable,0.9,1,100000,100000,0,corridor,1,1
recoverable_risky_corridor-q_learning-s12-ac7a19e65916,12,q_learning,recoverable,0.78,0.25,25000,25000,0,corridor,1,1
recoverable_risky_corridor-q_learning-s12-ac7a19e65916,12,q_learning,recoverable,0.78,0.5,50000,50000,0,corridor,1,1
recoverable_risky_corridor-q_learning-s12-ac7a19e65916,12,q_learning,recoverable,0.78,0.75,75000,75000,0,shelter,2,0
recoverable_risky_corridor-q_learning-s12-ac7a19e65916,12,q_learning,recoverable,0.78,1,100000,100000,0,shelter,2,0
recoverable_risky_corridor-q_learning-s12-b9833e900124,12,q_learning,recoverable,0.82,0.25,25000,25000,0,corridor,1,1
recoverable_risky_corridor-q_learning-s12-b9833e900124,12,q_learning,recoverable,0.82,0.5,50000,50000,0,corridor,1,1
recoverable_risky_corridor-q_learning-s12-b9833e900124,12,q_learning,recoverable,0.82,0.75,75000,75000,0,corridor,1,1
recoverable_risky_corridor-q_learning-s12-b9833e900124,12,q_learning,recoverable,0.82,1,100000,100000,0,shelter,2,0
recoverable_risky_corridor-q_learning-s12-c101d0ee70a2,12,q_learning,recoverable,0.835,0.25,25000,25000,0,corridor,1,1
recoverable_risky_corridor-q_learning-s12-c101d0ee70a2,12,q_learning,recoverable,0.835,0.5,50000,50000,0,corridor,1,1
recoverable_risky_corridor-q_learning-s12-c101d0ee70a2,12,q_learning,recoverable,0.835,0.75,75000,75000,0,corridor,1,1
recoverable_risky_corridor-q_learning-s12-c101d0ee70a2,12,q_learning,recoverable,0.835,1,100000,100000,0,corridor,1,1
recoverable_risky_corridor-q_learning-s12-c49b409d9cb0,12,q_learning,recoverable,0.6,0.25,25000,25000,0,shelter,2,0
recoverable_risky_corridor-q_learning-s12-c49b409d9cb0,12,q_learning,recoverable,0.6,0.5,50000,50000,0,shelter,2,0
recoverable_risky_corridor-q_learning-s12-c49b409d9cb0,12,q_learning,recoverable,0.6,0.75,75000,75000,0,shelter,2,0
recoverable_risky_corridor-q_learning-s12-c49b409d9cb0,12,q_learning,recoverable,0.6,1,100000,100000,0,shelter,2,0
recoverable_risky_corridor-q_learning-s12-ca04e26e08e5,12,q_learning,recoverable,0.8,0.25,25000,25000,0,corridor,1,1
recoverable_risky_corridor-q_learning-s12-ca04e26e08e5,12,q_learning,recoverable,0.8,0.5,50000,50000,0,shelter,2,0
recoverable_risky_corridor-q_learning-s12-ca04e26e08e5,12,q_learning,recoverable,0.8,0.75,75000,75000,0,corridor,1,1
recoverable_risky_corridor-q_learning-s12-ca04e26e08e5,12,q_learning,recoverable,0.8,1,100000,100000,0,shelter,2,0
recoverable_risky_corridor-q_learning-s12-f1ea049e275d,12,q_learning,recoverable,0.7,0.25,25000,25000,0,shelter,2,0
recoverable_risky_corridor-q_learning-s12-f1ea049e275d,12,q_learning,recoverable,0.7,0.5,50000,50000,0,shelter,2,0
recoverable_risky_corridor-q_learning-s12-f1ea049e275d,12,q_learning,recoverable,0.7,0.75,75000,75000,0,shelter,2,0
recoverable_risky_corridor-q_learning-s12-f1ea049e275d,12,q_learning,recoverable,0.7,1,100000,100000,0,shelter,2,0
recoverable_risky_corridor-q_learning-s13-072b907c2ebe,13,q_learning,recoverable,0.88,0.25,25000,25000,0,corridor,1,1
recoverable_risky_corridor-q_learning-s13-072b907c2ebe,13,q_learning,recoverable,0.88,0.5,50000,50000,0,corridor,1,1
recoverable_risky_corridor-q_learning-s13-072b907c2ebe,13,q_learning,recoverable,0.88,0.75,75000,75000,0,corridor,1,1
recoverable_risky_corridor-q_learning-s13-072b907c2ebe,13,q_learning,recoverable,0.88,1,100000,100000,0,corridor,1,1
recoverable_risky_corridor-q_learning-s13-14647b8aea90,13,q_learning,recoverable,0.835,0.25,25000,25000,0,corridor,1,1
recoverable_risky_corridor-q_learning-s13-14647b8aea90,13,q_learning,recoverable,0.835,0.5,50000,50000,0,corridor,1,1
recoverable_risky_corridor-q_learning-s13-14647b8aea90,13,q_learning,recoverable,0.835,0.75,75000,75000,0,shelter,2,0
recoverable_risky_corridor-q_learning-s13-14647b8aea90,13,q_learning,recoverable,0.835,1,100000,100000,0,corridor,1,1
recoverable_risky_corridor-q_learning-s13-1ae8e7964f14,13,q_learning,recoverable,0.7,0.25,25000,25000,0,corridor,1,1
recoverable_risky_corridor-q_learning-s13-1ae8e7964f14,13,q_learning,recoverable,0.7,0.5,50000,50000,0,shelter,2,0
recoverable_risky_corridor-q_learning-s13-1ae8e7964f14,13,q_learning,recoverable,0.7,0.75,75000,75000,0,shelter,2,0
recoverable_risky_corridor-q_learning-s13-1ae8e7964f14,13,q_learning,recoverable,0.7,1,100000,100000,0,shelter,2,0
recoverable_risky_corridor-q_learning-s13-2ce390c25547,13,q_learning,recoverable,1,0.25,25000,25000,0,corridor,1,1
recoverable_risky_corridor-q_learning-s13-2ce390c25547,13,q_learning,recoverable,1,0.5,50000,50000,0,corridor,1,1
recoverable_risky_corridor-q_learning-s13-2ce390c25547,13,q_learning,recoverable,1,0.75,75000,75000,0,corridor,1,1
recoverable_risky_corridor-q_learning-s13-2ce390c25547,13,q_learning,recoverable,1,1,100000,100000,0,corridor,1,1
recoverable_risky_corridor-q_learning-s13-5f5e69a79290,13,q_learning,recoverable,0.805,0.25,25000,25000,0,other,3,0
recoverable_risky_corridor-q_learning-s13-5f5e69a79290,13,q_learning,recoverable,0.805,0.5,50000,50000,0,shelter,2,0
recoverable_risky_corridor-q_learning-s13-5f5e69a79290,13,q_learning,recoverable,0.805,0.75,75000,75000,0,shelter,2,0
recoverable_risky_corridor-q_learning-s13-5f5e69a79290,13,q_learning,recoverable,0.805,1,100000,100000,0,shelter,2,0
recoverable_risky_corridor-q_learning-s13-60bee86f8821,13,q_learning,recoverable,0.845,0.25,25000,25000,0,corridor,1,1
recoverable_risky_corridor-q_learning-s13-60bee86f8821,13,q_learning,recoverable,0.845,0.5,50000,50000,0,corridor,1,1
recoverable_risky_corridor-q_learning-s13-60bee86f8821,13,q_learning,recoverable,0.845,0.75,75000,75000,0,corridor,1,1
recoverable_risky_corridor-q_learning-s13-60bee86f8821,13,q_learning,recoverable,0.845,1,100000,100000,0,corridor,1,1
recoverable_risky_corridor-q_learning-s13-69e4f32b2533,13,q_learning,recoverable,0.84,0.25,25000,25000,0,corridor,1,1
recoverable_risky_corridor-q_learning-s13-69e4f32b2533,13,q_learning,recoverable,0.84,0.5,50000,50000,0,corridor,1,1
recoverable_risky_corridor-q_learning-s13-69e4f32b2533,13,q_learning,recoverable,0.84,0.75,75000,75000,0,corridor,1,1
recoverable_risky_corridor-q_learning-s13-69e4f32b2533,13,q_learning,recoverable,0.84,1,100000,100000,0,corridor,1,1
recoverable_risky_corridor-q_learning-s13-7ed75d6aeda5,13,q_learning,recoverable,0.85,0.25,25000,25000,0,corridor,1,1
recoverable_risky_corridor-q_learning-s13-7ed75d6aeda5,13,q_learning,recoverable,0.85,0.5,50000,50000,0,corridor,1,1
recoverable_risky_corridor-q_learning-s13-7ed75d6aeda5,13,q_learning,recoverable,0.85,0.75,75000,75000,0,corridor,1,1
recoverable_risky_corridor-q_learning-s13-7ed75d6aeda5,13,q_learning,recoverable,0.85,1,100000,100000,0,corridor,1,1
recoverable_risky_corridor-q_learning-s13-7f3064cf3216,13,q_learning,recoverable,0.86,0.25,25000,25000,0,corridor,1,1
recoverable_risky_corridor-q_learning-s13-7f3064cf3216,13,q_learning,recoverable,0.86,0.5,50000,50000,0,corridor,1,1
recoverable_risky_corridor-q_learning-s13-7f3064cf3216,13,q_learning,recoverable,0.86,0.75,75000,75000,0,corridor,1,1
recoverable_risky_corridor-q_learning-s13-7f3064cf3216,13,q_learning,recoverable,0.86,1,100000,100000,0,corridor,1,1
recoverable_risky_corridor-q_learning-s13-8220fb419781,13,q_learning,recoverable,0.6,0.25,25000,25000,0,shelter,2,0
recoverable_risky_corridor-q_learning-s13-8220fb419781,13,q_learning,recoverable,0.6,0.5,50000,50000,0,shelter,2,0
recoverable_risky_corridor-q_learning-s13-8220fb419781,13,q_learning,recoverable,0.6,0.75,75000,75000,0,shelter,2,0
recoverable_risky_corridor-q_learning-s13-8220fb419781,13,q_learning,recoverable,0.6,1,100000,100000,0,shelter,2,0
recoverable_risky_corridor-q_learning-s13-8df21a996d8b,13,q_learning,recoverable,0.82,0.25,25000,25000,0,other,3,0
recoverable_risky_corridor-q_learning-s13-8df21a996d8b,13,q_learning,recoverable,0.82,0.5,50000,50000,0,shelter,2,0
recoverable_risky_corridor-q_learning-s13-8df21a996d8b,13,q_learning,recoverable,0.82,0.75,75000,75000,0,shelter,2,0
recoverable_risky_corridor-q_learning-s13-8df21a996d8b,13,q_learning,recoverable,0.82,1,100000,100000,0,shelter,2,0
recoverable_risky_corridor-q_learning-s13-9ddb6e81c2d3,13,q_learning,recoverable,0.825,0.25,25000,25000,0,corridor,1,1
recoverable_risky_corridor-q_learning-s13-9ddb6e81c2d3,13,q_learning,recoverable,0.825,0.5,50000,50000,0,shelter,2,0
recoverable_risky_corridor-q_learning-s13-9ddb6e81c2d3,13,q_learning,recoverable,0.825,0.75,75000,75000,0,corridor,1,1
recoverable_risky_corridor-q_learning-s13-9ddb6e81c2d3,13,q_learning,recoverable,0.825,1,100000,100000,0,shelter,2,0
recoverable_risky_corridor-q_learning-s13-9ef8e37a6ba5,13,q_learning,recoverable,0.79,0.25,25000,25000,0,shelter,2,0
recoverable_risky_corridor-q_learning-s13-9ef8e37a6ba5,13,q_learning,recoverable,0.79,0.5,50000,50000,0,shelter,2,0
recoverable_risky_corridor-q_learning-s13-9ef8e37a6ba5,13,q_learning,recoverable,0.79,0.75,75000,75000,0,shelter,2,0
recoverable_risky_corridor-q_learning-s13-9ef8e37a6ba5,13,q_learning,recoverable,0.79,1,100000,100000,0,shelter,2,0
recoverable_risky_corridor-q_learning-s13-b5e2c7477788,13,q_learning,recoverable,0.78,0.25,25000,25000,0,corridor,1,1
recoverable_risky_corridor-q_learning-s13-b5e2c7477788,13,q_learning,recoverable,0.78,0.5,50000,50000,0,shelter,2,0
recoverable_risky_corridor-q_learning-s13-b5e2c7477788,13,q_learning,recoverable,0.78,0.75,75000,75000,0,shelter,2,0
recoverable_risky_corridor-q_learning-s13-b5e2c7477788,13,q_learning,recoverable,0.78,1,100000,100000,0,shelter,2,0
recoverable_risky_corridor-q_learning-s13-bca8fda17fc9,13,q_learning,recoverable,0.81,0.25,25000,25000,0,corridor,1,1
recoverable_risky_corridor-q_learning-s13-bca8fda17fc9,13,q_learning,recoverable,0.81,0.5,50000,50000,0,shelter,2,0
recoverable_risky_corridor-q_learning-s13-bca8fda17fc9,13,q_learning,recoverable,0.81,0.75,75000,75000,0,shelter,2,0
recoverable_risky_corridor-q_learning-s13-bca8fda17fc9,13,q_learning,recoverable,0.81,1,100000,100000,0,shelter,2,0
recoverable_risky_corridor-q_learning-s13-bda0946b01bc,13,q_learning,recoverable,0.8,0.25,25000,25000,0,corridor,1,1
recoverable_risky_corridor-q_learning-s13-bda0946b01bc,13,q_learning,recoverable,0.8,0.5,50000,50000,0,shelter,2,0
recoverable_risky_corridor-q_learning-s13-bda0946b01bc,13,q_learning,recoverable,0.8,0.75,75000,75000,0,shelter,2,0
recoverable_risky_corridor-q_learning-s13-bda0946b01bc,13,q_learning,recoverable,0.8,1,100000,100000,0,shelter,2,0
recoverable_risky_corridor-q_learning-s13-c2f259e6df6a,13,q_learning,recoverable,0.9,0.25,25000,25000,0,corridor,1,1
recoverable_risky_corridor-q_learning-s13-c2f259e6df6a,13,q_learning,recoverable,0.9,0.5,50000,50000,0,corridor,1,1
recoverable_risky_corridor-q_learning-s13-c2f259e6df6a,13,q_learning,recoverable,0.9,0.75,75000,75000,0,corridor,1,1
recoverable_risky_corridor-q_learning-s13-c2f259e6df6a,13,q_learning,recoverable,0.9,1,100000,100000,0,corridor,1,1
recoverable_risky_corridor-q_learning-s13-e3b781358d6f,13,q_learning,recoverable,0.855,0.25,25000,25000,0,corridor,1,1
recoverable_risky_corridor-q_learning-s13-e3b781358d6f,13,q_learning,recoverable,0.855,0.5,50000,50000,0,corridor,1,1
recoverable_risky_corridor-q_learning-s13-e3b781358d6f,13,q_learning,recoverable,0.855,0.75,75000,75000,0,corridor,1,1
recoverable_risky_corridor-q_learning-s13-e3b781358d6f,13,q_learning,recoverable,0.855,1,100000,100000,0,corridor,1,1
recoverable_risky_corridor-q_learning-s14-1208bcebc88e,14,q_learning,recoverable,0.7,0.25,25000,25000,0,shelter,2,0
recoverable_risky_corridor-q_learning-s14-1208bcebc88e,14,q_learning,recoverable,0.7,0.5,50000,50000,0,shelter,2,0
recoverable_risky_corridor-q_learning-s14-1208bcebc88e,14,q_learning,recoverable,0.7,0.75,75000,75000,0,shelter,2,0
recoverable_risky_corridor-q_learning-s14-1208bcebc88e,14,q_learning,recoverable,0.7,1,100000,100000,0,shelter,2,0
recoverable_risky_corridor-q_learning-s14-2ac302bb835b,14,q_learning,recoverable,1,0.25,25000,25000,0,corridor,1,1
recoverable_risky_corridor-q_learning-s14-2ac302bb835b,14,q_learning,recoverable,1,0.5,50000,50000,0,corridor,1,1
recoverable_risky_corridor-q_learning-s14-2ac302bb835b,14,q_learning,recoverable,1,0.75,75000,75000,0,corridor,1,1
recoverable_risky_corridor-q_learning-s14-2ac302bb835b,14,q_learning,recoverable,1,1,100000,100000,0,corridor,1,1
recoverable_risky_corridor-q_learning-s14-2b481b63bf79,14,q_learning,recoverable,0.825,0.25,25000,25000,0,corridor,1,1
recoverable_risky_corridor-q_learning-s14-2b481b63bf79,14,q_learning,recoverable,0.825,0.5,50000,50000,0,corridor,1,1
recoverable_risky_corridor-q_learning-s14-2b481b63bf79,14,q_learning,recoverable,0.825,0.75,75000,75000,0,corridor,1,1
recoverable_risky_corridor-q_learning-s14-2b481b63bf79,14,q_learning,recoverable,0.825,1,100000,100000,0,shelter,2,0
recoverable_risky_corridor-q_learning-s14-3a074f920d61,14,q_learning,recoverable,0.82,0.25,25000,25000,0,corridor,1,1
recoverable_risky_corridor-q_learning-s14-3a074f920d61,14,q_learning,recoverable,0.82,0.5,50000,50000,0,shelter,2,0
recoverable_risky_corridor-q_learning-s14-3a074f920d61,14,q_learning,recoverable,0.82,0.75,75000,75000,0,shelter,2,0
recoverable_risky_corridor-q_learning-s14-3a074f920d61,14,q_learning,recoverable,0.82,1,100000,100000,0,corridor,1,1
recoverable_risky_corridor-q_learning-s14-5e657efc7939,14,q_learning,recoverable,0.79,0.25,25000,25000,0,corridor,1,1
recoverable_risky_corridor-q_learning-s14-5e657efc7939,14,q_learning,recoverable,0.79,0.5,50000,50000,0,shelter,2,0
recoverable_risky_corridor-q_learning-s14-5e657efc7939,14,q_learning,recoverable,0.79,0.75,75000,75000,0,shelter,2,0
recoverable_risky_corridor-q_learning-s14-5e657efc7939,14,q_learning,recoverable,0.79,1,100000,100000,0,shelter,2,0
recoverable_risky_corridor-q_learning-s14-6ab51cae057b,14,q_learning,recoverable,0.6,0.25,25000,25000,0,other,0,0
recoverable_risky_corridor-q_learning-s14-6ab51cae057b,14,q_learning,recoverable,0.6,0.5,50000,50000,0,shelter,2,0
recoverable_risky_corridor-q_learning-s14-6ab51cae057b,14,q_learning,recoverable,0.6,0.75,75000,75000,0,shelter,2,0
recoverable_risky_corridor-q_learning-s14-6ab51cae057b,14,q_learning,recoverable,0.6,1,100000,100000,0,shelter,2,0
recoverable_risky_corridor-q_learning-s14-6e9f94372d47,14,q_learning,recoverable,0.8,0.25,25000,25000,0,corridor,1,1
recoverable_risky_corridor-q_learning-s14-6e9f94372d47,14,q_learning,recoverable,0.8,0.5,50000,50000,0,shelter,2,0
recoverable_risky_corridor-q_learning-s14-6e9f94372d47,14,q_learning,recoverable,0.8,0.75,75000,75000,0,shelter,2,0
recoverable_risky_corridor-q_learning-s14-6e9f94372d47,14,q_learning,recoverable,0.8,1,100000,100000,0,shelter,2,0
recoverable_risky_corridor-q_learning-s14-6f88fdbb5e16,14,q_learning,recoverable,0.81,0.25,25000,25000,0,corridor,1,1
recoverable_risky_corridor-q_learning-s14-6f88fdbb5e16,14,q_learning,recoverable,0.81,0.5,50000,50000,0,shelter,2,0
recoverable_risky_corridor-q_learning-s14-6f88fdbb5e16,14,q_learning,recoverable,0.81,0.75,75000,75000,0,shelter,2,0
recoverable_risky_corridor-q_learning-s14-6f88fdbb5e16,14,q_learning,recoverable,0.81,1,100000,100000,0,shelter,2,0
recoverable_risky_corridor-q_learning-s14-764dca524493,14,q_learning,recoverable,0.84,0.25,25000,25000,0,corridor,1,1
recoverable_risky_corridor-q_learning-s14-764dca524493,14,q_learning,recoverable,0.84,0.5,50000,50000,0,shelter,2,0
recoverable_risky_corridor-q_learning-s14-764dca524493,14,q_learning,recoverable,0.84,0.75,75000,75000,0,corridor,1,1
recoverable_risky_corridor-q_learning-s14-764dca524493,14,q_learning,recoverable,0.84,1,100000,100000,0,corridor,1,1
recoverable_risky_corridor-q_learning-s14-7735206a082f,14,q_learning,recoverable,0.835,0.25,25000,25000,0,corridor,1,1
recoverable_risky_corridor-q_learning-s14-7735206a082f,14,q_learning,recoverable,0.835,0.5,50000,50000,0,shelter,2,0
recoverable_risky_corridor-q_learning-s14-7735206a082f,14,q_learning,recoverable,0.835,0.75,75000,75000,0,corridor,1,1
recoverable_risky_corridor-q_learning-s14-7735206a082f,14,q_learning,recoverable,0.835,1,100000,100000,0,corridor,1,1
recoverable_risky_corridor-q_learning-s14-87196fa1d98c,14,q_learning,recoverable,0.855,0.25,25000,25000,0,corridor,1,1
recoverable_risky_corridor-q_learning-s14-87196fa1d98c,14,q_learning,recoverable,0.855,0.5,50000,50000,0,corridor,1,1
recoverable_risky_corridor-q_learning-s14-87196fa1d98c,14,q_learning,recoverable,0.855,0.75,75000,75000,0,corridor,1,1
recoverable_risky_corridor-q_learning-s14-87196fa1d98c,14,q_learning,recoverable,0.855,1,100000,100000,0,corridor,1,1
recoverable_risky_corridor-q_learning-s14-90c4d25aa0f2,14,q_learning,recoverable,0.86,0.25,25000,25000,0,corridor,1,1
recoverable_risky_corridor-q_learning-s14-90c4d25aa0f2,14,q_learning,recoverable,0.86,0.5,50000,50000,0,corridor,1,1
recoverable_risky_corridor-q_learning-s14-90c4d25aa0f2,14,q_learning,recoverable,0.86,0.75,75000,75000,0,corridor,1,1
recoverable_risky_corridor-q_learning-s14-90c4d25aa0f2,14,q_learning,recoverable,0.86,1,100000,100000,0,corridor,1,1
recoverable_risky_corridor-q_learning-s14-949d9c733fc4,14,q_learning,recoverable,0.85,0.25,25000,25000,0,corridor,1,1
recoverable_risky_corridor-q_learning-s14-949d9c733fc4,14,q_learning,recoverable,0.85,0.5,50000,50000,0,corridor,1,1
recoverable_risky_corridor-q_learning-s14-949d9c733fc4,14,q_learning,recoverable,0.85,0.75,75000,75000,0,corridor,1,1
recoverable_risky_corridor-q_learning-s14-949d9c733fc4,14,q_learning,recoverable,0.85,1,100000,100000,0,corridor,1,1
recoverable_risky_corridor-q_learning-s14-d455e04d0bc5,14,q_learning,recoverable,0.845,0.25,25000,25000,0,corridor,1,1
recoverable_risky_corridor-q_learning-s14-d455e04d0bc5,14,q_learning,recoverable,0.845,0.5,50000,50000,0,shelter,2,0
recoverable_risky_corridor-q_learning-s14-d455e04d0bc5,14,q_learning,recoverable,0.845,0.75,75000,75000,0,corridor,1,1
recoverable_risky_corridor-q_learning-s14-d455e04d0bc5,14,q_learning,recoverable,0.845,1,100000,100000,0,corridor,1,1
recoverable_risky_corridor-q_learning-s14-e8df1e4ca25b,14,q_learning,recoverable,0.805,0.25,25000,25000,0,corridor,1,1
recoverable_risky_corridor-q_learning-s14-e8df1e4ca25b,14,q_learning,recoverable,0.805,0.5,50000,50000,0,shelter,2,0
recoverable_risky_corridor-q_learning-s14-e8df1e4ca25b,14,q_learning,recoverable,0.805,0.75,75000,75000,0,shelter,2,0
recoverable_risky_corridor-q_learning-s14-e8df1e4ca25b,14,q_learning,recoverable,0.805,1,100000,100000,0,shelter,2,0
recoverable_risky_corridor-q_learning-s14-f197069daab7,14,q_learning,recoverable,0.88,0.25,25000,25000,0,corridor,1,1
recoverable_risky_corridor-q_learning-s14-f197069daab7,14,q_learning,recoverable,0.88,0.5,50000,50000,0,corridor,1,1
recoverable_risky_corridor-q_learning-s14-f197069daab7,14,q_learning,recoverable,0.88,0.75,75000,75000,0,corridor,1,1
recoverable_risky_corridor-q_learning-s14-f197069daab7,14,q_learning,recoverable,0.88,1,100000,100000,0,corridor,1,1
recoverable_risky_corridor-q_learning-s14-f42078605638,14,q_learning,recoverable,0.78,0.25,25000,25000,0,corridor,1,1
recoverable_risky_corridor-q_learning-s14-f42078605638,14,q_learning,recoverable,0.78,0.5,50000,50000,0,shelter,2,0
recoverable_risky_corridor-q_learning-s14-f42078605638,14,q_learning,recoverable,0.78,0.75,75000,75000,0,shelter,2,0
recoverable_risky_corridor-q_learning-s14-f42078605638,14,q_learning,recoverable,0.78,1,100000,100000,0,shelter,2,0
recoverable_risky_corridor-q_learning-s14-fae77700a04f,14,q_learning,recoverable,0.9,0.25,25000,25000,0,corridor,1,1
recoverable_risky_corridor-q_learning-s14-fae77700a04f,14,q_learning,recoverable,0.9,0.5,50000,50000,0,corridor,1,1
recoverable_risky_corridor-q_learning-s14-fae77700a04f,14,q_learning,recoverable,0.9,0.75,75000,75000,0,corridor,1,1
recoverable_risky_corridor-q_learning-s14-fae77700a04f,14,q_learning,recoverable,0.9,1,100000,100000,0,corridor,1,1
recoverable_risky_corridor-q_learning-s15-0891b8d687b4,15,q_learning,recoverable,0.855,0.25,25000,25000,0,corridor,1,1
recoverable_risky_corridor-q_learning-s15-0891b8d687b4,15,q_learning,recoverable,0.855,0.5,50000,50000,0,corridor,1,1
recoverable_risky_corridor-q_learning-s15-0891b8d687b4,15,q_learning,recoverable,0.855,0.75,75000,75000,0,corridor,1,1
recoverable_risky_corridor-q_learning-s15-0891b8d687b4,15,q_learning,recoverable,0.855,1,100000,100000,0,corridor,1,1
recoverable_risky_corridor-q_learning-s15-0fbe37c9c124,15,q_learning,recoverable,1,0.25,25000,25000,0,corridor,1,1
recoverable_risky_corridor-q_learning-s15-0fbe37c9c124,15,q_learning,recoverable,1,0.5,50000,50000,0,corridor,1,1
recoverable_risky_corridor-q_learning-s15-0fbe37c9c124,15,q_learning,recoverable,1,0.75,75000,75000,0,corridor,1,1
recoverable_risky_corridor-q_learning-s15-0fbe37c9c124,15,q_learning,recoverable,1,1,100000,100000,0,corridor,1,1
recoverable_risky_corridor-q_learning-s15-22afcc7e1fee,15,q_learning,recoverable,0.835,0.25,25000,25000,0,corridor,1,1
recoverable_risky_corridor-q_learning-s15-22afcc7e1fee,15,q_learning,recoverable,0.835,0.5,50000,50000,0,corridor,1,1
recoverable_risky_corridor-q_learning-s15-22afcc7e1fee,15,q_learning,recoverable,0.835,0.75,75000,75000,0,corridor,1,1
recoverable_risky_corridor-q_learning-s15-22afcc7e1fee,15,q_learning,recoverable,0.835,1,100000,100000,0,shelter,2,0
recoverable_risky_corridor-q_learning-s15-295814844a23,15,q_learning,recoverable,0.7,0.25,25000,25000,0,shelter,2,0
recoverable_risky_corridor-q_learning-s15-295814844a23,15,q_learning,recoverable,0.7,0.5,50000,50000,0,shelter,2,0
recoverable_risky_corridor-q_learning-s15-295814844a23,15,q_learning,recoverable,0.7,0.75,75000,75000,0,shelter,2,0
recoverable_risky_corridor-q_learning-s15-295814844a23,15,q_learning,recoverable,0.7,1,100000,100000,0,shelter,2,0
recoverable_risky_corridor-q_learning-s15-2c882824b8a6,15,q_learning,recoverable,0.88,0.25,25000,25000,0,corridor,1,1
recoverable_risky_corridor-q_learning-s15-2c882824b8a6,15,q_learning,recoverable,0.88,0.5,50000,50000,0,corridor,1,1
recoverable_risky_corridor-q_learning-s15-2c882824b8a6,15,q_learning,recoverable,0.88,0.75,75000,75000,0,corridor,1,1
recoverable_risky_corridor-q_learning-s15-2c882824b8a6,15,q_learning,recoverable,0.88,1,100000,100000,0,corridor,1,1
recoverable_risky_corridor-q_learning-s15-2ca822c02414,15,q_learning,recoverable,0.79,0.25,25000,25000,0,shelter,2,0
recoverable_risky_corridor-q_learning-s15-2ca822c02414,15,q_learning,recoverable,0.79,0.5,50000,50000,0,shelter,2,0
recoverable_risky_corridor-q_learning-s15-2ca822c02414,15,q_learning,recoverable,0.79,0.75,75000,75000,0,shelter,2,0
recoverable_risky_corridor-q_learning-s15-2ca822c02414,15,q_learning,recoverable,0.79,1,100000,100000,0,shelter,2,0
recoverable_risky_corridor-q_learning-s15-47bff3564e51,15,q_learning,recoverable,0.82,0.25,25000,25000,0,corridor,1,1
recoverable_risky_corridor-q_learning-s15-47bff3564e51,15,q_learning,recoverable,0.82,0.5,50000,50000,0,shelter,2,0
recoverable_risky_corridor-q_learning-s15-47bff3564e51,15,q_learning,recoverable,0.82,0.75,75000,75000,0,corridor,1,1
recoverable_risky_corridor-q_learning-s15-47bff3564e51,15,q_learning,recoverable,0.82,1,100000,100000,0,shelter,2,0
recoverable_risky_corridor-q_learning-s15-4cb149040f26,15,q_learning,recoverable,0.6,0.25,25000,25000,0,shelter,2,0
recoverable_risky_corridor-q_learning-s15-4cb149040f26,15,q_learning,recoverable,0.6,0.5,50000,50000,0,shelter,2,0
recoverable_risky_corridor-q_learning-s15-4cb149040f26,15,q_learning,recoverable,0.6,0.75,75000,75000,0,shelter,2,0
recoverable_risky_corridor-q_learning-s15-4cb149040f26,15,q_learning,recoverable,0.6,1,100000,100000,0,shelter,2,0
recoverable_risky_corridor-q_learning-s15-4f04780b16d4,15,q_learning,recoverable,0.9,0.25,25000,25000,0,corridor,1,1
recoverable_risky_corridor-q_learning-s15-4f04780b16d4,15,q_learning,recoverable,0.9,0.5,50000,50000,0,corridor,1,1
recoverable_risky_corridor-q_learning-s15-4f04780b16d4,15,q_learning,recoverable,0.9,0.75,75000,75000,0,corridor,1,1
recoverable_risky_corridor-q_learning-s15-4f04780b16d4,15,q_learning,recoverable,0.9,1,100000,100000,0,corridor,1,1
recoverable_risky_corridor-q_learning-s15-4f65d3fb11da,15,q_learning,recoverable,0.845,0.25,25000,25000,0,corridor,1,1
recoverable_risky_corridor-q_learning-s15-4f65d3fb11da,15,q_learning,recoverable,0.845,0.5,50000,50000,0,corridor,1,1
recoverable_risky_corridor-q_learning-s15-4f65d3fb11da,15,q_learning,recoverable,0.845,0.75,75000,75000,0,corridor,1,1
recoverable_risky_corridor-q_learning-s15-4f65d3fb11da,15,q_learning,recoverable,0.845,1,100000,100000,0,corridor,1,1
recoverable_risky_corridor-q_learning-s15-5cd5278a7d19,15,q_learning,recoverable,0.81,0.25,25000,25000,0,corridor,1,1
recoverable_risky_corridor-q_learning-s15-5cd5278a7d19,15,q_learning,recoverable,0.81,0.5,50000,50000,0,shelter,2,0
recoverable_risky_corridor-q_learning-s15-5cd5278a7d19,15,q_learning,recoverable,0.81,0.75,75000,75000,0,shelter,2,0
recoverable_risky_corridor-q_learning-s15-5cd5278a7d19,15,q_learning,recoverable,0.81,1,100000,100000,0,shelter,2,0
recoverable_risky_corridor-q_learning-s15-9fd3c0ad776f,15,q_learning,recoverable,0.825,0.25,25000,25000,0,corridor,1,1
recoverable_risky_corridor-q_learning-s15-9fd3c0ad776f,15,q_learning,recoverable,0.825,0.5,50000,50000,0,corridor,1,1
recoverable_risky_corridor-q_learning-s15-9fd3c0ad776f,15,q_learning,recoverable,0.825,0.75,75000,75000,0,shelter,2,0
recoverable_risky_corridor-q_learning-s15-9fd3c0ad776f,15,q_learning,recoverable,0.825,1,100000,100000,0,shelter,2,0
recoverable_risky_corridor-q_learning-s15-a31958dd2461,15,q_learning,recoverable,0.78,0.25,25000,25000,0,shelter,2,0
recoverable_risky_corridor-q_learning-s15-a31958dd2461,15,q_learning,recoverable,0.78,0.5,50000,50000,0,shelter,2,0
recoverable_risky_corridor-q_learning-s15-a31958dd2461,15,q_learning,recoverable,0.78,0.75,75000,75000,0,shelter,2,0
recoverable_risky_corridor-q_learning-s15-a31958dd2461,15,q_learning,recoverable,0.78,1,100000,100000,0,shelter,2,0
recoverable_risky_corridor-q_learning-s15-b59348e3c564,15,q_learning,recoverable,0.84,0.25,25000,25000,0,corridor,1,1
recoverable_risky_corridor-q_learning-s15-b59348e3c564,15,q_learning,recoverable,0.84,0.5,50000,50000,0,shelter,2,0
recoverable_risky_corridor-q_learning-s15-b59348e3c564,15,q_learning,recoverable,0.84,0.75,75000,75000,0,corridor,1,1
recoverable_risky_corridor-q_learning-s15-b59348e3c564,15,q_learning,recoverable,0.84,1,100000,100000,0,corridor,1,1
recoverable_risky_corridor-q_learning-s15-c4ad4d9ab23c,15,q_learning,recoverable,0.85,0.25,25000,25000,0,corridor,1,1
recoverable_risky_corridor-q_learning-s15-c4ad4d9ab23c,15,q_learning,recoverable,0.85,0.5,50000,50000,0,corridor,1,1
recoverable_risky_corridor-q_learning-s15-c4ad4d9ab23c,15,q_learning,recoverable,0.85,0.75,75000,75000,0,corridor,1,1
recoverable_risky_corridor-q_learning-s15-c4ad4d9ab23c,15,q_learning,recoverable,0.85,1,100000,100000,0,corridor,1,1
recoverable_risky_corridor-q_learning-s15-d4df84a30935,15,q_learning,recoverable,0.805,0.25,25000,25000,0,corridor,1,1
recoverable_risky_corridor-q_learning-s15-d4df84a30935,15,q_learning,recoverable,0.805,0.5,50000,50000,0,shelter,2,0
recoverable_risky_corridor-q_learning-s15-d4df84a30935,15,q_learning,recoverable,0.805,0.75,75000,75000,0,shelter,2,0
recoverable_risky_corridor-q_learning-s15-d4df84a30935,15,q_learning,recoverable,0.805,1,100000,100000,0,shelter,2,0
recoverable_risky_corridor-q_learning-s15-e78c8078cdd4,15,q_learning,recoverable,0.86,0.25,25000,25000,0,corridor,1,1
recoverable_risky_corridor-q_learning-s15-e78c8078cdd4,15,q_learning,recoverable,0.86,0.5,50000,50000,0,corridor,1,1
recoverable_risky_corridor-q_learning-s15-e78c8078cdd4,15,q_learning,recoverable,0.86,0.75,75000,75000,0,corridor,1,1
recoverable_risky_corridor-q_learning-s15-e78c8078cdd4,15,q_learning,recoverable,0.86,1,100000,100000,0,corridor,1,1
recoverable_risky_corridor-q_learning-s15-ea009418187c,15,q_learning,recoverable,0.8,0.25,25000,25000,0,corridor,1,1
recoverable_risky_corridor-q_learning-s15-ea009418187c,15,q_learning,recoverable,0.8,0.5,50000,50000,0,shelter,2,0
recoverable_risky_corridor-q_learning-s15-ea009418187c,15,q_learning,recoverable,0.8,0.75,75000,75000,0,shelter,2,0
recoverable_risky_corridor-q_learning-s15-ea009418187c,15,q_learning,recoverable,0.8,1,100000,100000,0,shelter,2,0
recoverable_risky_corridor-q_learning-s16-02c7d7749d33,16,q_learning,recoverable,0.78,0.25,25000,25000,0,corridor,1,1
recoverable_risky_corridor-q_learning-s16-02c7d7749d33,16,q_learning,recoverable,0.78,0.5,50000,50000,0,shelter,2,0
recoverable_risky_corridor-q_learning-s16-02c7d7749d33,16,q_learning,recoverable,0.78,0.75,75000,75000,0,shelter,2,0
recoverable_risky_corridor-q_learning-s16-02c7d7749d33,16,q_learning,recoverable,0.78,1,100000,100000,0,shelter,2,0
recoverable_risky_corridor-q_learning-s16-02e6a5a251df,16,q_learning,recoverable,0.8,0.25,25000,25000,0,corridor,1,1
recoverable_risky_corridor-q_learning-s16-02e6a5a251df,16,q_learning,recoverable,0.8,0.5,50000,50000,0,corridor,1,1
recoverable_risky_corridor-q_learning-s16-02e6a5a251df,16,q_learning,recoverable,0.8,0.75,75000,75000,0,shelter,2,0
recoverable_risky_corridor-q_learning-s16-02e6a5a251df,16,q_learning,recoverable,0.8,1,100000,100000,0,shelter,2,0
recoverable_risky_corridor-q_learning-s16-07037245768d,16,q_learning,recoverable,0.79,0.25,25000,25000,0,corridor,1,1
recoverable_risky_corridor-q_learning-s16-07037245768d,16,q_learning,recoverable,0.79,0.5,50000,50000,0,shelter,2,0
recoverable_risky_corridor-q_learning-s16-07037245768d,16,q_learning,recoverable,0.79,0.75,75000,75000,0,shelter,2,0
recoverable_risky_corridor-q_learning-s16-07037245768d,16,q_learning,recoverable,0.79,1,100000,100000,0,shelter,2,0
recoverable_risky_corridor-q_learning-s16-0d754e468733,16,q_learning,recoverable,0.84,0.25,25000,25000,0,corridor,1,1
recoverable_risky_corridor-q_learning-s16-0d754e468733,16,q_learning,recoverable,0.84,0.5,50000,50000,0,corridor,1,1
recoverable_risky_corridor-q_learning-s16-0d754e468733,16,q_learning,recoverable,0.84,0.75,75000,75000,0,corridor,1,1
recoverable_risky_corridor-q_learning-s16-0d754e468733,16,q_learning,recoverable,0.84,1,100000,100000,0,corridor,1,1
recoverable_risky_corridor-q_learning-s16-0daf9bc7b1a6,16,q_learning,recoverable,0.845,0.25,25000,25000,0,corridor,1,1
recoverable_risky_corridor-q_learning-s16-0daf9bc7b1a6,16,q_learning,recoverable,0.845,0.5,50000,50000,0,corridor,1,1
recoverable_risky_corridor-q_learning-s16-0daf9bc7b1a6,16,q_learning,recoverable,0.845,0.75,75000,75000,0,corridor,1,1
recoverable_risky_corridor-q_learning-s16-0daf9bc7b1a6,16,q_learning,recoverable,0.845,1,100000,100000,0,corridor,1,1
recoverable_risky_corridor-q_learning-s16-13fb9b2f718b,16,q_learning,recoverable,0.7,0.25,25000,25000,0,corridor,1,1
recoverable_risky_corridor-q_learning-s16-13fb9b2f718b,16,q_learning,recoverable,0.7,0.5,50000,50000,0,shelter,2,0
recoverable_risky_corridor-q_learning-s16-13fb9b2f718b,16,q_learning,recoverable,0.7,0.75,75000,75000,0,shelter,2,0
recoverable_risky_corridor-q_learning-s16-13fb9b2f718b,16,q_learning,recoverable,0.7,1,100000,100000,0,shelter,2,0
recoverable_risky_corridor-q_learning-s16-1a346912c794,16,q_learning,recoverable,0.86,0.25,25000,25000,0,corridor,1,1
recoverable_risky_corridor-q_learning-s16-1a346912c794,16,q_learning,recoverable,0.86,0.5,50000,50000,0,corridor,1,1
recoverable_risky_corridor-q_learning-s16-1a346912c794,16,q_learning,recoverable,0.86,0.75,75000,75000,0,corridor,1,1
recoverable_risky_corridor-q_learning-s16-1a346912c794,16,q_learning,recoverable,0.86,1,100000,100000,0,corridor,1,1
recoverable_risky_corridor-q_learning-s16-1c417d94de27,16,q_learning,recoverable,0.9,0.25,25000,25000,0,corridor,1,1
recoverable_risky_corridor-q_learning-s16-1c417d94de27,16,q_learning,recoverable,0.9,0.5,50000,50000,0,corridor,1,1
recoverable_risky_corridor-q_learning-s16-1c417d94de27,16,q_learning,recoverable,0.9,0.75,75000,75000,0,corridor,1,1
recoverable_risky_corridor-q_learning-s16-1c417d94de27,16,q_learning,recoverable,0.9,1,100000,100000,0,corridor,1,1
recoverable_risky_corridor-q_learning-s16-88f57c18831f,16,q_learning,recoverable,0.855,0.25,25000,25000,0,corridor,1,1
recoverable_risky_corridor-q_learning-s16-88f57c18831f,16,q_learning,recoverable,0.855,0.5,50000,50000,0,corridor,1,1
recoverable_risky_corridor-q_learning-s16-88f57c18831f,16,q_learning,recoverable,0.855,0.75,75000,75000,0,corridor,1,1
recoverable_risky_corridor-q_learning-s16-88f57c18831f,16,q_learning,recoverable,0.855,1,100000,100000,0,corridor,1,1
recoverable_risky_corridor-q_learning-s16-93b8c194efcd,16,q_learning,recoverable,0.825,0.25,25000,25000,0,corridor,1,1
recoverable_risky_corridor-q_learning-s16-93b8c194efcd,16,q_learning,recoverable,0.825,0.5,50000,50000,0,shelter,2,0
recoverable_risky_corridor-q_learning-s16-93b8c194efcd,16,q_learning,recoverable,0.825,0.75,75000,75000,0,shelter,2,0
recoverable_risky_corridor-q_learning-s16-93b8c194efcd,16,q_learning,recoverable,0.825,1,100000,100000,0,corridor,1,1
recoverable_risky_corridor-q_learning-s16-c16dac979121,16,q_learning,recoverable,0.82,0.25,25000,25000,0,corridor,1,1
recoverable_risky_corridor-q_learning-s16-c16dac979121,16,q_learning,recoverable,0.82,0.5,50000,50000,0,shelter,2,0
recoverable_risky_corridor-q_learning-s16-c16dac979121,16,q_learning,recoverable,0.82,0.75,75000,75000,0,shelter,2,0
recoverable_risky_corridor-q_learning-s16-c16dac979121,16,q_learning,recoverable,0.82,1,100000,100000,0,corridor,1,1
recoverable_risky_corridor-q_learning-s16-c8abac62e690,16,q_learning,recoverable,0.805,0.25,25000,25000,0,corridor,1,1
recoverable_risky_corridor-q_learning-s16-c8abac62e690,16,q_learning,recoverable,0.805,0.5,50000,50000,0,shelter,2,0
recoverable_risky_corridor-q_learning-s16-c8abac62e690,16,q_learning,recoverable,0.805,0.75,75000,75000,0,shelter,2,0
recoverable_risky_corridor-q_learning-s16-c8abac62e690,16,q_learning,recoverable,0.805,1,100000,100000,0,corridor,1,1
recoverable_risky_corridor-q_learning-s16-cc91f2e51401,16,q_learning,recoverable,0.88,0.25,25000,25000,0,corridor,1,1
recoverable_risky_corridor-q_learning-s16-cc91f2e51401,16,q_learning,recoverable,0.88,0.5,50000,50000,0,corridor,1,1
recoverable_risky_corridor-q_learning-s16-cc91f2e51401,16,q_learning,recoverable,0.88,0.75,75000,75000,0,corridor,1,1
recoverable_risky_corridor-q_learning-s16-cc91f2e51401,16,q_learning,recoverable,0.88,1,100000,100000,0,corridor,1,1
recoverable_risky_corridor-q_learning-s16-dd9d3b101d4b,16,q_learning,recoverable,1,0.25,25000,25000,0,corridor,1,1
recoverable_risky_corridor-q_learning-s16-dd9d3b101d4b,16,q_learning,recoverable,1,0.5,50000,50000,0,corridor,1,1
recoverable_risky_corridor-q_learning-s16-dd9d3b101d4b,16,q_learning,recoverable,1,0.75,75000,75000,0,corridor,1,1
recoverable_risky_corridor-q_learning-s16-dd9d3b101d4b,16,q_learning,recoverable,1,1,100000,100000,0,corridor,1,1
recoverable_risky_corridor-q_learning-s16-e551292e3c0c,16,q_learning,recoverable,0.81,0.25,25000,25000,0,corridor,1,1
recoverable_risky_corridor-q_learning-s16-e551292e3c0c,16,q_learning,recoverable,0.81,0.5,50000,50000,0,shelter,2,0
recoverable_risky_corridor-q_learning-s16-e551292e3c0c,16,q_learning,recoverable,0.81,0.75,75000,75000,0,shelter,2,0
recoverable_risky_corridor-q_learning-s16-e551292e3c0c,16,q_learning,recoverable,0.81,1,100000,100000,0,shelter,2,0
recoverable_risky_corridor-q_learning-s16-e80d870ebb65,16,q_learning,recoverable,0.85,0.25,25000,25000,0,corridor,1,1
recoverable_risky_corridor-q_learning-s16-e80d870ebb65,16,q_learning,recoverable,0.85,0.5,50000,50000,0,corridor,1,1
recoverable_risky_corridor-q_learning-s16-e80d870ebb65,16,q_learning,recoverable,0.85,0.75,75000,75000,0,corridor,1,1
recoverable_risky_corridor-q_learning-s16-e80d870ebb65,16,q_learning,recoverable,0.85,1,100000,100000,0,corridor,1,1
recoverable_risky_corridor-q_learning-s16-ec6b2918195c,16,q_learning,recoverable,0.6,0.25,25000,25000,0,other,3,0
recoverable_risky_corridor-q_learning-s16-ec6b2918195c,16,q_learning,recoverable,0.6,0.5,50000,50000,0,shelter,2,0
recoverable_risky_corridor-q_learning-s16-ec6b2918195c,16,q_learning,recoverable,0.6,0.75,75000,75000,0,shelter,2,0
recoverable_risky_corridor-q_learning-s16-ec6b2918195c,16,q_learning,recoverable,0.6,1,100000,100000,0,shelter,2,0
recoverable_risky_corridor-q_learning-s16-eefa9811b8d7,16,q_learning,recoverable,0.835,0.25,25000,25000,0,shelter,2,0
recoverable_risky_corridor-q_learning-s16-eefa9811b8d7,16,q_learning,recoverable,0.835,0.5,50000,50000,0,corridor,1,1
recoverable_risky_corridor-q_learning-s16-eefa9811b8d7,16,q_learning,recoverable,0.835,0.75,75000,75000,0,corridor,1,1
recoverable_risky_corridor-q_learning-s16-eefa9811b8d7,16,q_learning,recoverable,0.835,1,100000,100000,0,corridor,1,1
recoverable_risky_corridor-q_learning-s17-064b5adc4b31,17,q_learning,recoverable,1,0.25,25000,25000,0,corridor,1,1
recoverable_risky_corridor-q_learning-s17-064b5adc4b31,17,q_learning,recoverable,1,0.5,50000,50000,0,corridor,1,1
recoverable_risky_corridor-q_learning-s17-064b5adc4b31,17,q_learning,recoverable,1,0.75,75000,75000,0,corridor,1,1
recoverable_risky_corridor-q_learning-s17-064b5adc4b31,17,q_learning,recoverable,1,1,100000,100000,0,corridor,1,1
recoverable_risky_corridor-q_learning-s17-09671de2936e,17,q_learning,recoverable,0.86,0.25,25000,25000,0,corridor,1,1
recoverable_risky_corridor-q_learning-s17-09671de2936e,17,q_learning,recoverable,0.86,0.5,50000,50000,0,corridor,1,1
recoverable_risky_corridor-q_learning-s17-09671de2936e,17,q_learning,recoverable,0.86,0.75,75000,75000,0,corridor,1,1
recoverable_risky_corridor-q_learning-s17-09671de2936e,17,q_learning,recoverable,0.86,1,100000,100000,0,corridor,1,1
recoverable_risky_corridor-q_learning-s17-214ac779f305,17,q_learning,recoverable,0.88,0.25,25000,25000,0,corridor,1,1
recoverable_risky_corridor-q_learning-s17-214ac779f305,17,q_learning,recoverable,0.88,0.5,50000,50000,0,corridor,1,1
recoverable_risky_corridor-q_learning-s17-214ac779f305,17,q_learning,recoverable,0.88,0.75,75000,75000,0,corridor,1,1
recoverable_risky_corridor-q_learning-s17-214ac779f305,17,q_learning,recoverable,0.88,1,100000,100000,0,corridor,1,1
recoverable_risky_corridor-q_learning-s17-2af0368950b3,17,q_learning,recoverable,0.82,0.25,25000,25000,0,corridor,1,1
recoverable_risky_corridor-q_learning-s17-2af0368950b3,17,q_learning,recoverable,0.82,0.5,50000,50000,0,shelter,2,0
recoverable_risky_corridor-q_learning-s17-2af0368950b3,17,q_learning,recoverable,0.82,0.75,75000,75000,0,shelter,2,0
recoverable_risky_corridor-q_learning-s17-2af0368950b3,17,q_learning,recoverable,0.82,1,100000,100000,0,corridor,1,1
recoverable_risky_corridor-q_learning-s17-3009adf22a0e,17,q_learning,recoverable,0.84,0.25,25000,25000,0,corridor,1,1
recoverable_risky_corridor-q_learning-s17-3009adf22a0e,17,q_learning,recoverable,0.84,0.5,50000,50000,0,corridor,1,1
recoverable_risky_corridor-q_learning-s17-3009adf22a0e,17,q_learning,recoverable,0.84,0.75,75000,75000,0,corridor,1,1
recoverable_risky_corridor-q_learning-s17-3009adf22a0e,17,q_learning,recoverable,0.84,1,100000,100000,0,corridor,1,1
recoverable_risky_corridor-q_learning-s17-38a9bea2888f,17,q_learning,recoverable,0.855,0.25,25000,25000,0,corridor,1,1
recoverable_risky_corridor-q_learning-s17-38a9bea2888f,17,q_learning,recoverable,0.855,0.5,50000,50000,0,corridor,1,1
recoverable_risky_corridor-q_learning-s17-38a9bea2888f,17,q_learning,recoverable,0.855,0.75,75000,75000,0,corridor,1,1
recoverable_risky_corridor-q_learning-s17-38a9bea2888f,17,q_learning,recoverable,0.855,1,100000,100000,0,corridor,1,1
recoverable_risky_corridor-q_learning-s17-4129408656e7,17,q_learning,recoverable,0.85,0.25,25000,25000,0,corridor,1,1
recoverable_risky_corridor-q_learning-s17-4129408656e7,17,q_learning,recoverable,0.85,0.5,50000,50000,0,corridor,1,1
recoverable_risky_corridor-q_learning-s17-4129408656e7,17,q_learning,recoverable,0.85,0.75,75000,75000,0,corridor,1,1
recoverable_risky_corridor-q_learning-s17-4129408656e7,17,q_learning,recoverable,0.85,1,100000,100000,0,corridor,1,1
recoverable_risky_corridor-q_learning-s17-471e35dd52e2,17,q_learning,recoverable,0.6,0.25,25000,25000,0,shelter,2,0
recoverable_risky_corridor-q_learning-s17-471e35dd52e2,17,q_learning,recoverable,0.6,0.5,50000,50000,0,shelter,2,0
recoverable_risky_corridor-q_learning-s17-471e35dd52e2,17,q_learning,recoverable,0.6,0.75,75000,75000,0,shelter,2,0
recoverable_risky_corridor-q_learning-s17-471e35dd52e2,17,q_learning,recoverable,0.6,1,100000,100000,0,shelter,2,0
recoverable_risky_corridor-q_learning-s17-4c95d4e2fcfa,17,q_learning,recoverable,0.78,0.25,25000,25000,0,corridor,1,1
recoverable_risky_corridor-q_learning-s17-4c95d4e2fcfa,17,q_learning,recoverable,0.78,0.5,50000,50000,0,shelter,2,0
recoverable_risky_corridor-q_learning-s17-4c95d4e2fcfa,17,q_learning,recoverable,0.78,0.75,75000,75000,0,shelter,2,0
recoverable_risky_corridor-q_learning-s17-4c95d4e2fcfa,17,q_learning,recoverable,0.78,1,100000,100000,0,shelter,2,0
recoverable_risky_corridor-q_learning-s17-5687422d5af0,17,q_learning,recoverable,0.825,0.25,25000,25000,0,corridor,1,1
recoverable_risky_corridor-q_learning-s17-5687422d5af0,17,q_learning,recoverable,0.825,0.5,50000,50000,0,shelter,2,0
recoverable_risky_corridor-q_learning-s17-5687422d5af0,17,q_learning,recoverable,0.825,0.75,75000,75000,0,corridor,1,1
recoverable_risky_corridor-q_learning-s17-5687422d5af0,17,q_learning,recoverable,0.825,1,100000,100000,0,shelter,2,0
recoverable_risky_corridor-q_learning-s17-94b1569bacf7,17,q_learning,recoverable,0.81,0.25,25000,25000,0,corridor,1,1
recoverable_risky_corridor-q_learning-s17-94b1569bacf7,17,q_learning,recoverable,0.81,0.5,50000,50000,0,corridor,1,1
recoverable_risky_corridor-q_learning-s17-94b1569bacf7,17,q_learning,recoverable,0.81,0.75,75000,75000,0,corridor,1,1
recoverable_risky_corridor-q_learning-s17-94b1569bacf7,17,q_learning,recoverable,0.81,1,100000,100000,0,shelter,2,0
recoverable_risky_corridor-q_learning-s17-96ad1296dc22,17,q_learning,recoverable,0.805,0.25,25000,25000,0,corridor,1,1
recoverable_risky_corridor-q_learning-s17-96ad1296dc22,17,q_learning,recoverable,0.805,0.5,50000,50000,0,shelter,2,0
recoverable_risky_corridor-q_learning-s17-96ad1296dc22,17,q_learning,recoverable,0.805,0.75,75000,75000,0,corridor,1,1
recoverable_risky_corridor-q_learning-s17-96ad1296dc22,17,q_learning,recoverable,0.805,1,100000,100000,0,shelter,2,0
recoverable_risky_corridor-q_learning-s17-96f7a30e7067,17,q_learning,recoverable,0.8,0.25,25000,25000,0,shelter,2,0
recoverable_risky_corridor-q_learning-s17-96f7a30e7067,17,q_learning,recoverable,0.8,0.5,50000,50000,0,shelter,2,0
recoverable_risky_corridor-q_learning-s17-96f7a30e7067,17,q_learning,recoverable,0.8,0.75,75000,75000,0,shelter,2,0
recoverable_risky_corridor-q_learning-s17-96f7a30e7067,17,q_learning,recoverable,0.8,1,100000,100000,0,shelter,2,0
recoverable_risky_corridor-q_learning-s17-d252206f6c88,17,q_learning,recoverable,0.845,0.25,25000,25000,0,corridor,1,1
recoverable_risky_corridor-q_learning-s17-d252206f6c88,17,q_learning,recoverable,0.845,0.5,50000,50000,0,corridor,1,1
recoverable_risky_corridor-q_learning-s17-d252206f6c88,17,q_learning,recoverable,0.845,0.75,75000,75000,0,corridor,1,1
recoverable_risky_corridor-q_learning-s17-d252206f6c88,17,q_learning,recoverable,0.845,1,100000,100000,0,corridor,1,1
recoverable_risky_corridor-q_learning-s17-d6aab8c8b820,17,q_learning,recoverable,0.79,0.25,25000,25000,0,shelter,2,0
recoverable_risky_corridor-q_learning-s17-d6aab8c8b820,17,q_learning,recoverable,0.79,0.5,50000,50000,0,shelter,2,0
recoverable_risky_corridor-q_learning-s17-d6aab8c8b820,17,q_learning,recoverable,0.79,0.75,75000,75000,0,shelter,2,0
recoverable_risky_corridor-q_learning-s17-d6aab8c8b820,17,q_learning,recoverable,0.79,1,100000,100000,0,shelter,2,0
recoverable_risky_corridor-q_learning-s17-dda86ed0f133,17,q_learning,recoverable,0.9,0.25,25000,25000,0,corridor,1,1
recoverable_risky_corridor-q_learning-s17-dda86ed0f133,17,q_learning,recoverable,0.9,0.5,50000,50000,0,corridor,1,1
recoverable_risky_corridor-q_learning-s17-dda86ed0f133,17,q_learning,recoverable,0.9,0.75,75000,75000,0,corridor,1,1
recoverable_risky_corridor-q_learning-s17-dda86ed0f133,17,q_learning,recoverable,0.9,1,100000,100000,0,corridor,1,1
recoverable_risky_corridor-q_learning-s17-ecbf9bf8d9e3,17,q_learning,recoverable,0.835,0.25,25000,25000,0,corridor,1,1
recoverable_risky_corridor-q_learning-s17-ecbf9bf8d9e3,17,q_learning,recoverable,0.835,0.5,50000,50000,0,shelter,2,0
recoverable_risky_corridor-q_learning-s17-ecbf9bf8d9e3,17,q_learning,recoverable,0.835,0.75,75000,75000,0,corridor,1,1
recoverable_risky_corridor-q_learning-s17-ecbf9bf8d9e3,17,q_learning,recoverable,0.835,1,100000,100000,0,corridor,1,1
recoverable_risky_corridor-q_learning-s17-fa5b36dbafbb,17,q_learning,recoverable,0.7,0.25,25000,25000,0,corridor,1,1
recoverable_risky_corridor-q_learning-s17-fa5b36dbafbb,17,q_learning,recoverable,0.7,0.5,50000,50000,0,shelter,2,0
recoverable_risky_corridor-q_learning-s17-fa5b36dbafbb,17,q_learning,recoverable,0.7,0.75,75000,75000,0,shelter,2,0
recoverable_risky_corridor-q_learning-s17-fa5b36dbafbb,17,q_learning,recoverable,0.7,1,100000,100000,0,shelter,2,0
recoverable_risky_corridor-q_learning-s18-00803f3855d5,18,q_learning,recoverable,0.78,0.25,25000,25000,0,corridor,1,1
recoverable_risky_corridor-q_learning-s18-00803f3855d5,18,q_learning,recoverable,0.78,0.5,50000,50000,0,shelter,2,0
recoverable_risky_corridor-q_learning-s18-00803f3855d5,18,q_learning,recoverable,0.78,0.75,75000,75000,0,shelter,2,0
recoverable_risky_corridor-q_learning-s18-00803f3855d5,18,q_learning,recoverable,0.78,1,100000,100000,0,shelter,2,0
recoverable_risky_corridor-q_learning-s18-10216b6d961e,18,q_learning,recoverable,0.85,0.25,25000,25000,0,corridor,1,1
recoverable_risky_corridor-q_learning-s18-10216b6d961e,18,q_learning,recoverable,0.85,0.5,50000,50000,0,corridor,1,1
recoverable_risky_corridor-q_learning-s18-10216b6d961e,18,q_learning,recoverable,0.85,0.75,75000,75000,0,corridor,1,1
recoverable_risky_corridor-q_learning-s18-10216b6d961e,18,q_learning,recoverable,0.85,1,100000,100000,0,corridor,1,1
recoverable_risky_corridor-q_learning-s18-12cfc31691d0,18,q_learning,recoverable,0.835,0.25,25000,25000,0,corridor,1,1
recoverable_risky_corridor-q_learning-s18-12cfc31691d0,18,q_learning,recoverable,0.835,0.5,50000,50000,0,corridor,1,1
recoverable_risky_corridor-q_learning-s18-12cfc31691d0,18,q_learning,recoverable,0.835,0.75,75000,75000,0,corridor,1,1
recoverable_risky_corridor-q_learning-s18-12cfc31691d0,18,q_learning,recoverable,0.835,1,100000,100000,0,shelter,2,0
recoverable_risky_corridor-q_learning-s18-13cf9e545969,18,q_learning,recoverable,0.845,0.25,25000,25000,0,corridor,1,1
recoverable_risky_corridor-q_learning-s18-13cf9e545969,18,q_learning,recoverable,0.845,0.5,50000,50000,0,corridor,1,1
recoverable_risky_corridor-q_learning-s18-13cf9e545969,18,q_learning,recoverable,0.845,0.75,75000,75000,0,corridor,1,1
recoverable_risky_corridor-q_learning-s18-13cf9e545969,18,q_learning,recoverable,0.845,1,100000,100000,0,corridor,1,1
recoverable_risky_corridor-q_learning-s18-3786e1de4887,18,q_learning,recoverable,0.7,0.25,25000,25000,0,other,3,0
recoverable_risky_corridor-q_learning-s18-3786e1de4887,18,q_learning,recoverable,0.7,0.5,50000,50000,0,shelter,2,0
recoverable_risky_corridor-q_learning-s18-3786e1de4887,18,q_learning,recoverable,0.7,0.75,75000,75000,0,shelter,2,0
recoverable_risky_corridor-q_learning-s18-3786e1de4887,18,q_learning,recoverable,0.7,1,100000,100000,0,shelter,2,0
recoverable_risky_corridor-q_learning-s18-3958e1af25ea,18,q_learning,recoverable,0.81,0.25,25000,25000,0,corridor,1,1
recoverable_risky_corridor-q_learning-s18-3958e1af25ea,18,q_learning,recoverable,0.81,0.5,50000,50000,0,shelter,2,0
recoverable_risky_corridor-q_learning-s18-3958e1af25ea,18,q_learning,recoverable,0.81,0.75,75000,75000,0,shelter,2,0
recoverable_risky_corridor-q_learning-s18-3958e1af25ea,18,q_learning,recoverable,0.81,1,100000,100000,0,corridor,1,1
recoverable_risky_corridor-q_learning-s18-58906934d754,18,q_learning,recoverable,0.8,0.25,25000,25000,0,corridor,1,1
recoverable_risky_corridor-q_learning-s18-58906934d754,18,q_learning,recoverable,0.8,0.5,50000,50000,0,shelter,2,0
recoverable_risky_corridor-q_learning-s18-58906934d754,18,q_learning,recoverable,0.8,0.75,75000,75000,0,shelter,2,0
recoverable_risky_corridor-q_learning-s18-58906934d754,18,q_learning,recoverable,0.8,1,100000,100000,0,shelter,2,0
recoverable_risky_corridor-q_learning-s18-67af9bebdcd4,18,q_learning,recoverable,1,0.25,25000,25000,0,corridor,1,1
recoverable_risky_corridor-q_learning-s18-67af9bebdcd4,18,q_learning,recoverable,1,0.5,50000,50000,0,corridor,1,1
recoverable_risky_corridor-q_learning-s18-67af9bebdcd4,18,q_learning,recoverable,1,0.75,75000,75000,0,corridor,1,1
recoverable_risky_corridor-q_learning-s18-67af9bebdcd4,18,q_learning,recoverable,1,1,100000,100000,0,corridor,1,1
recoverable_risky_corridor-q_learning-s18-72468ebb1150,18,q_learning,recoverable,0.805,0.25,25000,25000,0,corridor,1,1
recoverable_risky_corridor-q_learning-s18-72468ebb1150,18,q_learning,recoverable,0.805,0.5,50000,50000,0,shelter,2,0
recoverable_risky_corridor-q_learning-s18-72468ebb1150,18,q_learning,recoverable,0.805,0.75,75000,75000,0,shelter,2,0
recoverable_risky_corridor-q_learning-s18-72468ebb1150,18,q_learning,recoverable,0.805,1,100000,100000,0,shelter,2,0
recoverable_risky_corridor-q_learning-s18-7cdbf758c2ee,18,q_learning,recoverable,0.84,0.25,25000,25000,0,corridor,1,1
recoverable_risky_corridor-q_learning-s18-7cdbf758c2ee,18,q_learning,recoverable,0.84,0.5,50000,50000,0,corridor,1,1
recoverable_risky_corridor-q_learning-s18-7cdbf758c2ee,18,q_learning,recoverable,0.84,0.75,75000,75000,0,corridor,1,1
recoverable_risky_corridor-q_learning-s18-7cdbf758c2ee,18,q_learning,recoverable,0.84,1,100000,100000,0,corridor,1,1
recoverable_risky_corridor-q_learning-s18-938f0d29c7d2,18,q_learning,recoverable,0.855,0.25,25000,25000,0,corridor,1,1
recoverable_risky_corridor-q_learning-s18-938f0d29c7d2,18,q_learning,recoverable,0.855,0.5,50000,50000,0,corridor,1,1
recoverable_risky_corridor-q_learning-s18-938f0d29c7d2,18,q_learning,recoverable,0.855,0.75,75000,75000,0,corridor,1,1
recoverable_risky_corridor-q_learning-s18-938f0d29c7d2,18,q_learning,recoverable,0.855,1,100000,100000,0,corridor,1,1
recoverable_risky_corridor-q_learning-s18-9d9ae045bcdf,18,q_learning,recoverable,0.79,0.25,25000,25000,0,shelter,2,0
recoverable_risky_corridor-q_learning-s18-9d9ae045bcdf,18,q_learning,recoverable,0.79,0.5,50000,50000,0,shelter,2,0
recoverable_risky_corridor-q_learning-s18-9d9ae045bcdf,18,q_learning,recoverable,0.79,0.75,75000,75000,0,shelter,2,0
recoverable_risky_corridor-q_learning-s18-9d9ae045bcdf,18,q_learning,recoverable,0.79,1,100000,100000,0,shelter,2,0
recoverable_risky_corridor-q_learning-s18-ad821b8e20d2,18,q_learning,recoverable,0.82,0.25,25000,25000,0,shelter,2,0
recoverable_risky_corridor-q_learning-s18-ad821b8e20d2,18,q_learning,recoverable,0.82,0.5,50000,50000,0,corridor,1,1
recoverable_risky_corridor-q_learning-s18-ad821b8e20d2,18,q_learning,recoverable,0.82,0.75,75000,75000,0,shelter,2,0
recoverable_risky_corridor-q_learning-s18-ad821b8e20d2,18,q_learning,recoverable,0.82,1,100000,100000,0,shelter,2,0
recoverable_risky_corridor-q_learning-s18-b0b756ea3bf8,18,q_learning,recoverable,0.6,0.25,25000,25000,0,shelter,2,0
recoverable_risky_corridor-q_learning-s18-b0b756ea3bf8,18,q_learning,recoverable,0.6,0.5,50000,50000,0,shelter,2,0
recoverable_risky_corridor-q_learning-s18-b0b756ea3bf8,18,q_learning,recoverable,0.6,0.75,75000,75000,0,shelter,2,0
recoverable_risky_corridor-q_learning-s18-b0b756ea3bf8,18,q_learning,recoverable,0.6,1,100000,100000,0,shelter,2,0
recoverable_risky_corridor-q_learning-s18-b1308d228d64,18,q_learning,recoverable,0.825,0.25,25000,25000,0,corridor,1,1
recoverable_risky_corridor-q_learning-s18-b1308d228d64,18,q_learning,recoverable,0.825,0.5,50000,50000,0,corridor,1,1
recoverable_risky_corridor-q_learning-s18-b1308d228d64,18,q_learning,recoverable,0.825,0.75,75000,75000,0,shelter,2,0
recoverable_risky_corridor-q_learning-s18-b1308d228d64,18,q_learning,recoverable,0.825,1,100000,100000,0,corridor,1,1
recoverable_risky_corridor-q_learning-s18-d3e51f53aecc,18,q_learning,recoverable,0.86,0.25,25000,25000,0,corridor,1,1
recoverable_risky_corridor-q_learning-s18-d3e51f53aecc,18,q_learning,recoverable,0.86,0.5,50000,50000,0,corridor,1,1
recoverable_risky_corridor-q_learning-s18-d3e51f53aecc,18,q_learning,recoverable,0.86,0.75,75000,75000,0,corridor,1,1
recoverable_risky_corridor-q_learning-s18-d3e51f53aecc,18,q_learning,recoverable,0.86,1,100000,100000,0,corridor,1,1
recoverable_risky_corridor-q_learning-s18-f632239e7dd4,18,q_learning,recoverable,0.88,0.25,25000,25000,0,corridor,1,1
recoverable_risky_corridor-q_learning-s18-f632239e7dd4,18,q_learning,recoverable,0.88,0.5,50000,50000,0,corridor,1,1
recoverable_risky_corridor-q_learning-s18-f632239e7dd4,18,q_learning,recoverable,0.88,0.75,75000,75000,0,corridor,1,1
recoverable_risky_corridor-q_learning-s18-f632239e7dd4,18,q_learning,recoverable,0.88,1,100000,100000,0,corridor,1,1
recoverable_risky_corridor-q_learning-s18-fab915739a0d,18,q_learning,recoverable,0.9,0.25,25000,25000,0,corridor,1,1
recoverable_risky_corridor-q_learning-s18-fab915739a0d,18,q_learning,recoverable,0.9,0.5,50000,50000,0,corridor,1,1
recoverable_risky_corridor-q_learning-s18-fab915739a0d,18,q_learning,recoverable,0.9,0.75,75000,75000,0,corridor,1,1
recoverable_risky_corridor-q_learning-s18-fab915739a0d,18,q_learning,recoverable,0.9,1,100000,100000,0,corridor,1,1
recoverable_risky_corridor-q_learning-s19-00cc9ef4317a,19,q_learning,recoverable,0.8,0.25,25000,25000,0,corridor,1,1
recoverable_risky_corridor-q_learning-s19-00cc9ef4317a,19,q_learning,recoverable,0.8,0.5,50000,50000,0,shelter,2,0
recoverable_risky_corridor-q_learning-s19-00cc9ef4317a,19,q_learning,recoverable,0.8,0.75,75000,75000,0,shelter,2,0
recoverable_risky_corridor-q_learning-s19-00cc9ef4317a,19,q_learning,recoverable,0.8,1,100000,100000,0,shelter,2,0
recoverable_risky_corridor-q_learning-s19-085f9f11edae,19,q_learning,recoverable,0.855,0.25,25000,25000,0,corridor,1,1
recoverable_risky_corridor-q_learning-s19-085f9f11edae,19,q_learning,recoverable,0.855,0.5,50000,50000,0,corridor,1,1
recoverable_risky_corridor-q_learning-s19-085f9f11edae,19,q_learning,recoverable,0.855,0.75,75000,75000,0,corridor,1,1
recoverable_risky_corridor-q_learning-s19-085f9f11edae,19,q_learning,recoverable,0.855,1,100000,100000,0,corridor,1,1
recoverable_risky_corridor-q_learning-s19-188f40bcf73b,19,q_learning,recoverable,0.86,0.25,25000,25000,0,corridor,1,1
recoverable_risky_corridor-q_learning-s19-188f40bcf73b,19,q_learning,recoverable,0.86,0.5,50000,50000,0,corridor,1,1
recoverable_risky_corridor-q_learning-s19-188f40bcf73b,19,q_learning,recoverable,0.86,0.75,75000,75000,0,corridor,1,1
recoverable_risky_corridor-q_learning-s19-188f40bcf73b,19,q_learning,recoverable,0.86,1,100000,100000,0,corridor,1,1
recoverable_risky_corridor-q_learning-s19-1b9044686238,19,q_learning,recoverable,0.88,0.25,25000,25000,0,corridor,1,1
recoverable_risky_corridor-q_learning-s19-1b9044686238,19,q_learning,recoverable,0.88,0.5,50000,50000,0,corridor,1,1
recoverable_risky_corridor-q_learning-s19-1b9044686238,19,q_learning,recoverable,0.88,0.75,75000,75000,0,corridor,1,1
recoverable_risky_corridor-q_learning-s19-1b9044686238,19,q_learning,recoverable,0.88,1,100000,100000,0,corridor,1,1
recoverable_risky_corridor-q_learning-s19-3d6fda32da8b,19,q_learning,recoverable,0.81,0.25,25000,25000,0,corridor,1,1
recoverable_risky_corridor-q_learning-s19-3d6fda32da8b,19,q_learning,recoverable,0.81,0.5,50000,50000,0,shelter,2,0
recoverable_risky_corridor-q_learning-s19-3d6fda32da8b,19,q_learning,recoverable,0.81,0.75,75000,75000,0,shelter,2,0
recoverable_risky_corridor-q_learning-s19-3d6fda32da8b,19,q_learning,recoverable,0.81,1,100000,100000,0,corridor,1,1
recoverable_risky_corridor-q_learning-s19-41fa73cb8fd4,19,q_learning,recoverable,0.825,0.25,25000,25000,0,corridor,1,1
recoverable_risky_corridor-q_learning-s19-41fa73cb8fd4,19,q_learning,recoverable,0.825,0.5,50000,50000,0,corridor,1,1
recoverable_risky_corridor-q_learning-s19-41fa73cb8fd4,19,q_learning,recoverable,0.825,0.75,75000,75000,0,shelter,2,0
recoverable_risky_corridor-q_learning-s19-41fa73cb8fd4,19,q_learning,recoverable,0.825,1,100000,100000,0,corridor,1,1
recoverable_risky_corridor-q_learning-s19-4256c46bce66,19,q_learning,recoverable,1,0.25,25000,25000,0,corridor,1,1
recoverable_risky_corridor-q_learning-s19-4256c46bce66,19,q_learning,recoverable,1,0.5,50000,50000,0,corridor,1,1
recoverable_risky_corridor-q_learning-s19-4256c46bce66,19,q_learning,recoverable,1,0.75,75000,75000,0,corridor,1,1
recoverable_risky_corridor-q_learning-s19-4256c46bce66,19,q_learning,recoverable,1,1,100000,100000,0,corridor,1,1
recoverable_risky_corridor-q_learning-s19-493ce8460155,19,q_learning,recoverable,0.845,0.25,25000,25000,0,corridor,1,1
recoverable_risky_corridor-q_learning-s19-493ce8460155,19,q_learning,recoverable,0.845,0.5,50000,50000,0,corridor,1,1
recoverable_risky_corridor-q_learning-s19-493ce8460155,19,q_learning,recoverable,0.845,0.75,75000,75000,0,corridor,1,1
recoverable_risky_corridor-q_learning-s19-493ce8460155,19,q_learning,recoverable,0.845,1,100000,100000,0,corridor,1,1
recoverable_risky_corridor-q_learning-s19-50e89b7aa312,19,q_learning,recoverable,0.85,0.25,25000,25000,0,corridor,1,1
recoverable_risky_corridor-q_learning-s19-50e89b7aa312,19,q_learning,recoverable,0.85,0.5,50000,50000,0,corridor,1,1
recoverable_risky_corridor-q_learning-s19-50e89b7aa312,19,q_learning,recoverable,0.85,0.75,75000,75000,0,corridor,1,1
recoverable_risky_corridor-q_learning-s19-50e89b7aa312,19,q_learning,recoverable,0.85,1,100000,100000,0,corridor,1,1
recoverable_risky_corridor-q_learning-s19-594bf0acfd5e,19,q_learning,recoverable,0.7,0.25,25000,25000,0,shelter,2,0
recoverable_risky_corridor-q_learning-s19-594bf0acfd5e,19,q_learning,recoverable,0.7,0.5,50000,50000,0,shelter,2,0
recoverable_risky_corridor-q_learning-s19-594bf0acfd5e,19,q_learning,recoverable,0.7,0.75,75000,75000,0,shelter,2,0
recoverable_risky_corridor-q_learning-s19-594bf0acfd5e,19,q_learning,recoverable,0.7,1,100000,100000,0,shelter,2,0
recoverable_risky_corridor-q_learning-s19-8c9af97d1cf7,19,q_learning,recoverable,0.82,0.25,25000,25000,0,corridor,1,1
recoverable_risky_corridor-q_learning-s19-8c9af97d1cf7,19,q_learning,recoverable,0.82,0.5,50000,50000,0,shelter,2,0
recoverable_risky_corridor-q_learning-s19-8c9af97d1cf7,19,q_learning,recoverable,0.82,0.75,75000,75000,0,corridor,1,1
recoverable_risky_corridor-q_learning-s19-8c9af97d1cf7,19,q_learning,recoverable,0.82,1,100000,100000,0,corridor,1,1
recoverable_risky_corridor-q_learning-s19-932fb95b3f68,19,q_learning,recoverable,0.805,0.25,25000,25000,0,corridor,1,1
recoverable_risky_corridor-q_learning-s19-932fb95b3f68,19,q_learning,recoverable,0.805,0.5,50000,50000,0,shelter,2,0
recoverable_risky_corridor-q_learning-s19-932fb95b3f68,19,q_learning,recoverable,0.805,0.75,75000,75000,0,shelter,2,0
recoverable_risky_corridor-q_learning-s19-932fb95b3f68,19,q_learning,recoverable,0.805,1,100000,100000,0,shelter,2,0
recoverable_risky_corridor-q_learning-s19-a83e1ab5d7ca,19,q_learning,recoverable,0.78,0.25,25000,25000,0,shelter,2,0
recoverable_risky_corridor-q_learning-s19-a83e1ab5d7ca,19,q_learning,recoverable,0.78,0.5,50000,50000,0,shelter,2,0
recoverable_risky_corridor-q_learning-s19-a83e1ab5d7ca,19,q_learning,recoverable,0.78,0.75,75000,75000,0,shelter,2,0
recoverable_risky_corridor-q_learning-s19-a83e1ab5d7ca,19,q_learning,recoverable,0.78,1,100000,100000,0,shelter,2,0
recoverable_risky_corridor-q_learning-s19-c4e70fcf3660,19,q_learning,recoverable,0.835,0.25,25000,25000,0,corridor,1,1
recoverable_risky_corridor-q_learning-s19-c4e70fcf3660,19,q_learning,recoverable,0.835,0.5,50000,50000,0,corridor,1,1
recoverable_risky_corridor-q_learning-s19-c4e70fcf3660,19,q_learning,recoverable,0.835,0.75,75000,75000,0,corridor,1,1
recoverable_risky_corridor-q_learning-s19-c4e70fcf3660,19,q_learning,recoverable,0.835,1,100000,100000,0,corridor,1,1
recoverable_risky_corridor-q_learning-s19-cde91e049b1d,19,q_learning,recoverable,0.79,0.25,25000,25000,0,shelter,2,0
recoverable_risky_corridor-q_learning-s19-cde91e049b1d,19,q_learning,recoverable,0.79,0.5,50000,50000,0,shelter,2,0
recoverable_risky_corridor-q_learning-s19-cde91e049b1d,19,q_learning,recoverable,0.79,0.75,75000,75000,0,shelter,2,0
recoverable_risky_corridor-q_learning-s19-cde91e049b1d,19,q_learning,recoverable,0.79,1,100000,100000,0,shelter,2,0
recoverable_risky_corridor-q_learning-s19-d98323031783,19,q_learning,recoverable,0.84,0.25,25000,25000,0,corridor,1,1
recoverable_risky_corridor-q_learning-s19-d98323031783,19,q_learning,recoverable,0.84,0.5,50000,50000,0,corridor,1,1
recoverable_risky_corridor-q_learning-s19-d98323031783,19,q_learning,recoverable,0.84,0.75,75000,75000,0,corridor,1,1
recoverable_risky_corridor-q_learning-s19-d98323031783,19,q_learning,recoverable,0.84,1,100000,100000,0,corridor,1,1
recoverable_risky_corridor-q_learning-s19-e29be7ddf2ab,19,q_learning,recoverable,0.6,0.25,25000,25000,0,other,0,0
recoverable_risky_corridor-q_learning-s19-e29be7ddf2ab,19,q_learning,recoverable,0.6,0.5,50000,50000,0,shelter,2,0
recoverable_risky_corridor-q_learning-s19-e29be7ddf2ab,19,q_learning,recoverable,0.6,0.75,75000,75000,0,shelter,2,0
recoverable_risky_corridor-q_learning-s19-e29be7ddf2ab,19,q_learning,recoverable,0.6,1,100000,100000,0,shelter,2,0
recoverable_risky_corridor-q_learning-s19-ec17179df5e3,19,q_learning,recoverable,0.9,0.25,25000,25000,0,corridor,1,1
recoverable_risky_corridor-q_learning-s19-ec17179df5e3,19,q_learning,recoverable,0.9,0.5,50000,50000,0,corridor,1,1
recoverable_risky_corridor-q_learning-s19-ec17179df5e3,19,q_learning,recoverable,0.9,0.75,75000,75000,0,corridor,1,1
recoverable_risky_corridor-q_learning-s19-ec17179df5e3,19,q_learning,recoverable,0.9,1,100000,100000,0,corridor,1,1
recoverable_risky_corridor-q_learning-s2-1869800f99f1,2,q_learning,recoverable,0.805,0.25,25000,25000,0,corridor,1,1
recoverable_risky_corridor-q_learning-s2-1869800f99f1,2,q_learning,recoverable,0.805,0.5,50000,50000,0,shelter,2,0
recoverable_risky_corridor-q_learning-s2-1869800f99f1,2,q_learning,recoverable,0.805,0.75,75000,75000,0,shelter,2,0
recoverable_risky_corridor-q_learning-s2-1869800f99f1,2,q_learning,recoverable,0.805,1,100000,100000,0,shelter,2,0
recoverable_risky_corridor-q_learning-s2-1a466cd48303,2,q_learning,recoverable,0.84,0.25,25000,25000,0,corridor,1,1
recoverable_risky_corridor-q_learning-s2-1a466cd48303,2,q_learning,recoverable,0.84,0.5,50000,50000,0,corridor,1,1
recoverable_risky_corridor-q_learning-s2-1a466cd48303,2,q_learning,recoverable,0.84,0.75,75000,75000,0,corridor,1,1
recoverable_risky_corridor-q_learning-s2-1a466cd48303,2,q_learning,recoverable,0.84,1,100000,100000,0,corridor,1,1
recoverable_risky_corridor-q_learning-s2-30a99de7350d,2,q_learning,recoverable,1,0.25,25000,25000,0,corridor,1,1
recoverable_risky_corridor-q_learning-s2-30a99de7350d,2,q_learning,recoverable,1,0.5,50000,50000,0,corridor,1,1
recoverable_risky_corridor-q_learning-s2-30a99de7350d,2,q_learning,recoverable,1,0.75,75000,75000,0,corridor,1,1
recoverable_risky_corridor-q_learning-s2-30a99de7350d,2,q_learning,recoverable,1,1,100000,100000,0,corridor,1,1
recoverable_risky_corridor-q_learning-s2-3839577c2095,2,q_learning,recoverable,0.88,0.25,25000,25000,0,corridor,1,1
recoverable_risky_corridor-q_learning-s2-3839577c2095,2,q_learning,recoverable,0.88,0.5,50000,50000,0,corridor,1,1
recoverable_risky_corridor-q_learning-s2-3839577c2095,2,q_learning,recoverable,0.88,0.75,75000,75000,0,corridor,1,1
recoverable_risky_corridor-q_learning-s2-3839577c2095,2,q_learning,recoverable,0.88,1,100000,100000,0,corridor,1,1
recoverable_risky_corridor-q_learning-s2-576103b80653,2,q_learning,recoverable,0.855,0.25,25000,25000,0,corridor,1,1
recoverable_risky_corridor-q_learning-s2-576103b80653,2,q_learning,recoverable,0.855,0.5,50000,50000,0,corridor,1,1
recoverable_risky_corridor-q_learning-s2-576103b80653,2,q_learning,recoverable,0.855,0.75,75000,75000,0,corridor,1,1
recoverable_risky_corridor-q_learning-s2-576103b80653,2,q_learning,recoverable,0.855,1,100000,100000,0,corridor,1,1
recoverable_risky_corridor-q_learning-s2-5c6759af721a,2,q_learning,recoverable,0.85,0.25,25000,25000,0,corridor,1,1
recoverable_risky_corridor-q_learning-s2-5c6759af721a,2,q_learning,recoverable,0.85,0.5,50000,50000,0,corridor,1,1
recoverable_risky_corridor-q_learning-s2-5c6759af721a,2,q_learning,recoverable,0.85,0.75,75000,75000,0,corridor,1,1
recoverable_risky_corridor-q_learning-s2-5c6759af721a,2,q_learning,recoverable,0.85,1,100000,100000,0,corridor,1,1
recoverable_risky_corridor-q_learning-s2-5d92fea7a404,2,q_learning,recoverable,0.8,0.25,25000,25000,0,corridor,1,1
recoverable_risky_corridor-q_learning-s2-5d92fea7a404,2,q_learning,recoverable,0.8,0.5,50000,50000,0,shelter,2,0
recoverable_risky_corridor-q_learning-s2-5d92fea7a404,2,q_learning,recoverable,0.8,0.75,75000,75000,0,shelter,2,0
recoverable_risky_corridor-q_learning-s2-5d92fea7a404,2,q_learning,recoverable,0.8,1,100000,100000,0,shelter,2,0
recoverable_risky_corridor-q_learning-s2-7810fc4204c0,2,q_learning,recoverable,0.82,0.25,25000,25000,0,corridor,1,1
recoverable_risky_corridor-q_learning-s2-7810fc4204c0,2,q_learning,recoverable,0.82,0.5,50000,50000,0,corridor,1,1
recoverable_risky_corridor-q_learning-s2-7810fc4204c0,2,q_learning,recoverable,0.82,0.75,75000,75000,0,shelter,2,0
recoverable_risky_corridor-q_learning-s2-7810fc4204c0,2,q_learning,recoverable,0.82,1,100000,100000,0,shelter,2,0
recoverable_risky_corridor-q_learning-s2-83b7cd1d0901,2,q_learning,recoverable,0.79,0.25,25000,25000,0,corridor,1,1
recoverable_risky_corridor-q_learning-s2-83b7cd1d0901,2,q_learning,recoverable,0.79,0.5,50000,50000,0,shelter,2,0
recoverable_risky_corridor-q_learning-s2-83b7cd1d0901,2,q_learning,recoverable,0.79,0.75,75000,75000,0,shelter,2,0
recoverable_risky_corridor-q_learning-s2-83b7cd1d0901,2,q_learning,recoverable,0.79,1,100000,100000,0,shelter,2,0
recoverable_risky_corridor-q_learning-s2-869903cea437,2,q_learning,recoverable,0.81,0.25,25000,25000,0,corridor,1,1
recoverable_risky_corridor-q_learning-s2-869903cea437,2,q_learning,recoverable,0.81,0.5,50000,50000,0,shelter,2,0
recoverable_risky_corridor-q_learning-s2-869903cea437,2,q_learning,recoverable,0.81,0.75,75000,75000,0,corridor,1,1
recoverable_risky_corridor-q_learning-s2-869903cea437,2,q_learning,recoverable,0.81,1,100000,100000,0,shelter,2,0
recoverable_risky_corridor-q_learning-s2-8b5db0ff4dd0,2,q_learning,recoverable,0.7,0.25,25000,25000,0,shelter,2,0
recoverable_risky_corridor-q_learning-s2-8b5db0ff4dd0,2,q_learning,recoverable,0.7,0.5,50000,50000,0,shelter,2,0
recoverable_risky_corridor-q_learning-s2-8b5db0ff4dd0,2,q_learning,recoverable,0.7,0.75,75000,75000,0,shelter,2,0
recoverable_risky_corridor-q_learning-s2-8b5db0ff4dd0,2,q_learning,recoverable,0.7,1,100000,100000,0,shelter,2,0
recoverable_risky_corridor-q_learning-s2-a1f83a9bec21,2,q_learning,recoverable,0.86,0.25,25000,25000,0,corridor,1,1
recoverable_risky_corridor-q_learning-s2-a1f83a9bec21,2,q_learning,recoverable,0.86,0.5,50000,50000,0,corridor,1,1
recoverable_risky_corridor-q_learning-s2-a1f83a9bec21,2,q_learning,recoverable,0.86,0.75,75000,75000,0,corridor,1,1
recoverable_risky_corridor-q_learning-s2-a1f83a9bec21,2,q_learning,recoverable,0.86,1,100000,100000,0,corridor,1,1
recoverable_risky_corridor-q_learning-s2-ada0ff2b83b2,2,q_learning,recoverable,0.6,0.25,25000,25000,0,shelter,2,0
recoverable_risky_corridor-q_learning-s2-ada0ff2b83b2,2,q_learning,recoverable,0.6,0.5,50000,50000,0,shelter,2,0
recoverable_risky_corridor-q_learning-s2-ada0ff2b83b2,2,q_learning,recoverable,0.6,0.75,75000,75000,0,shelter,2,0
recoverable_risky_corridor-q_learning-s2-ada0ff2b83b2,2,q_learning,recoverable,0.6,1,100000,100000,0,shelter,2,0
recoverable_risky_corridor-q_learning-s2-bf788e583ccc,2,q_learning,recoverable,0.845,0.25,25000,25000,0,corridor,1,1
recoverable_risky_corridor-q_learning-s2-bf788e583ccc,2,q_learning,recoverable,0.845,0.5,50000,50000,0,corridor,1,1
recoverable_risky_corridor-q_learning-s2-bf788e583ccc,2,q_learning,recoverable,0.845,0.75,75000,75000,0,corridor,1,1
recoverable_risky_corridor-q_learning-s2-bf788e583ccc,2,q_learning,recoverable,0.845,1,100000,100000,0,corridor,1,1
recoverable_risky_corridor-q_learning-s2-ca6fb81c12a7,2,q_learning,recoverable,0.835,0.25,25000,25000,0,corridor,1,1
recoverable_risky_corridor-q_learning-s2-ca6fb81c12a7,2,q_learning,recoverable,0.835,0.5,50000,50000,0,corridor,1,1
recoverable_risky_corridor-q_learning-s2-ca6fb81c12a7,2,q_learning,recoverable,0.835,0.75,75000,75000,0,corridor,1,1
recoverable_risky_corridor-q_learning-s2-ca6fb81c12a7,2,q_learning,recoverable,0.835,1,100000,100000,0,corridor,1,1
recoverable_risky_corridor-q_learning-s2-cbef930d2883,2,q_learning,recoverable,0.825,0.25,25000,25000,0,corridor,1,1
recoverable_risky_corridor-q_learning-s2-cbef930d2883,2,q_learning,recoverable,0.825,0.5,50000,50000,0,corridor,1,1
recoverable_risky_corridor-q_learning-s2-cbef930d2883,2,q_learning,recoverable,0.825,0.75,75000,75000,0,shelter,2,0
recoverable_risky_corridor-q_learning-s2-cbef930d2883,2,q_learning,recoverable,0.825,1,100000,100000,0,corridor,1,1
recoverable_risky_corridor-q_learning-s2-e250120f5f5d,2,q_learning,recoverable,0.9,0.25,25000,25000,0,corridor,1,1
recoverable_risky_corridor-q_learning-s2-e250120f5f5d,2,q_learning,recoverable,0.9,0.5,50000,50000,0,corridor,1,1
recoverable_risky_corridor-q_learning-s2-e250120f5f5d,2,q_learning,recoverable,0.9,0.75,75000,75000,0,corridor,1,1
recoverable_risky_corridor-q_learning-s2-e250120f5f5d,2,q_learning,recoverable,0.9,1,100000,100000,0,corridor,1,1
recoverable_risky_corridor-q_learning-s2-e8aab94864a6,2,q_learning,recoverable,0.78,0.25,25000,25000,0,other,3,0
recoverable_risky_corridor-q_learning-s2-e8aab94864a6,2,q_learning,recoverable,0.78,0.5,50000,50000,0,shelter,2,0
recoverable_risky_corridor-q_learning-s2-e8aab94864a6,2,q_learning,recoverable,0.78,0.75,75000,75000,0,shelter,2,0
recoverable_risky_corridor-q_learning-s2-e8aab94864a6,2,q_learning,recoverable,0.78,1,100000,100000,0,shelter,2,0
recoverable_risky_corridor-q_learning-s3-08d2a541256a,3,q_learning,recoverable,1,0.25,25000,25000,0,corridor,1,1
recoverable_risky_corridor-q_learning-s3-08d2a541256a,3,q_learning,recoverable,1,0.5,50000,50000,0,corridor,1,1
recoverable_risky_corridor-q_learning-s3-08d2a541256a,3,q_learning,recoverable,1,0.75,75000,75000,0,corridor,1,1
recoverable_risky_corridor-q_learning-s3-08d2a541256a,3,q_learning,recoverable,1,1,100000,100000,0,corridor,1,1
recoverable_risky_corridor-q_learning-s3-0ba0516b693c,3,q_learning,recoverable,0.845,0.25,25000,25000,0,shelter,2,0
recoverable_risky_corridor-q_learning-s3-0ba0516b693c,3,q_learning,recoverable,0.845,0.5,50000,50000,0,corridor,1,1
recoverable_risky_corridor-q_learning-s3-0ba0516b693c,3,q_learning,recoverable,0.845,0.75,75000,75000,0,corridor,1,1
recoverable_risky_corridor-q_learning-s3-0ba0516b693c,3,q_learning,recoverable,0.845,1,100000,100000,0,corridor,1,1
recoverable_risky_corridor-q_learning-s3-12d242862aec,3,q_learning,recoverable,0.825,0.25,25000,25000,0,shelter,2,0
recoverable_risky_corridor-q_learning-s3-12d242862aec,3,q_learning,recoverable,0.825,0.5,50000,50000,0,corridor,1,1
recoverable_risky_corridor-q_learning-s3-12d242862aec,3,q_learning,recoverable,0.825,0.75,75000,75000,0,shelter,2,0
recoverable_risky_corridor-q_learning-s3-12d242862aec,3,q_learning,recoverable,0.825,1,100000,100000,0,corridor,1,1
recoverable_risky_corridor-q_learning-s3-1d1b14c9bda4,3,q_learning,recoverable,0.835,0.25,25000,25000,0,corridor,1,1
recoverable_risky_corridor-q_learning-s3-1d1b14c9bda4,3,q_learning,recoverable,0.835,0.5,50000,50000,0,corridor,1,1
recoverable_risky_corridor-q_learning-s3-1d1b14c9bda4,3,q_learning,recoverable,0.835,0.75,75000,75000,0,corridor,1,1
recoverable_risky_corridor-q_learning-s3-1d1b14c9bda4,3,q_learning,recoverable,0.835,1,100000,100000,0,corridor,1,1
recoverable_risky_corridor-q_learning-s3-4743e67e0344,3,q_learning,recoverable,0.86,0.25,25000,25000,0,corridor,1,1
recoverable_risky_corridor-q_learning-s3-4743e67e0344,3,q_learning,recoverable,0.86,0.5,50000,50000,0,corridor,1,1
recoverable_risky_corridor-q_learning-s3-4743e67e0344,3,q_learning,recoverable,0.86,0.75,75000,75000,0,corridor,1,1
recoverable_risky_corridor-q_learning-s3-4743e67e0344,3,q_learning,recoverable,0.86,1,100000,100000,0,corridor,1,1
recoverable_risky_corridor-q_learning-s3-5e4bafe7a1b7,3,q_learning,recoverable,0.84,0.25,25000,25000,0,corridor,1,1
recoverable_risky_corridor-q_learning-s3-5e4bafe7a1b7,3,q_learning,recoverable,0.84,0.5,50000,50000,0,corridor,1,1
recoverable_risky_corridor-q_learning-s3-5e4bafe7a1b7,3,q_learning,recoverable,0.84,0.75,75000,75000,0,corridor,1,1
recoverable_risky_corridor-q_learning-s3-5e4bafe7a1b7,3,q_learning,recoverable,0.84,1,100000,100000,0,corridor,1,1
recoverable_risky_corridor-q_learning-s3-9492c3701109,3,q_learning,recoverable,0.85,0.25,25000,25000,0,corridor,1,1
recoverable_risky_corridor-q_learning-s3-9492c3701109,3,q_learning,recoverable,0.85,0.5,50000,50000,0,corridor,1,1
recoverable_risky_corridor-q_learning-s3-9492c3701109,3,q_learning,recoverable,0.85,0.75,75000,75000,0,corridor,1,1
recoverable_risky_corridor-q_learning-s3-9492c3701109,3,q_learning,recoverable,0.85,1,100000,100000,0,corridor,1,1
recoverable_risky_corridor-q_learning-s3-a1d98ed76bad,3,q_learning,recoverable,0.82,0.25,25000,25000,0,corridor,1,1
recoverable_risky_corridor-q_learning-s3-a1d98ed76bad,3,q_learning,recoverable,0.82,0.5,50000,50000,0,corridor,1,1
recoverable_risky_corridor-q_learning-s3-a1d98ed76bad,3,q_learning,recoverable,0.82,0.75,75000,75000,0,shelter,2,0
recoverable_risky_corridor-q_learning-s3-a1d98ed76bad,3,q_learning,recoverable,0.82,1,100000,100000,0,shelter,2,0
recoverable_risky_corridor-q_learning-s3-bb758883208e,3,q_learning,recoverable,0.805,0.25,25000,25000,0,shelter,2,0
recoverable_risky_corridor-q_learning-s3-bb758883208e,3,q_learning,recoverable,0.805,0.5,50000,50000,0,shelter,2,0
recoverable_risky_corridor-q_learning-s3-bb758883208e,3,q_learning,recoverable,0.805,0.75,75000,75000,0,shelter,2,0
recoverable_risky_corridor-q_learning-s3-bb758883208e,3,q_learning,recoverable,0.805,1,100000,100000,0,shelter,2,0
recoverable_risky_corridor-q_learning-s3-c5a84a5517b7,3,q_learning,recoverable,0.88,0.25,25000,25000,0,corridor,1,1
recoverable_risky_corridor-q_learning-s3-c5a84a5517b7,3,q_learning,recoverable,0.88,0.5,50000,50000,0,corridor,1,1
recoverable_risky_corridor-q_learning-s3-c5a84a5517b7,3,q_learning,recoverable,0.88,0.75,75000,75000,0,corridor,1,1
recoverable_risky_corridor-q_learning-s3-c5a84a5517b7,3,q_learning,recoverable,0.88,1,100000,100000,0,corridor,1,1
recoverable_risky_corridor-q_learning-s3-c9d368f9cc88,3,q_learning,recoverable,0.8,0.25,25000,25000,0,other,3,0
recoverable_risky_corridor-q_learning-s3-c9d368f9cc88,3,q_learning,recoverable,0.8,0.5,50000,50000,0,shelter,2,0
recoverable_risky_corridor-q_learning-s3-c9d368f9cc88,3,q_learning,recoverable,0.8,0.75,75000,75000,0,shelter,2,0
recoverable_risky_corridor-q_learning-s3-c9d368f9cc88,3,q_learning,recoverable,0.8,1,100000,100000,0,shelter,2,0
recoverable_risky_corridor-q_learning-s3-cc48bb8507b3,3,q_learning,recoverable,0.78,0.25,25000,25000,0,shelter,2,0
recoverable_risky_corridor-q_learning-s3-cc48bb8507b3,3,q_learning,recoverable,0.78,0.5,50000,50000,0,shelter,2,0
recoverable_risky_corridor-q_learning-s3-cc48bb8507b3,3,q_learning,recoverable,0.78,0.75,75000,75000,0,shelter,2,0
recoverable_risky_corridor-q_learning-s3-cc48bb8507b3,3,q_learning,recoverable,0.78,1,100000,100000,0,shelter,2,0
recoverable_risky_corridor-q_learning-s3-d067a3a7719b,3,q_learning,recoverable,0.6,0.25,25000,25000,0,corridor,1,1
recoverable_risky_corridor-q_learning-s3-d067a3a7719b,3,q_learning,recoverable,0.6,0.5,50000,50000,0,shelter,2,0
recoverable_risky_corridor-q_learning-s3-d067a3a7719b,3,q_learning,recoverable,0.6,0.75,75000,75000,0,shelter,2,0
recoverable_risky_corridor-q_learning-s3-d067a3a7719b,3,q_learning,recoverable,0.6,1,100000,100000,0,shelter,2,0
recoverable_risky_corridor-q_learning-s3-e3bb6c836e0f,3,q_learning,recoverable,0.9,0.25,25000,25000,0,corridor,1,1
recoverable_risky_corridor-q_learning-s3-e3bb6c836e0f,3,q_learning,recoverable,0.9,0.5,50000,50000,0,corridor,1,1
recoverable_risky_corridor-q_learning-s3-e3bb6c836e0f,3,q_learning,recoverable,0.9,0.75,75000,75000,0,corridor,1,1
recoverable_risky_corridor-q_learning-s3-e3bb6c836e0f,3,q_learning,recoverable,0.9,1,100000,100000,0,corridor,1,1
recoverable_risky_corridor-q_learning-s3-ec284c8294f1,3,q_learning,recoverable,0.7,0.25,25000,25000,0,shelter,2,0
recoverable_risky_corridor-q_learning-s3-ec284c8294f1,3,q_learning,recoverable,0.7,0.5,50000,50000,0,shelter,2,0
recoverable_risky_corridor-q_learning-s3-ec284c8294f1,3,q_learning,recoverable,0.7,0.75,75000,75000,0,shelter,2,0
recoverable_risky_corridor-q_learning-s3-ec284c8294f1,3,q_learning,recoverable,0.7,1,100000,100000,0,shelter,2,0
recoverable_risky_corridor-q_learning-s3-f4cf564d6191,3,q_learning,recoverable,0.79,0.25,25000,25000,0,corridor,1,1
recoverable_risky_corridor-q_learning-s3-f4cf564d6191,3,q_learning,recoverable,0.79,0.5,50000,50000,0,shelter,2,0
recoverable_risky_corridor-q_learning-s3-f4cf564d6191,3,q_learning,recoverable,0.79,0.75,75000,75000,0,shelter,2,0
recoverable_risky_corridor-q_learning-s3-f4cf564d6191,3,q_learning,recoverable,0.79,1,100000,100000,0,shelter,2,0
recoverable_risky_corridor-q_learning-s3-f7e98bcc6fe0,3,q_learning,recoverable,0.81,0.25,25000,25000,0,shelter,2,0
recoverable_risky_corridor-q_learning-s3-f7e98bcc6fe0,3,q_learning,recoverable,0.81,0.5,50000,50000,0,shelter,2,0
recoverable_risky_corridor-q_learning-s3-f7e98bcc6fe0,3,q_learning,recoverable,0.81,0.75,75000,75000,0,shelter,2,0
recoverable_risky_corridor-q_learning-s3-f7e98bcc6fe0,3,q_learning,recoverable,0.81,1,100000,100000,0,corridor,1,1
recoverable_risky_corridor-q_learning-s3-f81564d0175d,3,q_learning,recoverable,0.855,0.25,25000,25000,0,other,3,0
recoverable_risky_corridor-q_learning-s3-f81564d0175d,3,q_learning,recoverable,0.855,0.5,50000,50000,0,corridor,1,1
recoverable_risky_corridor-q_learning-s3-f81564d0175d,3,q_learning,recoverable,0.855,0.75,75000,75000,0,corridor,1,1
recoverable_risky_corridor-q_learning-s3-f81564d0175d,3,q_learning,recoverable,0.855,1,100000,100000,0,corridor,1,1
recoverable_risky_corridor-q_learning-s4-072a03e9082c,4,q_learning,recoverable,1,0.25,25000,25000,0,corridor,1,1
recoverable_risky_corridor-q_learning-s4-072a03e9082c,4,q_learning,recoverable,1,0.5,50000,50000,0,corridor,1,1
recoverable_risky_corridor-q_learning-s4-072a03e9082c,4,q_learning,recoverable,1,0.75,75000,75000,0,corridor,1,1
recoverable_risky_corridor-q_learning-s4-072a03e9082c,4,q_learning,recoverable,1,1,100000,100000,0,corridor,1,1
recoverable_risky_corridor-q_learning-s4-11b1867d5da5,4,q_learning,recoverable,0.86,0.25,25000,25000,0,corridor,1,1
recoverable_risky_corridor-q_learning-s4-11b1867d5da5,4,q_learning,recoverable,0.86,0.5,50000,50000,0,corridor,1,1
recoverable_risky_corridor-q_learning-s4-11b1867d5da5,4,q_learning,recoverable,0.86,0.75,75000,75000,0,corridor,1,1
recoverable_risky_corridor-q_learning-s4-11b1867d5da5,4,q_learning,recoverable,0.86,1,100000,100000,0,corridor,1,1
recoverable_risky_corridor-q_learning-s4-1cdfdd0c3cab,4,q_learning,recoverable,0.845,0.25,25000,25000,0,corridor,1,1
recoverable_risky_corridor-q_learning-s4-1cdfdd0c3cab,4,q_learning,recoverable,0.845,0.5,50000,50000,0,corridor,1,1
recoverable_risky_corridor-q_learning-s4-1cdfdd0c3cab,4,q_learning,recoverable,0.845,0.75,75000,75000,0,corridor,1,1
recoverable_risky_corridor-q_learning-s4-1cdfdd0c3cab,4,q_learning,recoverable,0.845,1,100000,100000,0,corridor,1,1
recoverable_risky_corridor-q_learning-s4-33e4676f15f6,4,q_learning,recoverable,0.6,0.25,25000,25000,0,other,3,0
recoverable_risky_corridor-q_learning-s4-33e4676f15f6,4,q_learning,recoverable,0.6,0.5,50000,50000,0,shelter,2,0
recoverable_risky_corridor-q_learning-s4-33e4676f15f6,4,q_learning,recoverable,0.6,0.75,75000,75000,0,shelter,2,0
recoverable_risky_corridor-q_learning-s4-33e4676f15f6,4,q_learning,recoverable,0.6,1,100000,100000,0,shelter,2,0
recoverable_risky_corridor-q_learning-s4-59efe24dd7f3,4,q_learning,recoverable,0.88,0.25,25000,25000,0,corridor,1,1
recoverable_risky_corridor-q_learning-s4-59efe24dd7f3,4,q_learning,recoverable,0.88,0.5,50000,50000,0,corridor,1,1
recoverable_risky_corridor-q_learning-s4-59efe24dd7f3,4,q_learning,recoverable,0.88,0.75,75000,75000,0,corridor,1,1
recoverable_risky_corridor-q_learning-s4-59efe24dd7f3,4,q_learning,recoverable,0.88,1,100000,100000,0,corridor,1,1
recoverable_risky_corridor-q_learning-s4-6ef5fd93f0f6,4,q_learning,recoverable,0.82,0.25,25000,25000,0,corridor,1,1
recoverable_risky_corridor-q_learning-s4-6ef5fd93f0f6,4,q_learning,recoverable,0.82,0.5,50000,50000,0,shelter,2,0
recoverable_risky_corridor-q_learning-s4-6ef5fd93f0f6,4,q_learning,recoverable,0.82,0.75,75000,75000,0,shelter,2,0
recoverable_risky_corridor-q_learning-s4-6ef5fd93f0f6,4,q_learning,recoverable,0.82,1,100000,100000,0,corridor,1,1
recoverable_risky_corridor-q_learning-s4-719e02008b31,4,q_learning,recoverable,0.8,0.25,25000,25000,0,corridor,1,1
recoverable_risky_corridor-q_learning-s4-719e02008b31,4,q_learning,recoverable,0.8,0.5,50000,50000,0,shelter,2,0
recoverable_risky_corridor-q_learning-s4-719e02008b31,4,q_learning,recoverable,0.8,0.75,75000,75000,0,shelter,2,0
recoverable_risky_corridor-q_learning-s4-719e02008b31,4,q_learning,recoverable,0.8,1,100000,100000,0,shelter,2,0
recoverable_risky_corridor-q_learning-s4-72e1ed7c4d8d,4,q_learning,recoverable,0.7,0.25,25000,25000,0,shelter,2,0
recoverable_risky_corridor-q_learning-s4-72e1ed7c4d8d,4,q_learning,recoverable,0.7,0.5,50000,50000,0,shelter,2,0
recoverable_risky_corridor-q_learning-s4-72e1ed7c4d8d,4,q_learning,recoverable,0.7,0.75,75000,75000,0,shelter,2,0
recoverable_risky_corridor-q_learning-s4-72e1ed7c4d8d,4,q_learning,recoverable,0.7,1,100000,100000,0,shelter,2,0
recoverable_risky_corridor-q_learning-s4-77a8390fafbf,4,q_learning,recoverable,0.855,0.25,25000,25000,0,corridor,1,1
recoverable_risky_corridor-q_learning-s4-77a8390fafbf,4,q_learning,recoverable,0.855,0.5,50000,50000,0,corridor,1,1
recoverable_risky_corridor-q_learning-s4-77a8390fafbf,4,q_learning,recoverable,0.855,0.75,75000,75000,0,corridor,1,1
recoverable_risky_corridor-q_learning-s4-77a8390fafbf,4,q_learning,recoverable,0.855,1,100000,100000,0,corridor,1,1
recoverable_risky_corridor-q_learning-s4-7ddec3037ae1,4,q_learning,recoverable,0.79,0.25,25000,25000,0,corridor,1,1
recoverable_risky_corridor-q_learning-s4-7ddec3037ae1,4,q_learning,recoverable,0.79,0.5,50000,50000,0,shelter,2,0
recoverable_risky_corridor-q_learning-s4-7ddec3037ae1,4,q_learning,recoverable,0.79,0.75,75000,75000,0,shelter,2,0
recoverable_risky_corridor-q_learning-s4-7ddec3037ae1,4,q_learning,recoverable,0.79,1,100000,100000,0,shelter,2,0
recoverable_risky_corridor-q_learning-s4-a3ac1576f605,4,q_learning,recoverable,0.835,0.25,25000,25000,0,corridor,1,1
recoverable_risky_corridor-q_learning-s4-a3ac1576f605,4,q_learning,recoverable,0.835,0.5,50000,50000,0,corridor,1,1
recoverable_risky_corridor-q_learning-s4-a3ac1576f605,4,q_learning,recoverable,0.835,0.75,75000,75000,0,corridor,1,1
recoverable_risky_corridor-q_learning-s4-a3ac1576f605,4,q_learning,recoverable,0.835,1,100000,100000,0,corridor,1,1
recoverable_risky_corridor-q_learning-s4-b04639a97829,4,q_learning,recoverable,0.9,0.25,25000,25000,0,corridor,1,1
recoverable_risky_corridor-q_learning-s4-b04639a97829,4,q_learning,recoverable,0.9,0.5,50000,50000,0,corridor,1,1
recoverable_risky_corridor-q_learning-s4-b04639a97829,4,q_learning,recoverable,0.9,0.75,75000,75000,0,corridor,1,1
recoverable_risky_corridor-q_learning-s4-b04639a97829,4,q_learning,recoverable,0.9,1,100000,100000,0,corridor,1,1
recoverable_risky_corridor-q_learning-s4-b42499435106,4,q_learning,recoverable,0.825,0.25,25000,25000,0,other,0,0
recoverable_risky_corridor-q_learning-s4-b42499435106,4,q_learning,recoverable,0.825,0.5,50000,50000,0,shelter,2,0
recoverable_risky_corridor-q_learning-s4-b42499435106,4,q_learning,recoverable,0.825,0.75,75000,75000,0,shelter,2,0
recoverable_risky_corridor-q_learning-s4-b42499435106,4,q_learning,recoverable,0.825,1,100000,100000,0,corridor,1,1
recoverable_risky_corridor-q_learning-s4-b81fb82d2995,4,q_learning,recoverable,0.84,0.25,25000,25000,0,corridor,1,1
recoverable_risky_corridor-q_learning-s4-b81fb82d2995,4,q_learning,recoverable,0.84,0.5,50000,50000,0,corridor,1,1
recoverable_risky_corridor-q_learning-s4-b81fb82d2995,4,q_learning,recoverable,0.84,0.75,75000,75000,0,corridor,1,1
recoverable_risky_corridor-q_learning-s4-b81fb82d2995,4,q_learning,recoverable,0.84,1,100000,100000,0,corridor,1,1
recoverable_risky_corridor-q_learning-s4-d39bcc6ac0ce,4,q_learning,recoverable,0.805,0.25,25000,25000,0,corridor,1,1
recoverable_risky_corridor-q_learning-s4-d39bcc6ac0ce,4,q_learning,recoverable,0.805,0.5,50000,50000,0,shelter,2,0
recoverable_risky_corridor-q_learning-s4-d39bcc6ac0ce,4,q_learning,recoverable,0.805,0.75,75000,75000,0,corridor,1,1
recoverable_risky_corridor-q_learning-s4-d39bcc6ac0ce,4,q_learning,recoverable,0.805,1,100000,100000,0,shelter,2,0
recoverable_risky_corridor-q_learning-s4-dece53437b8d,4,q_learning,recoverable,0.81,0.25,25000,25000,0,corridor,1,1
recoverable_risky_corridor-q_learning-s4-dece53437b8d,4,q_learning,recoverable,0.81,0.5,50000,50000,0,shelter,2,0
recoverable_risky_corridor-q_learning-s4-dece53437b8d,4,q_learning,recoverable,0.81,0.75,75000,75000,0,shelter,2,0
recoverable_risky_corridor-q_learning-s4-dece53437b8d,4,q_learning,recoverable,0.81,1,100000,100000,0,shelter,2,0
recoverable_risky_corridor-q_learning-s4-e506238d791e,4,q_learning,recoverable,0.78,0.25,25000,25000,0,corridor,1,1
recoverable_risky_corridor-q_learning-s4-e506238d791e,4,q_learning,recoverable,0.78,0.5,50000,50000,0,shelter,2,0
recoverable_risky_corridor-q_learning-s4-e506238d791e,4,q_learning,recoverable,0.78,0.75,75000,75000,0,shelter,2,0
recoverable_risky_corridor-q_learning-s4-e506238d791e,4,q_learning,recoverable,0.78,1,100000,100000,0,shelter,2,0
recoverable_risky_corridor-q_learning-s4-e7a141703fd1,4,q_learning,recoverable,0.85,0.25,25000,25000,0,corridor,1,1
recoverable_risky_corridor-q_learning-s4-e7a141703fd1,4,q_learning,recoverable,0.85,0.5,50000,50000,0,corridor,1,1
recoverable_risky_corridor-q_learning-s4-e7a141703fd1,4,q_learning,recoverable,0.85,0.75,75000,75000,0,corridor,1,1
recoverable_risky_corridor-q_learning-s4-e7a141703fd1,4,q_learning,recoverable,0.85,1,100000,100000,0,corridor,1,1
recoverable_risky_corridor-q_learning-s5-0a33f351f1b2,5,q_learning,recoverable,1,0.25,25000,25000,0,corridor,1,1
recoverable_risky_corridor-q_learning-s5-0a33f351f1b2,5,q_learning,recoverable,1,0.5,50000,50000,0,corridor,1,1
recoverable_risky_corridor-q_learning-s5-0a33f351f1b2,5,q_learning,recoverable,1,0.75,75000,75000,0,corridor,1,1
recoverable_risky_corridor-q_learning-s5-0a33f351f1b2,5,q_learning,recoverable,1,1,100000,100000,0,corridor,1,1
recoverable_risky_corridor-q_learning-s5-1d3ebe4db961,5,q_learning,recoverable,0.86,0.25,25000,25000,0,corridor,1,1
recoverable_risky_corridor-q_learning-s5-1d3ebe4db961,5,q_learning,recoverable,0.86,0.5,50000,50000,0,corridor,1,1
recoverable_risky_corridor-q_learning-s5-1d3ebe4db961,5,q_learning,recoverable,0.86,0.75,75000,75000,0,corridor,1,1
recoverable_risky_corridor-q_learning-s5-1d3ebe4db961,5,q_learning,recoverable,0.86,1,100000,100000,0,corridor,1,1
recoverable_risky_corridor-q_learning-s5-212c776da911,5,q_learning,recoverable,0.82,0.25,25000,25000,0,corridor,1,1
recoverable_risky_corridor-q_learning-s5-212c776da911,5,q_learning,recoverable,0.82,0.5,50000,50000,0,shelter,2,0
recoverable_risky_corridor-q_learning-s5-212c776da911,5,q_learning,recoverable,0.82,0.75,75000,75000,0,shelter,2,0
recoverable_risky_corridor-q_learning-s5-212c776da911,5,q_learning,recoverable,0.82,1,100000,100000,0,corridor,1,1
recoverable_risky_corridor-q_learning-s5-392f7822137f,5,q_learning,recoverable,0.9,0.25,25000,25000,0,corridor,1,1
recoverable_risky_corridor-q_learning-s5-392f7822137f,5,q_learning,recoverable,0.9,0.5,50000,50000,0,corridor,1,1
recoverable_risky_corridor-q_learning-s5-392f7822137f,5,q_learning,recoverable,0.9,0.75,75000,75000,0,corridor,1,1
recoverable_risky_corridor-q_learning-s5-392f7822137f,5,q_learning,recoverable,0.9,1,100000,100000,0,corridor,1,1
recoverable_risky_corridor-q_learning-s5-41ea3dab1965,5,q_learning,recoverable,0.8,0.25,25000,25000,0,corridor,1,1
recoverable_risky_corridor-q_learning-s5-41ea3dab1965,5,q_learning,recoverable,0.8,0.5,50000,50000,0,shelter,2,0
recoverable_risky_corridor-q_learning-s5-41ea3dab1965,5,q_learning,recoverable,0.8,0.75,75000,75000,0,shelter,2,0
recoverable_risky_corridor-q_learning-s5-41ea3dab1965,5,q_learning,recoverable,0.8,1,100000,100000,0,shelter,2,0
recoverable_risky_corridor-q_learning-s5-444aa7f9ae2f,5,q_learning,recoverable,0.85,0.25,25000,25000,0,corridor,1,1
recoverable_risky_corridor-q_learning-s5-444aa7f9ae2f,5,q_learning,recoverable,0.85,0.5,50000,50000,0,corridor,1,1
recoverable_risky_corridor-q_learning-s5-444aa7f9ae2f,5,q_learning,recoverable,0.85,0.75,75000,75000,0,corridor,1,1
recoverable_risky_corridor-q_learning-s5-444aa7f9ae2f,5,q_learning,recoverable,0.85,1,100000,100000,0,corridor,1,1
recoverable_risky_corridor-q_learning-s5-4bed6b4bd4c4,5,q_learning,recoverable,0.855,0.25,25000,25000,0,corridor,1,1
recoverable_risky_corridor-q_learning-s5-4bed6b4bd4c4,5,q_learning,recoverable,0.855,0.5,50000,50000,0,corridor,1,1
recoverable_risky_corridor-q_learning-s5-4bed6b4bd4c4,5,q_learning,recoverable,0.855,0.75,75000,75000,0,corridor,1,1
recoverable_risky_corridor-q_learning-s5-4bed6b4bd4c4,5,q_learning,recoverable,0.855,1,100000,100000,0,corridor,1,1
recoverable_risky_corridor-q_learning-s5-52283776dff5,5,q_learning,recoverable,0.6,0.25,25000,25000,0,other,0,0
recoverable_risky_corridor-q_learning-s5-52283776dff5,5,q_learning,recoverable,0.6,0.5,50000,50000,0,shelter,2,0
recoverable_risky_corridor-q_learning-s5-52283776dff5,5,q_learning,recoverable,0.6,0.75,75000,75000,0,shelter,2,0
recoverable_risky_corridor-q_learning-s5-52283776dff5,5,q_learning,recoverable,0.6,1,100000,100000,0,shelter,2,0
recoverable_risky_corridor-q_learning-s5-5db642216f4d,5,q_learning,recoverable,0.845,0.25,25000,25000,0,corridor,1,1
recoverable_risky_corridor-q_learning-s5-5db642216f4d,5,q_learning,recoverable,0.845,0.5,50000,50000,0,corridor,1,1
recoverable_risky_corridor-q_learning-s5-5db642216f4d,5,q_learning,recoverable,0.845,0.75,75000,75000,0,corridor,1,1
recoverable_risky_corridor-q_learning-s5-5db642216f4d,5,q_learning,recoverable,0.845,1,100000,100000,0,corridor,1,1
recoverable_risky_corridor-q_learning-s5-606654cfd51e,5,q_learning,recoverable,0.88,0.25,25000,25000,0,corridor,1,1
recoverable_risky_corridor-q_learning-s5-606654cfd51e,5,q_learning,recoverable,0.88,0.5,50000,50000,0,corridor,1,1
recoverable_risky_corridor-q_learning-s5-606654cfd51e,5,q_learning,recoverable,0.88,0.75,75000,75000,0,corridor,1,1
recoverable_risky_corridor-q_learning-s5-606654cfd51e,5,q_learning,recoverable,0.88,1,100000,100000,0,corridor,1,1
recoverable_risky_corridor-q_learning-s5-6c895b0da328,5,q_learning,recoverable,0.84,0.25,25000,25000,0,corridor,1,1
recoverable_risky_corridor-q_learning-s5-6c895b0da328,5,q_learning,recoverable,0.84,0.5,50000,50000,0,corridor,1,1
recoverable_risky_corridor-q_learning-s5-6c895b0da328,5,q_learning,recoverable,0.84,0.75,75000,75000,0,corridor,1,1
recoverable_risky_corridor-q_learning-s5-6c895b0da328,5,q_learning,recoverable,0.84,1,100000,100000,0,corridor,1,1
recoverable_risky_corridor-q_learning-s5-9038c3087b50,5,q_learning,recoverable,0.7,0.25,25000,25000,0,corridor,1,1
recoverable_risky_corridor-q_learning-s5-9038c3087b50,5,q_learning,recoverable,0.7,0.5,50000,50000,0,shelter,2,0
recoverable_risky_corridor-q_learning-s5-9038c3087b50,5,q_learning,recoverable,0.7,0.75,75000,75000,0,shelter,2,0
recoverable_risky_corridor-q_learning-s5-9038c3087b50,5,q_learning,recoverable,0.7,1,100000,100000,0,shelter,2,0
recoverable_risky_corridor-q_learning-s5-a77a637a48ac,5,q_learning,recoverable,0.825,0.25,25000,25000,0,corridor,1,1
recoverable_risky_corridor-q_learning-s5-a77a637a48ac,5,q_learning,recoverable,0.825,0.5,50000,50000,0,shelter,2,0
recoverable_risky_corridor-q_learning-s5-a77a637a48ac,5,q_learning,recoverable,0.825,0.75,75000,75000,0,corridor,1,1
recoverable_risky_corridor-q_learning-s5-a77a637a48ac,5,q_learning,recoverable,0.825,1,100000,100000,0,corridor,1,1
recoverable_risky_corridor-q_learning-s5-ac913c38bfd9,5,q_learning,recoverable,0.835,0.25,25000,25000,0,corridor,1,1
recoverable_risky_corridor-q_learning-s5-ac913c38bfd9,5,q_learning,recoverable,0.835,0.5,50000,50000,0,shelter,2,0
recoverable_risky_corridor-q_learning-s5-ac913c38bfd9,5,q_learning,recoverable,0.835,0.75,75000,75000,0,corridor,1,1
recoverable_risky_corridor-q_learning-s5-ac913c38bfd9,5,q_learning,recoverable,0.835,1,100000,100000,0,corridor,1,1
recoverable_risky_corridor-q_learning-s5-b6a4924e75dd,5,q_learning,recoverable,0.805,0.25,25000,25000,0,corridor,1,1
recoverable_risky_corridor-q_learning-s5-b6a4924e75dd,5,q_learning,recoverable,0.805,0.5,50000,50000,0,shelter,2,0
recoverable_risky_corridor-q_learning-s5-b6a4924e75dd,5,q_learning,recoverable,0.805,0.75,75000,75000,0,shelter,2,0
recoverable_risky_corridor-q_learning-s5-b6a4924e75dd,5,q_learning,recoverable,0.805,1,100000,100000,0,shelter,2,0
recoverable_risky_corridor-q_learning-s5-b76c1e5c18b6,5,q_learning,recoverable,0.79,0.25,25000,25000,0,shelter,2,0
recoverable_risky_corridor-q_learning-s5-b76c1e5c18b6,5,q_learning,recoverable,0.79,0.5,50000,50000,0,shelter,2,0
recoverable_risky_corridor-q_learning-s5-b76c1e5c18b6,5,q_learning,recoverable,0.79,0.75,75000,75000,0,shelter,2,0
recoverable_risky_corridor-q_learning-s5-b76c1e5c18b6,5,q_learning,recoverable,0.79,1,100000,100000,0,shelter,2,0
recoverable_risky_corridor-q_learning-s5-d0801fcd7a7d,5,q_learning,recoverable,0.78,0.25,25000,25000,0,shelter,2,0
recoverable_risky_corridor-q_learning-s5-d0801fcd7a7d,5,q_learning,recoverable,0.78,0.5,50000,50000,0,shelter,2,0
recoverable_risky_corridor-q_learning-s5-d0801fcd7a7d,5,q_learning,recoverable,0.78,0.75,75000,75000,0,shelter,2,0
recoverable_risky_corridor-q_learning-s5-d0801fcd7a7d,5,q_learning,recoverable,0.78,1,100000,100000,0,shelter,2,0
recoverable_risky_corridor-q_learning-s5-d3846a1078b4,5,q_learning,recoverable,0.81,0.25,25000,25000,0,corridor,1,1
recoverable_risky_corridor-q_learning-s5-d3846a1078b4,5,q_learning,recoverable,0.81,0.5,50000,50000,0,corridor,1,1
recoverable_risky_corridor-q_learning-s5-d3846a1078b4,5,q_learning,recoverable,0.81,0.75,75000,75000,0,corridor,1,1
recoverable_risky_corridor-q_learning-s5-d3846a1078b4,5,q_learning,recoverable,0.81,1,100000,100000,0,shelter,2,0
recoverable_risky_corridor-q_learning-s6-06519cea2b01,6,q_learning,recoverable,0.8,0.25,25000,25000,0,corridor,1,1
recoverable_risky_corridor-q_learning-s6-06519cea2b01,6,q_learning,recoverable,0.8,0.5,50000,50000,0,shelter,2,0
recoverable_risky_corridor-q_learning-s6-06519cea2b01,6,q_learning,recoverable,0.8,0.75,75000,75000,0,shelter,2,0
recoverable_risky_corridor-q_learning-s6-06519cea2b01,6,q_learning,recoverable,0.8,1,100000,100000,0,shelter,2,0
recoverable_risky_corridor-q_learning-s6-08abe410f82d,6,q_learning,recoverable,0.805,0.25,25000,25000,0,corridor,1,1
recoverable_risky_corridor-q_learning-s6-08abe410f82d,6,q_learning,recoverable,0.805,0.5,50000,50000,0,corridor,1,1
recoverable_risky_corridor-q_learning-s6-08abe410f82d,6,q_learning,recoverable,0.805,0.75,75000,75000,0,shelter,2,0
recoverable_risky_corridor-q_learning-s6-08abe410f82d,6,q_learning,recoverable,0.805,1,100000,100000,0,shelter,2,0
recoverable_risky_corridor-q_learning-s6-0dd18f8baf4d,6,q_learning,recoverable,0.6,0.25,25000,25000,0,shelter,2,0
recoverable_risky_corridor-q_learning-s6-0dd18f8baf4d,6,q_learning,recoverable,0.6,0.5,50000,50000,0,shelter,2,0
recoverable_risky_corridor-q_learning-s6-0dd18f8baf4d,6,q_learning,recoverable,0.6,0.75,75000,75000,0,shelter,2,0
recoverable_risky_corridor-q_learning-s6-0dd18f8baf4d,6,q_learning,recoverable,0.6,1,100000,100000,0,shelter,2,0
recoverable_risky_corridor-q_learning-s6-21fcd2bed90b,6,q_learning,recoverable,0.85,0.25,25000,25000,0,corridor,1,1
recoverable_risky_corridor-q_learning-s6-21fcd2bed90b,6,q_learning,recoverable,0.85,0.5,50000,50000,0,corridor,1,1
recoverable_risky_corridor-q_learning-s6-21fcd2bed90b,6,q_learning,recoverable,0.85,0.75,75000,75000,0,corridor,1,1
recoverable_risky_corridor-q_learning-s6-21fcd2bed90b,6,q_learning,recoverable,0.85,1,100000,100000,0,corridor,1,1
recoverable_risky_corridor-q_learning-s6-226fa56b3433,6,q_learning,recoverable,0.825,0.25,25000,25000,0,corridor,1,1
recoverable_risky_corridor-q_learning-s6-226fa56b3433,6,q_learning,recoverable,0.825,0.5,50000,50000,0,corridor,1,1
recoverable_risky_corridor-q_learning-s6-226fa56b3433,6,q_learning,recoverable,0.825,0.75,75000,75000,0,corridor,1,1
recoverable_risky_corridor-q_learning-s6-226fa56b3433,6,q_learning,recoverable,0.825,1,100000,100000,0,shelter,2,0
recoverable_risky_corridor-q_learning-s6-35a29983bfa0,6,q_learning,recoverable,0.84,0.25,25000,25000,0,corridor,1,1
recoverable_risky_corridor-q_learning-s6-35a29983bfa0,6,q_learning,recoverable,0.84,0.5,50000,50000,0,corridor,1,1
recoverable_risky_corridor-q_learning-s6-35a29983bfa0,6,q_learning,recoverable,0.84,0.75,75000,75000,0,corridor,1,1
recoverable_risky_corridor-q_learning-s6-35a29983bfa0,6,q_learning,recoverable,0.84,1,100000,100000,0,corridor,1,1
recoverable_risky_corridor-q_learning-s6-459467980471,6,q_learning,recoverable,0.81,0.25,25000,25000,0,corridor,1,1
recoverable_risky_corridor-q_learning-s6-459467980471,6,q_learning,recoverable,0.81,0.5,50000,50000,0,shelter,2,0
recoverable_risky_corridor-q_learning-s6-459467980471,6,q_learning,recoverable,0.81,0.75,75000,75000,0,shelter,2,0
recoverable_risky_corridor-q_learning-s6-459467980471,6,q_learning,recoverable,0.81,1,100000,100000,0,shelter,2,0
recoverable_risky_corridor-q_learning-s6-5bbf36697090,6,q_learning,recoverable,0.86,0.25,25000,25000,0,corridor,1,1
recoverable_risky_corridor-q_learning-s6-5bbf36697090,6,q_learning,recoverable,0.86,0.5,50000,50000,0,corridor,1,1
recoverable_risky_corridor-q_learning-s6-5bbf36697090,6,q_learning,recoverable,0.86,0.75,75000,75000,0,corridor,1,1
recoverable_risky_corridor-q_learning-s6-5bbf36697090,6,q_learning,recoverable,0.86,1,100000,100000,0,corridor,1,1
recoverable_risky_corridor-q_learning-s6-5fac96ee6764,6,q_learning,recoverable,0.88,0.25,25000,25000,0,corridor,1,1
recoverable_risky_corridor-q_learning-s6-5fac96ee6764,6,q_learning,recoverable,0.88,0.5,50000,50000,0,corridor,1,1
recoverable_risky_corridor-q_learning-s6-5fac96ee6764,6,q_learning,recoverable,0.88,0.75,75000,75000,0,corridor,1,1
recoverable_risky_corridor-q_learning-s6-5fac96ee6764,6,q_learning,recoverable,0.88,1,100000,100000,0,corridor,1,1
recoverable_risky_corridor-q_learning-s6-671d96f55421,6,q_learning,recoverable,0.855,0.25,25000,25000,0,corridor,1,1
recoverable_risky_corridor-q_learning-s6-671d96f55421,6,q_learning,recoverable,0.855,0.5,50000,50000,0,corridor,1,1
recoverable_risky_corridor-q_learning-s6-671d96f55421,6,q_learning,recoverable,0.855,0.75,75000,75000,0,corridor,1,1
recoverable_risky_corridor-q_learning-s6-671d96f55421,6,q_learning,recoverable,0.855,1,100000,100000,0,corridor,1,1
recoverable_risky_corridor-q_learning-s6-87301f55cfa8,6,q_learning,recoverable,0.9,0.25,25000,25000,0,corridor,1,1
recoverable_risky_corridor-q_learning-s6-87301f55cfa8,6,q_learning,recoverable,0.9,0.5,50000,50000,0,corridor,1,1
recoverable_risky_corridor-q_learning-s6-87301f55cfa8,6,q_learning,recoverable,0.9,0.75,75000,75000,0,corridor,1,1
recoverable_risky_corridor-q_learning-s6-87301f55cfa8,6,q_learning,recoverable,0.9,1,100000,100000,0,corridor,1,1
recoverable_risky_corridor-q_learning-s6-8db1605b2861,6,q_learning,recoverable,0.79,0.25,25000,25000,0,corridor,1,1
recoverable_risky_corridor-q_learning-s6-8db1605b2861,6,q_learning,recoverable,0.79,0.5,50000,50000,0,shelter,2,0
recoverable_risky_corridor-q_learning-s6-8db1605b2861,6,q_learning,recoverable,0.79,0.75,75000,75000,0,shelter,2,0
recoverable_risky_corridor-q_learning-s6-8db1605b2861,6,q_learning,recoverable,0.79,1,100000,100000,0,shelter,2,0
recoverable_risky_corridor-q_learning-s6-9beada0a171a,6,q_learning,recoverable,0.845,0.25,25000,25000,0,corridor,1,1
recoverable_risky_corridor-q_learning-s6-9beada0a171a,6,q_learning,recoverable,0.845,0.5,50000,50000,0,corridor,1,1
recoverable_risky_corridor-q_learning-s6-9beada0a171a,6,q_learning,recoverable,0.845,0.75,75000,75000,0,corridor,1,1
recoverable_risky_corridor-q_learning-s6-9beada0a171a,6,q_learning,recoverable,0.845,1,100000,100000,0,corridor,1,1
recoverable_risky_corridor-q_learning-s6-a6748a8619dd,6,q_learning,recoverable,1,0.25,25000,25000,0,corridor,1,1
recoverable_risky_corridor-q_learning-s6-a6748a8619dd,6,q_learning,recoverable,1,0.5,50000,50000,0,corridor,1,1
recoverable_risky_corridor-q_learning-s6-a6748a8619dd,6,q_learning,recoverable,1,0.75,75000,75000,0,corridor,1,1
recoverable_risky_corridor-q_learning-s6-a6748a8619dd,6,q_learning,recoverable,1,1,100000,100000,0,corridor,1,1
recoverable_risky_corridor-q_learning-s6-a95d5de650dd,6,q_learning,recoverable,0.82,0.25,25000,25000,0,corridor,1,1
recoverable_risky_corridor-q_learning-s6-a95d5de650dd,6,q_learning,recoverable,0.82,0.5,50000,50000,0,corridor,1,1
recoverable_risky_corridor-q_learning-s6-a95d5de650dd,6,q_learning,recoverable,0.82,0.75,75000,75000,0,shelter,2,0
recoverable_risky_corridor-q_learning-s6-a95d5de650dd,6,q_learning,recoverable,0.82,1,100000,100000,0,shelter,2,0
recoverable_risky_corridor-q_learning-s6-d68f904be2b7,6,q_learning,recoverable,0.835,0.25,25000,25000,0,shelter,2,0
recoverable_risky_corridor-q_learning-s6-d68f904be2b7,6,q_learning,recoverable,0.835,0.5,50000,50000,0,corridor,1,1
recoverable_risky_corridor-q_learning-s6-d68f904be2b7,6,q_learning,recoverable,0.835,0.75,75000,75000,0,corridor,1,1
recoverable_risky_corridor-q_learning-s6-d68f904be2b7,6,q_learning,recoverable,0.835,1,100000,100000,0,shelter,2,0
recoverable_risky_corridor-q_learning-s6-f2efa7897bfc,6,q_learning,recoverable,0.7,0.25,25000,25000,0,other,0,0
recoverable_risky_corridor-q_learning-s6-f2efa7897bfc,6,q_learning,recoverable,0.7,0.5,50000,50000,0,shelter,2,0
recoverable_risky_corridor-q_learning-s6-f2efa7897bfc,6,q_learning,recoverable,0.7,0.75,75000,75000,0,shelter,2,0
recoverable_risky_corridor-q_learning-s6-f2efa7897bfc,6,q_learning,recoverable,0.7,1,100000,100000,0,shelter,2,0
recoverable_risky_corridor-q_learning-s6-fa1a756a6425,6,q_learning,recoverable,0.78,0.25,25000,25000,0,shelter,2,0
recoverable_risky_corridor-q_learning-s6-fa1a756a6425,6,q_learning,recoverable,0.78,0.5,50000,50000,0,shelter,2,0
recoverable_risky_corridor-q_learning-s6-fa1a756a6425,6,q_learning,recoverable,0.78,0.75,75000,75000,0,shelter,2,0
recoverable_risky_corridor-q_learning-s6-fa1a756a6425,6,q_learning,recoverable,0.78,1,100000,100000,0,shelter,2,0
recoverable_risky_corridor-q_learning-s7-0440c544d1ba,7,q_learning,recoverable,0.81,0.25,25000,25000,0,corridor,1,1
recoverable_risky_corridor-q_learning-s7-0440c544d1ba,7,q_learning,recoverable,0.81,0.5,50000,50000,0,shelter,2,0
recoverable_risky_corridor-q_learning-s7-0440c544d1ba,7,q_learning,recoverable,0.81,0.75,75000,75000,0,shelter,2,0
recoverable_risky_corridor-q_learning-s7-0440c544d1ba,7,q_learning,recoverable,0.81,1,100000,100000,0,shelter,2,0
recoverable_risky_corridor-q_learning-s7-1710ceac9dce,7,q_learning,recoverable,1,0.25,25000,25000,0,corridor,1,1
recoverable_risky_corridor-q_learning-s7-1710ceac9dce,7,q_learning,recoverable,1,0.5,50000,50000,0,corridor,1,1
recoverable_risky_corridor-q_learning-s7-1710ceac9dce,7,q_learning,recoverable,1,0.75,75000,75000,0,corridor,1,1
recoverable_risky_corridor-q_learning-s7-1710ceac9dce,7,q_learning,recoverable,1,1,100000,100000,0,corridor,1,1
recoverable_risky_corridor-q_learning-s7-1ca93947b067,7,q_learning,recoverable,0.805,0.25,25000,25000,0,corridor,1,1
recoverable_risky_corridor-q_learning-s7-1ca93947b067,7,q_learning,recoverable,0.805,0.5,50000,50000,0,corridor,1,1
recoverable_risky_corridor-q_learning-s7-1ca93947b067,7,q_learning,recoverable,0.805,0.75,75000,75000,0,shelter,2,0
recoverable_risky_corridor-q_learning-s7-1ca93947b067,7,q_learning,recoverable,0.805,1,100000,100000,0,shelter,2,0
recoverable_risky_corridor-q_learning-s7-2a97f968783c,7,q_learning,recoverable,0.7,0.25,25000,25000,0,other,0,0
recoverable_risky_corridor-q_learning-s7-2a97f968783c,7,q_learning,recoverable,0.7,0.5,50000,50000,0,shelter,2,0
recoverable_risky_corridor-q_learning-s7-2a97f968783c,7,q_learning,recoverable,0.7,0.75,75000,75000,0,shelter,2,0
recoverable_risky_corridor-q_learning-s7-2a97f968783c,7,q_learning,recoverable,0.7,1,100000,100000,0,shelter,2,0
recoverable_risky_corridor-q_learning-s7-3806c86b9517,7,q_learning,recoverable,0.88,0.25,25000,25000,0,corridor,1,1
recoverable_risky_corridor-q_learning-s7-3806c86b9517,7,q_learning,recoverable,0.88,0.5,50000,50000,0,corridor,1,1
recoverable_risky_corridor-q_learning-s7-3806c86b9517,7,q_learning,recoverable,0.88,0.75,75000,75000,0,corridor,1,1
recoverable_risky_corridor-q_learning-s7-3806c86b9517,7,q_learning,recoverable,0.88,1,100000,100000,0,corridor,1,1
recoverable_risky_corridor-q_learning-s7-3ce263339e31,7,q_learning,recoverable,0.835,0.25,25000,25000,0,other,3,0
recoverable_risky_corridor-q_learning-s7-3ce263339e31,7,q_learning,recoverable,0.835,0.5,50000,50000,0,corridor,1,1
recoverable_risky_corridor-q_learning-s7-3ce263339e31,7,q_learning,recoverable,0.835,0.75,75000,75000,0,corridor,1,1
recoverable_risky_corridor-q_learning-s7-3ce263339e31,7,q_learning,recoverable,0.835,1,100000,100000,0,shelter,2,0
recoverable_risky_corridor-q_learning-s7-422a09a17cb5,7,q_learning,recoverable,0.845,0.25,25000,25000,0,corridor,1,1
recoverable_risky_corridor-q_learning-s7-422a09a17cb5,7,q_learning,recoverable,0.845,0.5,50000,50000,0,corridor,1,1
recoverable_risky_corridor-q_learning-s7-422a09a17cb5,7,q_learning,recoverable,0.845,0.75,75000,75000,0,corridor,1,1
recoverable_risky_corridor-q_learning-s7-422a09a17cb5,7,q_learning,recoverable,0.845,1,100000,100000,0,corridor,1,1
recoverable_risky_corridor-q_learning-s7-6b2fd12d4a06,7,q_learning,recoverable,0.79,0.25,25000,25000,0,corridor,1,1
recoverable_risky_corridor-q_learning-s7-6b2fd12d4a06,7,q_learning,recoverable,0.79,0.5,50000,50000,0,shelter,2,0
recoverable_risky_corridor-q_learning-s7-6b2fd12d4a06,7,q_learning,recoverable,0.79,0.75,75000,75000,0,shelter,2,0
recoverable_risky_corridor-q_learning-s7-6b2fd12d4a06,7,q_learning,recoverable,0.79,1,100000,100000,0,shelter,2,0
recoverable_risky_corridor-q_learning-s7-75ef41cb3883,7,q_learning,recoverable,0.82,0.25,25000,25000,0,corridor,1,1
recoverable_risky_corridor-q_learning-s7-75ef41cb3883,7,q_learning,recoverable,0.82,0.5,50000,50000,0,corridor,1,1
recoverable_risky_corridor-q_learning-s7-75ef41cb3883,7,q_learning,recoverable,0.82,0.75,75000,75000,0,corridor,1,1
recoverable_risky_corridor-q_learning-s7-75ef41cb3883,7,q_learning,recoverable,0.82,1,100000,100000,0,corridor,1,1
recoverable_risky_corridor-q_learning-s7-7923c97c8619,7,q_learning,recoverable,0.85,0.25,25000,25000,0,corridor,1,1
recoverable_risky_corridor-q_learning-s7-7923c97c8619,7,q_learning,recoverable,0.85,0.5,50000,50000,0,corridor,1,1
recoverable_risky_corridor-q_learning-s7-7923c97c8619,7,q_learning,recoverable,0.85,0.75,75000,75000,0,corridor,1,1
recoverable_risky_corridor-q_learning-s7-7923c97c8619,7,q_learning,recoverable,0.85,1,100000,100000,0,corridor,1,1
recoverable_risky_corridor-q_learning-s7-9afc0c3cd7b7,7,q_learning,recoverable,0.86,0.25,25000,25000,0,corridor,1,1
recoverable_risky_corridor-q_learning-s7-9afc0c3cd7b7,7,q_learning,recoverable,0.86,0.5,50000,50000,0,corridor,1,1
recoverable_risky_corridor-q_learning-s7-9afc0c3cd7b7,7,q_learning,recoverable,0.86,0.75,75000,75000,0,corridor,1,1
recoverable_risky_corridor-q_learning-s7-9afc0c3cd7b7,7,q_learning,recoverable,0.86,1,100000,100000,0,corridor,1,1
recoverable_risky_corridor-q_learning-s7-9fc1363000ec,7,q_learning,recoverable,0.9,0.25,25000,25000,0,corridor,1,1
recoverable_risky_corridor-q_learning-s7-9fc1363000ec,7,q_learning,recoverable,0.9,0.5,50000,50000,0,corridor,1,1
recoverable_risky_corridor-q_learning-s7-9fc1363000ec,7,q_learning,recoverable,0.9,0.75,75000,75000,0,corridor,1,1
recoverable_risky_corridor-q_learning-s7-9fc1363000ec,7,q_learning,recoverable,0.9,1,100000,100000,0,corridor,1,1
recoverable_risky_corridor-q_learning-s7-a1d442ca502e,7,q_learning,recoverable,0.6,0.25,25000,25000,0,other,3,0
recoverable_risky_corridor-q_learning-s7-a1d442ca502e,7,q_learning,recoverable,0.6,0.5,50000,50000,0,shelter,2,0
recoverable_risky_corridor-q_learning-s7-a1d442ca502e,7,q_learning,recoverable,0.6,0.75,75000,75000,0,shelter,2,0
recoverable_risky_corridor-q_learning-s7-a1d442ca502e,7,q_learning,recoverable,0.6,1,100000,100000,0,shelter,2,0
recoverable_risky_corridor-q_learning-s7-b67303e3eb6a,7,q_learning,recoverable,0.8,0.25,25000,25000,0,corridor,1,1
recoverable_risky_corridor-q_learning-s7-b67303e3eb6a,7,q_learning,recoverable,0.8,0.5,50000,50000,0,corridor,1,1
recoverable_risky_corridor-q_learning-s7-b67303e3eb6a,7,q_learning,recoverable,0.8,0.75,75000,75000,0,shelter,2,0
recoverable_risky_corridor-q_learning-s7-b67303e3eb6a,7,q_learning,recoverable,0.8,1,100000,100000,0,shelter,2,0
recoverable_risky_corridor-q_learning-s7-c5d4a73101c3,7,q_learning,recoverable,0.825,0.25,25000,25000,0,corridor,1,1
recoverable_risky_corridor-q_learning-s7-c5d4a73101c3,7,q_learning,recoverable,0.825,0.5,50000,50000,0,corridor,1,1
recoverable_risky_corridor-q_learning-s7-c5d4a73101c3,7,q_learning,recoverable,0.825,0.75,75000,75000,0,shelter,2,0
recoverable_risky_corridor-q_learning-s7-c5d4a73101c3,7,q_learning,recoverable,0.825,1,100000,100000,0,shelter,2,0
recoverable_risky_corridor-q_learning-s7-da3007763608,7,q_learning,recoverable,0.78,0.25,25000,25000,0,shelter,2,0
recoverable_risky_corridor-q_learning-s7-da3007763608,7,q_learning,recoverable,0.78,0.5,50000,50000,0,shelter,2,0
recoverable_risky_corridor-q_learning-s7-da3007763608,7,q_learning,recoverable,0.78,0.75,75000,75000,0,corridor,1,1
recoverable_risky_corridor-q_learning-s7-da3007763608,7,q_learning,recoverable,0.78,1,100000,100000,0,shelter,2,0
recoverable_risky_corridor-q_learning-s7-ed6ebe91a7fe,7,q_learning,recoverable,0.84,0.25,25000,25000,0,corridor,1,1
recoverable_risky_corridor-q_learning-s7-ed6ebe91a7fe,7,q_learning,recoverable,0.84,0.5,50000,50000,0,corridor,1,1
recoverable_risky_corridor-q_learning-s7-ed6ebe91a7fe,7,q_learning,recoverable,0.84,0.75,75000,75000,0,corridor,1,1
recoverable_risky_corridor-q_learning-s7-ed6ebe91a7fe,7,q_learning,recoverable,0.84,1,100000,100000,0,corridor,1,1
recoverable_risky_corridor-q_learning-s7-ee4e14ed7993,7,q_learning,recoverable,0.855,0.25,25000,25000,0,corridor,1,1
recoverable_risky_corridor-q_learning-s7-ee4e14ed7993,7,q_learning,recoverable,0.855,0.5,50000,50000,0,corridor,1,1
recoverable_risky_corridor-q_learning-s7-ee4e14ed7993,7,q_learning,recoverable,0.855,0.75,75000,75000,0,corridor,1,1
recoverable_risky_corridor-q_learning-s7-ee4e14ed7993,7,q_learning,recoverable,0.855,1,100000,100000,0,corridor,1,1
recoverable_risky_corridor-q_learning-s8-1a8f40c67de2,8,q_learning,recoverable,0.88,0.25,25000,25000,0,corridor,1,1
recoverable_risky_corridor-q_learning-s8-1a8f40c67de2,8,q_learning,recoverable,0.88,0.5,50000,50000,0,corridor,1,1
recoverable_risky_corridor-q_learning-s8-1a8f40c67de2,8,q_learning,recoverable,0.88,0.75,75000,75000,0,corridor,1,1
recoverable_risky_corridor-q_learning-s8-1a8f40c67de2,8,q_learning,recoverable,0.88,1,100000,100000,0,corridor,1,1
recoverable_risky_corridor-q_learning-s8-3742b15a8a9c,8,q_learning,recoverable,0.9,0.25,25000,25000,0,corridor,1,1
recoverable_risky_corridor-q_learning-s8-3742b15a8a9c,8,q_learning,recoverable,0.9,0.5,50000,50000,0,corridor,1,1
recoverable_risky_corridor-q_learning-s8-3742b15a8a9c,8,q_learning,recoverable,0.9,0.75,75000,75000,0,corridor,1,1
recoverable_risky_corridor-q_learning-s8-3742b15a8a9c,8,q_learning,recoverable,0.9,1,100000,100000,0,corridor,1,1
recoverable_risky_corridor-q_learning-s8-4a831cc7aa13,8,q_learning,recoverable,0.84,0.25,25000,25000,0,corridor,1,1
recoverable_risky_corridor-q_learning-s8-4a831cc7aa13,8,q_learning,recoverable,0.84,0.5,50000,50000,0,corridor,1,1
recoverable_risky_corridor-q_learning-s8-4a831cc7aa13,8,q_learning,recoverable,0.84,0.75,75000,75000,0,corridor,1,1
recoverable_risky_corridor-q_learning-s8-4a831cc7aa13,8,q_learning,recoverable,0.84,1,100000,100000,0,corridor,1,1
recoverable_risky_corridor-q_learning-s8-4f856ac40a24,8,q_learning,recoverable,0.805,0.25,25000,25000,0,corridor,1,1
recoverable_risky_corridor-q_learning-s8-4f856ac40a24,8,q_learning,recoverable,0.805,0.5,50000,50000,0,shelter,2,0
recoverable_risky_corridor-q_learning-s8-4f856ac40a24,8,q_learning,recoverable,0.805,0.75,75000,75000,0,shelter,2,0
recoverable_risky_corridor-q_learning-s8-4f856ac40a24,8,q_learning,recoverable,0.805,1,100000,100000,0,shelter,2,0
recoverable_risky_corridor-q_learning-s8-555b4a1f688f,8,q_learning,recoverable,0.8,0.25,25000,25000,0,corridor,1,1
recoverable_risky_corridor-q_learning-s8-555b4a1f688f,8,q_learning,recoverable,0.8,0.5,50000,50000,0,shelter,2,0
recoverable_risky_corridor-q_learning-s8-555b4a1f688f,8,q_learning,recoverable,0.8,0.75,75000,75000,0,shelter,2,0
recoverable_risky_corridor-q_learning-s8-555b4a1f688f,8,q_learning,recoverable,0.8,1,100000,100000,0,shelter,2,0
recoverable_risky_corridor-q_learning-s8-64b6f9be83cf,8,q_learning,recoverable,0.845,0.25,25000,25000,0,corridor,1,1
recoverable_risky_corridor-q_learning-s8-64b6f9be83cf,8,q_learning,recoverable,0.845,0.5,50000,50000,0,corridor,1,1
recoverable_risky_corridor-q_learning-s8-64b6f9be83cf,8,q_learning,recoverable,0.845,0.75,75000,75000,0,corridor,1,1
recoverable_risky_corridor-q_learning-s8-64b6f9be83cf,8,q_learning,recoverable,0.845,1,100000,100000,0,corridor,1,1
recoverable_risky_corridor-q_learning-s8-6a732851dd23,8,q_learning,recoverable,0.855,0.25,25000,25000,0,corridor,1,1
recoverable_risky_corridor-q_learning-s8-6a732851dd23,8,q_learning,recoverable,0.855,0.5,50000,50000,0,corridor,1,1
recoverable_risky_corridor-q_learning-s8-6a732851dd23,8,q_learning,recoverable,0.855,0.75,75000,75000,0,corridor,1,1
recoverable_risky_corridor-q_learning-s8-6a732851dd23,8,q_learning,recoverable,0.855,1,100000,100000,0,corridor,1,1
recoverable_risky_corridor-q_learning-s8-77c3869a8103,8,q_learning,recoverable,0.7,0.25,25000,25000,0,shelter,2,0
recoverable_risky_corridor-q_learning-s8-77c3869a8103,8,q_learning,recoverable,0.7,0.5,50000,50000,0,shelter,2,0
recoverable_risky_corridor-q_learning-s8-77c3869a8103,8,q_learning,recoverable,0.7,0.75,75000,75000,0,shelter,2,0
recoverable_risky_corridor-q_learning-s8-77c3869a8103,8,q_learning,recoverable,0.7,1,100000,100000,0,shelter,2,0
recoverable_risky_corridor-q_learning-s8-7a27351d76c3,8,q_learning,recoverable,0.82,0.25,25000,25000,0,corridor,1,1
recoverable_risky_corridor-q_learning-s8-7a27351d76c3,8,q_learning,recoverable,0.82,0.5,50000,50000,0,shelter,2,0
recoverable_risky_corridor-q_learning-s8-7a27351d76c3,8,q_learning,recoverable,0.82,0.75,75000,75000,0,corridor,1,1
recoverable_risky_corridor-q_learning-s8-7a27351d76c3,8,q_learning,recoverable,0.82,1,100000,100000,0,shelter,2,0
recoverable_risky_corridor-q_learning-s8-7cb0ed840d4c,8,q_learning,recoverable,0.86,0.25,25000,25000,0,corridor,1,1
recoverable_risky_corridor-q_learning-s8-7cb0ed840d4c,8,q_learning,recoverable,0.86,0.5,50000,50000,0,corridor,1,1
recoverable_risky_corridor-q_learning-s8-7cb0ed840d4c,8,q_learning,recoverable,0.86,0.75,75000,75000,0,corridor,1,1
recoverable_risky_corridor-q_learning-s8-7cb0ed840d4c,8,q_learning,recoverable,0.86,1,100000,100000,0,corridor,1,1
recoverable_risky_corridor-q_learning-s8-8177d048cc48,8,q_learning,recoverable,0.81,0.25,25000,25000,0,shelter,2,0
recoverable_risky_corridor-q_learning-s8-8177d048cc48,8,q_learning,recoverable,0.81,0.5,50000,50000,0,shelter,2,0
recoverable_risky_corridor-q_learning-s8-8177d048cc48,8,q_learning,recoverable,0.81,0.75,75000,75000,0,corridor,1,1
recoverable_risky_corridor-q_learning-s8-8177d048cc48,8,q_learning,recoverable,0.81,1,100000,100000,0,shelter,2,0
recoverable_risky_corridor-q_learning-s8-a88936661689,8,q_learning,recoverable,0.85,0.25,25000,25000,0,corridor,1,1
recoverable_risky_corridor-q_learning-s8-a88936661689,8,q_learning,recoverable,0.85,0.5,50000,50000,0,corridor,1,1
recoverable_risky_corridor-q_learning-s8-a88936661689,8,q_learning,recoverable,0.85,0.75,75000,75000,0,shelter,2,0
recoverable_risky_corridor-q_learning-s8-a88936661689,8,q_learning,recoverable,0.85,1,100000,100000,0,corridor,1,1
recoverable_risky_corridor-q_learning-s8-bddf010705f4,8,q_learning,recoverable,0.835,0.25,25000,25000,0,corridor,1,1
recoverable_risky_corridor-q_learning-s8-bddf010705f4,8,q_learning,recoverable,0.835,0.5,50000,50000,0,corridor,1,1
recoverable_risky_corridor-q_learning-s8-bddf010705f4,8,q_learning,recoverable,0.835,0.75,75000,75000,0,shelter,2,0
recoverable_risky_corridor-q_learning-s8-bddf010705f4,8,q_learning,recoverable,0.835,1,100000,100000,0,corridor,1,1
recoverable_risky_corridor-q_learning-s8-bee205b986c8,8,q_learning,recoverable,0.79,0.25,25000,25000,0,corridor,1,1
recoverable_risky_corridor-q_learning-s8-bee205b986c8,8,q_learning,recoverable,0.79,0.5,50000,50000,0,shelter,2,0
recoverable_risky_corridor-q_learning-s8-bee205b986c8,8,q_learning,recoverable,0.79,0.75,75000,75000,0,shelter,2,0
recoverable_risky_corridor-q_learning-s8-bee205b986c8,8,q_learning,recoverable,0.79,1,100000,100000,0,shelter,2,0
recoverable_risky_corridor-q_learning-s8-dd220c65cb8b,8,q_learning,recoverable,0.78,0.25,25000,25000,0,shelter,2,0
recoverable_risky_corridor-q_learning-s8-dd220c65cb8b,8,q_learning,recoverable,0.78,0.5,50000,50000,0,shelter,2,0
recoverable_risky_corridor-q_learning-s8-dd220c65cb8b,8,q_learning,recoverable,0.78,0.75,75000,75000,0,shelter,2,0
recoverable_risky_corridor-q_learning-s8-dd220c65cb8b,8,q_learning,recoverable,0.78,1,100000,100000,0,shelter,2,0
recoverable_risky_corridor-q_learning-s8-e50e07512a0a,8,q_learning,recoverable,0.6,0.25,25000,25000,0,shelter,2,0
recoverable_risky_corridor-q_learning-s8-e50e07512a0a,8,q_learning,recoverable,0.6,0.5,50000,50000,0,shelter,2,0
recoverable_risky_corridor-q_learning-s8-e50e07512a0a,8,q_learning,recoverable,0.6,0.75,75000,75000,0,shelter,2,0
recoverable_risky_corridor-q_learning-s8-e50e07512a0a,8,q_learning,recoverable,0.6,1,100000,100000,0,shelter,2,0
recoverable_risky_corridor-q_learning-s8-eb25dfa0ceee,8,q_learning,recoverable,1,0.25,25000,25000,0,corridor,1,1
recoverable_risky_corridor-q_learning-s8-eb25dfa0ceee,8,q_learning,recoverable,1,0.5,50000,50000,0,corridor,1,1
recoverable_risky_corridor-q_learning-s8-eb25dfa0ceee,8,q_learning,recoverable,1,0.75,75000,75000,0,corridor,1,1
recoverable_risky_corridor-q_learning-s8-eb25dfa0ceee,8,q_learning,recoverable,1,1,100000,100000,0,corridor,1,1
recoverable_risky_corridor-q_learning-s8-ef29bce68f89,8,q_learning,recoverable,0.825,0.25,25000,25000,0,corridor,1,1
recoverable_risky_corridor-q_learning-s8-ef29bce68f89,8,q_learning,recoverable,0.825,0.5,50000,50000,0,corridor,1,1
recoverable_risky_corridor-q_learning-s8-ef29bce68f89,8,q_learning,recoverable,0.825,0.75,75000,75000,0,corridor,1,1
recoverable_risky_corridor-q_learning-s8-ef29bce68f89,8,q_learning,recoverable,0.825,1,100000,100000,0,corridor,1,1
recoverable_risky_corridor-q_learning-s9-17c8037551a6,9,q_learning,recoverable,0.82,0.25,25000,25000,0,other,3,0
recoverable_risky_corridor-q_learning-s9-17c8037551a6,9,q_learning,recoverable,0.82,0.5,50000,50000,0,corridor,1,1
recoverable_risky_corridor-q_learning-s9-17c8037551a6,9,q_learning,recoverable,0.82,0.75,75000,75000,0,corridor,1,1
recoverable_risky_corridor-q_learning-s9-17c8037551a6,9,q_learning,recoverable,0.82,1,100000,100000,0,corridor,1,1
recoverable_risky_corridor-q_learning-s9-2ec03a1647af,9,q_learning,recoverable,0.88,0.25,25000,25000,0,corridor,1,1
recoverable_risky_corridor-q_learning-s9-2ec03a1647af,9,q_learning,recoverable,0.88,0.5,50000,50000,0,corridor,1,1
recoverable_risky_corridor-q_learning-s9-2ec03a1647af,9,q_learning,recoverable,0.88,0.75,75000,75000,0,corridor,1,1
recoverable_risky_corridor-q_learning-s9-2ec03a1647af,9,q_learning,recoverable,0.88,1,100000,100000,0,corridor,1,1
recoverable_risky_corridor-q_learning-s9-308bf9ccc008,9,q_learning,recoverable,0.86,0.25,25000,25000,0,corridor,1,1
recoverable_risky_corridor-q_learning-s9-308bf9ccc008,9,q_learning,recoverable,0.86,0.5,50000,50000,0,corridor,1,1
recoverable_risky_corridor-q_learning-s9-308bf9ccc008,9,q_learning,recoverable,0.86,0.75,75000,75000,0,corridor,1,1
recoverable_risky_corridor-q_learning-s9-308bf9ccc008,9,q_learning,recoverable,0.86,1,100000,100000,0,corridor,1,1
recoverable_risky_corridor-q_learning-s9-30cde9efe6fa,9,q_learning,recoverable,0.855,0.25,25000,25000,0,corridor,1,1
recoverable_risky_corridor-q_learning-s9-30cde9efe6fa,9,q_learning,recoverable,0.855,0.5,50000,50000,0,corridor,1,1
recoverable_risky_corridor-q_learning-s9-30cde9efe6fa,9,q_learning,recoverable,0.855,0.75,75000,75000,0,corridor,1,1
recoverable_risky_corridor-q_learning-s9-30cde9efe6fa,9,q_learning,recoverable,0.855,1,100000,100000,0,corridor,1,1
recoverable_risky_corridor-q_learning-s9-328e53b7aa21,9,q_learning,recoverable,0.84,0.25,25000,25000,0,corridor,1,1
recoverable_risky_corridor-q_learning-s9-328e53b7aa21,9,q_learning,recoverable,0.84,0.5,50000,50000,0,corridor,1,1
recoverable_risky_corridor-q_learning-s9-328e53b7aa21,9,q_learning,recoverable,0.84,0.75,75000,75000,0,corridor,1,1
recoverable_risky_corridor-q_learning-s9-328e53b7aa21,9,q_learning,recoverable,0.84,1,100000,100000,0,corridor,1,1
recoverable_risky_corridor-q_learning-s9-4295a204b935,9,q_learning,recoverable,0.85,0.25,25000,25000,0,corridor,1,1
recoverable_risky_corridor-q_learning-s9-4295a204b935,9,q_learning,recoverable,0.85,0.5,50000,50000,0,corridor,1,1
recoverable_risky_corridor-q_learning-s9-4295a204b935,9,q_learning,recoverable,0.85,0.75,75000,75000,0,corridor,1,1
recoverable_risky_corridor-q_learning-s9-4295a204b935,9,q_learning,recoverable,0.85,1,100000,100000,0,corridor,1,1
recoverable_risky_corridor-q_learning-s9-520c2601ed23,9,q_learning,recoverable,0.7,0.25,25000,25000,0,other,3,0
recoverable_risky_corridor-q_learning-s9-520c2601ed23,9,q_learning,recoverable,0.7,0.5,50000,50000,0,shelter,2,0
recoverable_risky_corridor-q_learning-s9-520c2601ed23,9,q_learning,recoverable,0.7,0.75,75000,75000,0,shelter,2,0
recoverable_risky_corridor-q_learning-s9-520c2601ed23,9,q_learning,recoverable,0.7,1,100000,100000,0,shelter,2,0
recoverable_risky_corridor-q_learning-s9-57f5bc609c49,9,q_learning,recoverable,0.81,0.25,25000,25000,0,corridor,1,1
recoverable_risky_corridor-q_learning-s9-57f5bc609c49,9,q_learning,recoverable,0.81,0.5,50000,50000,0,shelter,2,0
recoverable_risky_corridor-q_learning-s9-57f5bc609c49,9,q_learning,recoverable,0.81,0.75,75000,75000,0,shelter,2,0
recoverable_risky_corridor-q_learning-s9-57f5bc609c49,9,q_learning,recoverable,0.81,1,100000,100000,0,shelter,2,0
recoverable_risky_corridor-q_learning-s9-5c34911639cd,9,q_learning,recoverable,1,0.25,25000,25000,0,corridor,1,1
recoverable_risky_corridor-q_learning-s9-5c34911639cd,9,q_learning,recoverable,1,0.5,50000,50000,0,corridor,1,1
recoverable_risky_corridor-q_learning-s9-5c34911639cd,9,q_learning,recoverable,1,0.75,75000,75000,0,corridor,1,1
recoverable_risky_corridor-q_learning-s9-5c34911639cd,9,q_learning,recoverable,1,1,100000,100000,0,corridor,1,1
recoverable_risky_corridor-q_learning-s9-63ec322d05da,9,q_learning,recoverable,0.8,0.25,25000,25000,0,corridor,1,1
recoverable_risky_corridor-q_learning-s9-63ec322d05da,9,q_learning,recoverable,0.8,0.5,50000,50000,0,shelter,2,0
recoverable_risky_corridor-q_learning-s9-63ec322d05da,9,q_learning,recoverable,0.8,0.75,75000,75000,0,shelter,2,0
recoverable_risky_corridor-q_learning-s9-63ec322d05da,9,q_learning,recoverable,0.8,1,100000,100000,0,shelter,2,0
recoverable_risky_corridor-q_learning-s9-65e9f1219396,9,q_learning,recoverable,0.9,0.25,25000,25000,0,corridor,1,1
recoverable_risky_corridor-q_learning-s9-65e9f1219396,9,q_learning,recoverable,0.9,0.5,50000,50000,0,corridor,1,1
recoverable_risky_corridor-q_learning-s9-65e9f1219396,9,q_learning,recoverable,0.9,0.75,75000,75000,0,corridor,1,1
recoverable_risky_corridor-q_learning-s9-65e9f1219396,9,q_learning,recoverable,0.9,1,100000,100000,0,corridor,1,1
recoverable_risky_corridor-q_learning-s9-8e1b616d1455,9,q_learning,recoverable,0.805,0.25,25000,25000,0,shelter,2,0
recoverable_risky_corridor-q_learning-s9-8e1b616d1455,9,q_learning,recoverable,0.805,0.5,50000,50000,0,shelter,2,0
recoverable_risky_corridor-q_learning-s9-8e1b616d1455,9,q_learning,recoverable,0.805,0.75,75000,75000,0,shelter,2,0
recoverable_risky_corridor-q_learning-s9-8e1b616d1455,9,q_learning,recoverable,0.805,1,100000,100000,0,shelter,2,0
recoverable_risky_corridor-q_learning-s9-ba773a126abd,9,q_learning,recoverable,0.6,0.25,25000,25000,0,other,3,0
recoverable_risky_corridor-q_learning-s9-ba773a126abd,9,q_learning,recoverable,0.6,0.5,50000,50000,0,shelter,2,0
recoverable_risky_corridor-q_learning-s9-ba773a126abd,9,q_learning,recoverable,0.6,0.75,75000,75000,0,shelter,2,0
recoverable_risky_corridor-q_learning-s9-ba773a126abd,9,q_learning,recoverable,0.6,1,100000,100000,0,shelter,2,0
recoverable_risky_corridor-q_learning-s9-c71603244d45,9,q_learning,recoverable,0.825,0.25,25000,25000,0,corridor,1,1
recoverable_risky_corridor-q_learning-s9-c71603244d45,9,q_learning,recoverable,0.825,0.5,50000,50000,0,corridor,1,1
recoverable_risky_corridor-q_learning-s9-c71603244d45,9,q_learning,recoverable,0.825,0.75,75000,75000,0,corridor,1,1
recoverable_risky_corridor-q_learning-s9-c71603244d45,9,q_learning,recoverable,0.825,1,100000,100000,0,shelter,2,0
recoverable_risky_corridor-q_learning-s9-e58bd3f6a2cb,9,q_learning,recoverable,0.835,0.25,25000,25000,0,corridor,1,1
recoverable_risky_corridor-q_learning-s9-e58bd3f6a2cb,9,q_learning,recoverable,0.835,0.5,50000,50000,0,corridor,1,1
recoverable_risky_corridor-q_learning-s9-e58bd3f6a2cb,9,q_learning,recoverable,0.835,0.75,75000,75000,0,corridor,1,1
recoverable_risky_corridor-q_learning-s9-e58bd3f6a2cb,9,q_learning,recoverable,0.835,1,100000,100000,0,corridor,1,1
recoverable_risky_corridor-q_learning-s9-f36c771ea92e,9,q_learning,recoverable,0.78,0.25,25000,25000,0,shelter,2,0
recoverable_risky_corridor-q_learning-s9-f36c771ea92e,9,q_learning,recoverable,0.78,0.5,50000,50000,0,shelter,2,0
recoverable_risky_corridor-q_learning-s9-f36c771ea92e,9,q_learning,recoverable,0.78,0.75,75000,75000,0,shelter,2,0
recoverable_risky_corridor-q_learning-s9-f36c771ea92e,9,q_learning,recoverable,0.78,1,100000,100000,0,shelter,2,0
recoverable_risky_corridor-q_learning-s9-f7900db9cf5b,9,q_learning,recoverable,0.79,0.25,25000,25000,0,shelter,2,0
recoverable_risky_corridor-q_learning-s9-f7900db9cf5b,9,q_learning,recoverable,0.79,0.5,50000,50000,0,shelter,2,0
recoverable_risky_corridor-q_learning-s9-f7900db9cf5b,9,q_learning,recoverable,0.79,0.75,75000,75000,0,shelter,2,0
recoverable_risky_corridor-q_learning-s9-f7900db9cf5b,9,q_learning,recoverable,0.79,1,100000,100000,0,shelter,2,0
recoverable_risky_corridor-q_learning-s9-f8ee66f7664f,9,q_learning,recoverable,0.845,0.25,25000,25000,0,corridor,1,1
recoverable_risky_corridor-q_learning-s9-f8ee66f7664f,9,q_learning,recoverable,0.845,0.5,50000,50000,0,corridor,1,1
recoverable_risky_corridor-q_learning-s9-f8ee66f7664f,9,q_learning,recoverable,0.845,0.75,75000,75000,0,corridor,1,1
recoverable_risky_corridor-q_learning-s9-f8ee66f7664f,9,q_learning,recoverable,0.845,1,100000,100000,0,corridor,1,1
recoverable_risky_corridor-sarsa-s0-247ee7f2b8df,0,sarsa,recoverable,0.81,0.25,25000,25000,0,corridor,1,1
recoverable_risky_corridor-sarsa-s0-247ee7f2b8df,0,sarsa,recoverable,0.81,0.5,50000,50000,0,shelter,2,0
recoverable_risky_corridor-sarsa-s0-247ee7f2b8df,0,sarsa,recoverable,0.81,0.75,75000,75000,0,shelter,2,0
recoverable_risky_corridor-sarsa-s0-247ee7f2b8df,0,sarsa,recoverable,0.81,1,100000,100000,0,shelter,2,0
recoverable_risky_corridor-sarsa-s0-2ed928928a4d,0,sarsa,recoverable,0.79,0.25,25000,25000,0,shelter,2,0
recoverable_risky_corridor-sarsa-s0-2ed928928a4d,0,sarsa,recoverable,0.79,0.5,50000,50000,0,shelter,2,0
recoverable_risky_corridor-sarsa-s0-2ed928928a4d,0,sarsa,recoverable,0.79,0.75,75000,75000,0,shelter,2,0
recoverable_risky_corridor-sarsa-s0-2ed928928a4d,0,sarsa,recoverable,0.79,1,100000,100000,0,shelter,2,0
recoverable_risky_corridor-sarsa-s0-3210562d7a55,0,sarsa,recoverable,0.84,0.25,25000,25000,0,corridor,1,1
recoverable_risky_corridor-sarsa-s0-3210562d7a55,0,sarsa,recoverable,0.84,0.5,50000,50000,0,corridor,1,1
recoverable_risky_corridor-sarsa-s0-3210562d7a55,0,sarsa,recoverable,0.84,0.75,75000,75000,0,shelter,2,0
recoverable_risky_corridor-sarsa-s0-3210562d7a55,0,sarsa,recoverable,0.84,1,100000,100000,0,shelter,2,0
recoverable_risky_corridor-sarsa-s0-4e4bb193c52f,0,sarsa,recoverable,0.7,0.25,25000,25000,0,corridor,1,1
recoverable_risky_corridor-sarsa-s0-4e4bb193c52f,0,sarsa,recoverable,0.7,0.5,50000,50000,0,shelter,2,0
recoverable_risky_corridor-sarsa-s0-4e4bb193c52f,0,sarsa,recoverable,0.7,0.75,75000,75000,0,shelter,2,0
recoverable_risky_corridor-sarsa-s0-4e4bb193c52f,0,sarsa,recoverable,0.7,1,100000,100000,0,shelter,2,0
recoverable_risky_corridor-sarsa-s0-5f506b331b7b,0,sarsa,recoverable,0.85,0.25,25000,25000,0,corridor,1,1
recoverable_risky_corridor-sarsa-s0-5f506b331b7b,0,sarsa,recoverable,0.85,0.5,50000,50000,0,shelter,2,0
recoverable_risky_corridor-sarsa-s0-5f506b331b7b,0,sarsa,recoverable,0.85,0.75,75000,75000,0,corridor,1,1
recoverable_risky_corridor-sarsa-s0-5f506b331b7b,0,sarsa,recoverable,0.85,1,100000,100000,0,shelter,2,0
recoverable_risky_corridor-sarsa-s0-603836e4b795,0,sarsa,recoverable,0.9,0.25,25000,25000,0,corridor,1,1
recoverable_risky_corridor-sarsa-s0-603836e4b795,0,sarsa,recoverable,0.9,0.5,50000,50000,0,corridor,1,1
recoverable_risky_corridor-sarsa-s0-603836e4b795,0,sarsa,recoverable,0.9,0.75,75000,75000,0,corridor,1,1
recoverable_risky_corridor-sarsa-s0-603836e4b795,0,sarsa,recoverable,0.9,1,100000,100000,0,corridor,1,1
recoverable_risky_corridor-sarsa-s0-6b40466d99e7,0,sarsa,recoverable,0.835,0.25,25000,25000,0,corridor,1,1
recoverable_risky_corridor-sarsa-s0-6b40466d99e7,0,sarsa,recoverable,0.835,0.5,50000,50000,0,shelter,2,0
recoverable_risky_corridor-sarsa-s0-6b40466d99e7,0,sarsa,recoverable,0.835,0.75,75000,75000,0,shelter,2,0
recoverable_risky_corridor-sarsa-s0-6b40466d99e7,0,sarsa,recoverable,0.835,1,100000,100000,0,shelter,2,0
recoverable_risky_corridor-sarsa-s0-81b92689a9ea,0,sarsa,recoverable,0.88,0.25,25000,25000,0,corridor,1,1
recoverable_risky_corridor-sarsa-s0-81b92689a9ea,0,sarsa,recoverable,0.88,0.5,50000,50000,0,corridor,1,1
recoverable_risky_corridor-sarsa-s0-81b92689a9ea,0,sarsa,recoverable,0.88,0.75,75000,75000,0,shelter,2,0
recoverable_risky_corridor-sarsa-s0-81b92689a9ea,0,sarsa,recoverable,0.88,1,100000,100000,0,corridor,1,1
recoverable_risky_corridor-sarsa-s0-91e98595dd54,0,sarsa,recoverable,1,0.25,25000,25000,0,corridor,1,1
recoverable_risky_corridor-sarsa-s0-91e98595dd54,0,sarsa,recoverable,1,0.5,50000,50000,0,corridor,1,1
recoverable_risky_corridor-sarsa-s0-91e98595dd54,0,sarsa,recoverable,1,0.75,75000,75000,0,corridor,1,1
recoverable_risky_corridor-sarsa-s0-91e98595dd54,0,sarsa,recoverable,1,1,100000,100000,0,corridor,1,1
recoverable_risky_corridor-sarsa-s0-9cc05a14ec72,0,sarsa,recoverable,0.845,0.25,25000,25000,0,corridor,1,1
recoverable_risky_corridor-sarsa-s0-9cc05a14ec72,0,sarsa,recoverable,0.845,0.5,50000,50000,0,shelter,2,0
recoverable_risky_corridor-sarsa-s0-9cc05a14ec72,0,sarsa,recoverable,0.845,0.75,75000,75000,0,shelter,2,0
recoverable_risky_corridor-sarsa-s0-9cc05a14ec72,0,sarsa,recoverable,0.845,1,100000,100000,0,corridor,1,1
recoverable_risky_corridor-sarsa-s0-9eabb75c92ce,0,sarsa,recoverable,0.855,0.25,25000,25000,0,corridor,1,1
recoverable_risky_corridor-sarsa-s0-9eabb75c92ce,0,sarsa,recoverable,0.855,0.5,50000,50000,0,corridor,1,1
recoverable_risky_corridor-sarsa-s0-9eabb75c92ce,0,sarsa,recoverable,0.855,0.75,75000,75000,0,corridor,1,1
recoverable_risky_corridor-sarsa-s0-9eabb75c92ce,0,sarsa,recoverable,0.855,1,100000,100000,0,shelter,2,0
recoverable_risky_corridor-sarsa-s0-a4c41829f945,0,sarsa,recoverable,0.805,0.25,25000,25000,0,corridor,1,1
recoverable_risky_corridor-sarsa-s0-a4c41829f945,0,sarsa,recoverable,0.805,0.5,50000,50000,0,shelter,2,0
recoverable_risky_corridor-sarsa-s0-a4c41829f945,0,sarsa,recoverable,0.805,0.75,75000,75000,0,shelter,2,0
recoverable_risky_corridor-sarsa-s0-a4c41829f945,0,sarsa,recoverable,0.805,1,100000,100000,0,shelter,2,0
recoverable_risky_corridor-sarsa-s0-ce0403cb3f48,0,sarsa,recoverable,0.82,0.25,25000,25000,0,corridor,1,1
recoverable_risky_corridor-sarsa-s0-ce0403cb3f48,0,sarsa,recoverable,0.82,0.5,50000,50000,0,shelter,2,0
recoverable_risky_corridor-sarsa-s0-ce0403cb3f48,0,sarsa,recoverable,0.82,0.75,75000,75000,0,shelter,2,0
recoverable_risky_corridor-sarsa-s0-ce0403cb3f48,0,sarsa,recoverable,0.82,1,100000,100000,0,shelter,2,0
recoverable_risky_corridor-sarsa-s0-d5dfc6ca5488,0,sarsa,recoverable,0.78,0.25,25000,25000,0,shelter,2,0
recoverable_risky_corridor-sarsa-s0-d5dfc6ca5488,0,sarsa,recoverable,0.78,0.5,50000,50000,0,shelter,2,0
recoverable_risky_corridor-sarsa-s0-d5dfc6ca5488,0,sarsa,recoverable,0.78,0.75,75000,75000,0,shelter,2,0
recoverable_risky_corridor-sarsa-s0-d5dfc6ca5488,0,sarsa,recoverable,0.78,1,100000,100000,0,shelter,2,0
recoverable_risky_corridor-sarsa-s0-e0062798a92c,0,sarsa,recoverable,0.8,0.25,25000,25000,0,shelter,2,0
recoverable_risky_corridor-sarsa-s0-e0062798a92c,0,sarsa,recoverable,0.8,0.5,50000,50000,0,shelter,2,0
recoverable_risky_corridor-sarsa-s0-e0062798a92c,0,sarsa,recoverable,0.8,0.75,75000,75000,0,shelter,2,0
recoverable_risky_corridor-sarsa-s0-e0062798a92c,0,sarsa,recoverable,0.8,1,100000,100000,0,shelter,2,0
recoverable_risky_corridor-sarsa-s0-e186078d2231,0,sarsa,recoverable,0.86,0.25,25000,25000,0,other,0,0
recoverable_risky_corridor-sarsa-s0-e186078d2231,0,sarsa,recoverable,0.86,0.5,50000,50000,0,corridor,1,1
recoverable_risky_corridor-sarsa-s0-e186078d2231,0,sarsa,recoverable,0.86,0.75,75000,75000,0,corridor,1,1
recoverable_risky_corridor-sarsa-s0-e186078d2231,0,sarsa,recoverable,0.86,1,100000,100000,0,corridor,1,1
recoverable_risky_corridor-sarsa-s0-e51f68af4870,0,sarsa,recoverable,0.825,0.25,25000,25000,0,corridor,1,1
recoverable_risky_corridor-sarsa-s0-e51f68af4870,0,sarsa,recoverable,0.825,0.5,50000,50000,0,shelter,2,0
recoverable_risky_corridor-sarsa-s0-e51f68af4870,0,sarsa,recoverable,0.825,0.75,75000,75000,0,shelter,2,0
recoverable_risky_corridor-sarsa-s0-e51f68af4870,0,sarsa,recoverable,0.825,1,100000,100000,0,shelter,2,0
recoverable_risky_corridor-sarsa-s0-e741b16c9176,0,sarsa,recoverable,0.6,0.25,25000,25000,0,shelter,2,0
recoverable_risky_corridor-sarsa-s0-e741b16c9176,0,sarsa,recoverable,0.6,0.5,50000,50000,0,shelter,2,0
recoverable_risky_corridor-sarsa-s0-e741b16c9176,0,sarsa,recoverable,0.6,0.75,75000,75000,0,shelter,2,0
recoverable_risky_corridor-sarsa-s0-e741b16c9176,0,sarsa,recoverable,0.6,1,100000,100000,0,shelter,2,0
recoverable_risky_corridor-sarsa-s1-01ed95c72bff,1,sarsa,recoverable,0.79,0.25,25000,25000,0,corridor,1,1
recoverable_risky_corridor-sarsa-s1-01ed95c72bff,1,sarsa,recoverable,0.79,0.5,50000,50000,0,corridor,1,1
recoverable_risky_corridor-sarsa-s1-01ed95c72bff,1,sarsa,recoverable,0.79,0.75,75000,75000,0,shelter,2,0
recoverable_risky_corridor-sarsa-s1-01ed95c72bff,1,sarsa,recoverable,0.79,1,100000,100000,0,shelter,2,0
recoverable_risky_corridor-sarsa-s1-173894454dab,1,sarsa,recoverable,0.845,0.25,25000,25000,0,corridor,1,1
recoverable_risky_corridor-sarsa-s1-173894454dab,1,sarsa,recoverable,0.845,0.5,50000,50000,0,shelter,2,0
recoverable_risky_corridor-sarsa-s1-173894454dab,1,sarsa,recoverable,0.845,0.75,75000,75000,0,shelter,2,0
recoverable_risky_corridor-sarsa-s1-173894454dab,1,sarsa,recoverable,0.845,1,100000,100000,0,corridor,1,1
recoverable_risky_corridor-sarsa-s1-2291dbb7562d,1,sarsa,recoverable,0.7,0.25,25000,25000,0,shelter,2,0
recoverable_risky_corridor-sarsa-s1-2291dbb7562d,1,sarsa,recoverable,0.7,0.5,50000,50000,0,shelter,2,0
recoverable_risky_corridor-sarsa-s1-2291dbb7562d,1,sarsa,recoverable,0.7,0.75,75000,75000,0,shelter,2,0
recoverable_risky_corridor-sarsa-s1-2291dbb7562d,1,sarsa,recoverable,0.7,1,100000,100000,0,shelter,2,0
recoverable_risky_corridor-sarsa-s1-30eb973f632b,1,sarsa,recoverable,0.835,0.25,25000,25000,0,corridor,1,1
recoverable_risky_corridor-sarsa-s1-30eb973f632b,1,sarsa,recoverable,0.835,0.5,50000,50000,0,shelter,2,0
recoverable_risky_corridor-sarsa-s1-30eb973f632b,1,sarsa,recoverable,0.835,0.75,75000,75000,0,shelter,2,0
recoverable_risky_corridor-sarsa-s1-30eb973f632b,1,sarsa,recoverable,0.835,1,100000,100000,0,corridor,1,1
recoverable_risky_corridor-sarsa-s1-36312d5c98ed,1,sarsa,recoverable,0.81,0.25,25000,25000,0,corridor,1,1
recoverable_risky_corridor-sarsa-s1-36312d5c98ed,1,sarsa,recoverable,0.81,0.5,50000,50000,0,shelter,2,0
recoverable_risky_corridor-sarsa-s1-36312d5c98ed,1,sarsa,recoverable,0.81,0.75,75000,75000,0,shelter,2,0
recoverable_risky_corridor-sarsa-s1-36312d5c98ed,1,sarsa,recoverable,0.81,1,100000,100000,0,shelter,2,0
recoverable_risky_corridor-sarsa-s1-4db19e677215,1,sarsa,recoverable,0.86,0.25,25000,25000,0,corridor,1,1
recoverable_risky_corridor-sarsa-s1-4db19e677215,1,sarsa,recoverable,0.86,0.5,50000,50000,0,corridor,1,1
recoverable_risky_corridor-sarsa-s1-4db19e677215,1,sarsa,recoverable,0.86,0.75,75000,75000,0,corridor,1,1
recoverable_risky_corridor-sarsa-s1-4db19e677215,1,sarsa,recoverable,0.86,1,100000,100000,0,shelter,2,0
recoverable_risky_corridor-sarsa-s1-50dab0a3a272,1,sarsa,recoverable,0.88,0.25,25000,25000,0,corridor,1,1
recoverable_risky_corridor-sarsa-s1-50dab0a3a272,1,sarsa,recoverable,0.88,0.5,50000,50000,0,corridor,1,1
recoverable_risky_corridor-sarsa-s1-50dab0a3a272,1,sarsa,recoverable,0.88,0.75,75000,75000,0,corridor,1,1
recoverable_risky_corridor-sarsa-s1-50dab0a3a272,1,sarsa,recoverable,0.88,1,100000,100000,0,shelter,2,0
recoverable_risky_corridor-sarsa-s1-5d076a1844ba,1,sarsa,recoverable,0.85,0.25,25000,25000,0,shelter,2,0
recoverable_risky_corridor-sarsa-s1-5d076a1844ba,1,sarsa,recoverable,0.85,0.5,50000,50000,0,shelter,2,0
recoverable_risky_corridor-sarsa-s1-5d076a1844ba,1,sarsa,recoverable,0.85,0.75,75000,75000,0,shelter,2,0
recoverable_risky_corridor-sarsa-s1-5d076a1844ba,1,sarsa,recoverable,0.85,1,100000,100000,0,corridor,1,1
recoverable_risky_corridor-sarsa-s1-8f3420a73a4f,1,sarsa,recoverable,0.8,0.25,25000,25000,0,other,3,0
recoverable_risky_corridor-sarsa-s1-8f3420a73a4f,1,sarsa,recoverable,0.8,0.5,50000,50000,0,shelter,2,0
recoverable_risky_corridor-sarsa-s1-8f3420a73a4f,1,sarsa,recoverable,0.8,0.75,75000,75000,0,shelter,2,0
recoverable_risky_corridor-sarsa-s1-8f3420a73a4f,1,sarsa,recoverable,0.8,1,100000,100000,0,shelter,2,0
recoverable_risky_corridor-sarsa-s1-9f5a9bacba6a,1,sarsa,recoverable,0.82,0.25,25000,25000,0,corridor,1,1
recoverable_risky_corridor-sarsa-s1-9f5a9bacba6a,1,sarsa,recoverable,0.82,0.5,50000,50000,0,shelter,2,0
recoverable_risky_corridor-sarsa-s1-9f5a9bacba6a,1,sarsa,recoverable,0.82,0.75,75000,75000,0,shelter,2,0
recoverable_risky_corridor-sarsa-s1-9f5a9bacba6a,1,sarsa,recoverable,0.82,1,100000,100000,0,shelter,2,0
recoverable_risky_corridor-sarsa-s1-b1f4044ea2fd,1,sarsa,recoverable,0.84,0.25,25000,25000,0,corridor,1,1
recoverable_risky_corridor-sarsa-s1-b1f4044ea2fd,1,sarsa,recoverable,0.84,0.5,50000,50000,0,shelter,2,0
recoverable_risky_corridor-sarsa-s1-b1f4044ea2fd,1,sarsa,recoverable,0.84,0.75,75000,75000,0,shelter,2,0
recoverable_risky_corridor-sarsa-s1-b1f4044ea2fd,1,sarsa,recoverable,0.84,1,100000,100000,0,shelter,2,0
recoverable_risky_corridor-sarsa-s1-b497d04a6739,1,sarsa,recoverable,0.78,0.25,25000,25000,0,corridor,1,1
recoverable_risky_corridor-sarsa-s1-b497d04a6739,1,sarsa,recoverable,0.78,0.5,50000,50000,0,corridor,1,1
recoverable_risky_corridor-sarsa-s1-b497d04a6739,1,sarsa,recoverable,0.78,0.75,75000,75000,0,shelter,2,0
recoverable_risky_corridor-sarsa-s1-b497d04a6739,1,sarsa,recoverable,0.78,1,100000,100000,0,shelter,2,0
recoverable_risky_corridor-sarsa-s1-c0ad69cafb1c,1,sarsa,recoverable,0.825,0.25,25000,25000,0,corridor,1,1
recoverable_risky_corridor-sarsa-s1-c0ad69cafb1c,1,sarsa,recoverable,0.825,0.5,50000,50000,0,corridor,1,1
recoverable_risky_corridor-sarsa-s1-c0ad69cafb1c,1,sarsa,recoverable,0.825,0.75,75000,75000,0,corridor,1,1
recoverable_risky_corridor-sarsa-s1-c0ad69cafb1c,1,sarsa,recoverable,0.825,1,100000,100000,0,shelter,2,0
recoverable_risky_corridor-sarsa-s1-d0a15bfa617f,1,sarsa,recoverable,0.6,0.25,25000,25000,0,shelter,2,0
recoverable_risky_corridor-sarsa-s1-d0a15bfa617f,1,sarsa,recoverable,0.6,0.5,50000,50000,0,shelter,2,0
recoverable_risky_corridor-sarsa-s1-d0a15bfa617f,1,sarsa,recoverable,0.6,0.75,75000,75000,0,shelter,2,0
recoverable_risky_corridor-sarsa-s1-d0a15bfa617f,1,sarsa,recoverable,0.6,1,100000,100000,0,shelter,2,0
recoverable_risky_corridor-sarsa-s1-d48d6b02324f,1,sarsa,recoverable,1,0.25,25000,25000,0,corridor,1,1
recoverable_risky_corridor-sarsa-s1-d48d6b02324f,1,sarsa,recoverable,1,0.5,50000,50000,0,corridor,1,1
recoverable_risky_corridor-sarsa-s1-d48d6b02324f,1,sarsa,recoverable,1,0.75,75000,75000,0,corridor,1,1
recoverable_risky_corridor-sarsa-s1-d48d6b02324f,1,sarsa,recoverable,1,1,100000,100000,0,corridor,1,1
recoverable_risky_corridor-sarsa-s1-dda9149b1965,1,sarsa,recoverable,0.805,0.25,25000,25000,0,shelter,2,0
recoverable_risky_corridor-sarsa-s1-dda9149b1965,1,sarsa,recoverable,0.805,0.5,50000,50000,0,shelter,2,0
recoverable_risky_corridor-sarsa-s1-dda9149b1965,1,sarsa,recoverable,0.805,0.75,75000,75000,0,shelter,2,0
recoverable_risky_corridor-sarsa-s1-dda9149b1965,1,sarsa,recoverable,0.805,1,100000,100000,0,shelter,2,0
recoverable_risky_corridor-sarsa-s1-e635cf8406da,1,sarsa,recoverable,0.9,0.25,25000,25000,0,corridor,1,1
recoverable_risky_corridor-sarsa-s1-e635cf8406da,1,sarsa,recoverable,0.9,0.5,50000,50000,0,corridor,1,1
recoverable_risky_corridor-sarsa-s1-e635cf8406da,1,sarsa,recoverable,0.9,0.75,75000,75000,0,corridor,1,1
recoverable_risky_corridor-sarsa-s1-e635cf8406da,1,sarsa,recoverable,0.9,1,100000,100000,0,corridor,1,1
recoverable_risky_corridor-sarsa-s1-fcd8c914ab67,1,sarsa,recoverable,0.855,0.25,25000,25000,0,corridor,1,1
recoverable_risky_corridor-sarsa-s1-fcd8c914ab67,1,sarsa,recoverable,0.855,0.5,50000,50000,0,corridor,1,1
recoverable_risky_corridor-sarsa-s1-fcd8c914ab67,1,sarsa,recoverable,0.855,0.75,75000,75000,0,corridor,1,1
recoverable_risky_corridor-sarsa-s1-fcd8c914ab67,1,sarsa,recoverable,0.855,1,100000,100000,0,shelter,2,0
recoverable_risky_corridor-sarsa-s10-030a5df0ab15,10,sarsa,recoverable,0.845,0.25,25000,25000,0,corridor,1,1
recoverable_risky_corridor-sarsa-s10-030a5df0ab15,10,sarsa,recoverable,0.845,0.5,50000,50000,0,shelter,2,0
recoverable_risky_corridor-sarsa-s10-030a5df0ab15,10,sarsa,recoverable,0.845,0.75,75000,75000,0,shelter,2,0
recoverable_risky_corridor-sarsa-s10-030a5df0ab15,10,sarsa,recoverable,0.845,1,100000,100000,0,shelter,2,0
recoverable_risky_corridor-sarsa-s10-263f783fa61f,10,sarsa,recoverable,0.84,0.25,25000,25000,0,corridor,1,1
recoverable_risky_corridor-sarsa-s10-263f783fa61f,10,sarsa,recoverable,0.84,0.5,50000,50000,0,shelter,2,0
recoverable_risky_corridor-sarsa-s10-263f783fa61f,10,sarsa,recoverable,0.84,0.75,75000,75000,0,shelter,2,0
recoverable_risky_corridor-sarsa-s10-263f783fa61f,10,sarsa,recoverable,0.84,1,100000,100000,0,corridor,1,1
recoverable_risky_corridor-sarsa-s10-2ea10a11f06f,10,sarsa,recoverable,0.805,0.25,25000,25000,0,corridor,1,1
recoverable_risky_corridor-sarsa-s10-2ea10a11f06f,10,sarsa,recoverable,0.805,0.5,50000,50000,0,shelter,2,0
recoverable_risky_corridor-sarsa-s10-2ea10a11f06f,10,sarsa,recoverable,0.805,0.75,75000,75000,0,shelter,2,0
recoverable_risky_corridor-sarsa-s10-2ea10a11f06f,10,sarsa,recoverable,0.805,1,100000,100000,0,shelter,2,0
recoverable_risky_corridor-sarsa-s10-4d2af42a41d2,10,sarsa,recoverable,0.6,0.25,25000,25000,0,shelter,2,0
recoverable_risky_corridor-sarsa-s10-4d2af42a41d2,10,sarsa,recoverable,0.6,0.5,50000,50000,0,shelter,2,0
recoverable_risky_corridor-sarsa-s10-4d2af42a41d2,10,sarsa,recoverable,0.6,0.75,75000,75000,0,shelter,2,0
recoverable_risky_corridor-sarsa-s10-4d2af42a41d2,10,sarsa,recoverable,0.6,1,100000,100000,0,shelter,2,0
recoverable_risky_corridor-sarsa-s10-4f3842701acb,10,sarsa,recoverable,0.855,0.25,25000,25000,0,corridor,1,1
recoverable_risky_corridor-sarsa-s10-4f3842701acb,10,sarsa,recoverable,0.855,0.5,50000,50000,0,shelter,2,0
recoverable_risky_corridor-sarsa-s10-4f3842701acb,10,sarsa,recoverable,0.855,0.75,75000,75000,0,corridor,1,1
recoverable_risky_corridor-sarsa-s10-4f3842701acb,10,sarsa,recoverable,0.855,1,100000,100000,0,shelter,2,0
recoverable_risky_corridor-sarsa-s10-5128fe4f0426,10,sarsa,recoverable,0.9,0.25,25000,25000,0,corridor,1,1
recoverable_risky_corridor-sarsa-s10-5128fe4f0426,10,sarsa,recoverable,0.9,0.5,50000,50000,0,corridor,1,1
recoverable_risky_corridor-sarsa-s10-5128fe4f0426,10,sarsa,recoverable,0.9,0.75,75000,75000,0,corridor,1,1
recoverable_risky_corridor-sarsa-s10-5128fe4f0426,10,sarsa,recoverable,0.9,1,100000,100000,0,corridor,1,1
recoverable_risky_corridor-sarsa-s10-52f410d37887,10,sarsa,recoverable,0.8,0.25,25000,25000,0,corridor,1,1
recoverable_risky_corridor-sarsa-s10-52f410d37887,10,sarsa,recoverable,0.8,0.5,50000,50000,0,shelter,2,0
recoverable_risky_corridor-sarsa-s10-52f410d37887,10,sarsa,recoverable,0.8,0.75,75000,75000,0,shelter,2,0
recoverable_risky_corridor-sarsa-s10-52f410d37887,10,sarsa,recoverable,0.8,1,100000,100000,0,shelter,2,0
recoverable_risky_corridor-sarsa-s10-53264ba9173e,10,sarsa,recoverable,0.835,0.25,25000,25000,0,corridor,1,1
recoverable_risky_corridor-sarsa-s10-53264ba9173e,10,sarsa,recoverable,0.835,0.5,50000,50000,0,shelter,2,0
recoverable_risky_corridor-sarsa-s10-53264ba9173e,10,sarsa,recoverable,0.835,0.75,75000,75000,0,shelter,2,0
recoverable_risky_corridor-sarsa-s10-53264ba9173e,10,sarsa,recoverable,0.835,1,100000,100000,0,shelter,2,0
recoverable_risky_corridor-sarsa-s10-58f609a920a7,10,sarsa,recoverable,0.81,0.25,25000,25000,0,corridor,1,1
recoverable_risky_corridor-sarsa-s10-58f609a920a7,10,sarsa,recoverable,0.81,0.5,50000,50000,0,shelter,2,0
recoverable_risky_corridor-sarsa-s10-58f609a920a7,10,sarsa,recoverable,0.81,0.75,75000,75000,0,shelter,2,0
recoverable_risky_corridor-sarsa-s10-58f609a920a7,10,sarsa,recoverable,0.81,1,100000,100000,0,corridor,1,1
recoverable_risky_corridor-sarsa-s10-85ae8bc2d317,10,sarsa,recoverable,0.88,0.25,25000,25000,0,corridor,1,1
recoverable_risky_corridor-sarsa-s10-85ae8bc2d317,10,sarsa,recoverable,0.88,0.5,50000,50000,0,corridor,1,1
recoverable_risky_corridor-sarsa-s10-85ae8bc2d317,10,sarsa,recoverable,0.88,0.75,75000,75000,0,corridor,1,1
recoverable_risky_corridor-sarsa-s10-85ae8bc2d317,10,sarsa,recoverable,0.88,1,100000,100000,0,corridor,1,1
recoverable_risky_corridor-sarsa-s10-8a2fbd2450a9,10,sarsa,recoverable,0.7,0.25,25000,25000,0,shelter,2,0
recoverable_risky_corridor-sarsa-s10-8a2fbd2450a9,10,sarsa,recoverable,0.7,0.5,50000,50000,0,shelter,2,0
recoverable_risky_corridor-sarsa-s10-8a2fbd2450a9,10,sarsa,recoverable,0.7,0.75,75000,75000,0,shelter,2,0
recoverable_risky_corridor-sarsa-s10-8a2fbd2450a9,10,sarsa,recoverable,0.7,1,100000,100000,0,shelter,2,0
recoverable_risky_corridor-sarsa-s10-8dcdb05d021a,10,sarsa,recoverable,1,0.25,25000,25000,0,corridor,1,1
recoverable_risky_corridor-sarsa-s10-8dcdb05d021a,10,sarsa,recoverable,1,0.5,50000,50000,0,corridor,1,1
recoverable_risky_corridor-sarsa-s10-8dcdb05d021a,10,sarsa,recoverable,1,0.75,75000,75000,0,corridor,1,1
recoverable_risky_corridor-sarsa-s10-8dcdb05d021a,10,sarsa,recoverable,1,1,100000,100000,0,corridor,1,1
recoverable_risky_corridor-sarsa-s10-9dd54ae2c7ef,10,sarsa,recoverable,0.86,0.25,25000,25000,0,corridor,1,1
recoverable_risky_corridor-sarsa-s10-9dd54ae2c7ef,10,sarsa,recoverable,0.86,0.5,50000,50000,0,corridor,1,1
recoverable_risky_corridor-sarsa-s10-9dd54ae2c7ef,10,sarsa,recoverable,0.86,0.75,75000,75000,0,corridor,1,1
recoverable_risky_corridor-sarsa-s10-9dd54ae2c7ef,10,sarsa,recoverable,0.86,1,100000,100000,0,shelter,2,0
recoverable_risky_corridor-sarsa-s10-aae6e9c3c474,10,sarsa,recoverable,0.85,0.25,25000,25000,0,corridor,1,1
recoverable_risky_corridor-sarsa-s10-aae6e9c3c474,10,sarsa,recoverable,0.85,0.5,50000,50000,0,shelter,2,0
recoverable_risky_corridor-sarsa-s10-aae6e9c3c474,10,sarsa,recoverable,0.85,0.75,75000,75000,0,shelter,2,0
recoverable_risky_corridor-sarsa-s10-aae6e9c3c474,10,sarsa,recoverable,0.85,1,100000,100000,0,shelter,2,0
recoverable_risky_corridor-sarsa-s10-bff387c79c93,10,sarsa,recoverable,0.78,0.25,25000,25000,0,shelter,2,0
recoverable_risky_corridor-sarsa-s10-bff387c79c93,10,sarsa,recoverable,0.78,0.5,50000,50000,0,shelter,2,0
recoverable_risky_corridor-sarsa-s10-bff387c79c93,10,sarsa,recoverable,0.78,0.75,75000,75000,0,shelter,2,0
recoverable_risky_corridor-sarsa-s10-bff387c79c93,10,sarsa,recoverable,0.78,1,100000,100000,0,shelter,2,0
recoverable_risky_corridor-sarsa-s10-e23272f63347,10,sarsa,recoverable,0.82,0.25,25000,25000,0,corridor,1,1
recoverable_risky_corridor-sarsa-s10-e23272f63347,10,sarsa,recoverable,0.82,0.5,50000,50000,0,shelter,2,0
recoverable_risky_corridor-sarsa-s10-e23272f63347,10,sarsa,recoverable,0.82,0.75,75000,75000,0,shelter,2,0
recoverable_risky_corridor-sarsa-s10-e23272f63347,10,sarsa,recoverable,0.82,1,100000,100000,0,shelter,2,0
recoverable_risky_corridor-sarsa-s10-f0333a30fda6,10,sarsa,recoverable,0.79,0.25,25000,25000,0,corridor,1,1
recoverable_risky_corridor-sarsa-s10-f0333a30fda6,10,sarsa,recoverable,0.79,0.5,50000,50000,0,shelter,2,0
recoverable_risky_corridor-sarsa-s10-f0333a30fda6,10,sarsa,recoverable,0.79,0.75,75000,75000,0,shelter,2,0
recoverable_risky_corridor-sarsa-s10-f0333a30fda6,10,sarsa,recoverable,0.79,1,100000,100000,0,shelter,2,0
recoverable_risky_corridor-sarsa-s10-fe3173bcdf47,10,sarsa,recoverable,0.825,0.25,25000,25000,0,shelter,2,0
recoverable_risky_corridor-sarsa-s10-fe3173bcdf47,10,sarsa,recoverable,0.825,0.5,50000,50000,0,shelter,2,0
recoverable_risky_corridor-sarsa-s10-fe3173bcdf47,10,sarsa,recoverable,0.825,0.75,75000,75000,0,shelter,2,0
recoverable_risky_corridor-sarsa-s10-fe3173bcdf47,10,sarsa,recoverable,0.825,1,100000,100000,0,corridor,1,1
recoverable_risky_corridor-sarsa-s11-09e3a65ceab3,11,sarsa,recoverable,0.79,0.25,25000,25000,0,shelter,2,0
recoverable_risky_corridor-sarsa-s11-09e3a65ceab3,11,sarsa,recoverable,0.79,0.5,50000,50000,0,corridor,1,1
recoverable_risky_corridor-sarsa-s11-09e3a65ceab3,11,sarsa,recoverable,0.79,0.75,75000,75000,0,shelter,2,0
recoverable_risky_corridor-sarsa-s11-09e3a65ceab3,11,sarsa,recoverable,0.79,1,100000,100000,0,corridor,1,1
recoverable_risky_corridor-sarsa-s11-14683f189fb7,11,sarsa,recoverable,0.9,0.25,25000,25000,0,corridor,1,1
recoverable_risky_corridor-sarsa-s11-14683f189fb7,11,sarsa,recoverable,0.9,0.5,50000,50000,0,corridor,1,1
recoverable_risky_corridor-sarsa-s11-14683f189fb7,11,sarsa,recoverable,0.9,0.75,75000,75000,0,corridor,1,1
recoverable_risky_corridor-sarsa-s11-14683f189fb7,11,sarsa,recoverable,0.9,1,100000,100000,0,corridor,1,1
recoverable_risky_corridor-sarsa-s11-1f363eacaa95,11,sarsa,recoverable,1,0.25,25000,25000,0,corridor,1,1
recoverable_risky_corridor-sarsa-s11-1f363eacaa95,11,sarsa,recoverable,1,0.5,50000,50000,0,corridor,1,1
recoverable_risky_corridor-sarsa-s11-1f363eacaa95,11,sarsa,recoverable,1,0.75,75000,75000,0,corridor,1,1
recoverable_risky_corridor-sarsa-s11-1f363eacaa95,11,sarsa,recoverable,1,1,100000,100000,0,corridor,1,1
recoverable_risky_corridor-sarsa-s11-3a4c7d029f98,11,sarsa,recoverable,0.835,0.25,25000,25000,0,corridor,1,1
recoverable_risky_corridor-sarsa-s11-3a4c7d029f98,11,sarsa,recoverable,0.835,0.5,50000,50000,0,corridor,1,1
recoverable_risky_corridor-sarsa-s11-3a4c7d029f98,11,sarsa,recoverable,0.835,0.75,75000,75000,0,corridor,1,1
recoverable_risky_corridor-sarsa-s11-3a4c7d029f98,11,sarsa,recoverable,0.835,1,100000,100000,0,shelter,2,0
recoverable_risky_corridor-sarsa-s11-46a76ec32a34,11,sarsa,recoverable,0.78,0.25,25000,25000,0,corridor,1,1
recoverable_risky_corridor-sarsa-s11-46a76ec32a34,11,sarsa,recoverable,0.78,0.5,50000,50000,0,shelter,2,0
recoverable_risky_corridor-sarsa-s11-46a76ec32a34,11,sarsa,recoverable,0.78,0.75,75000,75000,0,shelter,2,0
recoverable_risky_corridor-sarsa-s11-46a76ec32a34,11,sarsa,recoverable,0.78,1,100000,100000,0,shelter,2,0
recoverable_risky_corridor-sarsa-s11-583f4e84349c,11,sarsa,recoverable,0.8,0.25,25000,25000,0,shelter,2,0
recoverable_risky_corridor-sarsa-s11-583f4e84349c,11,sarsa,recoverable,0.8,0.5,50000,50000,0,shelter,2,0
recoverable_risky_corridor-sarsa-s11-583f4e84349c,11,sarsa,recoverable,0.8,0.75,75000,75000,0,shelter,2,0
recoverable_risky_corridor-sarsa-s11-583f4e84349c,11,sarsa,recoverable,0.8,1,100000,100000,0,shelter,2,0
recoverable_risky_corridor-sarsa-s11-9ef35be25b43,11,sarsa,recoverable,0.6,0.25,25000,25000,0,shelter,2,0
recoverable_risky_corridor-sarsa-s11-9ef35be25b43,11,sarsa,recoverable,0.6,0.5,50000,50000,0,shelter,2,0
recoverable_risky_corridor-sarsa-s11-9ef35be25b43,11,sarsa,recoverable,0.6,0.75,75000,75000,0,shelter,2,0
recoverable_risky_corridor-sarsa-s11-9ef35be25b43,11,sarsa,recoverable,0.6,1,100000,100000,0,shelter,2,0
recoverable_risky_corridor-sarsa-s11-9f2dfb44dbc4,11,sarsa,recoverable,0.86,0.25,25000,25000,0,corridor,1,1
recoverable_risky_corridor-sarsa-s11-9f2dfb44dbc4,11,sarsa,recoverable,0.86,0.5,50000,50000,0,corridor,1,1
recoverable_risky_corridor-sarsa-s11-9f2dfb44dbc4,11,sarsa,recoverable,0.86,0.75,75000,75000,0,corridor,1,1
recoverable_risky_corridor-sarsa-s11-9f2dfb44dbc4,11,sarsa,recoverable,0.86,1,100000,100000,0,corridor,1,1
recoverable_risky_corridor-sarsa-s11-b6b2a19d861a,11,sarsa,recoverable,0.88,0.25,25000,25000,0,corridor,1,1
recoverable_risky_corridor-sarsa-s11-b6b2a19d861a,11,sarsa,recoverable,0.88,0.5,50000,50000,0,corridor,1,1
recoverable_risky_corridor-sarsa-s11-b6b2a19d861a,11,sarsa,recoverable,0.88,0.75,75000,75000,0,shelter,2,0
recoverable_risky_corridor-sarsa-s11-b6b2a19d861a,11,sarsa,recoverable,0.88,1,100000,100000,0,corridor,1,1
recoverable_risky_corridor-sarsa-s11-c5f12c1d2cda,11,sarsa,recoverable,0.81,0.25,25000,25000,0,shelter,2,0
recoverable_risky_corridor-sarsa-s11-c5f12c1d2cda,11,sarsa,recoverable,0.81,0.5,50000,50000,0,shelter,2,0
recoverable_risky_corridor-sarsa-s11-c5f12c1d2cda,11,sarsa,recoverable,0.81,0.75,75000,75000,0,shelter,2,0
recoverable_risky_corridor-sarsa-s11-c5f12c1d2cda,11,sarsa,recoverable,0.81,1,100000,100000,0,shelter,2,0
recoverable_risky_corridor-sarsa-s11-ca4caa2f3119,11,sarsa,recoverable,0.82,0.25,25000,25000,0,corridor,1,1
recoverable_risky_corridor-sarsa-s11-ca4caa2f3119,11,sarsa,recoverable,0.82,0.5,50000,50000,0,shelter,2,0
recoverable_risky_corridor-sarsa-s11-ca4caa2f3119,11,sarsa,recoverable,0.82,0.75,75000,75000,0,shelter,2,0
recoverable_risky_corridor-sarsa-s11-ca4caa2f3119,11,sarsa,recoverable,0.82,1,100000,100000,0,shelter,2,0
recoverable_risky_corridor-sarsa-s11-cc5d7e593c4c,11,sarsa,recoverable,0.805,0.25,25000,25000,0,shelter,2,0
recoverable_risky_corridor-sarsa-s11-cc5d7e593c4c,11,sarsa,recoverable,0.805,0.5,50000,50000,0,shelter,2,0
recoverable_risky_corridor-sarsa-s11-cc5d7e593c4c,11,sarsa,recoverable,0.805,0.75,75000,75000,0,shelter,2,0
recoverable_risky_corridor-sarsa-s11-cc5d7e593c4c,11,sarsa,recoverable,0.805,1,100000,100000,0,shelter,2,0
recoverable_risky_corridor-sarsa-s11-d3f1f88bb523,11,sarsa,recoverable,0.845,0.25,25000,25000,0,corridor,1,1
recoverable_risky_corridor-sarsa-s11-d3f1f88bb523,11,sarsa,recoverable,0.845,0.5,50000,50000,0,corridor,1,1
recoverable_risky_corridor-sarsa-s11-d3f1f88bb523,11,sarsa,recoverable,0.845,0.75,75000,75000,0,shelter,2,0
recoverable_risky_corridor-sarsa-s11-d3f1f88bb523,11,sarsa,recoverable,0.845,1,100000,100000,0,shelter,2,0
recoverable_risky_corridor-sarsa-s11-d69fb362f18e,11,sarsa,recoverable,0.855,0.25,25000,25000,0,corridor,1,1
recoverable_risky_corridor-sarsa-s11-d69fb362f18e,11,sarsa,recoverable,0.855,0.5,50000,50000,0,shelter,2,0
recoverable_risky_corridor-sarsa-s11-d69fb362f18e,11,sarsa,recoverable,0.855,0.75,75000,75000,0,shelter,2,0
recoverable_risky_corridor-sarsa-s11-d69fb362f18e,11,sarsa,recoverable,0.855,1,100000,100000,0,shelter,2,0
recoverable_risky_corridor-sarsa-s11-d731091bcd3e,11,sarsa,recoverable,0.84,0.25,25000,25000,0,shelter,2,0
recoverable_risky_corridor-sarsa-s11-d731091bcd3e,11,sarsa,recoverable,0.84,0.5,50000,50000,0,corridor,1,1
recoverable_risky_corridor-sarsa-s11-d731091bcd3e,11,sarsa,recoverable,0.84,0.75,75000,75000,0,shelter,2,0
recoverable_risky_corridor-sarsa-s11-d731091bcd3e,11,sarsa,recoverable,0.84,1,100000,100000,0,shelter,2,0
recoverable_risky_corridor-sarsa-s11-d9ef7e57f57d,11,sarsa,recoverable,0.825,0.25,25000,25000,0,corridor,1,1
recoverable_risky_corridor-sarsa-s11-d9ef7e57f57d,11,sarsa,recoverable,0.825,0.5,50000,50000,0,shelter,2,0
recoverable_risky_corridor-sarsa-s11-d9ef7e57f57d,11,sarsa,recoverable,0.825,0.75,75000,75000,0,shelter,2,0
recoverable_risky_corridor-sarsa-s11-d9ef7e57f57d,11,sarsa,recoverable,0.825,1,100000,100000,0,shelter,2,0
recoverable_risky_corridor-sarsa-s11-dd64b4b5a6ca,11,sarsa,recoverable,0.7,0.25,25000,25000,0,shelter,2,0
recoverable_risky_corridor-sarsa-s11-dd64b4b5a6ca,11,sarsa,recoverable,0.7,0.5,50000,50000,0,shelter,2,0
recoverable_risky_corridor-sarsa-s11-dd64b4b5a6ca,11,sarsa,recoverable,0.7,0.75,75000,75000,0,shelter,2,0
recoverable_risky_corridor-sarsa-s11-dd64b4b5a6ca,11,sarsa,recoverable,0.7,1,100000,100000,0,shelter,2,0
recoverable_risky_corridor-sarsa-s11-e26f18da06b1,11,sarsa,recoverable,0.85,0.25,25000,25000,0,corridor,1,1
recoverable_risky_corridor-sarsa-s11-e26f18da06b1,11,sarsa,recoverable,0.85,0.5,50000,50000,0,corridor,1,1
recoverable_risky_corridor-sarsa-s11-e26f18da06b1,11,sarsa,recoverable,0.85,0.75,75000,75000,0,corridor,1,1
recoverable_risky_corridor-sarsa-s11-e26f18da06b1,11,sarsa,recoverable,0.85,1,100000,100000,0,corridor,1,1
recoverable_risky_corridor-sarsa-s12-2679e3a8e67e,12,sarsa,recoverable,0.81,0.25,25000,25000,0,shelter,2,0
recoverable_risky_corridor-sarsa-s12-2679e3a8e67e,12,sarsa,recoverable,0.81,0.5,50000,50000,0,shelter,2,0
recoverable_risky_corridor-sarsa-s12-2679e3a8e67e,12,sarsa,recoverable,0.81,0.75,75000,75000,0,shelter,2,0
recoverable_risky_corridor-sarsa-s12-2679e3a8e67e,12,sarsa,recoverable,0.81,1,100000,100000,0,shelter,2,0
recoverable_risky_corridor-sarsa-s12-27420449c4f3,12,sarsa,recoverable,0.845,0.25,25000,25000,0,shelter,2,0
recoverable_risky_corridor-sarsa-s12-27420449c4f3,12,sarsa,recoverable,0.845,0.5,50000,50000,0,corridor,1,1
recoverable_risky_corridor-sarsa-s12-27420449c4f3,12,sarsa,recoverable,0.845,0.75,75000,75000,0,corridor,1,1
recoverable_risky_corridor-sarsa-s12-27420449c4f3,12,sarsa,recoverable,0.845,1,100000,100000,0,shelter,2,0
recoverable_risky_corridor-sarsa-s12-2fb97e9ec70e,12,sarsa,recoverable,0.6,0.25,25000,25000,0,shelter,2,0
recoverable_risky_corridor-sarsa-s12-2fb97e9ec70e,12,sarsa,recoverable,0.6,0.5,50000,50000,0,shelter,2,0
recoverable_risky_corridor-sarsa-s12-2fb97e9ec70e,12,sarsa,recoverable,0.6,0.75,75000,75000,0,shelter,2,0
recoverable_risky_corridor-sarsa-s12-2fb97e9ec70e,12,sarsa,recoverable,0.6,1,100000,100000,0,shelter,2,0
recoverable_risky_corridor-sarsa-s12-4e2be0935b0a,12,sarsa,recoverable,0.835,0.25,25000,25000,0,corridor,1,1
recoverable_risky_corridor-sarsa-s12-4e2be0935b0a,12,sarsa,recoverable,0.835,0.5,50000,50000,0,corridor,1,1
recoverable_risky_corridor-sarsa-s12-4e2be0935b0a,12,sarsa,recoverable,0.835,0.75,75000,75000,0,shelter,2,0
recoverable_risky_corridor-sarsa-s12-4e2be0935b0a,12,sarsa,recoverable,0.835,1,100000,100000,0,shelter,2,0
recoverable_risky_corridor-sarsa-s12-4e5310503342,12,sarsa,recoverable,1,0.25,25000,25000,0,corridor,1,1
recoverable_risky_corridor-sarsa-s12-4e5310503342,12,sarsa,recoverable,1,0.5,50000,50000,0,corridor,1,1
recoverable_risky_corridor-sarsa-s12-4e5310503342,12,sarsa,recoverable,1,0.75,75000,75000,0,corridor,1,1
recoverable_risky_corridor-sarsa-s12-4e5310503342,12,sarsa,recoverable,1,1,100000,100000,0,corridor,1,1
recoverable_risky_corridor-sarsa-s12-615f7cb169d1,12,sarsa,recoverable,0.7,0.25,25000,25000,0,shelter,2,0
recoverable_risky_corridor-sarsa-s12-615f7cb169d1,12,sarsa,recoverable,0.7,0.5,50000,50000,0,shelter,2,0
recoverable_risky_corridor-sarsa-s12-615f7cb169d1,12,sarsa,recoverable,0.7,0.75,75000,75000,0,shelter,2,0
recoverable_risky_corridor-sarsa-s12-615f7cb169d1,12,sarsa,recoverable,0.7,1,100000,100000,0,shelter,2,0
recoverable_risky_corridor-sarsa-s12-623f16cffe60,12,sarsa,recoverable,0.86,0.25,25000,25000,0,corridor,1,1
recoverable_risky_corridor-sarsa-s12-623f16cffe60,12,sarsa,recoverable,0.86,0.5,50000,50000,0,shelter,2,0
recoverable_risky_corridor-sarsa-s12-623f16cffe60,12,sarsa,recoverable,0.86,0.75,75000,75000,0,corridor,1,1
recoverable_risky_corridor-sarsa-s12-623f16cffe60,12,sarsa,recoverable,0.86,1,100000,100000,0,shelter,2,0
recoverable_risky_corridor-sarsa-s12-6ef15d66c9be,12,sarsa,recoverable,0.88,0.25,25000,25000,0,corridor,1,1
recoverable_risky_corridor-sarsa-s12-6ef15d66c9be,12,sarsa,recoverable,0.88,0.5,50000,50000,0,shelter,2,0
recoverable_risky_corridor-sarsa-s12-6ef15d66c9be,12,sarsa,recoverable,0.88,0.75,75000,75000,0,corridor,1,1
recoverable_risky_corridor-sarsa-s12-6ef15d66c9be,12,sarsa,recoverable,0.88,1,100000,100000,0,corridor,1,1
recoverable_risky_corridor-sarsa-s12-819a511fecdc,12,sarsa,recoverable,0.79,0.25,25000,25000,0,shelter,2,0
recoverable_risky_corridor-sarsa-s12-819a511fecdc,12,sarsa,recoverable,0.79,0.5,50000,50000,0,shelter,2,0
recoverable_risky_corridor-sarsa-s12-819a511fecdc,12,sarsa,recoverable,0.79,0.75,75000,75000,0,shelter,2,0
recoverable_risky_corridor-sarsa-s12-819a511fecdc,12,sarsa,recoverable,0.79,1,100000,100000,0,shelter,2,0
recoverable_risky_corridor-sarsa-s12-8aae92094c6f,12,sarsa,recoverable,0.805,0.25,25000,25000,0,shelter,2,0
recoverable_risky_corridor-sarsa-s12-8aae92094c6f,12,sarsa,recoverable,0.805,0.5,50000,50000,0,corridor,1,1
recoverable_risky_corridor-sarsa-s12-8aae92094c6f,12,sarsa,recoverable,0.805,0.75,75000,75000,0,shelter,2,0
recoverable_risky_corridor-sarsa-s12-8aae92094c6f,12,sarsa,recoverable,0.805,1,100000,100000,0,shelter,2,0
recoverable_risky_corridor-sarsa-s12-995f31cd695c,12,sarsa,recoverable,0.85,0.25,25000,25000,0,corridor,1,1
recoverable_risky_corridor-sarsa-s12-995f31cd695c,12,sarsa,recoverable,0.85,0.5,50000,50000,0,corridor,1,1
recoverable_risky_corridor-sarsa-s12-995f31cd695c,12,sarsa,recoverable,0.85,0.75,75000,75000,0,shelter,2,0
recoverable_risky_corridor-sarsa-s12-995f31cd695c,12,sarsa,recoverable,0.85,1,100000,100000,0,corridor,1,1
recoverable_risky_corridor-sarsa-s12-9ae3c40b393a,12,sarsa,recoverable,0.8,0.25,25000,25000,0,shelter,2,0
recoverable_risky_corridor-sarsa-s12-9ae3c40b393a,12,sarsa,recoverable,0.8,0.5,50000,50000,0,shelter,2,0
recoverable_risky_corridor-sarsa-s12-9ae3c40b393a,12,sarsa,recoverable,0.8,0.75,75000,75000,0,shelter,2,0
recoverable_risky_corridor-sarsa-s12-9ae3c40b393a,12,sarsa,recoverable,0.8,1,100000,100000,0,shelter,2,0
recoverable_risky_corridor-sarsa-s12-ae1c9d570a43,12,sarsa,recoverable,0.78,0.25,25000,25000,0,shelter,2,0
recoverable_risky_corridor-sarsa-s12-ae1c9d570a43,12,sarsa,recoverable,0.78,0.5,50000,50000,0,corridor,1,1
recoverable_risky_corridor-sarsa-s12-ae1c9d570a43,12,sarsa,recoverable,0.78,0.75,75000,75000,0,shelter,2,0
recoverable_risky_corridor-sarsa-s12-ae1c9d570a43,12,sarsa,recoverable,0.78,1,100000,100000,0,shelter,2,0
recoverable_risky_corridor-sarsa-s12-e756cc8df629,12,sarsa,recoverable,0.9,0.25,25000,25000,0,corridor,1,1
recoverable_risky_corridor-sarsa-s12-e756cc8df629,12,sarsa,recoverable,0.9,0.5,50000,50000,0,corridor,1,1
recoverable_risky_corridor-sarsa-s12-e756cc8df629,12,sarsa,recoverable,0.9,0.75,75000,75000,0,corridor,1,1
recoverable_risky_corridor-sarsa-s12-e756cc8df629,12,sarsa,recoverable,0.9,1,100000,100000,0,shelter,2,0
recoverable_risky_corridor-sarsa-s12-eb2bd39ccd5e,12,sarsa,recoverable,0.855,0.25,25000,25000,0,corridor,1,1
recoverable_risky_corridor-sarsa-s12-eb2bd39ccd5e,12,sarsa,recoverable,0.855,0.5,50000,50000,0,corridor,1,1
recoverable_risky_corridor-sarsa-s12-eb2bd39ccd5e,12,sarsa,recoverable,0.855,0.75,75000,75000,0,shelter,2,0
recoverable_risky_corridor-sarsa-s12-eb2bd39ccd5e,12,sarsa,recoverable,0.855,1,100000,100000,0,shelter,2,0
recoverable_risky_corridor-sarsa-s12-ef05c43a41dd,12,sarsa,recoverable,0.825,0.25,25000,25000,0,corridor,1,1
recoverable_risky_corridor-sarsa-s12-ef05c43a41dd,12,sarsa,recoverable,0.825,0.5,50000,50000,0,shelter,2,0
recoverable_risky_corridor-sarsa-s12-ef05c43a41dd,12,sarsa,recoverable,0.825,0.75,75000,75000,0,corridor,1,1
recoverable_risky_corridor-sarsa-s12-ef05c43a41dd,12,sarsa,recoverable,0.825,1,100000,100000,0,shelter,2,0
recoverable_risky_corridor-sarsa-s12-f7c9f92d5bf5,12,sarsa,recoverable,0.84,0.25,25000,25000,0,corridor,1,1
recoverable_risky_corridor-sarsa-s12-f7c9f92d5bf5,12,sarsa,recoverable,0.84,0.5,50000,50000,0,shelter,2,0
recoverable_risky_corridor-sarsa-s12-f7c9f92d5bf5,12,sarsa,recoverable,0.84,0.75,75000,75000,0,shelter,2,0
recoverable_risky_corridor-sarsa-s12-f7c9f92d5bf5,12,sarsa,recoverable,0.84,1,100000,100000,0,corridor,1,1
recoverable_risky_corridor-sarsa-s12-fda168875633,12,sarsa,recoverable,0.82,0.25,25000,25000,0,corridor,1,1
recoverable_risky_corridor-sarsa-s12-fda168875633,12,sarsa,recoverable,0.82,0.5,50000,50000,0,shelter,2,0
recoverable_risky_corridor-sarsa-s12-fda168875633,12,sarsa,recoverable,0.82,0.75,75000,75000,0,shelter,2,0
recoverable_risky_corridor-sarsa-s12-fda168875633,12,sarsa,recoverable,0.82,1,100000,100000,0,corridor,1,1
recoverable_risky_corridor-sarsa-s13-039764ff8e46,13,sarsa,recoverable,0.825,0.25,25000,25000,0,corridor,1,1
recoverable_risky_corridor-sarsa-s13-039764ff8e46,13,sarsa,recoverable,0.825,0.5,50000,50000,0,shelter,2,0
recoverable_risky_corridor-sarsa-s13-039764ff8e46,13,sarsa,recoverable,0.825,0.75,75000,75000,0,corridor,1,1
recoverable_risky_corridor-sarsa-s13-039764ff8e46,13,sarsa,recoverable,0.825,1,100000,100000,0,corridor,1,1
recoverable_risky_corridor-sarsa-s13-212829ab1d5d,13,sarsa,recoverable,0.86,0.25,25000,25000,0,corridor,1,1
recoverable_risky_corridor-sarsa-s13-212829ab1d5d,13,sarsa,recoverable,0.86,0.5,50000,50000,0,corridor,1,1
recoverable_risky_corridor-sarsa-s13-212829ab1d5d,13,sarsa,recoverable,0.86,0.75,75000,75000,0,shelter,2,0
recoverable_risky_corridor-sarsa-s13-212829ab1d5d,13,sarsa,recoverable,0.86,1,100000,100000,0,corridor,1,1
recoverable_risky_corridor-sarsa-s13-3cc643c18993,13,sarsa,recoverable,0.82,0.25,25000,25000,0,corridor,1,1
recoverable_risky_corridor-sarsa-s13-3cc643c18993,13,sarsa,recoverable,0.82,0.5,50000,50000,0,shelter,2,0
recoverable_risky_corridor-sarsa-s13-3cc643c18993,13,sarsa,recoverable,0.82,0.75,75000,75000,0,corridor,1,1
recoverable_risky_corridor-sarsa-s13-3cc643c18993,13,sarsa,recoverable,0.82,1,100000,100000,0,shelter,2,0
recoverable_risky_corridor-sarsa-s13-3e279c96673d,13,sarsa,recoverable,0.81,0.25,25000,25000,0,corridor,1,1
recoverable_risky_corridor-sarsa-s13-3e279c96673d,13,sarsa,recoverable,0.81,0.5,50000,50000,0,shelter,2,0
recoverable_risky_corridor-sarsa-s13-3e279c96673d,13,sarsa,recoverable,0.81,0.75,75000,75000,0,shelter,2,0
recoverable_risky_corridor-sarsa-s13-3e279c96673d,13,sarsa,recoverable,0.81,1,100000,100000,0,shelter,2,0
recoverable_risky_corridor-sarsa-s13-4776129164ee,13,sarsa,recoverable,0.7,0.25,25000,25000,0,shelter,2,0
recoverable_risky_corridor-sarsa-s13-4776129164ee,13,sarsa,recoverable,0.7,0.5,50000,50000,0,shelter,2,0
recoverable_risky_corridor-sarsa-s13-4776129164ee,13,sarsa,recoverable,0.7,0.75,75000,75000,0,shelter,2,0
recoverable_risky_corridor-sarsa-s13-4776129164ee,13,sarsa,recoverable,0.7,1,100000,100000,0,shelter,2,0
recoverable_risky_corridor-sarsa-s13-5663983024af,13,sarsa,recoverable,0.84,0.25,25000,25000,0,corridor,1,1
recoverable_risky_corridor-sarsa-s13-5663983024af,13,sarsa,recoverable,0.84,0.5,50000,50000,0,shelter,2,0
recoverable_risky_corridor-sarsa-s13-5663983024af,13,sarsa,recoverable,0.84,0.75,75000,75000,0,shelter,2,0
recoverable_risky_corridor-sarsa-s13-5663983024af,13,sarsa,recoverable,0.84,1,100000,100000,0,corridor,1,1
recoverable_risky_corridor-sarsa-s13-59e35bb00158,13,sarsa,recoverable,0.855,0.25,25000,25000,0,corridor,1,1
recoverable_risky_corridor-sarsa-s13-59e35bb00158,13,sarsa,recoverable,0.855,0.5,50000,50000,0,corridor,1,1
recoverable_risky_corridor-sarsa-s13-59e35bb00158,13,sarsa,recoverable,0.855,0.75,75000,75000,0,corridor,1,1
recoverable_risky_corridor-sarsa-s13-59e35bb00158,13,sarsa,recoverable,0.855,1,100000,100000,0,corridor,1,1
recoverable_risky_corridor-sarsa-s13-916044b083e5,13,sarsa,recoverable,0.78,0.25,25000,25000,0,corridor,1,1
recoverable_risky_corridor-sarsa-s13-916044b083e5,13,sarsa,recoverable,0.78,0.5,50000,50000,0,shelter,2,0
recoverable_risky_corridor-sarsa-s13-916044b083e5,13,sarsa,recoverable,0.78,0.75,75000,75000,0,shelter,2,0
recoverable_risky_corridor-sarsa-s13-916044b083e5,13,sarsa,recoverable,0.78,1,100000,100000,0,shelter,2,0
recoverable_risky_corridor-sarsa-s13-9ab7892bcba5,13,sarsa,recoverable,0.85,0.25,25000,25000,0,shelter,2,0
recoverable_risky_corridor-sarsa-s13-9ab7892bcba5,13,sarsa,recoverable,0.85,0.5,50000,50000,0,corridor,1,1
recoverable_risky_corridor-sarsa-s13-9ab7892bcba5,13,sarsa,recoverable,0.85,0.75,75000,75000,0,shelter,2,0
recoverable_risky_corridor-sarsa-s13-9ab7892bcba5,13,sarsa,recoverable,0.85,1,100000,100000,0,corridor,1,1
recoverable_risky_corridor-sarsa-s13-9fdf971f9725,13,sarsa,recoverable,0.805,0.25,25000,25000,0,shelter,2,0
recoverable_risky_corridor-sarsa-s13-9fdf971f9725,13,sarsa,recoverable,0.805,0.5,50000,50000,0,shelter,2,0
recoverable_risky_corridor-sarsa-s13-9fdf971f9725,13,sarsa,recoverable,0.805,0.75,75000,75000,0,shelter,2,0
recoverable_risky_corridor-sarsa-s13-9fdf971f9725,13,sarsa,recoverable,0.805,1,100000,100000,0,shelter,2,0
recoverable_risky_corridor-sarsa-s13-a39086510c5a,13,sarsa,recoverable,0.9,0.25,25000,25000,0,corridor,1,1
recoverable_risky_corridor-sarsa-s13-a39086510c5a,13,sarsa,recoverable,0.9,0.5,50000,50000,0,corridor,1,1
recoverable_risky_corridor-sarsa-s13-a39086510c5a,13,sarsa,recoverable,0.9,0.75,75000,75000,0,corridor,1,1
recoverable_risky_corridor-sarsa-s13-a39086510c5a,13,sarsa,recoverable,0.9,1,100000,100000,0,corridor,1,1
recoverable_risky_corridor-sarsa-s13-c053810b61b0,13,sarsa,recoverable,0.845,0.25,25000,25000,0,corridor,1,1
recoverable_risky_corridor-sarsa-s13-c053810b61b0,13,sarsa,recoverable,0.845,0.5,50000,50000,0,shelter,2,0
recoverable_risky_corridor-sarsa-s13-c053810b61b0,13,sarsa,recoverable,0.845,0.75,75000,75000,0,shelter,2,0
recoverable_risky_corridor-sarsa-s13-c053810b61b0,13,sarsa,recoverable,0.845,1,100000,100000,0,corridor,1,1
recoverable_risky_corridor-sarsa-s13-c98f89dab55c,13,sarsa,recoverable,0.88,0.25,25000,25000,0,corridor,1,1
recoverable_risky_corridor-sarsa-s13-c98f89dab55c,13,sarsa,recoverable,0.88,0.5,50000,50000,0,shelter,2,0
recoverable_risky_corridor-sarsa-s13-c98f89dab55c,13,sarsa,recoverable,0.88,0.75,75000,75000,0,corridor,1,1
recoverable_risky_corridor-sarsa-s13-c98f89dab55c,13,sarsa,recoverable,0.88,1,100000,100000,0,corridor,1,1
recoverable_risky_corridor-sarsa-s13-d777a3cf0238,13,sarsa,recoverable,0.6,0.25,25000,25000,0,shelter,2,0
recoverable_risky_corridor-sarsa-s13-d777a3cf0238,13,sarsa,recoverable,0.6,0.5,50000,50000,0,shelter,2,0
recoverable_risky_corridor-sarsa-s13-d777a3cf0238,13,sarsa,recoverable,0.6,0.75,75000,75000,0,shelter,2,0
recoverable_risky_corridor-sarsa-s13-d777a3cf0238,13,sarsa,recoverable,0.6,1,100000,100000,0,shelter,2,0
recoverable_risky_corridor-sarsa-s13-d7bd85391bff,13,sarsa,recoverable,0.835,0.25,25000,25000,0,corridor,1,1
recoverable_risky_corridor-sarsa-s13-d7bd85391bff,13,sarsa,recoverable,0.835,0.5,50000,50000,0,shelter,2,0
recoverable_risky_corridor-sarsa-s13-d7bd85391bff,13,sarsa,recoverable,0.835,0.75,75000,75000,0,corridor,1,1
recoverable_risky_corridor-sarsa-s13-d7bd85391bff,13,sarsa,recoverable,0.835,1,100000,100000,0,shelter,2,0
recoverable_risky_corridor-sarsa-s13-db672dae0774,13,sarsa,recoverable,0.79,0.25,25000,25000,0,shelter,2,0
recoverable_risky_corridor-sarsa-s13-db672dae0774,13,sarsa,recoverable,0.79,0.5,50000,50000,0,shelter,2,0
recoverable_risky_corridor-sarsa-s13-db672dae0774,13,sarsa,recoverable,0.79,0.75,75000,75000,0,shelter,2,0
recoverable_risky_corridor-sarsa-s13-db672dae0774,13,sarsa,recoverable,0.79,1,100000,100000,0,shelter,2,0
recoverable_risky_corridor-sarsa-s13-f26871212e74,13,sarsa,recoverable,0.8,0.25,25000,25000,0,shelter,2,0
recoverable_risky_corridor-sarsa-s13-f26871212e74,13,sarsa,recoverable,0.8,0.5,50000,50000,0,shelter,2,0
recoverable_risky_corridor-sarsa-s13-f26871212e74,13,sarsa,recoverable,0.8,0.75,75000,75000,0,shelter,2,0
recoverable_risky_corridor-sarsa-s13-f26871212e74,13,sarsa,recoverable,0.8,1,100000,100000,0,shelter,2,0
recoverable_risky_corridor-sarsa-s13-f5ccfe6c8426,13,sarsa,recoverable,1,0.25,25000,25000,0,corridor,1,1
recoverable_risky_corridor-sarsa-s13-f5ccfe6c8426,13,sarsa,recoverable,1,0.5,50000,50000,0,corridor,1,1
recoverable_risky_corridor-sarsa-s13-f5ccfe6c8426,13,sarsa,recoverable,1,0.75,75000,75000,0,corridor,1,1
recoverable_risky_corridor-sarsa-s13-f5ccfe6c8426,13,sarsa,recoverable,1,1,100000,100000,0,corridor,1,1
recoverable_risky_corridor-sarsa-s14-008add761bcd,14,sarsa,recoverable,0.7,0.25,25000,25000,0,shelter,2,0
recoverable_risky_corridor-sarsa-s14-008add761bcd,14,sarsa,recoverable,0.7,0.5,50000,50000,0,shelter,2,0
recoverable_risky_corridor-sarsa-s14-008add761bcd,14,sarsa,recoverable,0.7,0.75,75000,75000,0,shelter,2,0
recoverable_risky_corridor-sarsa-s14-008add761bcd,14,sarsa,recoverable,0.7,1,100000,100000,0,shelter,2,0
recoverable_risky_corridor-sarsa-s14-11fea55d5424,14,sarsa,recoverable,0.78,0.25,25000,25000,0,shelter,2,0
recoverable_risky_corridor-sarsa-s14-11fea55d5424,14,sarsa,recoverable,0.78,0.5,50000,50000,0,shelter,2,0
recoverable_risky_corridor-sarsa-s14-11fea55d5424,14,sarsa,recoverable,0.78,0.75,75000,75000,0,shelter,2,0
recoverable_risky_corridor-sarsa-s14-11fea55d5424,14,sarsa,recoverable,0.78,1,100000,100000,0,shelter,2,0
recoverable_risky_corridor-sarsa-s14-1448c4fecb36,14,sarsa,recoverable,0.81,0.25,25000,25000,0,corridor,1,1
recoverable_risky_corridor-sarsa-s14-1448c4fecb36,14,sarsa,recoverable,0.81,0.5,50000,50000,0,shelter,2,0
recoverable_risky_corridor-sarsa-s14-1448c4fecb36,14,sarsa,recoverable,0.81,0.75,75000,75000,0,shelter,2,0
recoverable_risky_corridor-sarsa-s14-1448c4fecb36,14,sarsa,recoverable,0.81,1,100000,100000,0,shelter,2,0
recoverable_risky_corridor-sarsa-s14-193b3118055b,14,sarsa,recoverable,0.88,0.25,25000,25000,0,corridor,1,1
recoverable_risky_corridor-sarsa-s14-193b3118055b,14,sarsa,recoverable,0.88,0.5,50000,50000,0,corridor,1,1
recoverable_risky_corridor-sarsa-s14-193b3118055b,14,sarsa,recoverable,0.88,0.75,75000,75000,0,corridor,1,1
recoverable_risky_corridor-sarsa-s14-193b3118055b,14,sarsa,recoverable,0.88,1,100000,100000,0,corridor,1,1
recoverable_risky_corridor-sarsa-s14-22b8880c94ba,14,sarsa,recoverable,0.835,0.25,25000,25000,0,corridor,1,1
recoverable_risky_corridor-sarsa-s14-22b8880c94ba,14,sarsa,recoverable,0.835,0.5,50000,50000,0,corridor,1,1
recoverable_risky_corridor-sarsa-s14-22b8880c94ba,14,sarsa,recoverable,0.835,0.75,75000,75000,0,shelter,2,0
recoverable_risky_corridor-sarsa-s14-22b8880c94ba,14,sarsa,recoverable,0.835,1,100000,100000,0,corridor,1,1
recoverable_risky_corridor-sarsa-s14-2670e87d2b6f,14,sarsa,recoverable,1,0.25,25000,25000,0,corridor,1,1
recoverable_risky_corridor-sarsa-s14-2670e87d2b6f,14,sarsa,recoverable,1,0.5,50000,50000,0,corridor,1,1
recoverable_risky_corridor-sarsa-s14-2670e87d2b6f,14,sarsa,recoverable,1,0.75,75000,75000,0,corridor,1,1
recoverable_risky_corridor-sarsa-s14-2670e87d2b6f,14,sarsa,recoverable,1,1,100000,100000,0,corridor,1,1
recoverable_risky_corridor-sarsa-s14-411dc88ce222,14,sarsa,recoverable,0.825,0.25,25000,25000,0,corridor,1,1
recoverable_risky_corridor-sarsa-s14-411dc88ce222,14,sarsa,recoverable,0.825,0.5,50000,50000,0,shelter,2,0
recoverable_risky_corridor-sarsa-s14-411dc88ce222,14,sarsa,recoverable,0.825,0.75,75000,75000,0,shelter,2,0
recoverable_risky_corridor-sarsa-s14-411dc88ce222,14,sarsa,recoverable,0.825,1,100000,100000,0,shelter,2,0
recoverable_risky_corridor-sarsa-s14-43cf002bbaa1,14,sarsa,recoverable,0.9,0.25,25000,25000,0,corridor,1,1
recoverable_risky_corridor-sarsa-s14-43cf002bbaa1,14,sarsa,recoverable,0.9,0.5,50000,50000,0,corridor,1,1
recoverable_risky_corridor-sarsa-s14-43cf002bbaa1,14,sarsa,recoverable,0.9,0.75,75000,75000,0,corridor,1,1
recoverable_risky_corridor-sarsa-s14-43cf002bbaa1,14,sarsa,recoverable,0.9,1,100000,100000,0,corridor,1,1
recoverable_risky_corridor-sarsa-s14-57cccc8097cb,14,sarsa,recoverable,0.85,0.25,25000,25000,0,corridor,1,1
recoverable_risky_corridor-sarsa-s14-57cccc8097cb,14,sarsa,recoverable,0.85,0.5,50000,50000,0,shelter,2,0
recoverable_risky_corridor-sarsa-s14-57cccc8097cb,14,sarsa,recoverable,0.85,0.75,75000,75000,0,corridor,1,1
recoverable_risky_corridor-sarsa-s14-57cccc8097cb,14,sarsa,recoverable,0.85,1,100000,100000,0,corridor,1,1
recoverable_risky_corridor-sarsa-s14-61bc5039bf9b,14,sarsa,recoverable,0.84,0.25,25000,25000,0,corridor,1,1
recoverable_risky_corridor-sarsa-s14-61bc5039bf9b,14,sarsa,recoverable,0.84,0.5,50000,50000,0,shelter,2,0
recoverable_risky_corridor-sarsa-s14-61bc5039bf9b,14,sarsa,recoverable,0.84,0.75,75000,75000,0,shelter,2,0
recoverable_risky_corridor-sarsa-s14-61bc5039bf9b,14,sarsa,recoverable,0.84,1,100000,100000,0,corridor,1,1
recoverable_risky_corridor-sarsa-s14-74bf91969770,14,sarsa,recoverable,0.845,0.25,25000,25000,0,corridor,1,1
recoverable_risky_corridor-sarsa-s14-74bf91969770,14,sarsa,recoverable,0.845,0.5,50000,50000,0,shelter,2,0
recoverable_risky_corridor-sarsa-s14-74bf91969770,14,sarsa,recoverable,0.845,0.75,75000,75000,0,shelter,2,0
recoverable_risky_corridor-sarsa-s14-74bf91969770,14,sarsa,recoverable,0.845,1,100000,100000,0,shelter,2,0
recoverable_risky_corridor-sarsa-s14-81f1f59ecf05,14,sarsa,recoverable,0.79,0.25,25000,25000,0,shelter,2,0
recoverable_risky_corridor-sarsa-s14-81f1f59ecf05,14,sarsa,recoverable,0.79,0.5,50000,50000,0,shelter,2,0
recoverable_risky_corridor-sarsa-s14-81f1f59ecf05,14,sarsa,recoverable,0.79,0.75,75000,75000,0,shelter,2,0
recoverable_risky_corridor-sarsa-s14-81f1f59ecf05,14,sarsa,recoverable,0.79,1,100000,100000,0,shelter,2,0
recoverable_risky_corridor-sarsa-s14-8579b1945485,14,sarsa,recoverable,0.8,0.25,25000,25000,0,corridor,1,1
recoverable_risky_corridor-sarsa-s14-8579b1945485,14,sarsa,recoverable,0.8,0.5,50000,50000,0,shelter,2,0
recoverable_risky_corridor-sarsa-s14-8579b1945485,14,sarsa,recoverable,0.8,0.75,75000,75000,0,shelter,2,0
recoverable_risky_corridor-sarsa-s14-8579b1945485,14,sarsa,recoverable,0.8,1,100000,100000,0,shelter,2,0
recoverable_risky_corridor-sarsa-s14-9645ad27ebe7,14,sarsa,recoverable,0.86,0.25,25000,25000,0,corridor,1,1
recoverable_risky_corridor-sarsa-s14-9645ad27ebe7,14,sarsa,recoverable,0.86,0.5,50000,50000,0,shelter,2,0
recoverable_risky_corridor-sarsa-s14-9645ad27ebe7,14,sarsa,recoverable,0.86,0.75,75000,75000,0,corridor,1,1
recoverable_risky_corridor-sarsa-s14-9645ad27ebe7,14,sarsa,recoverable,0.86,1,100000,100000,0,corridor,1,1
recoverable_risky_corridor-sarsa-s14-99cddb5a9f63,14,sarsa,recoverable,0.82,0.25,25000,25000,0,shelter,2,0
recoverable_risky_corridor-sarsa-s14-99cddb5a9f63,14,sarsa,recoverable,0.82,0.5,50000,50000,0,shelter,2,0
recoverable_risky_corridor-sarsa-s14-99cddb5a9f63,14,sarsa,recoverable,0.82,0.75,75000,75000,0,shelter,2,0
recoverable_risky_corridor-sarsa-s14-99cddb5a9f63,14,sarsa,recoverable,0.82,1,100000,100000,0,shelter,2,0
recoverable_risky_corridor-sarsa-s14-9a9dfbdcdf93,14,sarsa,recoverable,0.855,0.25,25000,25000,0,corridor,1,1
recoverable_risky_corridor-sarsa-s14-9a9dfbdcdf93,14,sarsa,recoverable,0.855,0.5,50000,50000,0,shelter,2,0
recoverable_risky_corridor-sarsa-s14-9a9dfbdcdf93,14,sarsa,recoverable,0.855,0.75,75000,75000,0,corridor,1,1
recoverable_risky_corridor-sarsa-s14-9a9dfbdcdf93,14,sarsa,recoverable,0.855,1,100000,100000,0,shelter,2,0
recoverable_risky_corridor-sarsa-s14-a29d85250c15,14,sarsa,recoverable,0.805,0.25,25000,25000,0,corridor,1,1
recoverable_risky_corridor-sarsa-s14-a29d85250c15,14,sarsa,recoverable,0.805,0.5,50000,50000,0,shelter,2,0
recoverable_risky_corridor-sarsa-s14-a29d85250c15,14,sarsa,recoverable,0.805,0.75,75000,75000,0,shelter,2,0
recoverable_risky_corridor-sarsa-s14-a29d85250c15,14,sarsa,recoverable,0.805,1,100000,100000,0,shelter,2,0
recoverable_risky_corridor-sarsa-s14-e35e059d4184,14,sarsa,recoverable,0.6,0.25,25000,25000,0,shelter,2,0
recoverable_risky_corridor-sarsa-s14-e35e059d4184,14,sarsa,recoverable,0.6,0.5,50000,50000,0,shelter,2,0
recoverable_risky_corridor-sarsa-s14-e35e059d4184,14,sarsa,recoverable,0.6,0.75,75000,75000,0,shelter,2,0
recoverable_risky_corridor-sarsa-s14-e35e059d4184,14,sarsa,recoverable,0.6,1,100000,100000,0,shelter,2,0
recoverable_risky_corridor-sarsa-s15-0978dde5ce8a,15,sarsa,recoverable,0.84,0.25,25000,25000,0,corridor,1,1
recoverable_risky_corridor-sarsa-s15-0978dde5ce8a,15,sarsa,recoverable,0.84,0.5,50000,50000,0,corridor,1,1
recoverable_risky_corridor-sarsa-s15-0978dde5ce8a,15,sarsa,recoverable,0.84,0.75,75000,75000,0,shelter,2,0
recoverable_risky_corridor-sarsa-s15-0978dde5ce8a,15,sarsa,recoverable,0.84,1,100000,100000,0,shelter,2,0
recoverable_risky_corridor-sarsa-s15-0c9dfc4aa25a,15,sarsa,recoverable,0.835,0.25,25000,25000,0,corridor,1,1
recoverable_risky_corridor-sarsa-s15-0c9dfc4aa25a,15,sarsa,recoverable,0.835,0.5,50000,50000,0,shelter,2,0
recoverable_risky_corridor-sarsa-s15-0c9dfc4aa25a,15,sarsa,recoverable,0.835,0.75,75000,75000,0,shelter,2,0
recoverable_risky_corridor-sarsa-s15-0c9dfc4aa25a,15,sarsa,recoverable,0.835,1,100000,100000,0,shelter,2,0
recoverable_risky_corridor-sarsa-s15-147a5556e017,15,sarsa,recoverable,0.6,0.25,25000,25000,0,shelter,2,0
recoverable_risky_corridor-sarsa-s15-147a5556e017,15,sarsa,recoverable,0.6,0.5,50000,50000,0,shelter,2,0
recoverable_risky_corridor-sarsa-s15-147a5556e017,15,sarsa,recoverable,0.6,0.75,75000,75000,0,shelter,2,0
recoverable_risky_corridor-sarsa-s15-147a5556e017,15,sarsa,recoverable,0.6,1,100000,100000,0,shelter,2,0
recoverable_risky_corridor-sarsa-s15-1672c273a222,15,sarsa,recoverable,1,0.25,25000,25000,0,corridor,1,1
recoverable_risky_corridor-sarsa-s15-1672c273a222,15,sarsa,recoverable,1,0.5,50000,50000,0,corridor,1,1
recoverable_risky_corridor-sarsa-s15-1672c273a222,15,sarsa,recoverable,1,0.75,75000,75000,0,corridor,1,1
recoverable_risky_corridor-sarsa-s15-1672c273a222,15,sarsa,recoverable,1,1,100000,100000,0,corridor,1,1
recoverable_risky_corridor-sarsa-s15-25dcb5fc77e6,15,sarsa,recoverable,0.82,0.25,25000,25000,0,shelter,2,0
recoverable_risky_corridor-sarsa-s15-25dcb5fc77e6,15,sarsa,recoverable,0.82,0.5,50000,50000,0,corridor,1,1
recoverable_risky_corridor-sarsa-s15-25dcb5fc77e6,15,sarsa,recoverable,0.82,0.75,75000,75000,0,shelter,2,0
recoverable_risky_corridor-sarsa-s15-25dcb5fc77e6,15,sarsa,recoverable,0.82,1,100000,100000,0,shelter,2,0
recoverable_risky_corridor-sarsa-s15-413a540fbf76,15,sarsa,recoverable,0.79,0.25,25000,25000,0,corridor,1,1
recoverable_risky_corridor-sarsa-s15-413a540fbf76,15,sarsa,recoverable,0.79,0.5,50000,50000,0,shelter,2,0
recoverable_risky_corridor-sarsa-s15-413a540fbf76,15,sarsa,recoverable,0.79,0.75,75000,75000,0,shelter,2,0
recoverable_risky_corridor-sarsa-s15-413a540fbf76,15,sarsa,recoverable,0.79,1,100000,100000,0,shelter,2,0
recoverable_risky_corridor-sarsa-s15-5363e9d35287,15,sarsa,recoverable,0.7,0.25,25000,25000,0,shelter,2,0
recoverable_risky_corridor-sarsa-s15-5363e9d35287,15,sarsa,recoverable,0.7,0.5,50000,50000,0,shelter,2,0
recoverable_risky_corridor-sarsa-s15-5363e9d35287,15,sarsa,recoverable,0.7,0.75,75000,75000,0,shelter,2,0
recoverable_risky_corridor-sarsa-s15-5363e9d35287,15,sarsa,recoverable,0.7,1,100000,100000,0,shelter,2,0
recoverable_risky_corridor-sarsa-s15-61dc6b246665,15,sarsa,recoverable,0.81,0.25,25000,25000,0,corridor,1,1
recoverable_risky_corridor-sarsa-s15-61dc6b246665,15,sarsa,recoverable,0.81,0.5,50000,50000,0,shelter,2,0
recoverable_risky_corridor-sarsa-s15-61dc6b246665,15,sarsa,recoverable,0.81,0.75,75000,75000,0,shelter,2,0
recoverable_risky_corridor-sarsa-s15-61dc6b246665,15,sarsa,recoverable,0.81,1,100000,100000,0,shelter,2,0
recoverable_risky_corridor-sarsa-s15-810e538a24ef,15,sarsa,recoverable,0.78,0.25,25000,25000,0,shelter,2,0
recoverable_risky_corridor-sarsa-s15-810e538a24ef,15,sarsa,recoverable,0.78,0.5,50000,50000,0,shelter,2,0
recoverable_risky_corridor-sarsa-s15-810e538a24ef,15,sarsa,recoverable,0.78,0.75,75000,75000,0,shelter,2,0
recoverable_risky_corridor-sarsa-s15-810e538a24ef,15,sarsa,recoverable,0.78,1,100000,100000,0,shelter,2,0
recoverable_risky_corridor-sarsa-s15-86be93d3ead6,15,sarsa,recoverable,0.805,0.25,25000,25000,0,corridor,1,1
recoverable_risky_corridor-sarsa-s15-86be93d3ead6,15,sarsa,recoverable,0.805,0.5,50000,50000,0,shelter,2,0
recoverable_risky_corridor-sarsa-s15-86be93d3ead6,15,sarsa,recoverable,0.805,0.75,75000,75000,0,shelter,2,0
recoverable_risky_corridor-sarsa-s15-86be93d3ead6,15,sarsa,recoverable,0.805,1,100000,100000,0,shelter,2,0
recoverable_risky_corridor-sarsa-s15-9596601aa1f4,15,sarsa,recoverable,0.845,0.25,25000,25000,0,corridor,1,1
recoverable_risky_corridor-sarsa-s15-9596601aa1f4,15,sarsa,recoverable,0.845,0.5,50000,50000,0,shelter,2,0
recoverable_risky_corridor-sarsa-s15-9596601aa1f4,15,sarsa,recoverable,0.845,0.75,75000,75000,0,shelter,2,0
recoverable_risky_corridor-sarsa-s15-9596601aa1f4,15,sarsa,recoverable,0.845,1,100000,100000,0,shelter,2,0
recoverable_risky_corridor-sarsa-s15-aa39cee52635,15,sarsa,recoverable,0.855,0.25,25000,25000,0,corridor,1,1
recoverable_risky_corridor-sarsa-s15-aa39cee52635,15,sarsa,recoverable,0.855,0.5,50000,50000,0,shelter,2,0
recoverable_risky_corridor-sarsa-s15-aa39cee52635,15,sarsa,recoverable,0.855,0.75,75000,75000,0,shelter,2,0
recoverable_risky_corridor-sarsa-s15-aa39cee52635,15,sarsa,recoverable,0.855,1,100000,100000,0,corridor,1,1
recoverable_risky_corridor-sarsa-s15-ad4027af1139,15,sarsa,recoverable,0.8,0.25,25000,25000,0,corridor,1,1
recoverable_risky_corridor-sarsa-s15-ad4027af1139,15,sarsa,recoverable,0.8,0.5,50000,50000,0,shelter,2,0
recoverable_risky_corridor-sarsa-s15-ad4027af1139,15,sarsa,recoverable,0.8,0.75,75000,75000,0,shelter,2,0
recoverable_risky_corridor-sarsa-s15-ad4027af1139,15,sarsa,recoverable,0.8,1,100000,100000,0,shelter,2,0
recoverable_risky_corridor-sarsa-s15-b59bd95e0afc,15,sarsa,recoverable,0.85,0.25,25000,25000,0,corridor,1,1
recoverable_risky_corridor-sarsa-s15-b59bd95e0afc,15,sarsa,recoverable,0.85,0.5,50000,50000,0,corridor,1,1
recoverable_risky_corridor-sarsa-s15-b59bd95e0afc,15,sarsa,recoverable,0.85,0.75,75000,75000,0,shelter,2,0
recoverable_risky_corridor-sarsa-s15-b59bd95e0afc,15,sarsa,recoverable,0.85,1,100000,100000,0,corridor,1,1
recoverable_risky_corridor-sarsa-s15-bbc21a86aa55,15,sarsa,recoverable,0.825,0.25,25000,25000,0,corridor,1,1
recoverable_risky_corridor-sarsa-s15-bbc21a86aa55,15,sarsa,recoverable,0.825,0.5,50000,50000,0,shelter,2,0
recoverable_risky_corridor-sarsa-s15-bbc21a86aa55,15,sarsa,recoverable,0.825,0.75,75000,75000,0,shelter,2,0
recoverable_risky_corridor-sarsa-s15-bbc21a86aa55,15,sarsa,recoverable,0.825,1,100000,100000,0,shelter,2,0
recoverable_risky_corridor-sarsa-s15-e6ffcb3ab661,15,sarsa,recoverable,0.86,0.25,25000,25000,0,corridor,1,1
recoverable_risky_corridor-sarsa-s15-e6ffcb3ab661,15,sarsa,recoverable,0.86,0.5,50000,50000,0,corridor,1,1
recoverable_risky_corridor-sarsa-s15-e6ffcb3ab661,15,sarsa,recoverable,0.86,0.75,75000,75000,0,shelter,2,0
recoverable_risky_corridor-sarsa-s15-e6ffcb3ab661,15,sarsa,recoverable,0.86,1,100000,100000,0,shelter,2,0
recoverable_risky_corridor-sarsa-s15-e87864c00dca,15,sarsa,recoverable,0.9,0.25,25000,25000,0,corridor,1,1
recoverable_risky_corridor-sarsa-s15-e87864c00dca,15,sarsa,recoverable,0.9,0.5,50000,50000,0,shelter,2,0
recoverable_risky_corridor-sarsa-s15-e87864c00dca,15,sarsa,recoverable,0.9,0.75,75000,75000,0,corridor,1,1
recoverable_risky_corridor-sarsa-s15-e87864c00dca,15,sarsa,recoverable,0.9,1,100000,100000,0,corridor,1,1
recoverable_risky_corridor-sarsa-s15-faad713d9d05,15,sarsa,recoverable,0.88,0.25,25000,25000,0,corridor,1,1
recoverable_risky_corridor-sarsa-s15-faad713d9d05,15,sarsa,recoverable,0.88,0.5,50000,50000,0,corridor,1,1
recoverable_risky_corridor-sarsa-s15-faad713d9d05,15,sarsa,recoverable,0.88,0.75,75000,75000,0,corridor,1,1
recoverable_risky_corridor-sarsa-s15-faad713d9d05,15,sarsa,recoverable,0.88,1,100000,100000,0,corridor,1,1
recoverable_risky_corridor-sarsa-s16-084092566955,16,sarsa,recoverable,0.805,0.25,25000,25000,0,shelter,2,0
recoverable_risky_corridor-sarsa-s16-084092566955,16,sarsa,recoverable,0.805,0.5,50000,50000,0,corridor,1,1
recoverable_risky_corridor-sarsa-s16-084092566955,16,sarsa,recoverable,0.805,0.75,75000,75000,0,shelter,2,0
recoverable_risky_corridor-sarsa-s16-084092566955,16,sarsa,recoverable,0.805,1,100000,100000,0,shelter,2,0
recoverable_risky_corridor-sarsa-s16-134335948c68,16,sarsa,recoverable,0.85,0.25,25000,25000,0,corridor,1,1
recoverable_risky_corridor-sarsa-s16-134335948c68,16,sarsa,recoverable,0.85,0.5,50000,50000,0,corridor,1,1
recoverable_risky_corridor-sarsa-s16-134335948c68,16,sarsa,recoverable,0.85,0.75,75000,75000,0,corridor,1,1
recoverable_risky_corridor-sarsa-s16-134335948c68,16,sarsa,recoverable,0.85,1,100000,100000,0,corridor,1,1
recoverable_risky_corridor-sarsa-s16-1faa62d64726,16,sarsa,recoverable,0.825,0.25,25000,25000,0,corridor,1,1
recoverable_risky_corridor-sarsa-s16-1faa62d64726,16,sarsa,recoverable,0.825,0.5,50000,50000,0,shelter,2,0
recoverable_risky_corridor-sarsa-s16-1faa62d64726,16,sarsa,recoverable,0.825,0.75,75000,75000,0,shelter,2,0
recoverable_risky_corridor-sarsa-s16-1faa62d64726,16,sarsa,recoverable,0.825,1,100000,100000,0,shelter,2,0
recoverable_risky_corridor-sarsa-s16-2a7fa6269847,16,sarsa,recoverable,0.845,0.25,25000,25000,0,corridor,1,1
recoverable_risky_corridor-sarsa-s16-2a7fa6269847,16,sarsa,recoverable,0.845,0.5,50000,50000,0,shelter,2,0
recoverable_risky_corridor-sarsa-s16-2a7fa6269847,16,sarsa,recoverable,0.845,0.75,75000,75000,0,shelter,2,0
recoverable_risky_corridor-sarsa-s16-2a7fa6269847,16,sarsa,recoverable,0.845,1,100000,100000,0,corridor,1,1
recoverable_risky_corridor-sarsa-s16-43f34145ed9e,16,sarsa,recoverable,0.835,0.25,25000,25000,0,corridor,1,1
recoverable_risky_corridor-sarsa-s16-43f34145ed9e,16,sarsa,recoverable,0.835,0.5,50000,50000,0,shelter,2,0
recoverable_risky_corridor-sarsa-s16-43f34145ed9e,16,sarsa,recoverable,0.835,0.75,75000,75000,0,shelter,2,0
recoverable_risky_corridor-sarsa-s16-43f34145ed9e,16,sarsa,recoverable,0.835,1,100000,100000,0,corridor,1,1
recoverable_risky_corridor-sarsa-s16-46f4a8bf9808,16,sarsa,recoverable,0.6,0.25,25000,25000,0,shelter,2,0
recoverable_risky_corridor-sarsa-s16-46f4a8bf9808,16,sarsa,recoverable,0.6,0.5,50000,50000,0,shelter,2,0
recoverable_risky_corridor-sarsa-s16-46f4a8bf9808,16,sarsa,recoverable,0.6,0.75,75000,75000,0,shelter,2,0
recoverable_risky_corridor-sarsa-s16-46f4a8bf9808,16,sarsa,recoverable,0.6,1,100000,100000,0,shelter,2,0
recoverable_risky_corridor-sarsa-s16-510daabc06f9,16,sarsa,recoverable,0.88,0.25,25000,25000,0,corridor,1,1
recoverable_risky_corridor-sarsa-s16-510daabc06f9,16,sarsa,recoverable,0.88,0.5,50000,50000,0,shelter,2,0
recoverable_risky_corridor-sarsa-s16-510daabc06f9,16,sarsa,recoverable,0.88,0.75,75000,75000,0,corridor,1,1
recoverable_risky_corridor-sarsa-s16-510daabc06f9,16,sarsa,recoverable,0.88,1,100000,100000,0,corridor,1,1
recoverable_risky_corridor-sarsa-s16-5a8dda48ea17,16,sarsa,recoverable,0.78,0.25,25000,25000,0,corridor,1,1
recoverable_risky_corridor-sarsa-s16-5a8dda48ea17,16,sarsa,recoverable,0.78,0.5,50000,50000,0,shelter,2,0
recoverable_risky_corridor-sarsa-s16-5a8dda48ea17,16,sarsa,recoverable,0.78,0.75,75000,75000,0,shelter,2,0
recoverable_risky_corridor-sarsa-s16-5a8dda48ea17,16,sarsa,recoverable,0.78,1,100000,100000,0,shelter,2,0
recoverable_risky_corridor-sarsa-s16-76b56b4365c1,16,sarsa,recoverable,0.82,0.25,25000,25000,0,corridor,1,1
recoverable_risky_corridor-sarsa-s16-76b56b4365c1,16,sarsa,recoverable,0.82,0.5,50000,50000,0,shelter,2,0
recoverable_risky_corridor-sarsa-s16-76b56b4365c1,16,sarsa,recoverable,0.82,0.75,75000,75000,0,shelter,2,0
recoverable_risky_corridor-sarsa-s16-76b56b4365c1,16,sarsa,recoverable,0.82,1,100000,100000,0,shelter,2,0
recoverable_risky_corridor-sarsa-s16-80c0b7211002,16,sarsa,recoverable,1,0.25,25000,25000,0,corridor,1,1
recoverable_risky_corridor-sarsa-s16-80c0b7211002,16,sarsa,recoverable,1,0.5,50000,50000,0,corridor,1,1
recoverable_risky_corridor-sarsa-s16-80c0b7211002,16,sarsa,recoverable,1,0.75,75000,75000,0,corridor,1,1
recoverable_risky_corridor-sarsa-s16-80c0b7211002,16,sarsa,recoverable,1,1,100000,100000,0,corridor,1,1
recoverable_risky_corridor-sarsa-s16-8a2452261864,16,sarsa,recoverable,0.86,0.25,25000,25000,0,corridor,1,1
recoverable_risky_corridor-sarsa-s16-8a2452261864,16,sarsa,recoverable,0.86,0.5,50000,50000,0,corridor,1,1
recoverable_risky_corridor-sarsa-s16-8a2452261864,16,sarsa,recoverable,0.86,0.75,75000,75000,0,shelter,2,0
recoverable_risky_corridor-sarsa-s16-8a2452261864,16,sarsa,recoverable,0.86,1,100000,100000,0,corridor,1,1
recoverable_risky_corridor-sarsa-s16-98cb88917378,16,sarsa,recoverable,0.8,0.25,25000,25000,0,shelter,2,0
recoverable_risky_corridor-sarsa-s16-98cb88917378,16,sarsa,recoverable,0.8,0.5,50000,50000,0,shelter,2,0
recoverable_risky_corridor-sarsa-s16-98cb88917378,16,sarsa,recoverable,0.8,0.75,75000,75000,0,shelter,2,0
recoverable_risky_corridor-sarsa-s16-98cb88917378,16,sarsa,recoverable,0.8,1,100000,100000,0,shelter,2,0
recoverable_risky_corridor-sarsa-s16-9b44ec0896a4,16,sarsa,recoverable,0.7,0.25,25000,25000,0,shelter,2,0
recoverable_risky_corridor-sarsa-s16-9b44ec0896a4,16,sarsa,recoverable,0.7,0.5,50000,50000,0,shelter,2,0
recoverable_risky_corridor-sarsa-s16-9b44ec0896a4,16,sarsa,recoverable,0.7,0.75,75000,75000,0,shelter,2,0
recoverable_risky_corridor-sarsa-s16-9b44ec0896a4,16,sarsa,recoverable,0.7,1,100000,100000,0,shelter,2,0
recoverable_risky_corridor-sarsa-s16-a47107a9dedb,16,sarsa,recoverable,0.84,0.25,25000,25000,0,corridor,1,1
recoverable_risky_corridor-sarsa-s16-a47107a9dedb,16,sarsa,recoverable,0.84,0.5,50000,50000,0,corridor,1,1
recoverable_risky_corridor-sarsa-s16-a47107a9dedb,16,sarsa,recoverable,0.84,0.75,75000,75000,0,shelter,2,0
recoverable_risky_corridor-sarsa-s16-a47107a9dedb,16,sarsa,recoverable,0.84,1,100000,100000,0,shelter,2,0
recoverable_risky_corridor-sarsa-s16-a6ea4d53eb0d,16,sarsa,recoverable,0.79,0.25,25000,25000,0,corridor,1,1
recoverable_risky_corridor-sarsa-s16-a6ea4d53eb0d,16,sarsa,recoverable,0.79,0.5,50000,50000,0,shelter,2,0
recoverable_risky_corridor-sarsa-s16-a6ea4d53eb0d,16,sarsa,recoverable,0.79,0.75,75000,75000,0,shelter,2,0
recoverable_risky_corridor-sarsa-s16-a6ea4d53eb0d,16,sarsa,recoverable,0.79,1,100000,100000,0,shelter,2,0
recoverable_risky_corridor-sarsa-s16-ca4f5ac6e6ab,16,sarsa,recoverable,0.855,0.25,25000,25000,0,corridor,1,1
recoverable_risky_corridor-sarsa-s16-ca4f5ac6e6ab,16,sarsa,recoverable,0.855,0.5,50000,50000,0,corridor,1,1
recoverable_risky_corridor-sarsa-s16-ca4f5ac6e6ab,16,sarsa,recoverable,0.855,0.75,75000,75000,0,shelter,2,0
recoverable_risky_corridor-sarsa-s16-ca4f5ac6e6ab,16,sarsa,recoverable,0.855,1,100000,100000,0,shelter,2,0
recoverable_risky_corridor-sarsa-s16-e1b1dbcabc3c,16,sarsa,recoverable,0.9,0.25,25000,25000,0,corridor,1,1
recoverable_risky_corridor-sarsa-s16-e1b1dbcabc3c,16,sarsa,recoverable,0.9,0.5,50000,50000,0,corridor,1,1
recoverable_risky_corridor-sarsa-s16-e1b1dbcabc3c,16,sarsa,recoverable,0.9,0.75,75000,75000,0,corridor,1,1
recoverable_risky_corridor-sarsa-s16-e1b1dbcabc3c,16,sarsa,recoverable,0.9,1,100000,100000,0,corridor,1,1
recoverable_risky_corridor-sarsa-s16-e37a8360c183,16,sarsa,recoverable,0.81,0.25,25000,25000,0,other,0,0
recoverable_risky_corridor-sarsa-s16-e37a8360c183,16,sarsa,recoverable,0.81,0.5,50000,50000,0,shelter,2,0
recoverable_risky_corridor-sarsa-s16-e37a8360c183,16,sarsa,recoverable,0.81,0.75,75000,75000,0,shelter,2,0
recoverable_risky_corridor-sarsa-s16-e37a8360c183,16,sarsa,recoverable,0.81,1,100000,100000,0,shelter,2,0
recoverable_risky_corridor-sarsa-s17-0351eb05c4cf,17,sarsa,recoverable,0.835,0.25,25000,25000,0,corridor,1,1
recoverable_risky_corridor-sarsa-s17-0351eb05c4cf,17,sarsa,recoverable,0.835,0.5,50000,50000,0,shelter,2,0
recoverable_risky_corridor-sarsa-s17-0351eb05c4cf,17,sarsa,recoverable,0.835,0.75,75000,75000,0,corridor,1,1
recoverable_risky_corridor-sarsa-s17-0351eb05c4cf,17,sarsa,recoverable,0.835,1,100000,100000,0,shelter,2,0
recoverable_risky_corridor-sarsa-s17-0e968a84c62c,17,sarsa,recoverable,0.9,0.25,25000,25000,0,corridor,1,1
recoverable_risky_corridor-sarsa-s17-0e968a84c62c,17,sarsa,recoverable,0.9,0.5,50000,50000,0,corridor,1,1
recoverable_risky_corridor-sarsa-s17-0e968a84c62c,17,sarsa,recoverable,0.9,0.75,75000,75000,0,corridor,1,1
recoverable_risky_corridor-sarsa-s17-0e968a84c62c,17,sarsa,recoverable,0.9,1,100000,100000,0,corridor,1,1
recoverable_risky_corridor-sarsa-s17-15dbcd76e54d,17,sarsa,recoverable,0.81,0.25,25000,25000,0,corridor,1,1
recoverable_risky_corridor-sarsa-s17-15dbcd76e54d,17,sarsa,recoverable,0.81,0.5,50000,50000,0,shelter,2,0
recoverable_risky_corridor-sarsa-s17-15dbcd76e54d,17,sarsa,recoverable,0.81,0.75,75000,75000,0,shelter,2,0
recoverable_risky_corridor-sarsa-s17-15dbcd76e54d,17,sarsa,recoverable,0.81,1,100000,100000,0,shelter,2,0
recoverable_risky_corridor-sarsa-s17-21645b263c42,17,sarsa,recoverable,1,0.25,25000,25000,0,corridor,1,1
recoverable_risky_corridor-sarsa-s17-21645b263c42,17,sarsa,recoverable,1,0.5,50000,50000,0,corridor,1,1
recoverable_risky_corridor-sarsa-s17-21645b263c42,17,sarsa,recoverable,1,0.75,75000,75000,0,corridor,1,1
recoverable_risky_corridor-sarsa-s17-21645b263c42,17,sarsa,recoverable,1,1,100000,100000,0,corridor,1,1
recoverable_risky_corridor-sarsa-s17-2999ab82966a,17,sarsa,recoverable,0.82,0.25,25000,25000,0,corridor,1,1
recoverable_risky_corridor-sarsa-s17-2999ab82966a,17,sarsa,recoverable,0.82,0.5,50000,50000,0,shelter,2,0
recoverable_risky_corridor-sarsa-s17-2999ab82966a,17,sarsa,recoverable,0.82,0.75,75000,75000,0,shelter,2,0
recoverable_risky_corridor-sarsa-s17-2999ab82966a,17,sarsa,recoverable,0.82,1,100000,100000,0,shelter,2,0
recoverable_risky_corridor-sarsa-s17-2d7d44c5d804,17,sarsa,recoverable,0.845,0.25,25000,25000,0,corridor,1,1
recoverable_risky_corridor-sarsa-s17-2d7d44c5d804,17,sarsa,recoverable,0.845,0.5,50000,50000,0,corridor,1,1
recoverable_risky_corridor-sarsa-s17-2d7d44c5d804,17,sarsa,recoverable,0.845,0.75,75000,75000,0,shelter,2,0
recoverable_risky_corridor-sarsa-s17-2d7d44c5d804,17,sarsa,recoverable,0.845,1,100000,100000,0,shelter,2,0
recoverable_risky_corridor-sarsa-s17-430079c1e7fb,17,sarsa,recoverable,0.88,0.25,25000,25000,0,corridor,1,1
recoverable_risky_corridor-sarsa-s17-430079c1e7fb,17,sarsa,recoverable,0.88,0.5,50000,50000,0,corridor,1,1
recoverable_risky_corridor-sarsa-s17-430079c1e7fb,17,sarsa,recoverable,0.88,0.75,75000,75000,0,corridor,1,1
recoverable_risky_corridor-sarsa-s17-430079c1e7fb,17,sarsa,recoverable,0.88,1,100000,100000,0,corridor,1,1
recoverable_risky_corridor-sarsa-s17-58fef5fd4972,17,sarsa,recoverable,0.8,0.25,25000,25000,0,shelter,2,0
recoverable_risky_corridor-sarsa-s17-58fef5fd4972,17,sarsa,recoverable,0.8,0.5,50000,50000,0,shelter,2,0
recoverable_risky_corridor-sarsa-s17-58fef5fd4972,17,sarsa,recoverable,0.8,0.75,75000,75000,0,shelter,2,0
recoverable_risky_corridor-sarsa-s17-58fef5fd4972,17,sarsa,recoverable,0.8,1,100000,100000,0,shelter,2,0
recoverable_risky_corridor-sarsa-s17-5e1a0a2e5335,17,sarsa,recoverable,0.86,0.25,25000,25000,0,corridor,1,1
recoverable_risky_corridor-sarsa-s17-5e1a0a2e5335,17,sarsa,recoverable,0.86,0.5,50000,50000,0,corridor,1,1
recoverable_risky_corridor-sarsa-s17-5e1a0a2e5335,17,sarsa,recoverable,0.86,0.75,75000,75000,0,corridor,1,1
recoverable_risky_corridor-sarsa-s17-5e1a0a2e5335,17,sarsa,recoverable,0.86,1,100000,100000,0,corridor,1,1
recoverable_risky_corridor-sarsa-s17-60d22e9f9e74,17,sarsa,recoverable,0.79,0.25,25000,25000,0,shelter,2,0
recoverable_risky_corridor-sarsa-s17-60d22e9f9e74,17,sarsa,recoverable,0.79,0.5,50000,50000,0,shelter,2,0
recoverable_risky_corridor-sarsa-s17-60d22e9f9e74,17,sarsa,recoverable,0.79,0.75,75000,75000,0,shelter,2,0
recoverable_risky_corridor-sarsa-s17-60d22e9f9e74,17,sarsa,recoverable,0.79,1,100000,100000,0,shelter,2,0
recoverable_risky_corridor-sarsa-s17-8928e057fba3,17,sarsa,recoverable,0.825,0.25,25000,25000,0,corridor,1,1
recoverable_risky_corridor-sarsa-s17-8928e057fba3,17,sarsa,recoverable,0.825,0.5,50000,50000,0,shelter,2,0
recoverable_risky_corridor-sarsa-s17-8928e057fba3,17,sarsa,recoverable,0.825,0.75,75000,75000,0,shelter,2,0
recoverable_risky_corridor-sarsa-s17-8928e057fba3,17,sarsa,recoverable,0.825,1,100000,100000,0,shelter,2,0
recoverable_risky_corridor-sarsa-s17-8d15d9d4bc38,17,sarsa,recoverable,0.7,0.25,25000,25000,0,shelter,2,0
recoverable_risky_corridor-sarsa-s17-8d15d9d4bc38,17,sarsa,recoverable,0.7,0.5,50000,50000,0,shelter,2,0
recoverable_risky_corridor-sarsa-s17-8d15d9d4bc38,17,sarsa,recoverable,0.7,0.75,75000,75000,0,shelter,2,0
recoverable_risky_corridor-sarsa-s17-8d15d9d4bc38,17,sarsa,recoverable,0.7,1,100000,100000,0,shelter,2,0
recoverable_risky_corridor-sarsa-s17-8f8fd70e1c65,17,sarsa,recoverable,0.84,0.25,25000,25000,0,corridor,1,1
recoverable_risky_corridor-sarsa-s17-8f8fd70e1c65,17,sarsa,recoverable,0.84,0.5,50000,50000,0,shelter,2,0
recoverable_risky_corridor-sarsa-s17-8f8fd70e1c65,17,sarsa,recoverable,0.84,0.75,75000,75000,0,shelter,2,0
recoverable_risky_corridor-sarsa-s17-8f8fd70e1c65,17,sarsa,recoverable,0.84,1,100000,100000,0,shelter,2,0
recoverable_risky_corridor-sarsa-s17-9e7561571294,17,sarsa,recoverable,0.805,0.25,25000,25000,0,corridor,1,1
recoverable_risky_corridor-sarsa-s17-9e7561571294,17,sarsa,recoverable,0.805,0.5,50000,50000,0,shelter,2,0
recoverable_risky_corridor-sarsa-s17-9e7561571294,17,sarsa,recoverable,0.805,0.75,75000,75000,0,corridor,1,1
recoverable_risky_corridor-sarsa-s17-9e7561571294,17,sarsa,recoverable,0.805,1,100000,100000,0,shelter,2,0
recoverable_risky_corridor-sarsa-s17-ad3d66f9b132,17,sarsa,recoverable,0.855,0.25,25000,25000,0,corridor,1,1
recoverable_risky_corridor-sarsa-s17-ad3d66f9b132,17,sarsa,recoverable,0.855,0.5,50000,50000,0,shelter,2,0
recoverable_risky_corridor-sarsa-s17-ad3d66f9b132,17,sarsa,recoverable,0.855,0.75,75000,75000,0,shelter,2,0
recoverable_risky_corridor-sarsa-s17-ad3d66f9b132,17,sarsa,recoverable,0.855,1,100000,100000,0,corridor,1,1
recoverable_risky_corridor-sarsa-s17-d277cc2ab70f,17,sarsa,recoverable,0.85,0.25,25000,25000,0,corridor,1,1
recoverable_risky_corridor-sarsa-s17-d277cc2ab70f,17,sarsa,recoverable,0.85,0.5,50000,50000,0,corridor,1,1
recoverable_risky_corridor-sarsa-s17-d277cc2ab70f,17,sarsa,recoverable,0.85,0.75,75000,75000,0,shelter,2,0
recoverable_risky_corridor-sarsa-s17-d277cc2ab70f,17,sarsa,recoverable,0.85,1,100000,100000,0,shelter,2,0
recoverable_risky_corridor-sarsa-s17-d2fa003e7fc7,17,sarsa,recoverable,0.6,0.25,25000,25000,0,shelter,2,0
recoverable_risky_corridor-sarsa-s17-d2fa003e7fc7,17,sarsa,recoverable,0.6,0.5,50000,50000,0,shelter,2,0
recoverable_risky_corridor-sarsa-s17-d2fa003e7fc7,17,sarsa,recoverable,0.6,0.75,75000,75000,0,shelter,2,0
recoverable_risky_corridor-sarsa-s17-d2fa003e7fc7,17,sarsa,recoverable,0.6,1,100000,100000,0,shelter,2,0
recoverable_risky_corridor-sarsa-s17-e9039da40a52,17,sarsa,recoverable,0.78,0.25,25000,25000,0,corridor,1,1
recoverable_risky_corridor-sarsa-s17-e9039da40a52,17,sarsa,recoverable,0.78,0.5,50000,50000,0,shelter,2,0
recoverable_risky_corridor-sarsa-s17-e9039da40a52,17,sarsa,recoverable,0.78,0.75,75000,75000,0,shelter,2,0
recoverable_risky_corridor-sarsa-s17-e9039da40a52,17,sarsa,recoverable,0.78,1,100000,100000,0,shelter,2,0
recoverable_risky_corridor-sarsa-s18-0a77bd8c00c9,18,sarsa,recoverable,0.79,0.25,25000,25000,0,shelter,2,0
recoverable_risky_corridor-sarsa-s18-0a77bd8c00c9,18,sarsa,recoverable,0.79,0.5,50000,50000,0,shelter,2,0
recoverable_risky_corridor-sarsa-s18-0a77bd8c00c9,18,sarsa,recoverable,0.79,0.75,75000,75000,0,shelter,2,0
recoverable_risky_corridor-sarsa-s18-0a77bd8c00c9,18,sarsa,recoverable,0.79,1,100000,100000,0,shelter,2,0
recoverable_risky_corridor-sarsa-s18-13b3a2f069d4,18,sarsa,recoverable,0.86,0.25,25000,25000,0,corridor,1,1
recoverable_risky_corridor-sarsa-s18-13b3a2f069d4,18,sarsa,recoverable,0.86,0.5,50000,50000,0,shelter,2,0
recoverable_risky_corridor-sarsa-s18-13b3a2f069d4,18,sarsa,recoverable,0.86,0.75,75000,75000,0,corridor,1,1
recoverable_risky_corridor-sarsa-s18-13b3a2f069d4,18,sarsa,recoverable,0.86,1,100000,100000,0,shelter,2,0
recoverable_risky_corridor-sarsa-s18-152ffcd691c0,18,sarsa,recoverable,0.7,0.25,25000,25000,0,shelter,2,0
recoverable_risky_corridor-sarsa-s18-152ffcd691c0,18,sarsa,recoverable,0.7,0.5,50000,50000,0,shelter,2,0
recoverable_risky_corridor-sarsa-s18-152ffcd691c0,18,sarsa,recoverable,0.7,0.75,75000,75000,0,shelter,2,0
recoverable_risky_corridor-sarsa-s18-152ffcd691c0,18,sarsa,recoverable,0.7,1,100000,100000,0,shelter,2,0
recoverable_risky_corridor-sarsa-s18-2f21edc5ee6a,18,sarsa,recoverable,0.78,0.25,25000,25000,0,shelter,2,0
recoverable_risky_corridor-sarsa-s18-2f21edc5ee6a,18,sarsa,recoverable,0.78,0.5,50000,50000,0,shelter,2,0
recoverable_risky_corridor-sarsa-s18-2f21edc5ee6a,18,sarsa,recoverable,0.78,0.75,75000,75000,0,shelter,2,0
recoverable_risky_corridor-sarsa-s18-2f21edc5ee6a,18,sarsa,recoverable,0.78,1,100000,100000,0,shelter,2,0
recoverable_risky_corridor-sarsa-s18-351a5680a283,18,sarsa,recoverable,0.85,0.25,25000,25000,0,corridor,1,1
recoverable_risky_corridor-sarsa-s18-351a5680a283,18,sarsa,recoverable,0.85,0.5,50000,50000,0,shelter,2,0
recoverable_risky_corridor-sarsa-s18-351a5680a283,18,sarsa,recoverable,0.85,0.75,75000,75000,0,corridor,1,1
recoverable_risky_corridor-sarsa-s18-351a5680a283,18,sarsa,recoverable,0.85,1,100000,100000,0,corridor,1,1
recoverable_risky_corridor-sarsa-s18-4f9cf31b889e,18,sarsa,recoverable,0.845,0.25,25000,25000,0,corridor,1,1
recoverable_risky_corridor-sarsa-s18-4f9cf31b889e,18,sarsa,recoverable,0.845,0.5,50000,50000,0,shelter,2,0
recoverable_risky_corridor-sarsa-s18-4f9cf31b889e,18,sarsa,recoverable,0.845,0.75,75000,75000,0,corridor,1,1
recoverable_risky_corridor-sarsa-s18-4f9cf31b889e,18,sarsa,recoverable,0.845,1,100000,100000,0,corridor,1,1
recoverable_risky_corridor-sarsa-s18-540b0fb31c22,18,sarsa,recoverable,0.8,0.25,25000,25000,0,corridor,1,1
recoverable_risky_corridor-sarsa-s18-540b0fb31c22,18,sarsa,recoverable,0.8,0.5,50000,50000,0,shelter,2,0
recoverable_risky_corridor-sarsa-s18-540b0fb31c22,18,sarsa,recoverable,0.8,0.75,75000,75000,0,shelter,2,0
recoverable_risky_corridor-sarsa-s18-540b0fb31c22,18,sarsa,recoverable,0.8,1,100000,100000,0,shelter,2,0
recoverable_risky_corridor-sarsa-s18-7ba2e9c2056e,18,sarsa,recoverable,0.835,0.25,25000,25000,0,shelter,2,0
recoverable_risky_corridor-sarsa-s18-7ba2e9c2056e,18,sarsa,recoverable,0.835,0.5,50000,50000,0,shelter,2,0
recoverable_risky_corridor-sarsa-s18-7ba2e9c2056e,18,sarsa,recoverable,0.835,0.75,75000,75000,0,shelter,2,0
recoverable_risky_corridor-sarsa-s18-7ba2e9c2056e,18,sarsa,recoverable,0.835,1,100000,100000,0,shelter,2,0
recoverable_risky_corridor-sarsa-s18-8548283956d3,18,sarsa,recoverable,0.9,0.25,25000,25000,0,corridor,1,1
recoverable_risky_corridor-sarsa-s18-8548283956d3,18,sarsa,recoverable,0.9,0.5,50000,50000,0,corridor,1,1
recoverable_risky_corridor-sarsa-s18-8548283956d3,18,sarsa,recoverable,0.9,0.75,75000,75000,0,corridor,1,1
recoverable_risky_corridor-sarsa-s18-8548283956d3,18,sarsa,recoverable,0.9,1,100000,100000,0,corridor,1,1
recoverable_risky_corridor-sarsa-s18-8cfd85db3f02,18,sarsa,recoverable,0.81,0.25,25000,25000,0,corridor,1,1
recoverable_risky_corridor-sarsa-s18-8cfd85db3f02,18,sarsa,recoverable,0.81,0.5,50000,50000,0,shelter,2,0
recoverable_risky_corridor-sarsa-s18-8cfd85db3f02,18,sarsa,recoverable,0.81,0.75,75000,75000,0,shelter,2,0
recoverable_risky_corridor-sarsa-s18-8cfd85db3f02,18,sarsa,recoverable,0.81,1,100000,100000,0,shelter,2,0
recoverable_risky_corridor-sarsa-s18-9a072efed56f,18,sarsa,recoverable,1,0.25,25000,25000,0,corridor,1,1
recoverable_risky_corridor-sarsa-s18-9a072efed56f,18,sarsa,recoverable,1,0.5,50000,50000,0,corridor,1,1
recoverable_risky_corridor-sarsa-s18-9a072efed56f,18,sarsa,recoverable,1,0.75,75000,75000,0,corridor,1,1
recoverable_risky_corridor-sarsa-s18-9a072efed56f,18,sarsa,recoverable,1,1,100000,100000,0,corridor,1,1
recoverable_risky_corridor-sarsa-s18-aa5babb506a2,18,sarsa,recoverable,0.84,0.25,25000,25000,0,corridor,1,1
recoverable_risky_corridor-sarsa-s18-aa5babb506a2,18,sarsa,recoverable,0.84,0.5,50000,50000,0,corridor,1,1
recoverable_risky_corridor-sarsa-s18-aa5babb506a2,18,sarsa,recoverable,0.84,0.75,75000,75000,0,shelter,2,0
recoverable_risky_corridor-sarsa-s18-aa5babb506a2,18,sarsa,recoverable,0.84,1,100000,100000,0,shelter,2,0
recoverable_risky_corridor-sarsa-s18-af42597d7e36,18,sarsa,recoverable,0.82,0.25,25000,25000,0,corridor,1,1
recoverable_risky_corridor-sarsa-s18-af42597d7e36,18,sarsa,recoverable,0.82,0.5,50000,50000,0,shelter,2,0
recoverable_risky_corridor-sarsa-s18-af42597d7e36,18,sarsa,recoverable,0.82,0.75,75000,75000,0,shelter,2,0
recoverable_risky_corridor-sarsa-s18-af42597d7e36,18,sarsa,recoverable,0.82,1,100000,100000,0,shelter,2,0
recoverable_risky_corridor-sarsa-s18-b011db945bd4,18,sarsa,recoverable,0.805,0.25,25000,25000,0,shelter,2,0
recoverable_risky_corridor-sarsa-s18-b011db945bd4,18,sarsa,recoverable,0.805,0.5,50000,50000,0,shelter,2,0
recoverable_risky_corridor-sarsa-s18-b011db945bd4,18,sarsa,recoverable,0.805,0.75,75000,75000,0,shelter,2,0
recoverable_risky_corridor-sarsa-s18-b011db945bd4,18,sarsa,recoverable,0.805,1,100000,100000,0,shelter,2,0
recoverable_risky_corridor-sarsa-s18-b48c829ab240,18,sarsa,recoverable,0.855,0.25,25000,25000,0,corridor,1,1
recoverable_risky_corridor-sarsa-s18-b48c829ab240,18,sarsa,recoverable,0.855,0.5,50000,50000,0,shelter,2,0
recoverable_risky_corridor-sarsa-s18-b48c829ab240,18,sarsa,recoverable,0.855,0.75,75000,75000,0,shelter,2,0
recoverable_risky_corridor-sarsa-s18-b48c829ab240,18,sarsa,recoverable,0.855,1,100000,100000,0,shelter,2,0
recoverable_risky_corridor-sarsa-s18-c047e4b7df20,18,sarsa,recoverable,0.6,0.25,25000,25000,0,corridor,1,1
recoverable_risky_corridor-sarsa-s18-c047e4b7df20,18,sarsa,recoverable,0.6,0.5,50000,50000,0,shelter,2,0
recoverable_risky_corridor-sarsa-s18-c047e4b7df20,18,sarsa,recoverable,0.6,0.75,75000,75000,0,shelter,2,0
recoverable_risky_corridor-sarsa-s18-c047e4b7df20,18,sarsa,recoverable,0.6,1,100000,100000,0,shelter,2,0
recoverable_risky_corridor-sarsa-s18-d83c104a29f5,18,sarsa,recoverable,0.825,0.25,25000,25000,0,shelter,2,0
recoverable_risky_corridor-sarsa-s18-d83c104a29f5,18,sarsa,recoverable,0.825,0.5,50000,50000,0,shelter,2,0
recoverable_risky_corridor-sarsa-s18-d83c104a29f5,18,sarsa,recoverable,0.825,0.75,75000,75000,0,shelter,2,0
recoverable_risky_corridor-sarsa-s18-d83c104a29f5,18,sarsa,recoverable,0.825,1,100000,100000,0,shelter,2,0
recoverable_risky_corridor-sarsa-s18-e8c5361ab6eb,18,sarsa,recoverable,0.88,0.25,25000,25000,0,corridor,1,1
recoverable_risky_corridor-sarsa-s18-e8c5361ab6eb,18,sarsa,recoverable,0.88,0.5,50000,50000,0,corridor,1,1
recoverable_risky_corridor-sarsa-s18-e8c5361ab6eb,18,sarsa,recoverable,0.88,0.75,75000,75000,0,shelter,2,0
recoverable_risky_corridor-sarsa-s18-e8c5361ab6eb,18,sarsa,recoverable,0.88,1,100000,100000,0,corridor,1,1
recoverable_risky_corridor-sarsa-s19-053e24113c22,19,sarsa,recoverable,0.84,0.25,25000,25000,0,corridor,1,1
recoverable_risky_corridor-sarsa-s19-053e24113c22,19,sarsa,recoverable,0.84,0.5,50000,50000,0,corridor,1,1
recoverable_risky_corridor-sarsa-s19-053e24113c22,19,sarsa,recoverable,0.84,0.75,75000,75000,0,shelter,2,0
recoverable_risky_corridor-sarsa-s19-053e24113c22,19,sarsa,recoverable,0.84,1,100000,100000,0,corridor,1,1
recoverable_risky_corridor-sarsa-s19-072892d3dd00,19,sarsa,recoverable,0.7,0.25,25000,25000,0,corridor,1,1
recoverable_risky_corridor-sarsa-s19-072892d3dd00,19,sarsa,recoverable,0.7,0.5,50000,50000,0,shelter,2,0
recoverable_risky_corridor-sarsa-s19-072892d3dd00,19,sarsa,recoverable,0.7,0.75,75000,75000,0,shelter,2,0
recoverable_risky_corridor-sarsa-s19-072892d3dd00,19,sarsa,recoverable,0.7,1,100000,100000,0,shelter,2,0
recoverable_risky_corridor-sarsa-s19-0e65010108b5,19,sarsa,recoverable,0.6,0.25,25000,25000,0,other,0,0
recoverable_risky_corridor-sarsa-s19-0e65010108b5,19,sarsa,recoverable,0.6,0.5,50000,50000,0,shelter,2,0
recoverable_risky_corridor-sarsa-s19-0e65010108b5,19,sarsa,recoverable,0.6,0.75,75000,75000,0,shelter,2,0
recoverable_risky_corridor-sarsa-s19-0e65010108b5,19,sarsa,recoverable,0.6,1,100000,100000,0,shelter,2,0
recoverable_risky_corridor-sarsa-s19-2661c16adc21,19,sarsa,recoverable,0.835,0.25,25000,25000,0,corridor,1,1
recoverable_risky_corridor-sarsa-s19-2661c16adc21,19,sarsa,recoverable,0.835,0.5,50000,50000,0,shelter,2,0
recoverable_risky_corridor-sarsa-s19-2661c16adc21,19,sarsa,recoverable,0.835,0.75,75000,75000,0,corridor,1,1
recoverable_risky_corridor-sarsa-s19-2661c16adc21,19,sarsa,recoverable,0.835,1,100000,100000,0,shelter,2,0
recoverable_risky_corridor-sarsa-s19-4172dafd801d,19,sarsa,recoverable,0.78,0.25,25000,25000,0,shelter,2,0
recoverable_risky_corridor-sarsa-s19-4172dafd801d,19,sarsa,recoverable,0.78,0.5,50000,50000,0,shelter,2,0
recoverable_risky_corridor-sarsa-s19-4172dafd801d,19,sarsa,recoverable,0.78,0.75,75000,75000,0,shelter,2,0
recoverable_risky_corridor-sarsa-s19-4172dafd801d,19,sarsa,recoverable,0.78,1,100000,100000,0,shelter,2,0
recoverable_risky_corridor-sarsa-s19-6b9e6427ee37,19,sarsa,recoverable,0.855,0.25,25000,25000,0,corridor,1,1
recoverable_risky_corridor-sarsa-s19-6b9e6427ee37,19,sarsa,recoverable,0.855,0.5,50000,50000,0,shelter,2,0
recoverable_risky_corridor-sarsa-s19-6b9e6427ee37,19,sarsa,recoverable,0.855,0.75,75000,75000,0,corridor,1,1
recoverable_risky_corridor-sarsa-s19-6b9e6427ee37,19,sarsa,recoverable,0.855,1,100000,100000,0,corridor,1,1
recoverable_risky_corridor-sarsa-s19-7f470b551b30,19,sarsa,recoverable,1,0.25,25000,25000,0,corridor,1,1
recoverable_risky_corridor-sarsa-s19-7f470b551b30,19,sarsa,recoverable,1,0.5,50000,50000,0,corridor,1,1
recoverable_risky_corridor-sarsa-s19-7f470b551b30,19,sarsa,recoverable,1,0.75,75000,75000,0,corridor,1,1
recoverable_risky_corridor-sarsa-s19-7f470b551b30,19,sarsa,recoverable,1,1,100000,100000,0,corridor,1,1
recoverable_risky_corridor-sarsa-s19-84bebc1523fe,19,sarsa,recoverable,0.88,0.25,25000,25000,0,corridor,1,1
recoverable_risky_corridor-sarsa-s19-84bebc1523fe,19,sarsa,recoverable,0.88,0.5,50000,50000,0,shelter,2,0
recoverable_risky_corridor-sarsa-s19-84bebc1523fe,19,sarsa,recoverable,0.88,0.75,75000,75000,0,corridor,1,1
recoverable_risky_corridor-sarsa-s19-84bebc1523fe,19,sarsa,recoverable,0.88,1,100000,100000,0,corridor,1,1
recoverable_risky_corridor-sarsa-s19-8d22eaf1bcc4,19,sarsa,recoverable,0.81,0.25,25000,25000,0,corridor,1,1
recoverable_risky_corridor-sarsa-s19-8d22eaf1bcc4,19,sarsa,recoverable,0.81,0.5,50000,50000,0,shelter,2,0
recoverable_risky_corridor-sarsa-s19-8d22eaf1bcc4,19,sarsa,recoverable,0.81,0.75,75000,75000,0,shelter,2,0
recoverable_risky_corridor-sarsa-s19-8d22eaf1bcc4,19,sarsa,recoverable,0.81,1,100000,100000,0,shelter,2,0
recoverable_risky_corridor-sarsa-s19-b1cb4019d59b,19,sarsa,recoverable,0.825,0.25,25000,25000,0,shelter,2,0
recoverable_risky_corridor-sarsa-s19-b1cb4019d59b,19,sarsa,recoverable,0.825,0.5,50000,50000,0,shelter,2,0
recoverable_risky_corridor-sarsa-s19-b1cb4019d59b,19,sarsa,recoverable,0.825,0.75,75000,75000,0,shelter,2,0
recoverable_risky_corridor-sarsa-s19-b1cb4019d59b,19,sarsa,recoverable,0.825,1,100000,100000,0,shelter,2,0
recoverable_risky_corridor-sarsa-s19-ba65f2ea6e22,19,sarsa,recoverable,0.85,0.25,25000,25000,0,corridor,1,1
recoverable_risky_corridor-sarsa-s19-ba65f2ea6e22,19,sarsa,recoverable,0.85,0.5,50000,50000,0,shelter,2,0
recoverable_risky_corridor-sarsa-s19-ba65f2ea6e22,19,sarsa,recoverable,0.85,0.75,75000,75000,0,shelter,2,0
recoverable_risky_corridor-sarsa-s19-ba65f2ea6e22,19,sarsa,recoverable,0.85,1,100000,100000,0,corridor,1,1
recoverable_risky_corridor-sarsa-s19-be96676d7ae9,19,sarsa,recoverable,0.845,0.25,25000,25000,0,corridor,1,1
recoverable_risky_corridor-sarsa-s19-be96676d7ae9,19,sarsa,recoverable,0.845,0.5,50000,50000,0,corridor,1,1
recoverable_risky_corridor-sarsa-s19-be96676d7ae9,19,sarsa,recoverable,0.845,0.75,75000,75000,0,corridor,1,1
recoverable_risky_corridor-sarsa-s19-be96676d7ae9,19,sarsa,recoverable,0.845,1,100000,100000,0,shelter,2,0
recoverable_risky_corridor-sarsa-s19-cf2bca07e22f,19,sarsa,recoverable,0.9,0.25,25000,25000,0,corridor,1,1
recoverable_risky_corridor-sarsa-s19-cf2bca07e22f,19,sarsa,recoverable,0.9,0.5,50000,50000,0,corridor,1,1
recoverable_risky_corridor-sarsa-s19-cf2bca07e22f,19,sarsa,recoverable,0.9,0.75,75000,75000,0,corridor,1,1
recoverable_risky_corridor-sarsa-s19-cf2bca07e22f,19,sarsa,recoverable,0.9,1,100000,100000,0,corridor,1,1
recoverable_risky_corridor-sarsa-s19-d2a4016012cb,19,sarsa,recoverable,0.805,0.25,25000,25000,0,corridor,1,1
recoverable_risky_corridor-sarsa-s19-d2a4016012cb,19,sarsa,recoverable,0.805,0.5,50000,50000,0,shelter,2,0
recoverable_risky_corridor-sarsa-s19-d2a4016012cb,19,sarsa,recoverable,0.805,0.75,75000,75000,0,shelter,2,0
recoverable_risky_corridor-sarsa-s19-d2a4016012cb,19,sarsa,recoverable,0.805,1,100000,100000,0,shelter,2,0
recoverable_risky_corridor-sarsa-s19-d50900a061c5,19,sarsa,recoverable,0.8,0.25,25000,25000,0,corridor,1,1
recoverable_risky_corridor-sarsa-s19-d50900a061c5,19,sarsa,recoverable,0.8,0.5,50000,50000,0,shelter,2,0
recoverable_risky_corridor-sarsa-s19-d50900a061c5,19,sarsa,recoverable,0.8,0.75,75000,75000,0,shelter,2,0
recoverable_risky_corridor-sarsa-s19-d50900a061c5,19,sarsa,recoverable,0.8,1,100000,100000,0,shelter,2,0
recoverable_risky_corridor-sarsa-s19-d7539a413d64,19,sarsa,recoverable,0.82,0.25,25000,25000,0,corridor,1,1
recoverable_risky_corridor-sarsa-s19-d7539a413d64,19,sarsa,recoverable,0.82,0.5,50000,50000,0,shelter,2,0
recoverable_risky_corridor-sarsa-s19-d7539a413d64,19,sarsa,recoverable,0.82,0.75,75000,75000,0,shelter,2,0
recoverable_risky_corridor-sarsa-s19-d7539a413d64,19,sarsa,recoverable,0.82,1,100000,100000,0,shelter,2,0
recoverable_risky_corridor-sarsa-s19-df77cb79cb53,19,sarsa,recoverable,0.86,0.25,25000,25000,0,corridor,1,1
recoverable_risky_corridor-sarsa-s19-df77cb79cb53,19,sarsa,recoverable,0.86,0.5,50000,50000,0,shelter,2,0
recoverable_risky_corridor-sarsa-s19-df77cb79cb53,19,sarsa,recoverable,0.86,0.75,75000,75000,0,shelter,2,0
recoverable_risky_corridor-sarsa-s19-df77cb79cb53,19,sarsa,recoverable,0.86,1,100000,100000,0,corridor,1,1
recoverable_risky_corridor-sarsa-s19-fe5fb1c1ba76,19,sarsa,recoverable,0.79,0.25,25000,25000,0,shelter,2,0
recoverable_risky_corridor-sarsa-s19-fe5fb1c1ba76,19,sarsa,recoverable,0.79,0.5,50000,50000,0,shelter,2,0
recoverable_risky_corridor-sarsa-s19-fe5fb1c1ba76,19,sarsa,recoverable,0.79,0.75,75000,75000,0,shelter,2,0
recoverable_risky_corridor-sarsa-s19-fe5fb1c1ba76,19,sarsa,recoverable,0.79,1,100000,100000,0,shelter,2,0
recoverable_risky_corridor-sarsa-s2-099f41322a35,2,sarsa,recoverable,0.845,0.25,25000,25000,0,corridor,1,1
recoverable_risky_corridor-sarsa-s2-099f41322a35,2,sarsa,recoverable,0.845,0.5,50000,50000,0,corridor,1,1
recoverable_risky_corridor-sarsa-s2-099f41322a35,2,sarsa,recoverable,0.845,0.75,75000,75000,0,corridor,1,1
recoverable_risky_corridor-sarsa-s2-099f41322a35,2,sarsa,recoverable,0.845,1,100000,100000,0,corridor,1,1
recoverable_risky_corridor-sarsa-s2-15450abfda5c,2,sarsa,recoverable,1,0.25,25000,25000,0,corridor,1,1
recoverable_risky_corridor-sarsa-s2-15450abfda5c,2,sarsa,recoverable,1,0.5,50000,50000,0,corridor,1,1
recoverable_risky_corridor-sarsa-s2-15450abfda5c,2,sarsa,recoverable,1,0.75,75000,75000,0,corridor,1,1
recoverable_risky_corridor-sarsa-s2-15450abfda5c,2,sarsa,recoverable,1,1,100000,100000,0,corridor,1,1
recoverable_risky_corridor-sarsa-s2-247e5fa5b056,2,sarsa,recoverable,0.9,0.25,25000,25000,0,corridor,1,1
recoverable_risky_corridor-sarsa-s2-247e5fa5b056,2,sarsa,recoverable,0.9,0.5,50000,50000,0,corridor,1,1
recoverable_risky_corridor-sarsa-s2-247e5fa5b056,2,sarsa,recoverable,0.9,0.75,75000,75000,0,corridor,1,1
recoverable_risky_corridor-sarsa-s2-247e5fa5b056,2,sarsa,recoverable,0.9,1,100000,100000,0,corridor,1,1
recoverable_risky_corridor-sarsa-s2-330394c09ec0,2,sarsa,recoverable,0.85,0.25,25000,25000,0,corridor,1,1
recoverable_risky_corridor-sarsa-s2-330394c09ec0,2,sarsa,recoverable,0.85,0.5,50000,50000,0,corridor,1,1
recoverable_risky_corridor-sarsa-s2-330394c09ec0,2,sarsa,recoverable,0.85,0.75,75000,75000,0,shelter,2,0
recoverable_risky_corridor-sarsa-s2-330394c09ec0,2,sarsa,recoverable,0.85,1,100000,100000,0,shelter,2,0
recoverable_risky_corridor-sarsa-s2-37dccb5a1c48,2,sarsa,recoverable,0.86,0.25,25000,25000,0,corridor,1,1
recoverable_risky_corridor-sarsa-s2-37dccb5a1c48,2,sarsa,recoverable,0.86,0.5,50000,50000,0,corridor,1,1
recoverable_risky_corridor-sarsa-s2-37dccb5a1c48,2,sarsa,recoverable,0.86,0.75,75000,75000,0,shelter,2,0
recoverable_risky_corridor-sarsa-s2-37dccb5a1c48,2,sarsa,recoverable,0.86,1,100000,100000,0,shelter,2,0
recoverable_risky_corridor-sarsa-s2-3e84d486fc49,2,sarsa,recoverable,0.805,0.25,25000,25000,0,corridor,1,1
recoverable_risky_corridor-sarsa-s2-3e84d486fc49,2,sarsa,recoverable,0.805,0.5,50000,50000,0,shelter,2,0
recoverable_risky_corridor-sarsa-s2-3e84d486fc49,2,sarsa,recoverable,0.805,0.75,75000,75000,0,shelter,2,0
recoverable_risky_corridor-sarsa-s2-3e84d486fc49,2,sarsa,recoverable,0.805,1,100000,100000,0,shelter,2,0
recoverable_risky_corridor-sarsa-s2-3f1f01fa7bf1,2,sarsa,recoverable,0.835,0.25,25000,25000,0,other,0,0
recoverable_risky_corridor-sarsa-s2-3f1f01fa7bf1,2,sarsa,recoverable,0.835,0.5,50000,50000,0,shelter,2,0
recoverable_risky_corridor-sarsa-s2-3f1f01fa7bf1,2,sarsa,recoverable,0.835,0.75,75000,75000,0,corridor,1,1
recoverable_risky_corridor-sarsa-s2-3f1f01fa7bf1,2,sarsa,recoverable,0.835,1,100000,100000,0,corridor,1,1
recoverable_risky_corridor-sarsa-s2-58ff5643e281,2,sarsa,recoverable,0.6,0.25,25000,25000,0,corridor,1,1
recoverable_risky_corridor-sarsa-s2-58ff5643e281,2,sarsa,recoverable,0.6,0.5,50000,50000,0,shelter,2,0
recoverable_risky_corridor-sarsa-s2-58ff5643e281,2,sarsa,recoverable,0.6,0.75,75000,75000,0,shelter,2,0
recoverable_risky_corridor-sarsa-s2-58ff5643e281,2,sarsa,recoverable,0.6,1,100000,100000,0,shelter,2,0
recoverable_risky_corridor-sarsa-s2-62d9da23183e,2,sarsa,recoverable,0.88,0.25,25000,25000,0,corridor,1,1
recoverable_risky_corridor-sarsa-s2-62d9da23183e,2,sarsa,recoverable,0.88,0.5,50000,50000,0,corridor,1,1
recoverable_risky_corridor-sarsa-s2-62d9da23183e,2,sarsa,recoverable,0.88,0.75,75000,75000,0,shelter,2,0
recoverable_risky_corridor-sarsa-s2-62d9da23183e,2,sarsa,recoverable,0.88,1,100000,100000,0,corridor,1,1
recoverable_risky_corridor-sarsa-s2-7713fb51a66a,2,sarsa,recoverable,0.7,0.25,25000,25000,0,corridor,1,1
recoverable_risky_corridor-sarsa-s2-7713fb51a66a,2,sarsa,recoverable,0.7,0.5,50000,50000,0,shelter,2,0
recoverable_risky_corridor-sarsa-s2-7713fb51a66a,2,sarsa,recoverable,0.7,0.75,75000,75000,0,shelter,2,0
recoverable_risky_corridor-sarsa-s2-7713fb51a66a,2,sarsa,recoverable,0.7,1,100000,100000,0,shelter,2,0
recoverable_risky_corridor-sarsa-s2-7d8a69dd4ca8,2,sarsa,recoverable,0.79,0.25,25000,25000,0,shelter,2,0
recoverable_risky_corridor-sarsa-s2-7d8a69dd4ca8,2,sarsa,recoverable,0.79,0.5,50000,50000,0,shelter,2,0
recoverable_risky_corridor-sarsa-s2-7d8a69dd4ca8,2,sarsa,recoverable,0.79,0.75,75000,75000,0,shelter,2,0
recoverable_risky_corridor-sarsa-s2-7d8a69dd4ca8,2,sarsa,recoverable,0.79,1,100000,100000,0,shelter,2,0
recoverable_risky_corridor-sarsa-s2-8b882bb158aa,2,sarsa,recoverable,0.81,0.25,25000,25000,0,corridor,1,1
recoverable_risky_corridor-sarsa-s2-8b882bb158aa,2,sarsa,recoverable,0.81,0.5,50000,50000,0,shelter,2,0
recoverable_risky_corridor-sarsa-s2-8b882bb158aa,2,sarsa,recoverable,0.81,0.75,75000,75000,0,shelter,2,0
recoverable_risky_corridor-sarsa-s2-8b882bb158aa,2,sarsa,recoverable,0.81,1,100000,100000,0,shelter,2,0
recoverable_risky_corridor-sarsa-s2-904091e2e2bc,2,sarsa,recoverable,0.825,0.25,25000,25000,0,corridor,1,1
recoverable_risky_corridor-sarsa-s2-904091e2e2bc,2,sarsa,recoverable,0.825,0.5,50000,50000,0,shelter,2,0
recoverable_risky_corridor-sarsa-s2-904091e2e2bc,2,sarsa,recoverable,0.825,0.75,75000,75000,0,shelter,2,0
recoverable_risky_corridor-sarsa-s2-904091e2e2bc,2,sarsa,recoverable,0.825,1,100000,100000,0,shelter,2,0
recoverable_risky_corridor-sarsa-s2-90d7bca73336,2,sarsa,recoverable,0.855,0.25,25000,25000,0,corridor,1,1
recoverable_risky_corridor-sarsa-s2-90d7bca73336,2,sarsa,recoverable,0.855,0.5,50000,50000,0,corridor,1,1
recoverable_risky_corridor-sarsa-s2-90d7bca73336,2,sarsa,recoverable,0.855,0.75,75000,75000,0,shelter,2,0
recoverable_risky_corridor-sarsa-s2-90d7bca73336,2,sarsa,recoverable,0.855,1,100000,100000,0,shelter,2,0
recoverable_risky_corridor-sarsa-s2-96b8a8e785e5,2,sarsa,recoverable,0.84,0.25,25000,25000,0,corridor,1,1
recoverable_risky_corridor-sarsa-s2-96b8a8e785e5,2,sarsa,recoverable,0.84,0.5,50000,50000,0,corridor,1,1
recoverable_risky_corridor-sarsa-s2-96b8a8e785e5,2,sarsa,recoverable,0.84,0.75,75000,75000,0,shelter,2,0
recoverable_risky_corridor-sarsa-s2-96b8a8e785e5,2,sarsa,recoverable,0.84,1,100000,100000,0,shelter,2,0
recoverable_risky_corridor-sarsa-s2-ab3ec2a9f97a,2,sarsa,recoverable,0.78,0.25,25000,25000,0,corridor,1,1
recoverable_risky_corridor-sarsa-s2-ab3ec2a9f97a,2,sarsa,recoverable,0.78,0.5,50000,50000,0,shelter,2,0
recoverable_risky_corridor-sarsa-s2-ab3ec2a9f97a,2,sarsa,recoverable,0.78,0.75,75000,75000,0,shelter,2,0
recoverable_risky_corridor-sarsa-s2-ab3ec2a9f97a,2,sarsa,recoverable,0.78,1,100000,100000,0,shelter,2,0
recoverable_risky_corridor-sarsa-s2-bcb7bf0f4433,2,sarsa,recoverable,0.8,0.25,25000,25000,0,corridor,1,1
recoverable_risky_corridor-sarsa-s2-bcb7bf0f4433,2,sarsa,recoverable,0.8,0.5,50000,50000,0,shelter,2,0
recoverable_risky_corridor-sarsa-s2-bcb7bf0f4433,2,sarsa,recoverable,0.8,0.75,75000,75000,0,shelter,2,0
recoverable_risky_corridor-sarsa-s2-bcb7bf0f4433,2,sarsa,recoverable,0.8,1,100000,100000,0,shelter,2,0
recoverable_risky_corridor-sarsa-s2-ed87fa773d28,2,sarsa,recoverable,0.82,0.25,25000,25000,0,corridor,1,1
recoverable_risky_corridor-sarsa-s2-ed87fa773d28,2,sarsa,recoverable,0.82,0.5,50000,50000,0,shelter,2,0
recoverable_risky_corridor-sarsa-s2-ed87fa773d28,2,sarsa,recoverable,0.82,0.75,75000,75000,0,shelter,2,0
recoverable_risky_corridor-sarsa-s2-ed87fa773d28,2,sarsa,recoverable,0.82,1,100000,100000,0,shelter,2,0
recoverable_risky_corridor-sarsa-s3-006cdf3ac6b4,3,sarsa,recoverable,0.805,0.25,25000,25000,0,corridor,1,1
recoverable_risky_corridor-sarsa-s3-006cdf3ac6b4,3,sarsa,recoverable,0.805,0.5,50000,50000,0,corridor,1,1
recoverable_risky_corridor-sarsa-s3-006cdf3ac6b4,3,sarsa,recoverable,0.805,0.75,75000,75000,0,shelter,2,0
recoverable_risky_corridor-sarsa-s3-006cdf3ac6b4,3,sarsa,recoverable,0.805,1,100000,100000,0,shelter,2,0
recoverable_risky_corridor-sarsa-s3-04b386da8081,3,sarsa,recoverable,0.8,0.25,25000,25000,0,corridor,1,1
recoverable_risky_corridor-sarsa-s3-04b386da8081,3,sarsa,recoverable,0.8,0.5,50000,50000,0,shelter,2,0
recoverable_risky_corridor-sarsa-s3-04b386da8081,3,sarsa,recoverable,0.8,0.75,75000,75000,0,shelter,2,0
recoverable_risky_corridor-sarsa-s3-04b386da8081,3,sarsa,recoverable,0.8,1,100000,100000,0,shelter,2,0
recoverable_risky_corridor-sarsa-s3-2a44a03323c8,3,sarsa,recoverable,0.79,0.25,25000,25000,0,corridor,1,1
recoverable_risky_corridor-sarsa-s3-2a44a03323c8,3,sarsa,recoverable,0.79,0.5,50000,50000,0,shelter,2,0
recoverable_risky_corridor-sarsa-s3-2a44a03323c8,3,sarsa,recoverable,0.79,0.75,75000,75000,0,shelter,2,0
recoverable_risky_corridor-sarsa-s3-2a44a03323c8,3,sarsa,recoverable,0.79,1,100000,100000,0,shelter,2,0
recoverable_risky_corridor-sarsa-s3-3073df484877,3,sarsa,recoverable,0.7,0.25,25000,25000,0,shelter,2,0
recoverable_risky_corridor-sarsa-s3-3073df484877,3,sarsa,recoverable,0.7,0.5,50000,50000,0,shelter,2,0
recoverable_risky_corridor-sarsa-s3-3073df484877,3,sarsa,recoverable,0.7,0.75,75000,75000,0,shelter,2,0
recoverable_risky_corridor-sarsa-s3-3073df484877,3,sarsa,recoverable,0.7,1,100000,100000,0,shelter,2,0
recoverable_risky_corridor-sarsa-s3-3b15a361e9bd,3,sarsa,recoverable,0.825,0.25,25000,25000,0,corridor,1,1
recoverable_risky_corridor-sarsa-s3-3b15a361e9bd,3,sarsa,recoverable,0.825,0.5,50000,50000,0,shelter,2,0
recoverable_risky_corridor-sarsa-s3-3b15a361e9bd,3,sarsa,recoverable,0.825,0.75,75000,75000,0,shelter,2,0
recoverable_risky_corridor-sarsa-s3-3b15a361e9bd,3,sarsa,recoverable,0.825,1,100000,100000,0,shelter,2,0
recoverable_risky_corridor-sarsa-s3-4e2c5b2ac682,3,sarsa,recoverable,0.84,0.25,25000,25000,0,corridor,1,1
recoverable_risky_corridor-sarsa-s3-4e2c5b2ac682,3,sarsa,recoverable,0.84,0.5,50000,50000,0,shelter,2,0
recoverable_risky_corridor-sarsa-s3-4e2c5b2ac682,3,sarsa,recoverable,0.84,0.75,75000,75000,0,shelter,2,0
recoverable_risky_corridor-sarsa-s3-4e2c5b2ac682,3,sarsa,recoverable,0.84,1,100000,100000,0,shelter,2,0
recoverable_risky_corridor-sarsa-s3-5631359e0e45,3,sarsa,recoverable,0.81,0.25,25000,25000,0,corridor,1,1
recoverable_risky_corridor-sarsa-s3-5631359e0e45,3,sarsa,recoverable,0.81,0.5,50000,50000,0,shelter,2,0
recoverable_risky_corridor-sarsa-s3-5631359e0e45,3,sarsa,recoverable,0.81,0.75,75000,75000,0,shelter,2,0
recoverable_risky_corridor-sarsa-s3-5631359e0e45,3,sarsa,recoverable,0.81,1,100000,100000,0,shelter,2,0
recoverable_risky_corridor-sarsa-s3-57208a312326,3,sarsa,recoverable,0.855,0.25,25000,25000,0,other,0,0
recoverable_risky_corridor-sarsa-s3-57208a312326,3,sarsa,recoverable,0.855,0.5,50000,50000,0,shelter,2,0
recoverable_risky_corridor-sarsa-s3-57208a312326,3,sarsa,recoverable,0.855,0.75,75000,75000,0,shelter,2,0
recoverable_risky_corridor-sarsa-s3-57208a312326,3,sarsa,recoverable,0.855,1,100000,100000,0,shelter,2,0
recoverable_risky_corridor-sarsa-s3-5ca06b7b8b94,3,sarsa,recoverable,0.835,0.25,25000,25000,0,corridor,1,1
recoverable_risky_corridor-sarsa-s3-5ca06b7b8b94,3,sarsa,recoverable,0.835,0.5,50000,50000,0,shelter,2,0
recoverable_risky_corridor-sarsa-s3-5ca06b7b8b94,3,sarsa,recoverable,0.835,0.75,75000,75000,0,shelter,2,0
recoverable_risky_corridor-sarsa-s3-5ca06b7b8b94,3,sarsa,recoverable,0.835,1,100000,100000,0,shelter,2,0
recoverable_risky_corridor-sarsa-s3-5efd0a3e43cc,3,sarsa,recoverable,1,0.25,25000,25000,0,corridor,1,1
recoverable_risky_corridor-sarsa-s3-5efd0a3e43cc,3,sarsa,recoverable,1,0.5,50000,50000,0,corridor,1,1
recoverable_risky_corridor-sarsa-s3-5efd0a3e43cc,3,sarsa,recoverable,1,0.75,75000,75000,0,corridor,1,1
recoverable_risky_corridor-sarsa-s3-5efd0a3e43cc,3,sarsa,recoverable,1,1,100000,100000,0,corridor,1,1
recoverable_risky_corridor-sarsa-s3-724168912838,3,sarsa,recoverable,0.845,0.25,25000,25000,0,corridor,1,1
recoverable_risky_corridor-sarsa-s3-724168912838,3,sarsa,recoverable,0.845,0.5,50000,50000,0,corridor,1,1
recoverable_risky_corridor-sarsa-s3-724168912838,3,sarsa,recoverable,0.845,0.75,75000,75000,0,shelter,2,0
recoverable_risky_corridor-sarsa-s3-724168912838,3,sarsa,recoverable,0.845,1,100000,100000,0,shelter,2,0
recoverable_risky_corridor-sarsa-s3-72c9e4e5c054,3,sarsa,recoverable,0.88,0.25,25000,25000,0,corridor,1,1
recoverable_risky_corridor-sarsa-s3-72c9e4e5c054,3,sarsa,recoverable,0.88,0.5,50000,50000,0,corridor,1,1
recoverable_risky_corridor-sarsa-s3-72c9e4e5c054,3,sarsa,recoverable,0.88,0.75,75000,75000,0,shelter,2,0
recoverable_risky_corridor-sarsa-s3-72c9e4e5c054,3,sarsa,recoverable,0.88,1,100000,100000,0,corridor,1,1
recoverable_risky_corridor-sarsa-s3-811f32b7b6bd,3,sarsa,recoverable,0.6,0.25,25000,25000,0,other,3,0
recoverable_risky_corridor-sarsa-s3-811f32b7b6bd,3,sarsa,recoverable,0.6,0.5,50000,50000,0,shelter,2,0
recoverable_risky_corridor-sarsa-s3-811f32b7b6bd,3,sarsa,recoverable,0.6,0.75,75000,75000,0,shelter,2,0
recoverable_risky_corridor-sarsa-s3-811f32b7b6bd,3,sarsa,recoverable,0.6,1,100000,100000,0,shelter,2,0
recoverable_risky_corridor-sarsa-s3-83f12a3f26b5,3,sarsa,recoverable,0.9,0.25,25000,25000,0,corridor,1,1
recoverable_risky_corridor-sarsa-s3-83f12a3f26b5,3,sarsa,recoverable,0.9,0.5,50000,50000,0,corridor,1,1
recoverable_risky_corridor-sarsa-s3-83f12a3f26b5,3,sarsa,recoverable,0.9,0.75,75000,75000,0,corridor,1,1
recoverable_risky_corridor-sarsa-s3-83f12a3f26b5,3,sarsa,recoverable,0.9,1,100000,100000,0,corridor,1,1
recoverable_risky_corridor-sarsa-s3-876878d4f811,3,sarsa,recoverable,0.82,0.25,25000,25000,0,shelter,2,0
recoverable_risky_corridor-sarsa-s3-876878d4f811,3,sarsa,recoverable,0.82,0.5,50000,50000,0,shelter,2,0
recoverable_risky_corridor-sarsa-s3-876878d4f811,3,sarsa,recoverable,0.82,0.75,75000,75000,0,shelter,2,0
recoverable_risky_corridor-sarsa-s3-876878d4f811,3,sarsa,recoverable,0.82,1,100000,100000,0,shelter,2,0
recoverable_risky_corridor-sarsa-s3-8b5a5f376fb4,3,sarsa,recoverable,0.78,0.25,25000,25000,0,corridor,1,1
recoverable_risky_corridor-sarsa-s3-8b5a5f376fb4,3,sarsa,recoverable,0.78,0.5,50000,50000,0,corridor,1,1
recoverable_risky_corridor-sarsa-s3-8b5a5f376fb4,3,sarsa,recoverable,0.78,0.75,75000,75000,0,shelter,2,0
recoverable_risky_corridor-sarsa-s3-8b5a5f376fb4,3,sarsa,recoverable,0.78,1,100000,100000,0,shelter,2,0
recoverable_risky_corridor-sarsa-s3-99d5c5c0c0bb,3,sarsa,recoverable,0.85,0.25,25000,25000,0,corridor,1,1
recoverable_risky_corridor-sarsa-s3-99d5c5c0c0bb,3,sarsa,recoverable,0.85,0.5,50000,50000,0,corridor,1,1
recoverable_risky_corridor-sarsa-s3-99d5c5c0c0bb,3,sarsa,recoverable,0.85,0.75,75000,75000,0,shelter,2,0
recoverable_risky_corridor-sarsa-s3-99d5c5c0c0bb,3,sarsa,recoverable,0.85,1,100000,100000,0,shelter,2,0
recoverable_risky_corridor-sarsa-s3-d02f0c90ad2a,3,sarsa,recoverable,0.86,0.25,25000,25000,0,shelter,2,0
recoverable_risky_corridor-sarsa-s3-d02f0c90ad2a,3,sarsa,recoverable,0.86,0.5,50000,50000,0,shelter,2,0
recoverable_risky_corridor-sarsa-s3-d02f0c90ad2a,3,sarsa,recoverable,0.86,0.75,75000,75000,0,corridor,1,1
recoverable_risky_corridor-sarsa-s3-d02f0c90ad2a,3,sarsa,recoverable,0.86,1,100000,100000,0,shelter,2,0
recoverable_risky_corridor-sarsa-s4-1134f2246a8f,4,sarsa,recoverable,0.79,0.25,25000,25000,0,corridor,1,1
recoverable_risky_corridor-sarsa-s4-1134f2246a8f,4,sarsa,recoverable,0.79,0.5,50000,50000,0,shelter,2,0
recoverable_risky_corridor-sarsa-s4-1134f2246a8f,4,sarsa,recoverable,0.79,0.75,75000,75000,0,shelter,2,0
recoverable_risky_corridor-sarsa-s4-1134f2246a8f,4,sarsa,recoverable,0.79,1,100000,100000,0,shelter,2,0
recoverable_risky_corridor-sarsa-s4-146a13031eb4,4,sarsa,recoverable,0.85,0.25,25000,25000,0,corridor,1,1
recoverable_risky_corridor-sarsa-s4-146a13031eb4,4,sarsa,recoverable,0.85,0.5,50000,50000,0,corridor,1,1
recoverable_risky_corridor-sarsa-s4-146a13031eb4,4,sarsa,recoverable,0.85,0.75,75000,75000,0,corridor,1,1
recoverable_risky_corridor-sarsa-s4-146a13031eb4,4,sarsa,recoverable,0.85,1,100000,100000,0,shelter,2,0
recoverable_risky_corridor-sarsa-s4-14e6ff39a27e,4,sarsa,recoverable,0.825,0.25,25000,25000,0,corridor,1,1
recoverable_risky_corridor-sarsa-s4-14e6ff39a27e,4,sarsa,recoverable,0.825,0.5,50000,50000,0,shelter,2,0
recoverable_risky_corridor-sarsa-s4-14e6ff39a27e,4,sarsa,recoverable,0.825,0.75,75000,75000,0,shelter,2,0
recoverable_risky_corridor-sarsa-s4-14e6ff39a27e,4,sarsa,recoverable,0.825,1,100000,100000,0,shelter,2,0
recoverable_risky_corridor-sarsa-s4-1fed0e12e1c5,4,sarsa,recoverable,0.6,0.25,25000,25000,0,other,3,0
recoverable_risky_corridor-sarsa-s4-1fed0e12e1c5,4,sarsa,recoverable,0.6,0.5,50000,50000,0,shelter,2,0
recoverable_risky_corridor-sarsa-s4-1fed0e12e1c5,4,sarsa,recoverable,0.6,0.75,75000,75000,0,shelter,2,0
recoverable_risky_corridor-sarsa-s4-1fed0e12e1c5,4,sarsa,recoverable,0.6,1,100000,100000,0,shelter,2,0
recoverable_risky_corridor-sarsa-s4-32a5158d9c3e,4,sarsa,recoverable,0.82,0.25,25000,25000,0,shelter,2,0
recoverable_risky_corridor-sarsa-s4-32a5158d9c3e,4,sarsa,recoverable,0.82,0.5,50000,50000,0,corridor,1,1
recoverable_risky_corridor-sarsa-s4-32a5158d9c3e,4,sarsa,recoverable,0.82,0.75,75000,75000,0,shelter,2,0
recoverable_risky_corridor-sarsa-s4-32a5158d9c3e,4,sarsa,recoverable,0.82,1,100000,100000,0,shelter,2,0
recoverable_risky_corridor-sarsa-s4-3aff3e70e081,4,sarsa,recoverable,0.81,0.25,25000,25000,0,corridor,1,1
recoverable_risky_corridor-sarsa-s4-3aff3e70e081,4,sarsa,recoverable,0.81,0.5,50000,50000,0,shelter,2,0
recoverable_risky_corridor-sarsa-s4-3aff3e70e081,4,sarsa,recoverable,0.81,0.75,75000,75000,0,shelter,2,0
recoverable_risky_corridor-sarsa-s4-3aff3e70e081,4,sarsa,recoverable,0.81,1,100000,100000,0,shelter,2,0
recoverable_risky_corridor-sarsa-s4-41132c6114d5,4,sarsa,recoverable,0.845,0.25,25000,25000,0,corridor,1,1
recoverable_risky_corridor-sarsa-s4-41132c6114d5,4,sarsa,recoverable,0.845,0.5,50000,50000,0,shelter,2,0
recoverable_risky_corridor-sarsa-s4-41132c6114d5,4,sarsa,recoverable,0.845,0.75,75000,75000,0,shelter,2,0
recoverable_risky_corridor-sarsa-s4-41132c6114d5,4,sarsa,recoverable,0.845,1,100000,100000,0,shelter,2,0
recoverable_risky_corridor-sarsa-s4-44eb5527f99a,4,sarsa,recoverable,0.8,0.25,25000,25000,0,corridor,1,1
recoverable_risky_corridor-sarsa-s4-44eb5527f99a,4,sarsa,recoverable,0.8,0.5,50000,50000,0,shelter,2,0
recoverable_risky_corridor-sarsa-s4-44eb5527f99a,4,sarsa,recoverable,0.8,0.75,75000,75000,0,shelter,2,0
recoverable_risky_corridor-sarsa-s4-44eb5527f99a,4,sarsa,recoverable,0.8,1,100000,100000,0,shelter,2,0
recoverable_risky_corridor-sarsa-s4-516d510dad94,4,sarsa,recoverable,0.86,0.25,25000,25000,0,corridor,1,1
recoverable_risky_corridor-sarsa-s4-516d510dad94,4,sarsa,recoverable,0.86,0.5,50000,50000,0,shelter,2,0
recoverable_risky_corridor-sarsa-s4-516d510dad94,4,sarsa,recoverable,0.86,0.75,75000,75000,0,shelter,2,0
recoverable_risky_corridor-sarsa-s4-516d510dad94,4,sarsa,recoverable,0.86,1,100000,100000,0,corridor,1,1
recoverable_risky_corridor-sarsa-s4-5515203c1344,4,sarsa,recoverable,0.9,0.25,25000,25000,0,corridor,1,1
recoverable_risky_corridor-sarsa-s4-5515203c1344,4,sarsa,recoverable,0.9,0.5,50000,50000,0,shelter,2,0
recoverable_risky_corridor-sarsa-s4-5515203c1344,4,sarsa,recoverable,0.9,0.75,75000,75000,0,corridor,1,1
recoverable_risky_corridor-sarsa-s4-5515203c1344,4,sarsa,recoverable,0.9,1,100000,100000,0,corridor,1,1
recoverable_risky_corridor-sarsa-s4-725cea1d7e2a,4,sarsa,recoverable,0.805,0.25,25000,25000,0,corridor,1,1
recoverable_risky_corridor-sarsa-s4-725cea1d7e2a,4,sarsa,recoverable,0.805,0.5,50000,50000,0,shelter,2,0
recoverable_risky_corridor-sarsa-s4-725cea1d7e2a,4,sarsa,recoverable,0.805,0.75,75000,75000,0,shelter,2,0
recoverable_risky_corridor-sarsa-s4-725cea1d7e2a,4,sarsa,recoverable,0.805,1,100000,100000,0,shelter,2,0
recoverable_risky_corridor-sarsa-s4-8a942a2df437,4,sarsa,recoverable,1,0.25,25000,25000,0,corridor,1,1
recoverable_risky_corridor-sarsa-s4-8a942a2df437,4,sarsa,recoverable,1,0.5,50000,50000,0,corridor,1,1
recoverable_risky_corridor-sarsa-s4-8a942a2df437,4,sarsa,recoverable,1,0.75,75000,75000,0,corridor,1,1
recoverable_risky_corridor-sarsa-s4-8a942a2df437,4,sarsa,recoverable,1,1,100000,100000,0,corridor,1,1
recoverable_risky_corridor-sarsa-s4-8cdc3116e134,4,sarsa,recoverable,0.78,0.25,25000,25000,0,shelter,2,0
recoverable_risky_corridor-sarsa-s4-8cdc3116e134,4,sarsa,recoverable,0.78,0.5,50000,50000,0,shelter,2,0
recoverable_risky_corridor-sarsa-s4-8cdc3116e134,4,sarsa,recoverable,0.78,0.75,75000,75000,0,shelter,2,0
recoverable_risky_corridor-sarsa-s4-8cdc3116e134,4,sarsa,recoverable,0.78,1,100000,100000,0,shelter,2,0
recoverable_risky_corridor-sarsa-s4-9e0eef85a409,4,sarsa,recoverable,0.835,0.25,25000,25000,0,corridor,1,1
recoverable_risky_corridor-sarsa-s4-9e0eef85a409,4,sarsa,recoverable,0.835,0.5,50000,50000,0,shelter,2,0
recoverable_risky_corridor-sarsa-s4-9e0eef85a409,4,sarsa,recoverable,0.835,0.75,75000,75000,0,shelter,2,0
recoverable_risky_corridor-sarsa-s4-9e0eef85a409,4,sarsa,recoverable,0.835,1,100000,100000,0,shelter,2,0
recoverable_risky_corridor-sarsa-s4-a5ab012ca51b,4,sarsa,recoverable,0.84,0.25,25000,25000,0,corridor,1,1
recoverable_risky_corridor-sarsa-s4-a5ab012ca51b,4,sarsa,recoverable,0.84,0.5,50000,50000,0,shelter,2,0
recoverable_risky_corridor-sarsa-s4-a5ab012ca51b,4,sarsa,recoverable,0.84,0.75,75000,75000,0,shelter,2,0
recoverable_risky_corridor-sarsa-s4-a5ab012ca51b,4,sarsa,recoverable,0.84,1,100000,100000,0,shelter,2,0
recoverable_risky_corridor-sarsa-s4-c4368117a628,4,sarsa,recoverable,0.88,0.25,25000,25000,0,corridor,1,1
recoverable_risky_corridor-sarsa-s4-c4368117a628,4,sarsa,recoverable,0.88,0.5,50000,50000,0,corridor,1,1
recoverable_risky_corridor-sarsa-s4-c4368117a628,4,sarsa,recoverable,0.88,0.75,75000,75000,0,corridor,1,1
recoverable_risky_corridor-sarsa-s4-c4368117a628,4,sarsa,recoverable,0.88,1,100000,100000,0,corridor,1,1
recoverable_risky_corridor-sarsa-s4-cb4b4c2a83b1,4,sarsa,recoverable,0.7,0.25,25000,25000,0,corridor,1,1
recoverable_risky_corridor-sarsa-s4-cb4b4c2a83b1,4,sarsa,recoverable,0.7,0.5,50000,50000,0,shelter,2,0
recoverable_risky_corridor-sarsa-s4-cb4b4c2a83b1,4,sarsa,recoverable,0.7,0.75,75000,75000,0,shelter,2,0
recoverable_risky_corridor-sarsa-s4-cb4b4c2a83b1,4,sarsa,recoverable,0.7,1,100000,100000,0,shelter,2,0
recoverable_risky_corridor-sarsa-s4-f25b38505414,4,sarsa,recoverable,0.855,0.25,25000,25000,0,corridor,1,1
recoverable_risky_corridor-sarsa-s4-f25b38505414,4,sarsa,recoverable,0.855,0.5,50000,50000,0,shelter,2,0
recoverable_risky_corridor-sarsa-s4-f25b38505414,4,sarsa,recoverable,0.855,0.75,75000,75000,0,corridor,1,1
recoverable_risky_corridor-sarsa-s4-f25b38505414,4,sarsa,recoverable,0.855,1,100000,100000,0,corridor,1,1
recoverable_risky_corridor-sarsa-s5-069e62e0e2b4,5,sarsa,recoverable,0.88,0.25,25000,25000,0,corridor,1,1
recoverable_risky_corridor-sarsa-s5-069e62e0e2b4,5,sarsa,recoverable,0.88,0.5,50000,50000,0,shelter,2,0
recoverable_risky_corridor-sarsa-s5-069e62e0e2b4,5,sarsa,recoverable,0.88,0.75,75000,75000,0,corridor,1,1
recoverable_risky_corridor-sarsa-s5-069e62e0e2b4,5,sarsa,recoverable,0.88,1,100000,100000,0,corridor,1,1
recoverable_risky_corridor-sarsa-s5-1028b6228ae3,5,sarsa,recoverable,0.79,0.25,25000,25000,0,corridor,1,1
recoverable_risky_corridor-sarsa-s5-1028b6228ae3,5,sarsa,recoverable,0.79,0.5,50000,50000,0,shelter,2,0
recoverable_risky_corridor-sarsa-s5-1028b6228ae3,5,sarsa,recoverable,0.79,0.75,75000,75000,0,shelter,2,0
recoverable_risky_corridor-sarsa-s5-1028b6228ae3,5,sarsa,recoverable,0.79,1,100000,100000,0,shelter,2,0
recoverable_risky_corridor-sarsa-s5-2d16d5ad4f5c,5,sarsa,recoverable,0.85,0.25,25000,25000,0,corridor,1,1
recoverable_risky_corridor-sarsa-s5-2d16d5ad4f5c,5,sarsa,recoverable,0.85,0.5,50000,50000,0,shelter,2,0
recoverable_risky_corridor-sarsa-s5-2d16d5ad4f5c,5,sarsa,recoverable,0.85,0.75,75000,75000,0,corridor,1,1
recoverable_risky_corridor-sarsa-s5-2d16d5ad4f5c,5,sarsa,recoverable,0.85,1,100000,100000,0,shelter,2,0
recoverable_risky_corridor-sarsa-s5-316750102d73,5,sarsa,recoverable,0.805,0.25,25000,25000,0,shelter,2,0
recoverable_risky_corridor-sarsa-s5-316750102d73,5,sarsa,recoverable,0.805,0.5,50000,50000,0,shelter,2,0
recoverable_risky_corridor-sarsa-s5-316750102d73,5,sarsa,recoverable,0.805,0.75,75000,75000,0,shelter,2,0
recoverable_risky_corridor-sarsa-s5-316750102d73,5,sarsa,recoverable,0.805,1,100000,100000,0,shelter,2,0
recoverable_risky_corridor-sarsa-s5-4090043c82cc,5,sarsa,recoverable,0.6,0.25,25000,25000,0,corridor,1,1
recoverable_risky_corridor-sarsa-s5-4090043c82cc,5,sarsa,recoverable,0.6,0.5,50000,50000,0,shelter,2,0
recoverable_risky_corridor-sarsa-s5-4090043c82cc,5,sarsa,recoverable,0.6,0.75,75000,75000,0,shelter,2,0
recoverable_risky_corridor-sarsa-s5-4090043c82cc,5,sarsa,recoverable,0.6,1,100000,100000,0,shelter,2,0
recoverable_risky_corridor-sarsa-s5-4c9080cb9906,5,sarsa,recoverable,0.86,0.25,25000,25000,0,corridor,1,1
recoverable_risky_corridor-sarsa-s5-4c9080cb9906,5,sarsa,recoverable,0.86,0.5,50000,50000,0,corridor,1,1
recoverable_risky_corridor-sarsa-s5-4c9080cb9906,5,sarsa,recoverable,0.86,0.75,75000,75000,0,shelter,2,0
recoverable_risky_corridor-sarsa-s5-4c9080cb9906,5,sarsa,recoverable,0.86,1,100000,100000,0,shelter,2,0
recoverable_risky_corridor-sarsa-s5-5162dac2aa6c,5,sarsa,recoverable,0.855,0.25,25000,25000,0,corridor,1,1
recoverable_risky_corridor-sarsa-s5-5162dac2aa6c,5,sarsa,recoverable,0.855,0.5,50000,50000,0,shelter,2,0
recoverable_risky_corridor-sarsa-s5-5162dac2aa6c,5,sarsa,recoverable,0.855,0.75,75000,75000,0,corridor,1,1
recoverable_risky_corridor-sarsa-s5-5162dac2aa6c,5,sarsa,recoverable,0.855,1,100000,100000,0,corridor,1,1
recoverable_risky_corridor-sarsa-s5-6c80d07b59a2,5,sarsa,recoverable,0.845,0.25,25000,25000,0,corridor,1,1
recoverable_risky_corridor-sarsa-s5-6c80d07b59a2,5,sarsa,recoverable,0.845,0.5,50000,50000,0,shelter,2,0
recoverable_risky_corridor-sarsa-s5-6c80d07b59a2,5,sarsa,recoverable,0.845,0.75,75000,75000,0,shelter,2,0
recoverable_risky_corridor-sarsa-s5-6c80d07b59a2,5,sarsa,recoverable,0.845,1,100000,100000,0,corridor,1,1
recoverable_risky_corridor-sarsa-s5-6ce26129c69b,5,sarsa,recoverable,0.7,0.25,25000,25000,0,corridor,1,1
recoverable_risky_corridor-sarsa-s5-6ce26129c69b,5,sarsa,recoverable,0.7,0.5,50000,50000,0,shelter,2,0
recoverable_risky_corridor-sarsa-s5-6ce26129c69b,5,sarsa,recoverable,0.7,0.75,75000,75000,0,shelter,2,0
recoverable_risky_corridor-sarsa-s5-6ce26129c69b,5,sarsa,recoverable,0.7,1,100000,100000,0,shelter,2,0
recoverable_risky_corridor-sarsa-s5-817a9fa3edb2,5,sarsa,recoverable,0.81,0.25,25000,25000,0,corridor,1,1
recoverable_risky_corridor-sarsa-s5-817a9fa3edb2,5,sarsa,recoverable,0.81,0.5,50000,50000,0,shelter,2,0
recoverable_risky_corridor-sarsa-s5-817a9fa3edb2,5,sarsa,recoverable,0.81,0.75,75000,75000,0,shelter,2,0
recoverable_risky_corridor-sarsa-s5-817a9fa3edb2,5,sarsa,recoverable,0.81,1,100000,100000,0,shelter,2,0
recoverable_risky_corridor-sarsa-s5-8538847ccf81,5,sarsa,recoverable,0.835,0.25,25000,25000,0,corridor,1,1
recoverable_risky_corridor-sarsa-s5-8538847ccf81,5,sarsa,recoverable,0.835,0.5,50000,50000,0,corridor,1,1
recoverable_risky_corridor-sarsa-s5-8538847ccf81,5,sarsa,recoverable,0.835,0.75,75000,75000,0,shelter,2,0
recoverable_risky_corridor-sarsa-s5-8538847ccf81,5,sarsa,recoverable,0.835,1,100000,100000,0,shelter,2,0
recoverable_risky_corridor-sarsa-s5-93b99d22b912,5,sarsa,recoverable,1,0.25,25000,25000,0,corridor,1,1
recoverable_risky_corridor-sarsa-s5-93b99d22b912,5,sarsa,recoverable,1,0.5,50000,50000,0,corridor,1,1
recoverable_risky_corridor-sarsa-s5-93b99d22b912,5,sarsa,recoverable,1,0.75,75000,75000,0,corridor,1,1
recoverable_risky_corridor-sarsa-s5-93b99d22b912,5,sarsa,recoverable,1,1,100000,100000,0,corridor,1,1
recoverable_risky_corridor-sarsa-s5-9a4d13270d1f,5,sarsa,recoverable,0.78,0.25,25000,25000,0,shelter,2,0
recoverable_risky_corridor-sarsa-s5-9a4d13270d1f,5,sarsa,recoverable,0.78,0.5,50000,50000,0,shelter,2,0
recoverable_risky_corridor-sarsa-s5-9a4d13270d1f,5,sarsa,recoverable,0.78,0.75,75000,75000,0,shelter,2,0
recoverable_risky_corridor-sarsa-s5-9a4d13270d1f,5,sarsa,recoverable,0.78,1,100000,100000,0,shelter,2,0
recoverable_risky_corridor-sarsa-s5-a29ac8ae5531,5,sarsa,recoverable,0.82,0.25,25000,25000,0,shelter,2,0
recoverable_risky_corridor-sarsa-s5-a29ac8ae5531,5,sarsa,recoverable,0.82,0.5,50000,50000,0,shelter,2,0
recoverable_risky_corridor-sarsa-s5-a29ac8ae5531,5,sarsa,recoverable,0.82,0.75,75000,75000,0,shelter,2,0
recoverable_risky_corridor-sarsa-s5-a29ac8ae5531,5,sarsa,recoverable,0.82,1,100000,100000,0,shelter,2,0
recoverable_risky_corridor-sarsa-s5-a8b64157f234,5,sarsa,recoverable,0.84,0.25,25000,25000,0,corridor,1,1
recoverable_risky_corridor-sarsa-s5-a8b64157f234,5,sarsa,recoverable,0.84,0.5,50000,50000,0,shelter,2,0
recoverable_risky_corridor-sarsa-s5-a8b64157f234,5,sarsa,recoverable,0.84,0.75,75000,75000,0,corridor,1,1
recoverable_risky_corridor-sarsa-s5-a8b64157f234,5,sarsa,recoverable,0.84,1,100000,100000,0,shelter,2,0
recoverable_risky_corridor-sarsa-s5-aff692e43012,5,sarsa,recoverable,0.825,0.25,25000,25000,0,shelter,2,0
recoverable_risky_corridor-sarsa-s5-aff692e43012,5,sarsa,recoverable,0.825,0.5,50000,50000,0,corridor,1,1
recoverable_risky_corridor-sarsa-s5-aff692e43012,5,sarsa,recoverable,0.825,0.75,75000,75000,0,corridor,1,1
recoverable_risky_corridor-sarsa-s5-aff692e43012,5,sarsa,recoverable,0.825,1,100000,100000,0,shelter,2,0
recoverable_risky_corridor-sarsa-s5-c1b39ffb6eff,5,sarsa,recoverable,0.9,0.25,25000,25000,0,corridor,1,1
recoverable_risky_corridor-sarsa-s5-c1b39ffb6eff,5,sarsa,recoverable,0.9,0.5,50000,50000,0,shelter,2,0
recoverable_risky_corridor-sarsa-s5-c1b39ffb6eff,5,sarsa,recoverable,0.9,0.75,75000,75000,0,corridor,1,1
recoverable_risky_corridor-sarsa-s5-c1b39ffb6eff,5,sarsa,recoverable,0.9,1,100000,100000,0,corridor,1,1
recoverable_risky_corridor-sarsa-s5-f6daa56935a2,5,sarsa,recoverable,0.8,0.25,25000,25000,0,corridor,1,1
recoverable_risky_corridor-sarsa-s5-f6daa56935a2,5,sarsa,recoverable,0.8,0.5,50000,50000,0,shelter,2,0
recoverable_risky_corridor-sarsa-s5-f6daa56935a2,5,sarsa,recoverable,0.8,0.75,75000,75000,0,shelter,2,0
recoverable_risky_corridor-sarsa-s5-f6daa56935a2,5,sarsa,recoverable,0.8,1,100000,100000,0,shelter,2,0
recoverable_risky_corridor-sarsa-s6-0237a08c70e7,6,sarsa,recoverable,0.81,0.25,25000,25000,0,corridor,1,1
recoverable_risky_corridor-sarsa-s6-0237a08c70e7,6,sarsa,recoverable,0.81,0.5,50000,50000,0,corridor,1,1
recoverable_risky_corridor-sarsa-s6-0237a08c70e7,6,sarsa,recoverable,0.81,0.75,75000,75000,0,corridor,1,1
recoverable_risky_corridor-sarsa-s6-0237a08c70e7,6,sarsa,recoverable,0.81,1,100000,100000,0,shelter,2,0
recoverable_risky_corridor-sarsa-s6-2e107223fbf6,6,sarsa,recoverable,0.805,0.25,25000,25000,0,corridor,1,1
recoverable_risky_corridor-sarsa-s6-2e107223fbf6,6,sarsa,recoverable,0.805,0.5,50000,50000,0,corridor,1,1
recoverable_risky_corridor-sarsa-s6-2e107223fbf6,6,sarsa,recoverable,0.805,0.75,75000,75000,0,shelter,2,0
recoverable_risky_corridor-sarsa-s6-2e107223fbf6,6,sarsa,recoverable,0.805,1,100000,100000,0,shelter,2,0
recoverable_risky_corridor-sarsa-s6-2f178f1a6aa1,6,sarsa,recoverable,0.79,0.25,25000,25000,0,corridor,1,1
recoverable_risky_corridor-sarsa-s6-2f178f1a6aa1,6,sarsa,recoverable,0.79,0.5,50000,50000,0,shelter,2,0
recoverable_risky_corridor-sarsa-s6-2f178f1a6aa1,6,sarsa,recoverable,0.79,0.75,75000,75000,0,shelter,2,0
recoverable_risky_corridor-sarsa-s6-2f178f1a6aa1,6,sarsa,recoverable,0.79,1,100000,100000,0,shelter,2,0
recoverable_risky_corridor-sarsa-s6-48b84d75628b,6,sarsa,recoverable,0.9,0.25,25000,25000,0,corridor,1,1
recoverable_risky_corridor-sarsa-s6-48b84d75628b,6,sarsa,recoverable,0.9,0.5,50000,50000,0,corridor,1,1
recoverable_risky_corridor-sarsa-s6-48b84d75628b,6,sarsa,recoverable,0.9,0.75,75000,75000,0,corridor,1,1
recoverable_risky_corridor-sarsa-s6-48b84d75628b,6,sarsa,recoverable,0.9,1,100000,100000,0,corridor,1,1
recoverable_risky_corridor-sarsa-s6-53984542a1bf,6,sarsa,recoverable,0.84,0.25,25000,25000,0,corridor,1,1
recoverable_risky_corridor-sarsa-s6-53984542a1bf,6,sarsa,recoverable,0.84,0.5,50000,50000,0,shelter,2,0
recoverable_risky_corridor-sarsa-s6-53984542a1bf,6,sarsa,recoverable,0.84,0.75,75000,75000,0,shelter,2,0
recoverable_risky_corridor-sarsa-s6-53984542a1bf,6,sarsa,recoverable,0.84,1,100000,100000,0,shelter,2,0
recoverable_risky_corridor-sarsa-s6-5719fc4abe44,6,sarsa,recoverable,0.78,0.25,25000,25000,0,corridor,1,1
recoverable_risky_corridor-sarsa-s6-5719fc4abe44,6,sarsa,recoverable,0.78,0.5,50000,50000,0,shelter,2,0
recoverable_risky_corridor-sarsa-s6-5719fc4abe44,6,sarsa,recoverable,0.78,0.75,75000,75000,0,shelter,2,0
recoverable_risky_corridor-sarsa-s6-5719fc4abe44,6,sarsa,recoverable,0.78,1,100000,100000,0,shelter,2,0
recoverable_risky_corridor-sarsa-s6-63420cda3499,6,sarsa,recoverable,0.845,0.25,25000,25000,0,corridor,1,1
recoverable_risky_corridor-sarsa-s6-63420cda3499,6,sarsa,recoverable,0.845,0.5,50000,50000,0,corridor,1,1
recoverable_risky_corridor-sarsa-s6-63420cda3499,6,sarsa,recoverable,0.845,0.75,75000,75000,0,corridor,1,1
recoverable_risky_corridor-sarsa-s6-63420cda3499,6,sarsa,recoverable,0.845,1,100000,100000,0,shelter,2,0
recoverable_risky_corridor-sarsa-s6-6c5334e04ec3,6,sarsa,recoverable,0.825,0.25,25000,25000,0,corridor,1,1
recoverable_risky_corridor-sarsa-s6-6c5334e04ec3,6,sarsa,recoverable,0.825,0.5,50000,50000,0,corridor,1,1
recoverable_risky_corridor-sarsa-s6-6c5334e04ec3,6,sarsa,recoverable,0.825,0.75,75000,75000,0,shelter,2,0
recoverable_risky_corridor-sarsa-s6-6c5334e04ec3,6,sarsa,recoverable,0.825,1,100000,100000,0,shelter,2,0
recoverable_risky_corridor-sarsa-s6-7c3963f63372,6,sarsa,recoverable,0.8,0.25,25000,25000,0,corridor,1,1
recoverable_risky_corridor-sarsa-s6-7c3963f63372,6,sarsa,recoverable,0.8,0.5,50000,50000,0,shelter,2,0
recoverable_risky_corridor-sarsa-s6-7c3963f63372,6,sarsa,recoverable,0.8,0.75,75000,75000,0,shelter,2,0
recoverable_risky_corridor-sarsa-s6-7c3963f63372,6,sarsa,recoverable,0.8,1,100000,100000,0,shelter,2,0
recoverable_risky_corridor-sarsa-s6-9927512e3656,6,sarsa,recoverable,0.88,0.25,25000,25000,0,shelter,2,0
recoverable_risky_corridor-sarsa-s6-9927512e3656,6,sarsa,recoverable,0.88,0.5,50000,50000,0,corridor,1,1
recoverable_risky_corridor-sarsa-s6-9927512e3656,6,sarsa,recoverable,0.88,0.75,75000,75000,0,corridor,1,1
recoverable_risky_corridor-sarsa-s6-9927512e3656,6,sarsa,recoverable,0.88,1,100000,100000,0,corridor,1,1
recoverable_risky_corridor-sarsa-s6-aa4e3ef9b5ad,6,sarsa,recoverable,0.855,0.25,25000,25000,0,corridor,1,1
recoverable_risky_corridor-sarsa-s6-aa4e3ef9b5ad,6,sarsa,recoverable,0.855,0.5,50000,50000,0,corridor,1,1
recoverable_risky_corridor-sarsa-s6-aa4e3ef9b5ad,6,sarsa,recoverable,0.855,0.75,75000,75000,0,shelter,2,0
recoverable_risky_corridor-sarsa-s6-aa4e3ef9b5ad,6,sarsa,recoverable,0.855,1,100000,100000,0,corridor,1,1
recoverable_risky_corridor-sarsa-s6-aaa66129fb5a,6,sarsa,recoverable,0.835,0.25,25000,25000,0,corridor,1,1
recoverable_risky_corridor-sarsa-s6-aaa66129fb5a,6,sarsa,recoverable,0.835,0.5,50000,50000,0,shelter,2,0
recoverable_risky_corridor-sarsa-s6-aaa66129fb5a,6,sarsa,recoverable,0.835,0.75,75000,75000,0,corridor,1,1
recoverable_risky_corridor-sarsa-s6-aaa66129fb5a,6,sarsa,recoverable,0.835,1,100000,100000,0,shelter,2,0
recoverable_risky_corridor-sarsa-s6-b09d0d19322d,6,sarsa,recoverable,0.82,0.25,25000,25000,0,corridor,1,1
recoverable_risky_corridor-sarsa-s6-b09d0d19322d,6,sarsa,recoverable,0.82,0.5,50000,50000,0,shelter,2,0
recoverable_risky_corridor-sarsa-s6-b09d0d19322d,6,sarsa,recoverable,0.82,0.75,75000,75000,0,shelter,2,0
recoverable_risky_corridor-sarsa-s6-b09d0d19322d,6,sarsa,recoverable,0.82,1,100000,100000,0,shelter,2,0
recoverable_risky_corridor-sarsa-s6-b783109b7941,6,sarsa,recoverable,0.85,0.25,25000,25000,0,corridor,1,1
recoverable_risky_corridor-sarsa-s6-b783109b7941,6,sarsa,recoverable,0.85,0.5,50000,50000,0,shelter,2,0
recoverable_risky_corridor-sarsa-s6-b783109b7941,6,sarsa,recoverable,0.85,0.75,75000,75000,0,corridor,1,1
recoverable_risky_corridor-sarsa-s6-b783109b7941,6,sarsa,recoverable,0.85,1,100000,100000,0,corridor,1,1
recoverable_risky_corridor-sarsa-s6-e0dde744ba13,6,sarsa,recoverable,0.86,0.25,25000,25000,0,corridor,1,1
recoverable_risky_corridor-sarsa-s6-e0dde744ba13,6,sarsa,recoverable,0.86,0.5,50000,50000,0,corridor,1,1
recoverable_risky_corridor-sarsa-s6-e0dde744ba13,6,sarsa,recoverable,0.86,0.75,75000,75000,0,corridor,1,1
recoverable_risky_corridor-sarsa-s6-e0dde744ba13,6,sarsa,recoverable,0.86,1,100000,100000,0,corridor,1,1
recoverable_risky_corridor-sarsa-s6-faf10ab565ef,6,sarsa,recoverable,0.7,0.25,25000,25000,0,other,0,0
recoverable_risky_corridor-sarsa-s6-faf10ab565ef,6,sarsa,recoverable,0.7,0.5,50000,50000,0,shelter,2,0
recoverable_risky_corridor-sarsa-s6-faf10ab565ef,6,sarsa,recoverable,0.7,0.75,75000,75000,0,shelter,2,0
recoverable_risky_corridor-sarsa-s6-faf10ab565ef,6,sarsa,recoverable,0.7,1,100000,100000,0,shelter,2,0
recoverable_risky_corridor-sarsa-s6-fdc072f2e22a,6,sarsa,recoverable,0.6,0.25,25000,25000,0,other,0,0
recoverable_risky_corridor-sarsa-s6-fdc072f2e22a,6,sarsa,recoverable,0.6,0.5,50000,50000,0,shelter,2,0
recoverable_risky_corridor-sarsa-s6-fdc072f2e22a,6,sarsa,recoverable,0.6,0.75,75000,75000,0,shelter,2,0
recoverable_risky_corridor-sarsa-s6-fdc072f2e22a,6,sarsa,recoverable,0.6,1,100000,100000,0,shelter,2,0
recoverable_risky_corridor-sarsa-s6-fe1b3425ce4f,6,sarsa,recoverable,1,0.25,25000,25000,0,corridor,1,1
recoverable_risky_corridor-sarsa-s6-fe1b3425ce4f,6,sarsa,recoverable,1,0.5,50000,50000,0,corridor,1,1
recoverable_risky_corridor-sarsa-s6-fe1b3425ce4f,6,sarsa,recoverable,1,0.75,75000,75000,0,corridor,1,1
recoverable_risky_corridor-sarsa-s6-fe1b3425ce4f,6,sarsa,recoverable,1,1,100000,100000,0,corridor,1,1
recoverable_risky_corridor-sarsa-s7-0bfbe51fc415,7,sarsa,recoverable,0.78,0.25,25000,25000,0,corridor,1,1
recoverable_risky_corridor-sarsa-s7-0bfbe51fc415,7,sarsa,recoverable,0.78,0.5,50000,50000,0,corridor,1,1
recoverable_risky_corridor-sarsa-s7-0bfbe51fc415,7,sarsa,recoverable,0.78,0.75,75000,75000,0,shelter,2,0
recoverable_risky_corridor-sarsa-s7-0bfbe51fc415,7,sarsa,recoverable,0.78,1,100000,100000,0,shelter,2,0
recoverable_risky_corridor-sarsa-s7-11fe80d9aad4,7,sarsa,recoverable,0.7,0.25,25000,25000,0,shelter,2,0
recoverable_risky_corridor-sarsa-s7-11fe80d9aad4,7,sarsa,recoverable,0.7,0.5,50000,50000,0,shelter,2,0
recoverable_risky_corridor-sarsa-s7-11fe80d9aad4,7,sarsa,recoverable,0.7,0.75,75000,75000,0,shelter,2,0
recoverable_risky_corridor-sarsa-s7-11fe80d9aad4,7,sarsa,recoverable,0.7,1,100000,100000,0,shelter,2,0
recoverable_risky_corridor-sarsa-s7-173497771c20,7,sarsa,recoverable,0.805,0.25,25000,25000,0,corridor,1,1
recoverable_risky_corridor-sarsa-s7-173497771c20,7,sarsa,recoverable,0.805,0.5,50000,50000,0,shelter,2,0
recoverable_risky_corridor-sarsa-s7-173497771c20,7,sarsa,recoverable,0.805,0.75,75000,75000,0,shelter,2,0
recoverable_risky_corridor-sarsa-s7-173497771c20,7,sarsa,recoverable,0.805,1,100000,100000,0,shelter,2,0
recoverable_risky_corridor-sarsa-s7-39c8d3b6131f,7,sarsa,recoverable,0.81,0.25,25000,25000,0,shelter,2,0
recoverable_risky_corridor-sarsa-s7-39c8d3b6131f,7,sarsa,recoverable,0.81,0.5,50000,50000,0,corridor,1,1
recoverable_risky_corridor-sarsa-s7-39c8d3b6131f,7,sarsa,recoverable,0.81,0.75,75000,75000,0,shelter,2,0
recoverable_risky_corridor-sarsa-s7-39c8d3b6131f,7,sarsa,recoverable,0.81,1,100000,100000,0,corridor,1,1
recoverable_risky_corridor-sarsa-s7-6692aa157420,7,sarsa,recoverable,0.9,0.25,25000,25000,0,corridor,1,1
recoverable_risky_corridor-sarsa-s7-6692aa157420,7,sarsa,recoverable,0.9,0.5,50000,50000,0,corridor,1,1
recoverable_risky_corridor-sarsa-s7-6692aa157420,7,sarsa,recoverable,0.9,0.75,75000,75000,0,corridor,1,1
recoverable_risky_corridor-sarsa-s7-6692aa157420,7,sarsa,recoverable,0.9,1,100000,100000,0,corridor,1,1
recoverable_risky_corridor-sarsa-s7-6be40b77db2e,7,sarsa,recoverable,0.84,0.25,25000,25000,0,shelter,2,0
recoverable_risky_corridor-sarsa-s7-6be40b77db2e,7,sarsa,recoverable,0.84,0.5,50000,50000,0,shelter,2,0
recoverable_risky_corridor-sarsa-s7-6be40b77db2e,7,sarsa,recoverable,0.84,0.75,75000,75000,0,shelter,2,0
recoverable_risky_corridor-sarsa-s7-6be40b77db2e,7,sarsa,recoverable,0.84,1,100000,100000,0,corridor,1,1
recoverable_risky_corridor-sarsa-s7-6dfc0e010e94,7,sarsa,recoverable,0.8,0.25,25000,25000,0,corridor,1,1
recoverable_risky_corridor-sarsa-s7-6dfc0e010e94,7,sarsa,recoverable,0.8,0.5,50000,50000,0,corridor,1,1
recoverable_risky_corridor-sarsa-s7-6dfc0e010e94,7,sarsa,recoverable,0.8,0.75,75000,75000,0,shelter,2,0
recoverable_risky_corridor-sarsa-s7-6dfc0e010e94,7,sarsa,recoverable,0.8,1,100000,100000,0,shelter,2,0
recoverable_risky_corridor-sarsa-s7-6f881b464cdd,7,sarsa,recoverable,0.86,0.25,25000,25000,0,corridor,1,1
recoverable_risky_corridor-sarsa-s7-6f881b464cdd,7,sarsa,recoverable,0.86,0.5,50000,50000,0,corridor,1,1
recoverable_risky_corridor-sarsa-s7-6f881b464cdd,7,sarsa,recoverable,0.86,0.75,75000,75000,0,corridor,1,1
recoverable_risky_corridor-sarsa-s7-6f881b464cdd,7,sarsa,recoverable,0.86,1,100000,100000,0,corridor,1,1
recoverable_risky_corridor-sarsa-s7-8578b9ec71d5,7,sarsa,recoverable,0.6,0.25,25000,25000,0,corridor,1,1
recoverable_risky_corridor-sarsa-s7-8578b9ec71d5,7,sarsa,recoverable,0.6,0.5,50000,50000,0,shelter,2,0
recoverable_risky_corridor-sarsa-s7-8578b9ec71d5,7,sarsa,recoverable,0.6,0.75,75000,75000,0,shelter,2,0
recoverable_risky_corridor-sarsa-s7-8578b9ec71d5,7,sarsa,recoverable,0.6,1,100000,100000,0,shelter,2,0
recoverable_risky_corridor-sarsa-s7-8dcfc24e7126,7,sarsa,recoverable,0.85,0.25,25000,25000,0,corridor,1,1
recoverable_risky_corridor-sarsa-s7-8dcfc24e7126,7,sarsa,recoverable,0.85,0.5,50000,50000,0,corridor,1,1
recoverable_risky_corridor-sarsa-s7-8dcfc24e7126,7,sarsa,recoverable,0.85,0.75,75000,75000,0,shelter,2,0
recoverable_risky_corridor-sarsa-s7-8dcfc24e7126,7,sarsa,recoverable,0.85,1,100000,100000,0,shelter,2,0
recoverable_risky_corridor-sarsa-s7-8e2df8cc3d70,7,sarsa,recoverable,0.825,0.25,25000,25000,0,corridor,1,1
recoverable_risky_corridor-sarsa-s7-8e2df8cc3d70,7,sarsa,recoverable,0.825,0.5,50000,50000,0,shelter,2,0
recoverable_risky_corridor-sarsa-s7-8e2df8cc3d70,7,sarsa,recoverable,0.825,0.75,75000,75000,0,shelter,2,0
recoverable_risky_corridor-sarsa-s7-8e2df8cc3d70,7,sarsa,recoverable,0.825,1,100000,100000,0,shelter,2,0
recoverable_risky_corridor-sarsa-s7-c970935dbae8,7,sarsa,recoverable,0.855,0.25,25000,25000,0,corridor,1,1
recoverable_risky_corridor-sarsa-s7-c970935dbae8,7,sarsa,recoverable,0.855,0.5,50000,50000,0,corridor,1,1
recoverable_risky_corridor-sarsa-s7-c970935dbae8,7,sarsa,recoverable,0.855,0.75,75000,75000,0,corridor,1,1
recoverable_risky_corridor-sarsa-s7-c970935dbae8,7,sarsa,recoverable,0.855,1,100000,100000,0,corridor,1,1
recoverable_risky_corridor-sarsa-s7-d59cb5beb2a5,7,sarsa,recoverable,0.79,0.25,25000,25000,0,corridor,1,1
recoverable_risky_corridor-sarsa-s7-d59cb5beb2a5,7,sarsa,recoverable,0.79,0.5,50000,50000,0,shelter,2,0
recoverable_risky_corridor-sarsa-s7-d59cb5beb2a5,7,sarsa,recoverable,0.79,0.75,75000,75000,0,shelter,2,0
recoverable_risky_corridor-sarsa-s7-d59cb5beb2a5,7,sarsa,recoverable,0.79,1,100000,100000,0,shelter,2,0
recoverable_risky_corridor-sarsa-s7-d8ed5366eb89,7,sarsa,recoverable,0.845,0.25,25000,25000,0,corridor,1,1
recoverable_risky_corridor-sarsa-s7-d8ed5366eb89,7,sarsa,recoverable,0.845,0.5,50000,50000,0,shelter,2,0
recoverable_risky_corridor-sarsa-s7-d8ed5366eb89,7,sarsa,recoverable,0.845,0.75,75000,75000,0,corridor,1,1
recoverable_risky_corridor-sarsa-s7-d8ed5366eb89,7,sarsa,recoverable,0.845,1,100000,100000,0,shelter,2,0
recoverable_risky_corridor-sarsa-s7-df7c3bdb8dd5,7,sarsa,recoverable,0.88,0.25,25000,25000,0,corridor,1,1
recoverable_risky_corridor-sarsa-s7-df7c3bdb8dd5,7,sarsa,recoverable,0.88,0.5,50000,50000,0,corridor,1,1
recoverable_risky_corridor-sarsa-s7-df7c3bdb8dd5,7,sarsa,recoverable,0.88,0.75,75000,75000,0,corridor,1,1
recoverable_risky_corridor-sarsa-s7-df7c3bdb8dd5,7,sarsa,recoverable,0.88,1,100000,100000,0,corridor,1,1
recoverable_risky_corridor-sarsa-s7-f69899e0cdb7,7,sarsa,recoverable,0.82,0.25,25000,25000,0,shelter,2,0
recoverable_risky_corridor-sarsa-s7-f69899e0cdb7,7,sarsa,recoverable,0.82,0.5,50000,50000,0,corridor,1,1
recoverable_risky_corridor-sarsa-s7-f69899e0cdb7,7,sarsa,recoverable,0.82,0.75,75000,75000,0,shelter,2,0
recoverable_risky_corridor-sarsa-s7-f69899e0cdb7,7,sarsa,recoverable,0.82,1,100000,100000,0,shelter,2,0
recoverable_risky_corridor-sarsa-s7-f92c2182e419,7,sarsa,recoverable,0.835,0.25,25000,25000,0,corridor,1,1
recoverable_risky_corridor-sarsa-s7-f92c2182e419,7,sarsa,recoverable,0.835,0.5,50000,50000,0,shelter,2,0
recoverable_risky_corridor-sarsa-s7-f92c2182e419,7,sarsa,recoverable,0.835,0.75,75000,75000,0,shelter,2,0
recoverable_risky_corridor-sarsa-s7-f92c2182e419,7,sarsa,recoverable,0.835,1,100000,100000,0,shelter,2,0
recoverable_risky_corridor-sarsa-s7-f99fe9a32109,7,sarsa,recoverable,1,0.25,25000,25000,0,corridor,1,1
recoverable_risky_corridor-sarsa-s7-f99fe9a32109,7,sarsa,recoverable,1,0.5,50000,50000,0,corridor,1,1
recoverable_risky_corridor-sarsa-s7-f99fe9a32109,7,sarsa,recoverable,1,0.75,75000,75000,0,corridor,1,1
recoverable_risky_corridor-sarsa-s7-f99fe9a32109,7,sarsa,recoverable,1,1,100000,100000,0,corridor,1,1
recoverable_risky_corridor-sarsa-s8-0b0c89a1befa,8,sarsa,recoverable,0.81,0.25,25000,25000,0,corridor,1,1
recoverable_risky_corridor-sarsa-s8-0b0c89a1befa,8,sarsa,recoverable,0.81,0.5,50000,50000,0,shelter,2,0
recoverable_risky_corridor-sarsa-s8-0b0c89a1befa,8,sarsa,recoverable,0.81,0.75,75000,75000,0,shelter,2,0
recoverable_risky_corridor-sarsa-s8-0b0c89a1befa,8,sarsa,recoverable,0.81,1,100000,100000,0,shelter,2,0
recoverable_risky_corridor-sarsa-s8-185caa900137,8,sarsa,recoverable,0.825,0.25,25000,25000,0,corridor,1,1
recoverable_risky_corridor-sarsa-s8-185caa900137,8,sarsa,recoverable,0.825,0.5,50000,50000,0,shelter,2,0
recoverable_risky_corridor-sarsa-s8-185caa900137,8,sarsa,recoverable,0.825,0.75,75000,75000,0,shelter,2,0
recoverable_risky_corridor-sarsa-s8-185caa900137,8,sarsa,recoverable,0.825,1,100000,100000,0,shelter,2,0
recoverable_risky_corridor-sarsa-s8-2037b00f09a6,8,sarsa,recoverable,1,0.25,25000,25000,0,corridor,1,1
recoverable_risky_corridor-sarsa-s8-2037b00f09a6,8,sarsa,recoverable,1,0.5,50000,50000,0,corridor,1,1
recoverable_risky_corridor-sarsa-s8-2037b00f09a6,8,sarsa,recoverable,1,0.75,75000,75000,0,corridor,1,1
recoverable_risky_corridor-sarsa-s8-2037b00f09a6,8,sarsa,recoverable,1,1,100000,100000,0,corridor,1,1
recoverable_risky_corridor-sarsa-s8-2987ef1fba59,8,sarsa,recoverable,0.78,0.25,25000,25000,0,shelter,2,0
recoverable_risky_corridor-sarsa-s8-2987ef1fba59,8,sarsa,recoverable,0.78,0.5,50000,50000,0,corridor,1,1
recoverable_risky_corridor-sarsa-s8-2987ef1fba59,8,sarsa,recoverable,0.78,0.75,75000,75000,0,shelter,2,0
recoverable_risky_corridor-sarsa-s8-2987ef1fba59,8,sarsa,recoverable,0.78,1,100000,100000,0,shelter,2,0
recoverable_risky_corridor-sarsa-s8-402423c58573,8,sarsa,recoverable,0.8,0.25,25000,25000,0,shelter,2,0
recoverable_risky_corridor-sarsa-s8-402423c58573,8,sarsa,recoverable,0.8,0.5,50000,50000,0,shelter,2,0
recoverable_risky_corridor-sarsa-s8-402423c58573,8,sarsa,recoverable,0.8,0.75,75000,75000,0,shelter,2,0
recoverable_risky_corridor-sarsa-s8-402423c58573,8,sarsa,recoverable,0.8,1,100000,100000,0,shelter,2,0
recoverable_risky_corridor-sarsa-s8-4f2b18c423c2,8,sarsa,recoverable,0.86,0.25,25000,25000,0,corridor,1,1
recoverable_risky_corridor-sarsa-s8-4f2b18c423c2,8,sarsa,recoverable,0.86,0.5,50000,50000,0,corridor,1,1
recoverable_risky_corridor-sarsa-s8-4f2b18c423c2,8,sarsa,recoverable,0.86,0.75,75000,75000,0,shelter,2,0
recoverable_risky_corridor-sarsa-s8-4f2b18c423c2,8,sarsa,recoverable,0.86,1,100000,100000,0,corridor,1,1
recoverable_risky_corridor-sarsa-s8-5870862a0bc5,8,sarsa,recoverable,0.805,0.25,25000,25000,0,shelter,2,0
recoverable_risky_corridor-sarsa-s8-5870862a0bc5,8,sarsa,recoverable,0.805,0.5,50000,50000,0,shelter,2,0
recoverable_risky_corridor-sarsa-s8-5870862a0bc5,8,sarsa,recoverable,0.805,0.75,75000,75000,0,shelter,2,0
recoverable_risky_corridor-sarsa-s8-5870862a0bc5,8,sarsa,recoverable,0.805,1,100000,100000,0,corridor,1,1
recoverable_risky_corridor-sarsa-s8-6c3f7a49020d,8,sarsa,recoverable,0.835,0.25,25000,25000,0,corridor,1,1
recoverable_risky_corridor-sarsa-s8-6c3f7a49020d,8,sarsa,recoverable,0.835,0.5,50000,50000,0,shelter,2,0
recoverable_risky_corridor-sarsa-s8-6c3f7a49020d,8,sarsa,recoverable,0.835,0.75,75000,75000,0,corridor,1,1
recoverable_risky_corridor-sarsa-s8-6c3f7a49020d,8,sarsa,recoverable,0.835,1,100000,100000,0,shelter,2,0
recoverable_risky_corridor-sarsa-s8-89842e1e1deb,8,sarsa,recoverable,0.845,0.25,25000,25000,0,corridor,1,1
recoverable_risky_corridor-sarsa-s8-89842e1e1deb,8,sarsa,recoverable,0.845,0.5,50000,50000,0,shelter,2,0
recoverable_risky_corridor-sarsa-s8-89842e1e1deb,8,sarsa,recoverable,0.845,0.75,75000,75000,0,corridor,1,1
recoverable_risky_corridor-sarsa-s8-89842e1e1deb,8,sarsa,recoverable,0.845,1,100000,100000,0,shelter,2,0
recoverable_risky_corridor-sarsa-s8-9c4b748dd2ab,8,sarsa,recoverable,0.6,0.25,25000,25000,0,shelter,2,0
recoverable_risky_corridor-sarsa-s8-9c4b748dd2ab,8,sarsa,recoverable,0.6,0.5,50000,50000,0,shelter,2,0
recoverable_risky_corridor-sarsa-s8-9c4b748dd2ab,8,sarsa,recoverable,0.6,0.75,75000,75000,0,shelter,2,0
recoverable_risky_corridor-sarsa-s8-9c4b748dd2ab,8,sarsa,recoverable,0.6,1,100000,100000,0,shelter,2,0
recoverable_risky_corridor-sarsa-s8-a00e80ea3b09,8,sarsa,recoverable,0.9,0.25,25000,25000,0,corridor,1,1
recoverable_risky_corridor-sarsa-s8-a00e80ea3b09,8,sarsa,recoverable,0.9,0.5,50000,50000,0,corridor,1,1
recoverable_risky_corridor-sarsa-s8-a00e80ea3b09,8,sarsa,recoverable,0.9,0.75,75000,75000,0,corridor,1,1
recoverable_risky_corridor-sarsa-s8-a00e80ea3b09,8,sarsa,recoverable,0.9,1,100000,100000,0,corridor,1,1
recoverable_risky_corridor-sarsa-s8-a2996567958f,8,sarsa,recoverable,0.85,0.25,25000,25000,0,corridor,1,1
recoverable_risky_corridor-sarsa-s8-a2996567958f,8,sarsa,recoverable,0.85,0.5,50000,50000,0,shelter,2,0
recoverable_risky_corridor-sarsa-s8-a2996567958f,8,sarsa,recoverable,0.85,0.75,75000,75000,0,shelter,2,0
recoverable_risky_corridor-sarsa-s8-a2996567958f,8,sarsa,recoverable,0.85,1,100000,100000,0,corridor,1,1
recoverable_risky_corridor-sarsa-s8-b91f9a86943a,8,sarsa,recoverable,0.79,0.25,25000,25000,0,shelter,2,0
recoverable_risky_corridor-sarsa-s8-b91f9a86943a,8,sarsa,recoverable,0.79,0.5,50000,50000,0,corridor,1,1
recoverable_risky_corridor-sarsa-s8-b91f9a86943a,8,sarsa,recoverable,0.79,0.75,75000,75000,0,shelter,2,0
recoverable_risky_corridor-sarsa-s8-b91f9a86943a,8,sarsa,recoverable,0.79,1,100000,100000,0,shelter,2,0
recoverable_risky_corridor-sarsa-s8-c048c7d291a8,8,sarsa,recoverable,0.855,0.25,25000,25000,0,corridor,1,1
recoverable_risky_corridor-sarsa-s8-c048c7d291a8,8,sarsa,recoverable,0.855,0.5,50000,50000,0,corridor,1,1
recoverable_risky_corridor-sarsa-s8-c048c7d291a8,8,sarsa,recoverable,0.855,0.75,75000,75000,0,shelter,2,0
recoverable_risky_corridor-sarsa-s8-c048c7d291a8,8,sarsa,recoverable,0.855,1,100000,100000,0,shelter,2,0
recoverable_risky_corridor-sarsa-s8-c222d1052bca,8,sarsa,recoverable,0.84,0.25,25000,25000,0,corridor,1,1
recoverable_risky_corridor-sarsa-s8-c222d1052bca,8,sarsa,recoverable,0.84,0.5,50000,50000,0,shelter,2,0
recoverable_risky_corridor-sarsa-s8-c222d1052bca,8,sarsa,recoverable,0.84,0.75,75000,75000,0,shelter,2,0
recoverable_risky_corridor-sarsa-s8-c222d1052bca,8,sarsa,recoverable,0.84,1,100000,100000,0,shelter,2,0
recoverable_risky_corridor-sarsa-s8-c31a4609c44c,8,sarsa,recoverable,0.88,0.25,25000,25000,0,corridor,1,1
recoverable_risky_corridor-sarsa-s8-c31a4609c44c,8,sarsa,recoverable,0.88,0.5,50000,50000,0,shelter,2,0
recoverable_risky_corridor-sarsa-s8-c31a4609c44c,8,sarsa,recoverable,0.88,0.75,75000,75000,0,shelter,2,0
recoverable_risky_corridor-sarsa-s8-c31a4609c44c,8,sarsa,recoverable,0.88,1,100000,100000,0,corridor,1,1
recoverable_risky_corridor-sarsa-s8-c388f62654b3,8,sarsa,recoverable,0.7,0.25,25000,25000,0,other,0,0
recoverable_risky_corridor-sarsa-s8-c388f62654b3,8,sarsa,recoverable,0.7,0.5,50000,50000,0,shelter,2,0
recoverable_risky_corridor-sarsa-s8-c388f62654b3,8,sarsa,recoverable,0.7,0.75,75000,75000,0,shelter,2,0
recoverable_risky_corridor-sarsa-s8-c388f62654b3,8,sarsa,recoverable,0.7,1,100000,100000,0,shelter,2,0
recoverable_risky_corridor-sarsa-s8-d79c376e8e58,8,sarsa,recoverable,0.82,0.25,25000,25000,0,shelter,2,0
recoverable_risky_corridor-sarsa-s8-d79c376e8e58,8,sarsa,recoverable,0.82,0.5,50000,50000,0,corridor,1,1
recoverable_risky_corridor-sarsa-s8-d79c376e8e58,8,sarsa,recoverable,0.82,0.75,75000,75000,0,shelter,2,0
recoverable_risky_corridor-sarsa-s8-d79c376e8e58,8,sarsa,recoverable,0.82,1,100000,100000,0,shelter,2,0
recoverable_risky_corridor-sarsa-s9-0b1d85f92632,9,sarsa,recoverable,0.855,0.25,25000,25000,0,corridor,1,1
recoverable_risky_corridor-sarsa-s9-0b1d85f92632,9,sarsa,recoverable,0.855,0.5,50000,50000,0,shelter,2,0
recoverable_risky_corridor-sarsa-s9-0b1d85f92632,9,sarsa,recoverable,0.855,0.75,75000,75000,0,corridor,1,1
recoverable_risky_corridor-sarsa-s9-0b1d85f92632,9,sarsa,recoverable,0.855,1,100000,100000,0,corridor,1,1
recoverable_risky_corridor-sarsa-s9-0bd203100069,9,sarsa,recoverable,0.6,0.25,25000,25000,0,corridor,1,1
recoverable_risky_corridor-sarsa-s9-0bd203100069,9,sarsa,recoverable,0.6,0.5,50000,50000,0,shelter,2,0
recoverable_risky_corridor-sarsa-s9-0bd203100069,9,sarsa,recoverable,0.6,0.75,75000,75000,0,shelter,2,0
recoverable_risky_corridor-sarsa-s9-0bd203100069,9,sarsa,recoverable,0.6,1,100000,100000,0,shelter,2,0
recoverable_risky_corridor-sarsa-s9-1ee053778068,9,sarsa,recoverable,0.825,0.25,25000,25000,0,corridor,1,1
recoverable_risky_corridor-sarsa-s9-1ee053778068,9,sarsa,recoverable,0.825,0.5,50000,50000,0,shelter,2,0
recoverable_risky_corridor-sarsa-s9-1ee053778068,9,sarsa,recoverable,0.825,0.75,75000,75000,0,shelter,2,0
recoverable_risky_corridor-sarsa-s9-1ee053778068,9,sarsa,recoverable,0.825,1,100000,100000,0,shelter,2,0
recoverable_risky_corridor-sarsa-s9-2c0f5e4f6386,9,sarsa,recoverable,0.79,0.25,25000,25000,0,other,0,0
recoverable_risky_corridor-sarsa-s9-2c0f5e4f6386,9,sarsa,recoverable,0.79,0.5,50000,50000,0,shelter,2,0
recoverable_risky_corridor-sarsa-s9-2c0f5e4f6386,9,sarsa,recoverable,0.79,0.75,75000,75000,0,shelter,2,0
recoverable_risky_corridor-sarsa-s9-2c0f5e4f6386,9,sarsa,recoverable,0.79,1,100000,100000,0,shelter,2,0
recoverable_risky_corridor-sarsa-s9-3aa42f8ec0cd,9,sarsa,recoverable,0.845,0.25,25000,25000,0,corridor,1,1
recoverable_risky_corridor-sarsa-s9-3aa42f8ec0cd,9,sarsa,recoverable,0.845,0.5,50000,50000,0,shelter,2,0
recoverable_risky_corridor-sarsa-s9-3aa42f8ec0cd,9,sarsa,recoverable,0.845,0.75,75000,75000,0,corridor,1,1
recoverable_risky_corridor-sarsa-s9-3aa42f8ec0cd,9,sarsa,recoverable,0.845,1,100000,100000,0,shelter,2,0
recoverable_risky_corridor-sarsa-s9-40d0595ba2f1,9,sarsa,recoverable,0.805,0.25,25000,25000,0,corridor,1,1
recoverable_risky_corridor-sarsa-s9-40d0595ba2f1,9,sarsa,recoverable,0.805,0.5,50000,50000,0,shelter,2,0
recoverable_risky_corridor-sarsa-s9-40d0595ba2f1,9,sarsa,recoverable,0.805,0.75,75000,75000,0,shelter,2,0
recoverable_risky_corridor-sarsa-s9-40d0595ba2f1,9,sarsa,recoverable,0.805,1,100000,100000,0,shelter,2,0
recoverable_risky_corridor-sarsa-s9-68a2d7f47794,9,sarsa,recoverable,0.78,0.25,25000,25000,0,shelter,2,0
recoverable_risky_corridor-sarsa-s9-68a2d7f47794,9,sarsa,recoverable,0.78,0.5,50000,50000,0,shelter,2,0
recoverable_risky_corridor-sarsa-s9-68a2d7f47794,9,sarsa,recoverable,0.78,0.75,75000,75000,0,shelter,2,0
recoverable_risky_corridor-sarsa-s9-68a2d7f47794,9,sarsa,recoverable,0.78,1,100000,100000,0,shelter,2,0
recoverable_risky_corridor-sarsa-s9-7830b6631c9e,9,sarsa,recoverable,0.9,0.25,25000,25000,0,corridor,1,1
recoverable_risky_corridor-sarsa-s9-7830b6631c9e,9,sarsa,recoverable,0.9,0.5,50000,50000,0,corridor,1,1
recoverable_risky_corridor-sarsa-s9-7830b6631c9e,9,sarsa,recoverable,0.9,0.75,75000,75000,0,corridor,1,1
recoverable_risky_corridor-sarsa-s9-7830b6631c9e,9,sarsa,recoverable,0.9,1,100000,100000,0,corridor,1,1
recoverable_risky_corridor-sarsa-s9-7f509caf269d,9,sarsa,recoverable,1,0.25,25000,25000,0,corridor,1,1
recoverable_risky_corridor-sarsa-s9-7f509caf269d,9,sarsa,recoverable,1,0.5,50000,50000,0,corridor,1,1
recoverable_risky_corridor-sarsa-s9-7f509caf269d,9,sarsa,recoverable,1,0.75,75000,75000,0,corridor,1,1
recoverable_risky_corridor-sarsa-s9-7f509caf269d,9,sarsa,recoverable,1,1,100000,100000,0,corridor,1,1
recoverable_risky_corridor-sarsa-s9-93141073e274,9,sarsa,recoverable,0.88,0.25,25000,25000,0,corridor,1,1
recoverable_risky_corridor-sarsa-s9-93141073e274,9,sarsa,recoverable,0.88,0.5,50000,50000,0,shelter,2,0
recoverable_risky_corridor-sarsa-s9-93141073e274,9,sarsa,recoverable,0.88,0.75,75000,75000,0,corridor,1,1
recoverable_risky_corridor-sarsa-s9-93141073e274,9,sarsa,recoverable,0.88,1,100000,100000,0,corridor,1,1
recoverable_risky_corridor-sarsa-s9-9b16ba22f347,9,sarsa,recoverable,0.86,0.25,25000,25000,0,corridor,1,1
recoverable_risky_corridor-sarsa-s9-9b16ba22f347,9,sarsa,recoverable,0.86,0.5,50000,50000,0,shelter,2,0
recoverable_risky_corridor-sarsa-s9-9b16ba22f347,9,sarsa,recoverable,0.86,0.75,75000,75000,0,shelter,2,0
recoverable_risky_corridor-sarsa-s9-9b16ba22f347,9,sarsa,recoverable,0.86,1,100000,100000,0,corridor,1,1
recoverable_risky_corridor-sarsa-s9-a58d42b128c5,9,sarsa,recoverable,0.8,0.25,25000,25000,0,shelter,2,0
recoverable_risky_corridor-sarsa-s9-a58d42b128c5,9,sarsa,recoverable,0.8,0.5,50000,50000,0,corridor,1,1
recoverable_risky_corridor-sarsa-s9-a58d42b128c5,9,sarsa,recoverable,0.8,0.75,75000,75000,0,shelter,2,0
recoverable_risky_corridor-sarsa-s9-a58d42b128c5,9,sarsa,recoverable,0.8,1,100000,100000,0,shelter,2,0
recoverable_risky_corridor-sarsa-s9-b62715822ce6,9,sarsa,recoverable,0.7,0.25,25000,25000,0,corridor,1,1
recoverable_risky_corridor-sarsa-s9-b62715822ce6,9,sarsa,recoverable,0.7,0.5,50000,50000,0,shelter,2,0
recoverable_risky_corridor-sarsa-s9-b62715822ce6,9,sarsa,recoverable,0.7,0.75,75000,75000,0,shelter,2,0
recoverable_risky_corridor-sarsa-s9-b62715822ce6,9,sarsa,recoverable,0.7,1,100000,100000,0,shelter,2,0
recoverable_risky_corridor-sarsa-s9-bb627252cb9a,9,sarsa,recoverable,0.835,0.25,25000,25000,0,corridor,1,1
recoverable_risky_corridor-sarsa-s9-bb627252cb9a,9,sarsa,recoverable,0.835,0.5,50000,50000,0,shelter,2,0
recoverable_risky_corridor-sarsa-s9-bb627252cb9a,9,sarsa,recoverable,0.835,0.75,75000,75000,0,corridor,1,1
recoverable_risky_corridor-sarsa-s9-bb627252cb9a,9,sarsa,recoverable,0.835,1,100000,100000,0,shelter,2,0
recoverable_risky_corridor-sarsa-s9-d4b5325a4b34,9,sarsa,recoverable,0.85,0.25,25000,25000,0,corridor,1,1
recoverable_risky_corridor-sarsa-s9-d4b5325a4b34,9,sarsa,recoverable,0.85,0.5,50000,50000,0,shelter,2,0
recoverable_risky_corridor-sarsa-s9-d4b5325a4b34,9,sarsa,recoverable,0.85,0.75,75000,75000,0,corridor,1,1
recoverable_risky_corridor-sarsa-s9-d4b5325a4b34,9,sarsa,recoverable,0.85,1,100000,100000,0,corridor,1,1
recoverable_risky_corridor-sarsa-s9-eee9850ae153,9,sarsa,recoverable,0.84,0.25,25000,25000,0,corridor,1,1
recoverable_risky_corridor-sarsa-s9-eee9850ae153,9,sarsa,recoverable,0.84,0.5,50000,50000,0,shelter,2,0
recoverable_risky_corridor-sarsa-s9-eee9850ae153,9,sarsa,recoverable,0.84,0.75,75000,75000,0,shelter,2,0
recoverable_risky_corridor-sarsa-s9-eee9850ae153,9,sarsa,recoverable,0.84,1,100000,100000,0,shelter,2,0
recoverable_risky_corridor-sarsa-s9-f0758f131501,9,sarsa,recoverable,0.81,0.25,25000,25000,0,corridor,1,1
recoverable_risky_corridor-sarsa-s9-f0758f131501,9,sarsa,recoverable,0.81,0.5,50000,50000,0,shelter,2,0
recoverable_risky_corridor-sarsa-s9-f0758f131501,9,sarsa,recoverable,0.81,0.75,75000,75000,0,shelter,2,0
recoverable_risky_corridor-sarsa-s9-f0758f131501,9,sarsa,recoverable,0.81,1,100000,100000,0,corridor,1,1
recoverable_risky_corridor-sarsa-s9-f3b8bff0550d,9,sarsa,recoverable,0.82,0.25,25000,25000,0,corridor,1,1
recoverable_risky_corridor-sarsa-s9-f3b8bff0550d,9,sarsa,recoverable,0.82,0.5,50000,50000,0,shelter,2,0
recoverable_risky_corridor-sarsa-s9-f3b8bff0550d,9,sarsa,recoverable,0.82,0.75,75000,75000,0,shelter,2,0
recoverable_risky_corridor-sarsa-s9-f3b8bff0550d,9,sarsa,recoverable,0.82,1,100000,100000,0,shelter,2,0
lethal_risky_corridor-expected_sarsa-s0-1362b0833414,0,expected_sarsa,lethal,0.998,0.25,25000,25000,0,shelter,2,0
lethal_risky_corridor-expected_sarsa-s0-1362b0833414,0,expected_sarsa,lethal,0.998,0.5,50000,50000,0,shelter,2,0
lethal_risky_corridor-expected_sarsa-s0-1362b0833414,0,expected_sarsa,lethal,0.998,0.75,75000,75000,0,shelter,2,0
lethal_risky_corridor-expected_sarsa-s0-1362b0833414,0,expected_sarsa,lethal,0.998,1,100000,100000,0,shelter,2,0
lethal_risky_corridor-expected_sarsa-s0-163ec5233b6e,0,expected_sarsa,lethal,0.986,0.25,25000,25000,0,shelter,2,0
lethal_risky_corridor-expected_sarsa-s0-163ec5233b6e,0,expected_sarsa,lethal,0.986,0.5,50000,50000,0,shelter,2,0
lethal_risky_corridor-expected_sarsa-s0-163ec5233b6e,0,expected_sarsa,lethal,0.986,0.75,75000,75000,0,shelter,2,0
lethal_risky_corridor-expected_sarsa-s0-163ec5233b6e,0,expected_sarsa,lethal,0.986,1,100000,100000,0,shelter,2,0
lethal_risky_corridor-expected_sarsa-s0-545779613dbb,0,expected_sarsa,lethal,0.996,0.25,25000,25000,0,shelter,2,0
lethal_risky_corridor-expected_sarsa-s0-545779613dbb,0,expected_sarsa,lethal,0.996,0.5,50000,50000,0,shelter,2,0
lethal_risky_corridor-expected_sarsa-s0-545779613dbb,0,expected_sarsa,lethal,0.996,0.75,75000,75000,0,shelter,2,0
lethal_risky_corridor-expected_sarsa-s0-545779613dbb,0,expected_sarsa,lethal,0.996,1,100000,100000,0,shelter,2,0
lethal_risky_corridor-expected_sarsa-s0-611670abe033,0,expected_sarsa,lethal,0.97,0.25,25000,25000,0,shelter,2,0
lethal_risky_corridor-expected_sarsa-s0-611670abe033,0,expected_sarsa,lethal,0.97,0.5,50000,50000,0,shelter,2,0
lethal_risky_corridor-expected_sarsa-s0-611670abe033,0,expected_sarsa,lethal,0.97,0.75,75000,75000,0,shelter,2,0
lethal_risky_corridor-expected_sarsa-s0-611670abe033,0,expected_sarsa,lethal,0.97,1,100000,100000,0,shelter,2,0
lethal_risky_corridor-expected_sarsa-s0-6d3c95693b58,0,expected_sarsa,lethal,0.988,0.25,25000,25000,0,shelter,2,0
lethal_risky_corridor-expected_sarsa-s0-6d3c95693b58,0,expected_sarsa,lethal,0.988,0.5,50000,50000,0,shelter,2,0
lethal_risky_corridor-expected_sarsa-s0-6d3c95693b58,0,expected_sarsa,lethal,0.988,0.75,75000,75000,0,shelter,2,0
lethal_risky_corridor-expected_sarsa-s0-6d3c95693b58,0,expected_sarsa,lethal,0.988,1,100000,100000,0,shelter,2,0
lethal_risky_corridor-expected_sarsa-s0-81d019fa76ac,0,expected_sarsa,lethal,0.991,0.25,25000,25000,0,shelter,2,0
lethal_risky_corridor-expected_sarsa-s0-81d019fa76ac,0,expected_sarsa,lethal,0.991,0.5,50000,50000,0,shelter,2,0
lethal_risky_corridor-expected_sarsa-s0-81d019fa76ac,0,expected_sarsa,lethal,0.991,0.75,75000,75000,0,shelter,2,0
lethal_risky_corridor-expected_sarsa-s0-81d019fa76ac,0,expected_sarsa,lethal,0.991,1,100000,100000,0,shelter,2,0
lethal_risky_corridor-expected_sarsa-s0-a1d6fdc711f2,0,expected_sarsa,lethal,0.99,0.25,25000,25000,0,shelter,2,0
lethal_risky_corridor-expected_sarsa-s0-a1d6fdc711f2,0,expected_sarsa,lethal,0.99,0.5,50000,50000,0,shelter,2,0
lethal_risky_corridor-expected_sarsa-s0-a1d6fdc711f2,0,expected_sarsa,lethal,0.99,0.75,75000,75000,0,shelter,2,0
lethal_risky_corridor-expected_sarsa-s0-a1d6fdc711f2,0,expected_sarsa,lethal,0.99,1,100000,100000,0,shelter,2,0
lethal_risky_corridor-expected_sarsa-s0-b00fcf5d78e5,0,expected_sarsa,lethal,0.9895,0.25,25000,25000,0,shelter,2,0
lethal_risky_corridor-expected_sarsa-s0-b00fcf5d78e5,0,expected_sarsa,lethal,0.9895,0.5,50000,50000,0,shelter,2,0
lethal_risky_corridor-expected_sarsa-s0-b00fcf5d78e5,0,expected_sarsa,lethal,0.9895,0.75,75000,75000,0,shelter,2,0
lethal_risky_corridor-expected_sarsa-s0-b00fcf5d78e5,0,expected_sarsa,lethal,0.9895,1,100000,100000,0,shelter,2,0
lethal_risky_corridor-expected_sarsa-s0-bcea58efa8a1,0,expected_sarsa,lethal,0.994,0.25,25000,25000,0,shelter,2,0
lethal_risky_corridor-expected_sarsa-s0-bcea58efa8a1,0,expected_sarsa,lethal,0.994,0.5,50000,50000,0,shelter,2,0
lethal_risky_corridor-expected_sarsa-s0-bcea58efa8a1,0,expected_sarsa,lethal,0.994,0.75,75000,75000,0,shelter,2,0
lethal_risky_corridor-expected_sarsa-s0-bcea58efa8a1,0,expected_sarsa,lethal,0.994,1,100000,100000,0,shelter,2,0
lethal_risky_corridor-expected_sarsa-s0-cc7ce33c15ea,0,expected_sarsa,lethal,0.989,0.25,25000,25000,0,shelter,2,0
lethal_risky_corridor-expected_sarsa-s0-cc7ce33c15ea,0,expected_sarsa,lethal,0.989,0.5,50000,50000,0,shelter,2,0
lethal_risky_corridor-expected_sarsa-s0-cc7ce33c15ea,0,expected_sarsa,lethal,0.989,0.75,75000,75000,0,shelter,2,0
lethal_risky_corridor-expected_sarsa-s0-cc7ce33c15ea,0,expected_sarsa,lethal,0.989,1,100000,100000,0,shelter,2,0
lethal_risky_corridor-expected_sarsa-s0-d7a4f5113986,0,expected_sarsa,lethal,1,0.25,25000,25000,0,shelter,2,0
lethal_risky_corridor-expected_sarsa-s0-d7a4f5113986,0,expected_sarsa,lethal,1,0.5,50000,50000,0,shelter,2,0
lethal_risky_corridor-expected_sarsa-s0-d7a4f5113986,0,expected_sarsa,lethal,1,0.75,75000,75000,0,shelter,2,0
lethal_risky_corridor-expected_sarsa-s0-d7a4f5113986,0,expected_sarsa,lethal,1,1,100000,100000,0,shelter,2,0
lethal_risky_corridor-expected_sarsa-s0-edfdcfe309c4,0,expected_sarsa,lethal,0.992,0.25,25000,25000,0,shelter,2,0
lethal_risky_corridor-expected_sarsa-s0-edfdcfe309c4,0,expected_sarsa,lethal,0.992,0.5,50000,50000,0,shelter,2,0
lethal_risky_corridor-expected_sarsa-s0-edfdcfe309c4,0,expected_sarsa,lethal,0.992,0.75,75000,75000,0,shelter,2,0
lethal_risky_corridor-expected_sarsa-s0-edfdcfe309c4,0,expected_sarsa,lethal,0.992,1,100000,100000,0,shelter,2,0
lethal_risky_corridor-expected_sarsa-s0-f5d8ebfd89ef,0,expected_sarsa,lethal,0.98,0.25,25000,25000,0,shelter,2,0
lethal_risky_corridor-expected_sarsa-s0-f5d8ebfd89ef,0,expected_sarsa,lethal,0.98,0.5,50000,50000,0,shelter,2,0
lethal_risky_corridor-expected_sarsa-s0-f5d8ebfd89ef,0,expected_sarsa,lethal,0.98,0.75,75000,75000,0,shelter,2,0
lethal_risky_corridor-expected_sarsa-s0-f5d8ebfd89ef,0,expected_sarsa,lethal,0.98,1,100000,100000,0,shelter,2,0
lethal_risky_corridor-expected_sarsa-s0-fdc1b855c990,0,expected_sarsa,lethal,0.984,0.25,25000,25000,0,shelter,2,0
lethal_risky_corridor-expected_sarsa-s0-fdc1b855c990,0,expected_sarsa,lethal,0.984,0.5,50000,50000,0,shelter,2,0
lethal_risky_corridor-expected_sarsa-s0-fdc1b855c990,0,expected_sarsa,lethal,0.984,0.75,75000,75000,0,shelter,2,0
lethal_risky_corridor-expected_sarsa-s0-fdc1b855c990,0,expected_sarsa,lethal,0.984,1,100000,100000,0,shelter,2,0
lethal_risky_corridor-expected_sarsa-s1-07fd1496cef9,1,expected_sarsa,lethal,0.98,0.25,25000,25000,0,shelter,2,0
lethal_risky_corridor-expected_sarsa-s1-07fd1496cef9,1,expected_sarsa,lethal,0.98,0.5,50000,50000,0,shelter,2,0
lethal_risky_corridor-expected_sarsa-s1-07fd1496cef9,1,expected_sarsa,lethal,0.98,0.75,75000,75000,0,shelter,2,0
lethal_risky_corridor-expected_sarsa-s1-07fd1496cef9,1,expected_sarsa,lethal,0.98,1,100000,100000,0,shelter,2,0
lethal_risky_corridor-expected_sarsa-s1-08aba59dcbf2,1,expected_sarsa,lethal,0.992,0.25,25000,25000,0,shelter,2,0
lethal_risky_corridor-expected_sarsa-s1-08aba59dcbf2,1,expected_sarsa,lethal,0.992,0.5,50000,50000,0,shelter,2,0
lethal_risky_corridor-expected_sarsa-s1-08aba59dcbf2,1,expected_sarsa,lethal,0.992,0.75,75000,75000,0,shelter,2,0
lethal_risky_corridor-expected_sarsa-s1-08aba59dcbf2,1,expected_sarsa,lethal,0.992,1,100000,100000,0,shelter,2,0
lethal_risky_corridor-expected_sarsa-s1-1bb35484bd49,1,expected_sarsa,lethal,0.998,0.25,25000,25000,0,shelter,2,0
lethal_risky_corridor-expected_sarsa-s1-1bb35484bd49,1,expected_sarsa,lethal,0.998,0.5,50000,50000,0,shelter,2,0
lethal_risky_corridor-expected_sarsa-s1-1bb35484bd49,1,expected_sarsa,lethal,0.998,0.75,75000,75000,0,shelter,2,0
lethal_risky_corridor-expected_sarsa-s1-1bb35484bd49,1,expected_sarsa,lethal,0.998,1,100000,100000,0,shelter,2,0
lethal_risky_corridor-expected_sarsa-s1-327c23887a48,1,expected_sarsa,lethal,0.986,0.25,25000,25000,0,shelter,2,0
lethal_risky_corridor-expected_sarsa-s1-327c23887a48,1,expected_sarsa,lethal,0.986,0.5,50000,50000,0,shelter,2,0
lethal_risky_corridor-expected_sarsa-s1-327c23887a48,1,expected_sarsa,lethal,0.986,0.75,75000,75000,0,shelter,2,0
lethal_risky_corridor-expected_sarsa-s1-327c23887a48,1,expected_sarsa,lethal,0.986,1,100000,100000,0,shelter,2,0
lethal_risky_corridor-expected_sarsa-s1-501d7453700f,1,expected_sarsa,lethal,0.984,0.25,25000,25000,0,shelter,2,0
lethal_risky_corridor-expected_sarsa-s1-501d7453700f,1,expected_sarsa,lethal,0.984,0.5,50000,50000,0,shelter,2,0
lethal_risky_corridor-expected_sarsa-s1-501d7453700f,1,expected_sarsa,lethal,0.984,0.75,75000,75000,0,shelter,2,0
lethal_risky_corridor-expected_sarsa-s1-501d7453700f,1,expected_sarsa,lethal,0.984,1,100000,100000,0,shelter,2,0
lethal_risky_corridor-expected_sarsa-s1-767c4b06288c,1,expected_sarsa,lethal,0.988,0.25,25000,25000,0,shelter,2,0
lethal_risky_corridor-expected_sarsa-s1-767c4b06288c,1,expected_sarsa,lethal,0.988,0.5,50000,50000,0,shelter,2,0
lethal_risky_corridor-expected_sarsa-s1-767c4b06288c,1,expected_sarsa,lethal,0.988,0.75,75000,75000,0,shelter,2,0
lethal_risky_corridor-expected_sarsa-s1-767c4b06288c,1,expected_sarsa,lethal,0.988,1,100000,100000,0,shelter,2,0
lethal_risky_corridor-expected_sarsa-s1-a8dd8d510c3a,1,expected_sarsa,lethal,0.989,0.25,25000,25000,0,shelter,2,0
lethal_risky_corridor-expected_sarsa-s1-a8dd8d510c3a,1,expected_sarsa,lethal,0.989,0.5,50000,50000,0,shelter,2,0
lethal_risky_corridor-expected_sarsa-s1-a8dd8d510c3a,1,expected_sarsa,lethal,0.989,0.75,75000,75000,0,shelter,2,0
lethal_risky_corridor-expected_sarsa-s1-a8dd8d510c3a,1,expected_sarsa,lethal,0.989,1,100000,100000,0,shelter,2,0
lethal_risky_corridor-expected_sarsa-s1-a90874e3b7e4,1,expected_sarsa,lethal,0.991,0.25,25000,25000,0,shelter,2,0
lethal_risky_corridor-expected_sarsa-s1-a90874e3b7e4,1,expected_sarsa,lethal,0.991,0.5,50000,50000,0,shelter,2,0
lethal_risky_corridor-expected_sarsa-s1-a90874e3b7e4,1,expected_sarsa,lethal,0.991,0.75,75000,75000,0,shelter,2,0
lethal_risky_corridor-expected_sarsa-s1-a90874e3b7e4,1,expected_sarsa,lethal,0.991,1,100000,100000,0,shelter,2,0
lethal_risky_corridor-expected_sarsa-s1-b54bcc4c86b1,1,expected_sarsa,lethal,0.996,0.25,25000,25000,0,shelter,2,0
lethal_risky_corridor-expected_sarsa-s1-b54bcc4c86b1,1,expected_sarsa,lethal,0.996,0.5,50000,50000,0,shelter,2,0
lethal_risky_corridor-expected_sarsa-s1-b54bcc4c86b1,1,expected_sarsa,lethal,0.996,0.75,75000,75000,0,shelter,2,0
lethal_risky_corridor-expected_sarsa-s1-b54bcc4c86b1,1,expected_sarsa,lethal,0.996,1,100000,100000,0,shelter,2,0
lethal_risky_corridor-expected_sarsa-s1-b71d6f1305f2,1,expected_sarsa,lethal,0.9895,0.25,25000,25000,0,shelter,2,0
lethal_risky_corridor-expected_sarsa-s1-b71d6f1305f2,1,expected_sarsa,lethal,0.9895,0.5,50000,50000,0,shelter,2,0
lethal_risky_corridor-expected_sarsa-s1-b71d6f1305f2,1,expected_sarsa,lethal,0.9895,0.75,75000,75000,0,shelter,2,0
lethal_risky_corridor-expected_sarsa-s1-b71d6f1305f2,1,expected_sarsa,lethal,0.9895,1,100000,100000,0,shelter,2,0
lethal_risky_corridor-expected_sarsa-s1-b8c59afc7818,1,expected_sarsa,lethal,1,0.25,25000,25000,0,shelter,2,0
lethal_risky_corridor-expected_sarsa-s1-b8c59afc7818,1,expected_sarsa,lethal,1,0.5,50000,50000,0,shelter,2,0
lethal_risky_corridor-expected_sarsa-s1-b8c59afc7818,1,expected_sarsa,lethal,1,0.75,75000,75000,0,shelter,2,0
lethal_risky_corridor-expected_sarsa-s1-b8c59afc7818,1,expected_sarsa,lethal,1,1,100000,100000,0,shelter,2,0
lethal_risky_corridor-expected_sarsa-s1-bc7902589eff,1,expected_sarsa,lethal,0.99,0.25,25000,25000,0,shelter,2,0
lethal_risky_corridor-expected_sarsa-s1-bc7902589eff,1,expected_sarsa,lethal,0.99,0.5,50000,50000,0,shelter,2,0
lethal_risky_corridor-expected_sarsa-s1-bc7902589eff,1,expected_sarsa,lethal,0.99,0.75,75000,75000,0,shelter,2,0
lethal_risky_corridor-expected_sarsa-s1-bc7902589eff,1,expected_sarsa,lethal,0.99,1,100000,100000,0,shelter,2,0
lethal_risky_corridor-expected_sarsa-s1-dd7b00270c69,1,expected_sarsa,lethal,0.994,0.25,25000,25000,0,shelter,2,0
lethal_risky_corridor-expected_sarsa-s1-dd7b00270c69,1,expected_sarsa,lethal,0.994,0.5,50000,50000,0,shelter,2,0
lethal_risky_corridor-expected_sarsa-s1-dd7b00270c69,1,expected_sarsa,lethal,0.994,0.75,75000,75000,0,shelter,2,0
lethal_risky_corridor-expected_sarsa-s1-dd7b00270c69,1,expected_sarsa,lethal,0.994,1,100000,100000,0,shelter,2,0
lethal_risky_corridor-expected_sarsa-s1-eaa03a09580f,1,expected_sarsa,lethal,0.97,0.25,25000,25000,0,shelter,2,0
lethal_risky_corridor-expected_sarsa-s1-eaa03a09580f,1,expected_sarsa,lethal,0.97,0.5,50000,50000,0,shelter,2,0
lethal_risky_corridor-expected_sarsa-s1-eaa03a09580f,1,expected_sarsa,lethal,0.97,0.75,75000,75000,0,shelter,2,0
lethal_risky_corridor-expected_sarsa-s1-eaa03a09580f,1,expected_sarsa,lethal,0.97,1,100000,100000,0,shelter,2,0
lethal_risky_corridor-expected_sarsa-s10-119fbdaf778d,10,expected_sarsa,lethal,1,0.25,25000,25000,0,shelter,2,0
lethal_risky_corridor-expected_sarsa-s10-119fbdaf778d,10,expected_sarsa,lethal,1,0.5,50000,50000,0,shelter,2,0
lethal_risky_corridor-expected_sarsa-s10-119fbdaf778d,10,expected_sarsa,lethal,1,0.75,75000,75000,0,shelter,2,0
lethal_risky_corridor-expected_sarsa-s10-119fbdaf778d,10,expected_sarsa,lethal,1,1,100000,100000,0,shelter,2,0
lethal_risky_corridor-expected_sarsa-s10-173535f4e90c,10,expected_sarsa,lethal,0.998,0.25,25000,25000,0,shelter,2,0
lethal_risky_corridor-expected_sarsa-s10-173535f4e90c,10,expected_sarsa,lethal,0.998,0.5,50000,50000,0,shelter,2,0
lethal_risky_corridor-expected_sarsa-s10-173535f4e90c,10,expected_sarsa,lethal,0.998,0.75,75000,75000,0,shelter,2,0
lethal_risky_corridor-expected_sarsa-s10-173535f4e90c,10,expected_sarsa,lethal,0.998,1,100000,100000,0,shelter,2,0
lethal_risky_corridor-expected_sarsa-s10-25a22901951d,10,expected_sarsa,lethal,0.989,0.25,25000,25000,0,shelter,2,0
lethal_risky_corridor-expected_sarsa-s10-25a22901951d,10,expected_sarsa,lethal,0.989,0.5,50000,50000,0,shelter,2,0
lethal_risky_corridor-expected_sarsa-s10-25a22901951d,10,expected_sarsa,lethal,0.989,0.75,75000,75000,0,shelter,2,0
lethal_risky_corridor-expected_sarsa-s10-25a22901951d,10,expected_sarsa,lethal,0.989,1,100000,100000,0,shelter,2,0
lethal_risky_corridor-expected_sarsa-s10-31c16d79952f,10,expected_sarsa,lethal,0.991,0.25,25000,25000,0,shelter,2,0
lethal_risky_corridor-expected_sarsa-s10-31c16d79952f,10,expected_sarsa,lethal,0.991,0.5,50000,50000,0,shelter,2,0
lethal_risky_corridor-expected_sarsa-s10-31c16d79952f,10,expected_sarsa,lethal,0.991,0.75,75000,75000,0,shelter,2,0
lethal_risky_corridor-expected_sarsa-s10-31c16d79952f,10,expected_sarsa,lethal,0.991,1,100000,100000,0,shelter,2,0
lethal_risky_corridor-expected_sarsa-s10-461a0593599a,10,expected_sarsa,lethal,0.9895,0.25,25000,25000,0,shelter,2,0
lethal_risky_corridor-expected_sarsa-s10-461a0593599a,10,expected_sarsa,lethal,0.9895,0.5,50000,50000,0,shelter,2,0
lethal_risky_corridor-expected_sarsa-s10-461a0593599a,10,expected_sarsa,lethal,0.9895,0.75,75000,75000,0,shelter,2,0
lethal_risky_corridor-expected_sarsa-s10-461a0593599a,10,expected_sarsa,lethal,0.9895,1,100000,100000,0,shelter,2,0
lethal_risky_corridor-expected_sarsa-s10-622edd03144a,10,expected_sarsa,lethal,0.992,0.25,25000,25000,0,shelter,2,0
lethal_risky_corridor-expected_sarsa-s10-622edd03144a,10,expected_sarsa,lethal,0.992,0.5,50000,50000,0,shelter,2,0
lethal_risky_corridor-expected_sarsa-s10-622edd03144a,10,expected_sarsa,lethal,0.992,0.75,75000,75000,0,shelter,2,0
lethal_risky_corridor-expected_sarsa-s10-622edd03144a,10,expected_sarsa,lethal,0.992,1,100000,100000,0,shelter,2,0
lethal_risky_corridor-expected_sarsa-s10-6510dc67e298,10,expected_sarsa,lethal,0.988,0.25,25000,25000,0,shelter,2,0
lethal_risky_corridor-expected_sarsa-s10-6510dc67e298,10,expected_sarsa,lethal,0.988,0.5,50000,50000,0,shelter,2,0
lethal_risky_corridor-expected_sarsa-s10-6510dc67e298,10,expected_sarsa,lethal,0.988,0.75,75000,75000,0,shelter,2,0
lethal_risky_corridor-expected_sarsa-s10-6510dc67e298,10,expected_sarsa,lethal,0.988,1,100000,100000,0,shelter,2,0
lethal_risky_corridor-expected_sarsa-s10-82258a2f6f96,10,expected_sarsa,lethal,0.99,0.25,25000,25000,0,shelter,2,0
lethal_risky_corridor-expected_sarsa-s10-82258a2f6f96,10,expected_sarsa,lethal,0.99,0.5,50000,50000,0,shelter,2,0
lethal_risky_corridor-expected_sarsa-s10-82258a2f6f96,10,expected_sarsa,lethal,0.99,0.75,75000,75000,0,shelter,2,0
lethal_risky_corridor-expected_sarsa-s10-82258a2f6f96,10,expected_sarsa,lethal,0.99,1,100000,100000,0,shelter,2,0
lethal_risky_corridor-expected_sarsa-s10-a82c88bacd61,10,expected_sarsa,lethal,0.986,0.25,25000,25000,0,shelter,2,0
lethal_risky_corridor-expected_sarsa-s10-a82c88bacd61,10,expected_sarsa,lethal,0.986,0.5,50000,50000,0,shelter,2,0
lethal_risky_corridor-expected_sarsa-s10-a82c88bacd61,10,expected_sarsa,lethal,0.986,0.75,75000,75000,0,shelter,2,0
lethal_risky_corridor-expected_sarsa-s10-a82c88bacd61,10,expected_sarsa,lethal,0.986,1,100000,100000,0,shelter,2,0
lethal_risky_corridor-expected_sarsa-s10-b3a857143b82,10,expected_sarsa,lethal,0.98,0.25,25000,25000,0,shelter,2,0
lethal_risky_corridor-expected_sarsa-s10-b3a857143b82,10,expected_sarsa,lethal,0.98,0.5,50000,50000,0,shelter,2,0
lethal_risky_corridor-expected_sarsa-s10-b3a857143b82,10,expected_sarsa,lethal,0.98,0.75,75000,75000,0,shelter,2,0
lethal_risky_corridor-expected_sarsa-s10-b3a857143b82,10,expected_sarsa,lethal,0.98,1,100000,100000,0,shelter,2,0
lethal_risky_corridor-expected_sarsa-s10-bf9cfe1983b3,10,expected_sarsa,lethal,0.994,0.25,25000,25000,0,shelter,2,0
lethal_risky_corridor-expected_sarsa-s10-bf9cfe1983b3,10,expected_sarsa,lethal,0.994,0.5,50000,50000,0,shelter,2,0
lethal_risky_corridor-expected_sarsa-s10-bf9cfe1983b3,10,expected_sarsa,lethal,0.994,0.75,75000,75000,0,shelter,2,0
lethal_risky_corridor-expected_sarsa-s10-bf9cfe1983b3,10,expected_sarsa,lethal,0.994,1,100000,100000,0,shelter,2,0
lethal_risky_corridor-expected_sarsa-s10-c50d19181443,10,expected_sarsa,lethal,0.996,0.25,25000,25000,0,shelter,2,0
lethal_risky_corridor-expected_sarsa-s10-c50d19181443,10,expected_sarsa,lethal,0.996,0.5,50000,50000,0,shelter,2,0
lethal_risky_corridor-expected_sarsa-s10-c50d19181443,10,expected_sarsa,lethal,0.996,0.75,75000,75000,0,shelter,2,0
lethal_risky_corridor-expected_sarsa-s10-c50d19181443,10,expected_sarsa,lethal,0.996,1,100000,100000,0,shelter,2,0
lethal_risky_corridor-expected_sarsa-s10-d8cb89b043dd,10,expected_sarsa,lethal,0.97,0.25,25000,25000,0,shelter,2,0
lethal_risky_corridor-expected_sarsa-s10-d8cb89b043dd,10,expected_sarsa,lethal,0.97,0.5,50000,50000,0,shelter,2,0
lethal_risky_corridor-expected_sarsa-s10-d8cb89b043dd,10,expected_sarsa,lethal,0.97,0.75,75000,75000,0,shelter,2,0
lethal_risky_corridor-expected_sarsa-s10-d8cb89b043dd,10,expected_sarsa,lethal,0.97,1,100000,100000,0,shelter,2,0
lethal_risky_corridor-expected_sarsa-s10-f8f0821c5afd,10,expected_sarsa,lethal,0.984,0.25,25000,25000,0,shelter,2,0
lethal_risky_corridor-expected_sarsa-s10-f8f0821c5afd,10,expected_sarsa,lethal,0.984,0.5,50000,50000,0,shelter,2,0
lethal_risky_corridor-expected_sarsa-s10-f8f0821c5afd,10,expected_sarsa,lethal,0.984,0.75,75000,75000,0,shelter,2,0
lethal_risky_corridor-expected_sarsa-s10-f8f0821c5afd,10,expected_sarsa,lethal,0.984,1,100000,100000,0,shelter,2,0
lethal_risky_corridor-expected_sarsa-s11-0732ee9531b4,11,expected_sarsa,lethal,0.97,0.25,25000,25000,0,shelter,2,0
lethal_risky_corridor-expected_sarsa-s11-0732ee9531b4,11,expected_sarsa,lethal,0.97,0.5,50000,50000,0,shelter,2,0
lethal_risky_corridor-expected_sarsa-s11-0732ee9531b4,11,expected_sarsa,lethal,0.97,0.75,75000,75000,0,shelter,2,0
lethal_risky_corridor-expected_sarsa-s11-0732ee9531b4,11,expected_sarsa,lethal,0.97,1,100000,100000,0,shelter,2,0
lethal_risky_corridor-expected_sarsa-s11-0edeeef402bf,11,expected_sarsa,lethal,0.986,0.25,25000,25000,0,shelter,2,0
lethal_risky_corridor-expected_sarsa-s11-0edeeef402bf,11,expected_sarsa,lethal,0.986,0.5,50000,50000,0,shelter,2,0
lethal_risky_corridor-expected_sarsa-s11-0edeeef402bf,11,expected_sarsa,lethal,0.986,0.75,75000,75000,0,shelter,2,0
lethal_risky_corridor-expected_sarsa-s11-0edeeef402bf,11,expected_sarsa,lethal,0.986,1,100000,100000,0,shelter,2,0
lethal_risky_corridor-expected_sarsa-s11-0eebc0cac798,11,expected_sarsa,lethal,0.988,0.25,25000,25000,0,shelter,2,0
lethal_risky_corridor-expected_sarsa-s11-0eebc0cac798,11,expected_sarsa,lethal,0.988,0.5,50000,50000,0,shelter,2,0
lethal_risky_corridor-expected_sarsa-s11-0eebc0cac798,11,expected_sarsa,lethal,0.988,0.75,75000,75000,0,shelter,2,0
lethal_risky_corridor-expected_sarsa-s11-0eebc0cac798,11,expected_sarsa,lethal,0.988,1,100000,100000,0,shelter,2,0
lethal_risky_corridor-expected_sarsa-s11-177dd6e8dbe0,11,expected_sarsa,lethal,0.992,0.25,25000,25000,0,shelter,2,0
lethal_risky_corridor-expected_sarsa-s11-177dd6e8dbe0,11,expected_sarsa,lethal,0.992,0.5,50000,50000,0,shelter,2,0
lethal_risky_corridor-expected_sarsa-s11-177dd6e8dbe0,11,expected_sarsa,lethal,0.992,0.75,75000,75000,0,shelter,2,0
lethal_risky_corridor-expected_sarsa-s11-177dd6e8dbe0,11,expected_sarsa,lethal,0.992,1,100000,100000,0,shelter,2,0
lethal_risky_corridor-expected_sarsa-s11-281eb19fd0ca,11,expected_sarsa,lethal,0.984,0.25,25000,25000,0,shelter,2,0
lethal_risky_corridor-expected_sarsa-s11-281eb19fd0ca,11,expected_sarsa,lethal,0.984,0.5,50000,50000,0,shelter,2,0
lethal_risky_corridor-expected_sarsa-s11-281eb19fd0ca,11,expected_sarsa,lethal,0.984,0.75,75000,75000,0,shelter,2,0
lethal_risky_corridor-expected_sarsa-s11-281eb19fd0ca,11,expected_sarsa,lethal,0.984,1,100000,100000,0,shelter,2,0
lethal_risky_corridor-expected_sarsa-s11-453e932685c8,11,expected_sarsa,lethal,0.9895,0.25,25000,25000,0,shelter,2,0
lethal_risky_corridor-expected_sarsa-s11-453e932685c8,11,expected_sarsa,lethal,0.9895,0.5,50000,50000,0,shelter,2,0
lethal_risky_corridor-expected_sarsa-s11-453e932685c8,11,expected_sarsa,lethal,0.9895,0.75,75000,75000,0,shelter,2,0
lethal_risky_corridor-expected_sarsa-s11-453e932685c8,11,expected_sarsa,lethal,0.9895,1,100000,100000,0,shelter,2,0
lethal_risky_corridor-expected_sarsa-s11-46b06e925f2e,11,expected_sarsa,lethal,0.998,0.25,25000,25000,0,shelter,2,0
lethal_risky_corridor-expected_sarsa-s11-46b06e925f2e,11,expected_sarsa,lethal,0.998,0.5,50000,50000,0,shelter,2,0
lethal_risky_corridor-expected_sarsa-s11-46b06e925f2e,11,expected_sarsa,lethal,0.998,0.75,75000,75000,0,shelter,2,0
lethal_risky_corridor-expected_sarsa-s11-46b06e925f2e,11,expected_sarsa,lethal,0.998,1,100000,100000,0,shelter,2,0
lethal_risky_corridor-expected_sarsa-s11-8112676fec06,11,expected_sarsa,lethal,0.98,0.25,25000,25000,0,shelter,2,0
lethal_risky_corridor-expected_sarsa-s11-8112676fec06,11,expected_sarsa,lethal,0.98,0.5,50000,50000,0,shelter,2,0
lethal_risky_corridor-expected_sarsa-s11-8112676fec06,11,expected_sarsa,lethal,0.98,0.75,75000,75000,0,shelter,2,0
lethal_risky_corridor-expected_sarsa-s11-8112676fec06,11,expected_sarsa,lethal,0.98,1,100000,100000,0,shelter,2,0
lethal_risky_corridor-expected_sarsa-s11-815b4770c772,11,expected_sarsa,lethal,0.989,0.25,25000,25000,0,shelter,2,0
lethal_risky_corridor-expected_sarsa-s11-815b4770c772,11,expected_sarsa,lethal,0.989,0.5,50000,50000,0,shelter,2,0
lethal_risky_corridor-expected_sarsa-s11-815b4770c772,11,expected_sarsa,lethal,0.989,0.75,75000,75000,0,shelter,2,0
lethal_risky_corridor-expected_sarsa-s11-815b4770c772,11,expected_sarsa,lethal,0.989,1,100000,100000,0,shelter,2,0
lethal_risky_corridor-expected_sarsa-s11-838feb697e72,11,expected_sarsa,lethal,0.99,0.25,25000,25000,0,shelter,2,0
lethal_risky_corridor-expected_sarsa-s11-838feb697e72,11,expected_sarsa,lethal,0.99,0.5,50000,50000,0,shelter,2,0
lethal_risky_corridor-expected_sarsa-s11-838feb697e72,11,expected_sarsa,lethal,0.99,0.75,75000,75000,0,shelter,2,0
lethal_risky_corridor-expected_sarsa-s11-838feb697e72,11,expected_sarsa,lethal,0.99,1,100000,100000,0,shelter,2,0
lethal_risky_corridor-expected_sarsa-s11-8816306b24c2,11,expected_sarsa,lethal,0.991,0.25,25000,25000,0,shelter,2,0
lethal_risky_corridor-expected_sarsa-s11-8816306b24c2,11,expected_sarsa,lethal,0.991,0.5,50000,50000,0,shelter,2,0
lethal_risky_corridor-expected_sarsa-s11-8816306b24c2,11,expected_sarsa,lethal,0.991,0.75,75000,75000,0,shelter,2,0
lethal_risky_corridor-expected_sarsa-s11-8816306b24c2,11,expected_sarsa,lethal,0.991,1,100000,100000,0,shelter,2,0
lethal_risky_corridor-expected_sarsa-s11-92ab7779a8a3,11,expected_sarsa,lethal,0.994,0.25,25000,25000,0,shelter,2,0
lethal_risky_corridor-expected_sarsa-s11-92ab7779a8a3,11,expected_sarsa,lethal,0.994,0.5,50000,50000,0,shelter,2,0
lethal_risky_corridor-expected_sarsa-s11-92ab7779a8a3,11,expected_sarsa,lethal,0.994,0.75,75000,75000,0,shelter,2,0
lethal_risky_corridor-expected_sarsa-s11-92ab7779a8a3,11,expected_sarsa,lethal,0.994,1,100000,100000,0,shelter,2,0
lethal_risky_corridor-expected_sarsa-s11-d198782b9dff,11,expected_sarsa,lethal,0.996,0.25,25000,25000,0,shelter,2,0
lethal_risky_corridor-expected_sarsa-s11-d198782b9dff,11,expected_sarsa,lethal,0.996,0.5,50000,50000,0,shelter,2,0
lethal_risky_corridor-expected_sarsa-s11-d198782b9dff,11,expected_sarsa,lethal,0.996,0.75,75000,75000,0,shelter,2,0
lethal_risky_corridor-expected_sarsa-s11-d198782b9dff,11,expected_sarsa,lethal,0.996,1,100000,100000,0,shelter,2,0
lethal_risky_corridor-expected_sarsa-s11-f6c325e558af,11,expected_sarsa,lethal,1,0.25,25000,25000,0,shelter,2,0
lethal_risky_corridor-expected_sarsa-s11-f6c325e558af,11,expected_sarsa,lethal,1,0.5,50000,50000,0,shelter,2,0
lethal_risky_corridor-expected_sarsa-s11-f6c325e558af,11,expected_sarsa,lethal,1,0.75,75000,75000,0,shelter,2,0
lethal_risky_corridor-expected_sarsa-s11-f6c325e558af,11,expected_sarsa,lethal,1,1,100000,100000,0,shelter,2,0
lethal_risky_corridor-expected_sarsa-s12-0c8384a28b3f,12,expected_sarsa,lethal,1,0.25,25000,25000,0,shelter,2,0
lethal_risky_corridor-expected_sarsa-s12-0c8384a28b3f,12,expected_sarsa,lethal,1,0.5,50000,50000,0,shelter,2,0
lethal_risky_corridor-expected_sarsa-s12-0c8384a28b3f,12,expected_sarsa,lethal,1,0.75,75000,75000,0,shelter,2,0
lethal_risky_corridor-expected_sarsa-s12-0c8384a28b3f,12,expected_sarsa,lethal,1,1,100000,100000,0,shelter,2,0
lethal_risky_corridor-expected_sarsa-s12-303015126f7d,12,expected_sarsa,lethal,0.988,0.25,25000,25000,0,shelter,2,0
lethal_risky_corridor-expected_sarsa-s12-303015126f7d,12,expected_sarsa,lethal,0.988,0.5,50000,50000,0,shelter,2,0
lethal_risky_corridor-expected_sarsa-s12-303015126f7d,12,expected_sarsa,lethal,0.988,0.75,75000,75000,0,shelter,2,0
lethal_risky_corridor-expected_sarsa-s12-303015126f7d,12,expected_sarsa,lethal,0.988,1,100000,100000,0,shelter,2,0
lethal_risky_corridor-expected_sarsa-s12-36d327ec4cb2,12,expected_sarsa,lethal,0.98,0.25,25000,25000,0,shelter,2,0
lethal_risky_corridor-expected_sarsa-s12-36d327ec4cb2,12,expected_sarsa,lethal,0.98,0.5,50000,50000,0,shelter,2,0
lethal_risky_corridor-expected_sarsa-s12-36d327ec4cb2,12,expected_sarsa,lethal,0.98,0.75,75000,75000,0,shelter,2,0
lethal_risky_corridor-expected_sarsa-s12-36d327ec4cb2,12,expected_sarsa,lethal,0.98,1,100000,100000,0,shelter,2,0
lethal_risky_corridor-expected_sarsa-s12-41b27f1bcd32,12,expected_sarsa,lethal,0.991,0.25,25000,25000,0,shelter,2,0
lethal_risky_corridor-expected_sarsa-s12-41b27f1bcd32,12,expected_sarsa,lethal,0.991,0.5,50000,50000,0,shelter,2,0
lethal_risky_corridor-expected_sarsa-s12-41b27f1bcd32,12,expected_sarsa,lethal,0.991,0.75,75000,75000,0,shelter,2,0
lethal_risky_corridor-expected_sarsa-s12-41b27f1bcd32,12,expected_sarsa,lethal,0.991,1,100000,100000,0,shelter,2,0
lethal_risky_corridor-expected_sarsa-s12-5414339900a8,12,expected_sarsa,lethal,0.986,0.25,25000,25000,0,shelter,2,0
lethal_risky_corridor-expected_sarsa-s12-5414339900a8,12,expected_sarsa,lethal,0.986,0.5,50000,50000,0,shelter,2,0
lethal_risky_corridor-expected_sarsa-s12-5414339900a8,12,expected_sarsa,lethal,0.986,0.75,75000,75000,0,shelter,2,0
lethal_risky_corridor-expected_sarsa-s12-5414339900a8,12,expected_sarsa,lethal,0.986,1,100000,100000,0,shelter,2,0
lethal_risky_corridor-expected_sarsa-s12-79797860f221,12,expected_sarsa,lethal,0.989,0.25,25000,25000,0,shelter,2,0
lethal_risky_corridor-expected_sarsa-s12-79797860f221,12,expected_sarsa,lethal,0.989,0.5,50000,50000,0,shelter,2,0
lethal_risky_corridor-expected_sarsa-s12-79797860f221,12,expected_sarsa,lethal,0.989,0.75,75000,75000,0,shelter,2,0
lethal_risky_corridor-expected_sarsa-s12-79797860f221,12,expected_sarsa,lethal,0.989,1,100000,100000,0,shelter,2,0
lethal_risky_corridor-expected_sarsa-s12-885264f26858,12,expected_sarsa,lethal,0.994,0.25,25000,25000,0,shelter,2,0
lethal_risky_corridor-expected_sarsa-s12-885264f26858,12,expected_sarsa,lethal,0.994,0.5,50000,50000,0,shelter,2,0
lethal_risky_corridor-expected_sarsa-s12-885264f26858,12,expected_sarsa,lethal,0.994,0.75,75000,75000,0,shelter,2,0
lethal_risky_corridor-expected_sarsa-s12-885264f26858,12,expected_sarsa,lethal,0.994,1,100000,100000,0,shelter,2,0
lethal_risky_corridor-expected_sarsa-s12-8a0df7f32ccc,12,expected_sarsa,lethal,0.97,0.25,25000,25000,0,shelter,2,0
lethal_risky_corridor-expected_sarsa-s12-8a0df7f32ccc,12,expected_sarsa,lethal,0.97,0.5,50000,50000,0,shelter,2,0
lethal_risky_corridor-expected_sarsa-s12-8a0df7f32ccc,12,expected_sarsa,lethal,0.97,0.75,75000,75000,0,shelter,2,0
lethal_risky_corridor-expected_sarsa-s12-8a0df7f32ccc,12,expected_sarsa,lethal,0.97,1,100000,100000,0,shelter,2,0
lethal_risky_corridor-expected_sarsa-s12-996e34a3e8dd,12,expected_sarsa,lethal,0.992,0.25,25000,25000,0,shelter,2,0
lethal_risky_corridor-expected_sarsa-s12-996e34a3e8dd,12,expected_sarsa,lethal,0.992,0.5,50000,50000,0,shelter,2,0
lethal_risky_corridor-expected_sarsa-s12-996e34a3e8dd,12,expected_sarsa,lethal,0.992,0.75,75000,75000,0,shelter,2,0
lethal_risky_corridor-expected_sarsa-s12-996e34a3e8dd,12,expected_sarsa,lethal,0.992,1,100000,100000,0,shelter,2,0
lethal_risky_corridor-expected_sarsa-s12-9b5436198e21,12,expected_sarsa,lethal,0.998,0.25,25000,25000,0,shelter,2,0
lethal_risky_corridor-expected_sarsa-s12-9b5436198e21,12,expected_sarsa,lethal,0.998,0.5,50000,50000,0,shelter,2,0
lethal_risky_corridor-expected_sarsa-s12-9b5436198e21,12,expected_sarsa,lethal,0.998,0.75,75000,75000,0,shelter,2,0
lethal_risky_corridor-expected_sarsa-s12-9b5436198e21,12,expected_sarsa,lethal,0.998,1,100000,100000,0,shelter,2,0
lethal_risky_corridor-expected_sarsa-s12-b82df4f6bfb0,12,expected_sarsa,lethal,0.984,0.25,25000,25000,0,shelter,2,0
lethal_risky_corridor-expected_sarsa-s12-b82df4f6bfb0,12,expected_sarsa,lethal,0.984,0.5,50000,50000,0,shelter,2,0
lethal_risky_corridor-expected_sarsa-s12-b82df4f6bfb0,12,expected_sarsa,lethal,0.984,0.75,75000,75000,0,shelter,2,0
lethal_risky_corridor-expected_sarsa-s12-b82df4f6bfb0,12,expected_sarsa,lethal,0.984,1,100000,100000,0,shelter,2,0
lethal_risky_corridor-expected_sarsa-s12-cede09d5afca,12,expected_sarsa,lethal,0.99,0.25,25000,25000,0,shelter,2,0
lethal_risky_corridor-expected_sarsa-s12-cede09d5afca,12,expected_sarsa,lethal,0.99,0.5,50000,50000,0,shelter,2,0
lethal_risky_corridor-expected_sarsa-s12-cede09d5afca,12,expected_sarsa,lethal,0.99,0.75,75000,75000,0,shelter,2,0
lethal_risky_corridor-expected_sarsa-s12-cede09d5afca,12,expected_sarsa,lethal,0.99,1,100000,100000,0,shelter,2,0
lethal_risky_corridor-expected_sarsa-s12-d3a5815774d4,12,expected_sarsa,lethal,0.9895,0.25,25000,25000,0,shelter,2,0
lethal_risky_corridor-expected_sarsa-s12-d3a5815774d4,12,expected_sarsa,lethal,0.9895,0.5,50000,50000,0,shelter,2,0
lethal_risky_corridor-expected_sarsa-s12-d3a5815774d4,12,expected_sarsa,lethal,0.9895,0.75,75000,75000,0,shelter,2,0
lethal_risky_corridor-expected_sarsa-s12-d3a5815774d4,12,expected_sarsa,lethal,0.9895,1,100000,100000,0,shelter,2,0
lethal_risky_corridor-expected_sarsa-s12-e9f59fb24af9,12,expected_sarsa,lethal,0.996,0.25,25000,25000,0,shelter,2,0
lethal_risky_corridor-expected_sarsa-s12-e9f59fb24af9,12,expected_sarsa,lethal,0.996,0.5,50000,50000,0,shelter,2,0
lethal_risky_corridor-expected_sarsa-s12-e9f59fb24af9,12,expected_sarsa,lethal,0.996,0.75,75000,75000,0,shelter,2,0
lethal_risky_corridor-expected_sarsa-s12-e9f59fb24af9,12,expected_sarsa,lethal,0.996,1,100000,100000,0,shelter,2,0
lethal_risky_corridor-expected_sarsa-s13-08e60984b2de,13,expected_sarsa,lethal,0.984,0.25,25000,25000,0,shelter,2,0
lethal_risky_corridor-expected_sarsa-s13-08e60984b2de,13,expected_sarsa,lethal,0.984,0.5,50000,50000,0,shelter,2,0
lethal_risky_corridor-expected_sarsa-s13-08e60984b2de,13,expected_sarsa,lethal,0.984,0.75,75000,75000,0,shelter,2,0
lethal_risky_corridor-expected_sarsa-s13-08e60984b2de,13,expected_sarsa,lethal,0.984,1,100000,100000,0,shelter,2,0
lethal_risky_corridor-expected_sarsa-s13-0c208d856933,13,expected_sarsa,lethal,1,0.25,25000,25000,0,shelter,2,0
lethal_risky_corridor-expected_sarsa-s13-0c208d856933,13,expected_sarsa,lethal,1,0.5,50000,50000,0,shelter,2,0
lethal_risky_corridor-expected_sarsa-s13-0c208d856933,13,expected_sarsa,lethal,1,0.75,75000,75000,0,shelter,2,0
lethal_risky_corridor-expected_sarsa-s13-0c208d856933,13,expected_sarsa,lethal,1,1,100000,100000,0,shelter,2,0
lethal_risky_corridor-expected_sarsa-s13-15a85e8413ee,13,expected_sarsa,lethal,0.97,0.25,25000,25000,0,shelter,2,0
lethal_risky_corridor-expected_sarsa-s13-15a85e8413ee,13,expected_sarsa,lethal,0.97,0.5,50000,50000,0,shelter,2,0
lethal_risky_corridor-expected_sarsa-s13-15a85e8413ee,13,expected_sarsa,lethal,0.97,0.75,75000,75000,0,shelter,2,0
lethal_risky_corridor-expected_sarsa-s13-15a85e8413ee,13,expected_sarsa,lethal,0.97,1,100000,100000,0,shelter,2,0
lethal_risky_corridor-expected_sarsa-s13-20784b5788e7,13,expected_sarsa,lethal,0.998,0.25,25000,25000,0,shelter,2,0
lethal_risky_corridor-expected_sarsa-s13-20784b5788e7,13,expected_sarsa,lethal,0.998,0.5,50000,50000,0,shelter,2,0
lethal_risky_corridor-expected_sarsa-s13-20784b5788e7,13,expected_sarsa,lethal,0.998,0.75,75000,75000,0,shelter,2,0
lethal_risky_corridor-expected_sarsa-s13-20784b5788e7,13,expected_sarsa,lethal,0.998,1,100000,100000,0,shelter,2,0
lethal_risky_corridor-expected_sarsa-s13-446d387cebdb,13,expected_sarsa,lethal,0.9895,0.25,25000,25000,0,shelter,2,0
lethal_risky_corridor-expected_sarsa-s13-446d387cebdb,13,expected_sarsa,lethal,0.9895,0.5,50000,50000,0,shelter,2,0
lethal_risky_corridor-expected_sarsa-s13-446d387cebdb,13,expected_sarsa,lethal,0.9895,0.75,75000,75000,0,shelter,2,0
lethal_risky_corridor-expected_sarsa-s13-446d387cebdb,13,expected_sarsa,lethal,0.9895,1,100000,100000,0,shelter,2,0
lethal_risky_corridor-expected_sarsa-s13-672a4fe63b12,13,expected_sarsa,lethal,0.98,0.25,25000,25000,0,shelter,2,0
lethal_risky_corridor-expected_sarsa-s13-672a4fe63b12,13,expected_sarsa,lethal,0.98,0.5,50000,50000,0,shelter,2,0
lethal_risky_corridor-expected_sarsa-s13-672a4fe63b12,13,expected_sarsa,lethal,0.98,0.75,75000,75000,0,shelter,2,0
lethal_risky_corridor-expected_sarsa-s13-672a4fe63b12,13,expected_sarsa,lethal,0.98,1,100000,100000,0,shelter,2,0
lethal_risky_corridor-expected_sarsa-s13-9ac32d629577,13,expected_sarsa,lethal,0.994,0.25,25000,25000,0,shelter,2,0
lethal_risky_corridor-expected_sarsa-s13-9ac32d629577,13,expected_sarsa,lethal,0.994,0.5,50000,50000,0,shelter,2,0
lethal_risky_corridor-expected_sarsa-s13-9ac32d629577,13,expected_sarsa,lethal,0.994,0.75,75000,75000,0,shelter,2,0
lethal_risky_corridor-expected_sarsa-s13-9ac32d629577,13,expected_sarsa,lethal,0.994,1,100000,100000,0,shelter,2,0
lethal_risky_corridor-expected_sarsa-s13-b8c1d85cf13f,13,expected_sarsa,lethal,0.986,0.25,25000,25000,0,shelter,2,0
lethal_risky_corridor-expected_sarsa-s13-b8c1d85cf13f,13,expected_sarsa,lethal,0.986,0.5,50000,50000,0,shelter,2,0
lethal_risky_corridor-expected_sarsa-s13-b8c1d85cf13f,13,expected_sarsa,lethal,0.986,0.75,75000,75000,0,shelter,2,0
lethal_risky_corridor-expected_sarsa-s13-b8c1d85cf13f,13,expected_sarsa,lethal,0.986,1,100000,100000,0,shelter,2,0
lethal_risky_corridor-expected_sarsa-s13-bd3b12ddef13,13,expected_sarsa,lethal,0.991,0.25,25000,25000,0,shelter,2,0
lethal_risky_corridor-expected_sarsa-s13-bd3b12ddef13,13,expected_sarsa,lethal,0.991,0.5,50000,50000,0,shelter,2,0
lethal_risky_corridor-expected_sarsa-s13-bd3b12ddef13,13,expected_sarsa,lethal,0.991,0.75,75000,75000,0,shelter,2,0
lethal_risky_corridor-expected_sarsa-s13-bd3b12ddef13,13,expected_sarsa,lethal,0.991,1,100000,100000,0,shelter,2,0
lethal_risky_corridor-expected_sarsa-s13-bfcf6fcb6575,13,expected_sarsa,lethal,0.996,0.25,25000,25000,0,shelter,2,0
lethal_risky_corridor-expected_sarsa-s13-bfcf6fcb6575,13,expected_sarsa,lethal,0.996,0.5,50000,50000,0,shelter,2,0
lethal_risky_corridor-expected_sarsa-s13-bfcf6fcb6575,13,expected_sarsa,lethal,0.996,0.75,75000,75000,0,shelter,2,0
lethal_risky_corridor-expected_sarsa-s13-bfcf6fcb6575,13,expected_sarsa,lethal,0.996,1,100000,100000,0,shelter,2,0
lethal_risky_corridor-expected_sarsa-s13-c6d36881f584,13,expected_sarsa,lethal,0.988,0.25,25000,25000,0,shelter,2,0
lethal_risky_corridor-expected_sarsa-s13-c6d36881f584,13,expected_sarsa,lethal,0.988,0.5,50000,50000,0,shelter,2,0
lethal_risky_corridor-expected_sarsa-s13-c6d36881f584,13,expected_sarsa,lethal,0.988,0.75,75000,75000,0,shelter,2,0
lethal_risky_corridor-expected_sarsa-s13-c6d36881f584,13,expected_sarsa,lethal,0.988,1,100000,100000,0,shelter,2,0
lethal_risky_corridor-expected_sarsa-s13-d5bfafd5402a,13,expected_sarsa,lethal,0.992,0.25,25000,25000,0,shelter,2,0
lethal_risky_corridor-expected_sarsa-s13-d5bfafd5402a,13,expected_sarsa,lethal,0.992,0.5,50000,50000,0,shelter,2,0
lethal_risky_corridor-expected_sarsa-s13-d5bfafd5402a,13,expected_sarsa,lethal,0.992,0.75,75000,75000,0,shelter,2,0
lethal_risky_corridor-expected_sarsa-s13-d5bfafd5402a,13,expected_sarsa,lethal,0.992,1,100000,100000,0,shelter,2,0
lethal_risky_corridor-expected_sarsa-s13-f2a150265b39,13,expected_sarsa,lethal,0.99,0.25,25000,25000,0,shelter,2,0
lethal_risky_corridor-expected_sarsa-s13-f2a150265b39,13,expected_sarsa,lethal,0.99,0.5,50000,50000,0,shelter,2,0
lethal_risky_corridor-expected_sarsa-s13-f2a150265b39,13,expected_sarsa,lethal,0.99,0.75,75000,75000,0,shelter,2,0
lethal_risky_corridor-expected_sarsa-s13-f2a150265b39,13,expected_sarsa,lethal,0.99,1,100000,100000,0,shelter,2,0
lethal_risky_corridor-expected_sarsa-s13-fa5c3d56dd7a,13,expected_sarsa,lethal,0.989,0.25,25000,25000,0,shelter,2,0
lethal_risky_corridor-expected_sarsa-s13-fa5c3d56dd7a,13,expected_sarsa,lethal,0.989,0.5,50000,50000,0,shelter,2,0
lethal_risky_corridor-expected_sarsa-s13-fa5c3d56dd7a,13,expected_sarsa,lethal,0.989,0.75,75000,75000,0,shelter,2,0
lethal_risky_corridor-expected_sarsa-s13-fa5c3d56dd7a,13,expected_sarsa,lethal,0.989,1,100000,100000,0,shelter,2,0
lethal_risky_corridor-expected_sarsa-s14-0d0de4d6b4d5,14,expected_sarsa,lethal,1,0.25,25000,25000,0,shelter,2,0
lethal_risky_corridor-expected_sarsa-s14-0d0de4d6b4d5,14,expected_sarsa,lethal,1,0.5,50000,50000,0,shelter,2,0
lethal_risky_corridor-expected_sarsa-s14-0d0de4d6b4d5,14,expected_sarsa,lethal,1,0.75,75000,75000,0,shelter,2,0
lethal_risky_corridor-expected_sarsa-s14-0d0de4d6b4d5,14,expected_sarsa,lethal,1,1,100000,100000,0,shelter,2,0
lethal_risky_corridor-expected_sarsa-s14-10c1ba793634,14,expected_sarsa,lethal,0.994,0.25,25000,25000,0,shelter,2,0
lethal_risky_corridor-expected_sarsa-s14-10c1ba793634,14,expected_sarsa,lethal,0.994,0.5,50000,50000,0,shelter,2,0
lethal_risky_corridor-expected_sarsa-s14-10c1ba793634,14,expected_sarsa,lethal,0.994,0.75,75000,75000,0,shelter,2,0
lethal_risky_corridor-expected_sarsa-s14-10c1ba793634,14,expected_sarsa,lethal,0.994,1,100000,100000,0,shelter,2,0
lethal_risky_corridor-expected_sarsa-s14-1d7a8eb9cb7d,14,expected_sarsa,lethal,0.992,0.25,25000,25000,0,shelter,2,0
lethal_risky_corridor-expected_sarsa-s14-1d7a8eb9cb7d,14,expected_sarsa,lethal,0.992,0.5,50000,50000,0,shelter,2,0
lethal_risky_corridor-expected_sarsa-s14-1d7a8eb9cb7d,14,expected_sarsa,lethal,0.992,0.75,75000,75000,0,shelter,2,0
lethal_risky_corridor-expected_sarsa-s14-1d7a8eb9cb7d,14,expected_sarsa,lethal,0.992,1,100000,100000,0,shelter,2,0
lethal_risky_corridor-expected_sarsa-s14-388d032832b8,14,expected_sarsa,lethal,0.99,0.25,25000,25000,0,shelter,2,0
lethal_risky_corridor-expected_sarsa-s14-388d032832b8,14,expected_sarsa,lethal,0.99,0.5,50000,50000,0,shelter,2,0
lethal_risky_corridor-expected_sarsa-s14-388d032832b8,14,expected_sarsa,lethal,0.99,0.75,75000,75000,0,shelter,2,0
lethal_risky_corridor-expected_sarsa-s14-388d032832b8,14,expected_sarsa,lethal,0.99,1,100000,100000,0,shelter,2,0
lethal_risky_corridor-expected_sarsa-s14-58e18ed9b72e,14,expected_sarsa,lethal,0.97,0.25,25000,25000,0,shelter,2,0
lethal_risky_corridor-expected_sarsa-s14-58e18ed9b72e,14,expected_sarsa,lethal,0.97,0.5,50000,50000,0,shelter,2,0
lethal_risky_corridor-expected_sarsa-s14-58e18ed9b72e,14,expected_sarsa,lethal,0.97,0.75,75000,75000,0,shelter,2,0
lethal_risky_corridor-expected_sarsa-s14-58e18ed9b72e,14,expected_sarsa,lethal,0.97,1,100000,100000,0,shelter,2,0
lethal_risky_corridor-expected_sarsa-s14-5fa963c87d17,14,expected_sarsa,lethal,0.998,0.25,25000,25000,0,shelter,2,0
lethal_risky_corridor-expected_sarsa-s14-5fa963c87d17,14,expected_sarsa,lethal,0.998,0.5,50000,50000,0,shelter,2,0
lethal_risky_corridor-expected_sarsa-s14-5fa963c87d17,14,expected_sarsa,lethal,0.998,0.75,75000,75000,0,shelter,2,0
lethal_risky_corridor-expected_sarsa-s14-5fa963c87d17,14,expected_sarsa,lethal,0.998,1,100000,100000,0,shelter,2,0
lethal_risky_corridor-expected_sarsa-s14-6e1473172acb,14,expected_sarsa,lethal,0.986,0.25,25000,25000,0,shelter,2,0
lethal_risky_corridor-expected_sarsa-s14-6e1473172acb,14,expected_sarsa,lethal,0.986,0.5,50000,50000,0,shelter,2,0
lethal_risky_corridor-expected_sarsa-s14-6e1473172acb,14,expected_sarsa,lethal,0.986,0.75,75000,75000,0,shelter,2,0
lethal_risky_corridor-expected_sarsa-s14-6e1473172acb,14,expected_sarsa,lethal,0.986,1,100000,100000,0,shelter,2,0
lethal_risky_corridor-expected_sarsa-s14-969f60f6bfda,14,expected_sarsa,lethal,0.98,0.25,25000,25000,0,shelter,2,0
lethal_risky_corridor-expected_sarsa-s14-969f60f6bfda,14,expected_sarsa,lethal,0.98,0.5,50000,50000,0,shelter,2,0
lethal_risky_corridor-expected_sarsa-s14-969f60f6bfda,14,expected_sarsa,lethal,0.98,0.75,75000,75000,0,shelter,2,0
lethal_risky_corridor-expected_sarsa-s14-969f60f6bfda,14,expected_sarsa,lethal,0.98,1,100000,100000,0,shelter,2,0
lethal_risky_corridor-expected_sarsa-s14-97e6c6016685,14,expected_sarsa,lethal,0.991,0.25,25000,25000,0,shelter,2,0
lethal_risky_corridor-expected_sarsa-s14-97e6c6016685,14,expected_sarsa,lethal,0.991,0.5,50000,50000,0,shelter,2,0
lethal_risky_corridor-expected_sarsa-s14-97e6c6016685,14,expected_sarsa,lethal,0.991,0.75,75000,75000,0,shelter,2,0
lethal_risky_corridor-expected_sarsa-s14-97e6c6016685,14,expected_sarsa,lethal,0.991,1,100000,100000,0,shelter,2,0
lethal_risky_corridor-expected_sarsa-s14-99d4b5713699,14,expected_sarsa,lethal,0.984,0.25,25000,25000,0,shelter,2,0
lethal_risky_corridor-expected_sarsa-s14-99d4b5713699,14,expected_sarsa,lethal,0.984,0.5,50000,50000,0,shelter,2,0
lethal_risky_corridor-expected_sarsa-s14-99d4b5713699,14,expected_sarsa,lethal,0.984,0.75,75000,75000,0,shelter,2,0
lethal_risky_corridor-expected_sarsa-s14-99d4b5713699,14,expected_sarsa,lethal,0.984,1,100000,100000,0,shelter,2,0
lethal_risky_corridor-expected_sarsa-s14-9e32c3cb1111,14,expected_sarsa,lethal,0.988,0.25,25000,25000,0,shelter,2,0
lethal_risky_corridor-expected_sarsa-s14-9e32c3cb1111,14,expected_sarsa,lethal,0.988,0.5,50000,50000,0,shelter,2,0
lethal_risky_corridor-expected_sarsa-s14-9e32c3cb1111,14,expected_sarsa,lethal,0.988,0.75,75000,75000,0,shelter,2,0
lethal_risky_corridor-expected_sarsa-s14-9e32c3cb1111,14,expected_sarsa,lethal,0.988,1,100000,100000,0,shelter,2,0
lethal_risky_corridor-expected_sarsa-s14-a107ba403157,14,expected_sarsa,lethal,0.989,0.25,25000,25000,0,shelter,2,0
lethal_risky_corridor-expected_sarsa-s14-a107ba403157,14,expected_sarsa,lethal,0.989,0.5,50000,50000,0,shelter,2,0
lethal_risky_corridor-expected_sarsa-s14-a107ba403157,14,expected_sarsa,lethal,0.989,0.75,75000,75000,0,shelter,2,0
lethal_risky_corridor-expected_sarsa-s14-a107ba403157,14,expected_sarsa,lethal,0.989,1,100000,100000,0,shelter,2,0
lethal_risky_corridor-expected_sarsa-s14-d7f7993dea14,14,expected_sarsa,lethal,0.996,0.25,25000,25000,0,shelter,2,0
lethal_risky_corridor-expected_sarsa-s14-d7f7993dea14,14,expected_sarsa,lethal,0.996,0.5,50000,50000,0,shelter,2,0
lethal_risky_corridor-expected_sarsa-s14-d7f7993dea14,14,expected_sarsa,lethal,0.996,0.75,75000,75000,0,shelter,2,0
lethal_risky_corridor-expected_sarsa-s14-d7f7993dea14,14,expected_sarsa,lethal,0.996,1,100000,100000,0,shelter,2,0
lethal_risky_corridor-expected_sarsa-s14-f5cc7a301132,14,expected_sarsa,lethal,0.9895,0.25,25000,25000,0,shelter,2,0
lethal_risky_corridor-expected_sarsa-s14-f5cc7a301132,14,expected_sarsa,lethal,0.9895,0.5,50000,50000,0,shelter,2,0
lethal_risky_corridor-expected_sarsa-s14-f5cc7a301132,14,expected_sarsa,lethal,0.9895,0.75,75000,75000,0,shelter,2,0
lethal_risky_corridor-expected_sarsa-s14-f5cc7a301132,14,expected_sarsa,lethal,0.9895,1,100000,100000,0,shelter,2,0
lethal_risky_corridor-expected_sarsa-s15-02feed393527,15,expected_sarsa,lethal,0.992,0.25,25000,25000,0,shelter,2,0
lethal_risky_corridor-expected_sarsa-s15-02feed393527,15,expected_sarsa,lethal,0.992,0.5,50000,50000,0,shelter,2,0
lethal_risky_corridor-expected_sarsa-s15-02feed393527,15,expected_sarsa,lethal,0.992,0.75,75000,75000,0,shelter,2,0
lethal_risky_corridor-expected_sarsa-s15-02feed393527,15,expected_sarsa,lethal,0.992,1,100000,100000,0,shelter,2,0
lethal_risky_corridor-expected_sarsa-s15-08cfee9a023f,15,expected_sarsa,lethal,0.98,0.25,25000,25000,0,shelter,2,0
lethal_risky_corridor-expected_sarsa-s15-08cfee9a023f,15,expected_sarsa,lethal,0.98,0.5,50000,50000,0,shelter,2,0
lethal_risky_corridor-expected_sarsa-s15-08cfee9a023f,15,expected_sarsa,lethal,0.98,0.75,75000,75000,0,shelter,2,0
lethal_risky_corridor-expected_sarsa-s15-08cfee9a023f,15,expected_sarsa,lethal,0.98,1,100000,100000,0,shelter,2,0
lethal_risky_corridor-expected_sarsa-s15-11e8540e220c,15,expected_sarsa,lethal,0.994,0.25,25000,25000,0,shelter,2,0
lethal_risky_corridor-expected_sarsa-s15-11e8540e220c,15,expected_sarsa,lethal,0.994,0.5,50000,50000,0,shelter,2,0
lethal_risky_corridor-expected_sarsa-s15-11e8540e220c,15,expected_sarsa,lethal,0.994,0.75,75000,75000,0,shelter,2,0
lethal_risky_corridor-expected_sarsa-s15-11e8540e220c,15,expected_sarsa,lethal,0.994,1,100000,100000,0,shelter,2,0
lethal_risky_corridor-expected_sarsa-s15-3ef1831c708a,15,expected_sarsa,lethal,0.998,0.25,25000,25000,0,shelter,2,0
lethal_risky_corridor-expected_sarsa-s15-3ef1831c708a,15,expected_sarsa,lethal,0.998,0.5,50000,50000,0,shelter,2,0
lethal_risky_corridor-expected_sarsa-s15-3ef1831c708a,15,expected_sarsa,lethal,0.998,0.75,75000,75000,0,shelter,2,0
lethal_risky_corridor-expected_sarsa-s15-3ef1831c708a,15,expected_sarsa,lethal,0.998,1,100000,100000,0,shelter,2,0
lethal_risky_corridor-expected_sarsa-s15-4ce43253edab,15,expected_sarsa,lethal,0.984,0.25,25000,25000,0,shelter,2,0
lethal_risky_corridor-expected_sarsa-s15-4ce43253edab,15,expected_sarsa,lethal,0.984,0.5,50000,50000,0,shelter,2,0
lethal_risky_corridor-expected_sarsa-s15-4ce43253edab,15,expected_sarsa,lethal,0.984,0.75,75000,75000,0,shelter,2,0
lethal_risky_corridor-expected_sarsa-s15-4ce43253edab,15,expected_sarsa,lethal,0.984,1,100000,100000,0,shelter,2,0
lethal_risky_corridor-expected_sarsa-s15-4d120aeaef6d,15,expected_sarsa,lethal,1,0.25,25000,25000,0,shelter,2,0
lethal_risky_corridor-expected_sarsa-s15-4d120aeaef6d,15,expected_sarsa,lethal,1,0.5,50000,50000,0,shelter,2,0
lethal_risky_corridor-expected_sarsa-s15-4d120aeaef6d,15,expected_sarsa,lethal,1,0.75,75000,75000,0,shelter,2,0
lethal_risky_corridor-expected_sarsa-s15-4d120aeaef6d,15,expected_sarsa,lethal,1,1,100000,100000,0,shelter,2,0
lethal_risky_corridor-expected_sarsa-s15-5041e588b33e,15,expected_sarsa,lethal,0.986,0.25,25000,25000,0,shelter,2,0
lethal_risky_corridor-expected_sarsa-s15-5041e588b33e,15,expected_sarsa,lethal,0.986,0.5,50000,50000,0,shelter,2,0
lethal_risky_corridor-expected_sarsa-s15-5041e588b33e,15,expected_sarsa,lethal,0.986,0.75,75000,75000,0,shelter,2,0
lethal_risky_corridor-expected_sarsa-s15-5041e588b33e,15,expected_sarsa,lethal,0.986,1,100000,100000,0,shelter,2,0
lethal_risky_corridor-expected_sarsa-s15-52347895f2a6,15,expected_sarsa,lethal,0.988,0.25,25000,25000,0,shelter,2,0
lethal_risky_corridor-expected_sarsa-s15-52347895f2a6,15,expected_sarsa,lethal,0.988,0.5,50000,50000,0,shelter,2,0
lethal_risky_corridor-expected_sarsa-s15-52347895f2a6,15,expected_sarsa,lethal,0.988,0.75,75000,75000,0,shelter,2,0
lethal_risky_corridor-expected_sarsa-s15-52347895f2a6,15,expected_sarsa,lethal,0.988,1,100000,100000,0,shelter,2,0
lethal_risky_corridor-expected_sarsa-s15-5e21d80f41cd,15,expected_sarsa,lethal,0.991,0.25,25000,25000,0,shelter,2,0
lethal_risky_corridor-expected_sarsa-s15-5e21d80f41cd,15,expected_sarsa,lethal,0.991,0.5,50000,50000,0,shelter,2,0
lethal_risky_corridor-expected_sarsa-s15-5e21d80f41cd,15,expected_sarsa,lethal,0.991,0.75,75000,75000,0,shelter,2,0
lethal_risky_corridor-expected_sarsa-s15-5e21d80f41cd,15,expected_sarsa,lethal,0.991,1,100000,100000,0,shelter,2,0
lethal_risky_corridor-expected_sarsa-s15-7ac852a8ca24,15,expected_sarsa,lethal,0.99,0.25,25000,25000,0,shelter,2,0
lethal_risky_corridor-expected_sarsa-s15-7ac852a8ca24,15,expected_sarsa,lethal,0.99,0.5,50000,50000,0,shelter,2,0
lethal_risky_corridor-expected_sarsa-s15-7ac852a8ca24,15,expected_sarsa,lethal,0.99,0.75,75000,75000,0,shelter,2,0
lethal_risky_corridor-expected_sarsa-s15-7ac852a8ca24,15,expected_sarsa,lethal,0.99,1,100000,100000,0,shelter,2,0
lethal_risky_corridor-expected_sarsa-s15-8b3e753f2230,15,expected_sarsa,lethal,0.996,0.25,25000,25000,0,shelter,2,0
lethal_risky_corridor-expected_sarsa-s15-8b3e753f2230,15,expected_sarsa,lethal,0.996,0.5,50000,50000,0,shelter,2,0
lethal_risky_corridor-expected_sarsa-s15-8b3e753f2230,15,expected_sarsa,lethal,0.996,0.75,75000,75000,0,shelter,2,0
lethal_risky_corridor-expected_sarsa-s15-8b3e753f2230,15,expected_sarsa,lethal,0.996,1,100000,100000,0,shelter,2,0
lethal_risky_corridor-expected_sarsa-s15-8dd21e3a1e1b,15,expected_sarsa,lethal,0.989,0.25,25000,25000,0,shelter,2,0
lethal_risky_corridor-expected_sarsa-s15-8dd21e3a1e1b,15,expected_sarsa,lethal,0.989,0.5,50000,50000,0,shelter,2,0
lethal_risky_corridor-expected_sarsa-s15-8dd21e3a1e1b,15,expected_sarsa,lethal,0.989,0.75,75000,75000,0,shelter,2,0
lethal_risky_corridor-expected_sarsa-s15-8dd21e3a1e1b,15,expected_sarsa,lethal,0.989,1,100000,100000,0,shelter,2,0
lethal_risky_corridor-expected_sarsa-s15-b3bd06e37508,15,expected_sarsa,lethal,0.97,0.25,25000,25000,0,shelter,2,0
lethal_risky_corridor-expected_sarsa-s15-b3bd06e37508,15,expected_sarsa,lethal,0.97,0.5,50000,50000,0,shelter,2,0
lethal_risky_corridor-expected_sarsa-s15-b3bd06e37508,15,expected_sarsa,lethal,0.97,0.75,75000,75000,0,shelter,2,0
lethal_risky_corridor-expected_sarsa-s15-b3bd06e37508,15,expected_sarsa,lethal,0.97,1,100000,100000,0,shelter,2,0
lethal_risky_corridor-expected_sarsa-s15-ef9a703c3817,15,expected_sarsa,lethal,0.9895,0.25,25000,25000,0,shelter,2,0
lethal_risky_corridor-expected_sarsa-s15-ef9a703c3817,15,expected_sarsa,lethal,0.9895,0.5,50000,50000,0,shelter,2,0
lethal_risky_corridor-expected_sarsa-s15-ef9a703c3817,15,expected_sarsa,lethal,0.9895,0.75,75000,75000,0,shelter,2,0
lethal_risky_corridor-expected_sarsa-s15-ef9a703c3817,15,expected_sarsa,lethal,0.9895,1,100000,100000,0,shelter,2,0
lethal_risky_corridor-expected_sarsa-s16-06a8e071184d,16,expected_sarsa,lethal,0.9895,0.25,25000,25000,0,shelter,2,0
lethal_risky_corridor-expected_sarsa-s16-06a8e071184d,16,expected_sarsa,lethal,0.9895,0.5,50000,50000,0,shelter,2,0
lethal_risky_corridor-expected_sarsa-s16-06a8e071184d,16,expected_sarsa,lethal,0.9895,0.75,75000,75000,0,shelter,2,0
lethal_risky_corridor-expected_sarsa-s16-06a8e071184d,16,expected_sarsa,lethal,0.9895,1,100000,100000,0,shelter,2,0
lethal_risky_corridor-expected_sarsa-s16-0e80b2a5ce7b,16,expected_sarsa,lethal,0.99,0.25,25000,25000,0,shelter,2,0
lethal_risky_corridor-expected_sarsa-s16-0e80b2a5ce7b,16,expected_sarsa,lethal,0.99,0.5,50000,50000,0,shelter,2,0
lethal_risky_corridor-expected_sarsa-s16-0e80b2a5ce7b,16,expected_sarsa,lethal,0.99,0.75,75000,75000,0,shelter,2,0
lethal_risky_corridor-expected_sarsa-s16-0e80b2a5ce7b,16,expected_sarsa,lethal,0.99,1,100000,100000,0,shelter,2,0
lethal_risky_corridor-expected_sarsa-s16-1e59acfa5a22,16,expected_sarsa,lethal,0.984,0.25,25000,25000,0,shelter,2,0
lethal_risky_corridor-expected_sarsa-s16-1e59acfa5a22,16,expected_sarsa,lethal,0.984,0.5,50000,50000,0,shelter,2,0
lethal_risky_corridor-expected_sarsa-s16-1e59acfa5a22,16,expected_sarsa,lethal,0.984,0.75,75000,75000,0,shelter,2,0
lethal_risky_corridor-expected_sarsa-s16-1e59acfa5a22,16,expected_sarsa,lethal,0.984,1,100000,100000,0,shelter,2,0
lethal_risky_corridor-expected_sarsa-s16-240eda28ecca,16,expected_sarsa,lethal,0.97,0.25,25000,25000,0,shelter,2,0
lethal_risky_corridor-expected_sarsa-s16-240eda28ecca,16,expected_sarsa,lethal,0.97,0.5,50000,50000,0,shelter,2,0
lethal_risky_corridor-expected_sarsa-s16-240eda28ecca,16,expected_sarsa,lethal,0.97,0.75,75000,75000,0,shelter,2,0
lethal_risky_corridor-expected_sarsa-s16-240eda28ecca,16,expected_sarsa,lethal,0.97,1,100000,100000,0,shelter,2,0
lethal_risky_corridor-expected_sarsa-s16-3ebe2e910860,16,expected_sarsa,lethal,0.989,0.25,25000,25000,0,shelter,2,0
lethal_risky_corridor-expected_sarsa-s16-3ebe2e910860,16,expected_sarsa,lethal,0.989,0.5,50000,50000,0,shelter,2,0
lethal_risky_corridor-expected_sarsa-s16-3ebe2e910860,16,expected_sarsa,lethal,0.989,0.75,75000,75000,0,shelter,2,0
lethal_risky_corridor-expected_sarsa-s16-3ebe2e910860,16,expected_sarsa,lethal,0.989,1,100000,100000,0,shelter,2,0
lethal_risky_corridor-expected_sarsa-s16-4ec23d7a7e31,16,expected_sarsa,lethal,1,0.25,25000,25000,0,shelter,2,0
lethal_risky_corridor-expected_sarsa-s16-4ec23d7a7e31,16,expected_sarsa,lethal,1,0.5,50000,50000,0,shelter,2,0
lethal_risky_corridor-expected_sarsa-s16-4ec23d7a7e31,16,expected_sarsa,lethal,1,0.75,75000,75000,0,shelter,2,0
lethal_risky_corridor-expected_sarsa-s16-4ec23d7a7e31,16,expected_sarsa,lethal,1,1,100000,100000,0,shelter,2,0
lethal_risky_corridor-expected_sarsa-s16-58bb48203358,16,expected_sarsa,lethal,0.991,0.25,25000,25000,0,shelter,2,0
lethal_risky_corridor-expected_sarsa-s16-58bb48203358,16,expected_sarsa,lethal,0.991,0.5,50000,50000,0,shelter,2,0
lethal_risky_corridor-expected_sarsa-s16-58bb48203358,16,expected_sarsa,lethal,0.991,0.75,75000,75000,0,shelter,2,0
lethal_risky_corridor-expected_sarsa-s16-58bb48203358,16,expected_sarsa,lethal,0.991,1,100000,100000,0,shelter,2,0
lethal_risky_corridor-expected_sarsa-s16-70234e1b2737,16,expected_sarsa,lethal,0.98,0.25,25000,25000,0,shelter,2,0
lethal_risky_corridor-expected_sarsa-s16-70234e1b2737,16,expected_sarsa,lethal,0.98,0.5,50000,50000,0,shelter,2,0
lethal_risky_corridor-expected_sarsa-s16-70234e1b2737,16,expected_sarsa,lethal,0.98,0.75,75000,75000,0,shelter,2,0
lethal_risky_corridor-expected_sarsa-s16-70234e1b2737,16,expected_sarsa,lethal,0.98,1,100000,100000,0,shelter,2,0
lethal_risky_corridor-expected_sarsa-s16-86387801c870,16,expected_sarsa,lethal,0.994,0.25,25000,25000,0,shelter,2,0
lethal_risky_corridor-expected_sarsa-s16-86387801c870,16,expected_sarsa,lethal,0.994,0.5,50000,50000,0,shelter,2,0
lethal_risky_corridor-expected_sarsa-s16-86387801c870,16,expected_sarsa,lethal,0.994,0.75,75000,75000,0,shelter,2,0
lethal_risky_corridor-expected_sarsa-s16-86387801c870,16,expected_sarsa,lethal,0.994,1,100000,100000,0,shelter,2,0
lethal_risky_corridor-expected_sarsa-s16-c6eccb098433,16,expected_sarsa,lethal,0.988,0.25,25000,25000,0,shelter,2,0
lethal_risky_corridor-expected_sarsa-s16-c6eccb098433,16,expected_sarsa,lethal,0.988,0.5,50000,50000,0,shelter,2,0
lethal_risky_corridor-expected_sarsa-s16-c6eccb098433,16,expected_sarsa,lethal,0.988,0.75,75000,75000,0,shelter,2,0
lethal_risky_corridor-expected_sarsa-s16-c6eccb098433,16,expected_sarsa,lethal,0.988,1,100000,100000,0,shelter,2,0
lethal_risky_corridor-expected_sarsa-s16-cf8a124d96e3,16,expected_sarsa,lethal,0.992,0.25,25000,25000,0,shelter,2,0
lethal_risky_corridor-expected_sarsa-s16-cf8a124d96e3,16,expected_sarsa,lethal,0.992,0.5,50000,50000,0,shelter,2,0
lethal_risky_corridor-expected_sarsa-s16-cf8a124d96e3,16,expected_sarsa,lethal,0.992,0.75,75000,75000,0,shelter,2,0
lethal_risky_corridor-expected_sarsa-s16-cf8a124d96e3,16,expected_sarsa,lethal,0.992,1,100000,100000,0,shelter,2,0
lethal_risky_corridor-expected_sarsa-s16-d541b91be934,16,expected_sarsa,lethal,0.996,0.25,25000,25000,0,shelter,2,0
lethal_risky_corridor-expected_sarsa-s16-d541b91be934,16,expected_sarsa,lethal,0.996,0.5,50000,50000,0,shelter,2,0
lethal_risky_corridor-expected_sarsa-s16-d541b91be934,16,expected_sarsa,lethal,0.996,0.75,75000,75000,0,shelter,2,0
lethal_risky_corridor-expected_sarsa-s16-d541b91be934,16,expected_sarsa,lethal,0.996,1,100000,100000,0,shelter,2,0
lethal_risky_corridor-expected_sarsa-s16-da1e18fe9d87,16,expected_sarsa,lethal,0.998,0.25,25000,25000,0,shelter,2,0
lethal_risky_corridor-expected_sarsa-s16-da1e18fe9d87,16,expected_sarsa,lethal,0.998,0.5,50000,50000,0,shelter,2,0
lethal_risky_corridor-expected_sarsa-s16-da1e18fe9d87,16,expected_sarsa,lethal,0.998,0.75,75000,75000,0,shelter,2,0
lethal_risky_corridor-expected_sarsa-s16-da1e18fe9d87,16,expected_sarsa,lethal,0.998,1,100000,100000,0,shelter,2,0
lethal_risky_corridor-expected_sarsa-s16-e21487194cff,16,expected_sarsa,lethal,0.986,0.25,25000,25000,0,shelter,2,0
lethal_risky_corridor-expected_sarsa-s16-e21487194cff,16,expected_sarsa,lethal,0.986,0.5,50000,50000,0,shelter,2,0
lethal_risky_corridor-expected_sarsa-s16-e21487194cff,16,expected_sarsa,lethal,0.986,0.75,75000,75000,0,shelter,2,0
lethal_risky_corridor-expected_sarsa-s16-e21487194cff,16,expected_sarsa,lethal,0.986,1,100000,100000,0,shelter,2,0
lethal_risky_corridor-expected_sarsa-s17-1526662ceb93,17,expected_sarsa,lethal,0.986,0.25,25000,25000,0,shelter,2,0
lethal_risky_corridor-expected_sarsa-s17-1526662ceb93,17,expected_sarsa,lethal,0.986,0.5,50000,50000,0,shelter,2,0
lethal_risky_corridor-expected_sarsa-s17-1526662ceb93,17,expected_sarsa,lethal,0.986,0.75,75000,75000,0,shelter,2,0
lethal_risky_corridor-expected_sarsa-s17-1526662ceb93,17,expected_sarsa,lethal,0.986,1,100000,100000,0,shelter,2,0
lethal_risky_corridor-expected_sarsa-s17-1eecfa54995a,17,expected_sarsa,lethal,0.992,0.25,25000,25000,0,shelter,2,0
lethal_risky_corridor-expected_sarsa-s17-1eecfa54995a,17,expected_sarsa,lethal,0.992,0.5,50000,50000,0,shelter,2,0
lethal_risky_corridor-expected_sarsa-s17-1eecfa54995a,17,expected_sarsa,lethal,0.992,0.75,75000,75000,0,shelter,2,0
lethal_risky_corridor-expected_sarsa-s17-1eecfa54995a,17,expected_sarsa,lethal,0.992,1,100000,100000,0,shelter,2,0
lethal_risky_corridor-expected_sarsa-s17-30e8a9588504,17,expected_sarsa,lethal,0.98,0.25,25000,25000,0,shelter,2,0
lethal_risky_corridor-expected_sarsa-s17-30e8a9588504,17,expected_sarsa,lethal,0.98,0.5,50000,50000,0,shelter,2,0
lethal_risky_corridor-expected_sarsa-s17-30e8a9588504,17,expected_sarsa,lethal,0.98,0.75,75000,75000,0,shelter,2,0
lethal_risky_corridor-expected_sarsa-s17-30e8a9588504,17,expected_sarsa,lethal,0.98,1,100000,100000,0,shelter,2,0
lethal_risky_corridor-expected_sarsa-s17-3b172000e7ab,17,expected_sarsa,lethal,0.9895,0.25,25000,25000,0,shelter,2,0
lethal_risky_corridor-expected_sarsa-s17-3b172000e7ab,17,expected_sarsa,lethal,0.9895,0.5,50000,50000,0,shelter,2,0
lethal_risky_corridor-expected_sarsa-s17-3b172000e7ab,17,expected_sarsa,lethal,0.9895,0.75,75000,75000,0,shelter,2,0
lethal_risky_corridor-expected_sarsa-s17-3b172000e7ab,17,expected_sarsa,lethal,0.9895,1,100000,100000,0,shelter,2,0
lethal_risky_corridor-expected_sarsa-s17-3b6dd44b303b,17,expected_sarsa,lethal,0.988,0.25,25000,25000,0,shelter,2,0
lethal_risky_corridor-expected_sarsa-s17-3b6dd44b303b,17,expected_sarsa,lethal,0.988,0.5,50000,50000,0,shelter,2,0
lethal_risky_corridor-expected_sarsa-s17-3b6dd44b303b,17,expected_sarsa,lethal,0.988,0.75,75000,75000,0,shelter,2,0
lethal_risky_corridor-expected_sarsa-s17-3b6dd44b303b,17,expected_sarsa,lethal,0.988,1,100000,100000,0,shelter,2,0
lethal_risky_corridor-expected_sarsa-s17-6cbef1eaf567,17,expected_sarsa,lethal,0.984,0.25,25000,25000,0,shelter,2,0
lethal_risky_corridor-expected_sarsa-s17-6cbef1eaf567,17,expected_sarsa,lethal,0.984,0.5,50000,50000,0,shelter,2,0
lethal_risky_corridor-expected_sarsa-s17-6cbef1eaf567,17,expected_sarsa,lethal,0.984,0.75,75000,75000,0,shelter,2,0
lethal_risky_corridor-expected_sarsa-s17-6cbef1eaf567,17,expected_sarsa,lethal,0.984,1,100000,100000,0,shelter,2,0
lethal_risky_corridor-expected_sarsa-s17-94184489d4ea,17,expected_sarsa,lethal,0.989,0.25,25000,25000,0,shelter,2,0
lethal_risky_corridor-expected_sarsa-s17-94184489d4ea,17,expected_sarsa,lethal,0.989,0.5,50000,50000,0,shelter,2,0
lethal_risky_corridor-expected_sarsa-s17-94184489d4ea,17,expected_sarsa,lethal,0.989,0.75,75000,75000,0,shelter,2,0
lethal_risky_corridor-expected_sarsa-s17-94184489d4ea,17,expected_sarsa,lethal,0.989,1,100000,100000,0,shelter,2,0
lethal_risky_corridor-expected_sarsa-s17-ada248d98fef,17,expected_sarsa,lethal,1,0.25,25000,25000,0,shelter,2,0
lethal_risky_corridor-expected_sarsa-s17-ada248d98fef,17,expected_sarsa,lethal,1,0.5,50000,50000,0,shelter,2,0
lethal_risky_corridor-expected_sarsa-s17-ada248d98fef,17,expected_sarsa,lethal,1,0.75,75000,75000,0,shelter,2,0
lethal_risky_corridor-expected_sarsa-s17-ada248d98fef,17,expected_sarsa,lethal,1,1,100000,100000,0,shelter,2,0
lethal_risky_corridor-expected_sarsa-s17-b41d0e48d1e7,17,expected_sarsa,lethal,0.996,0.25,25000,25000,0,shelter,2,0
lethal_risky_corridor-expected_sarsa-s17-b41d0e48d1e7,17,expected_sarsa,lethal,0.996,0.5,50000,50000,0,shelter,2,0
lethal_risky_corridor-expected_sarsa-s17-b41d0e48d1e7,17,expected_sarsa,lethal,0.996,0.75,75000,75000,0,shelter,2,0
lethal_risky_corridor-expected_sarsa-s17-b41d0e48d1e7,17,expected_sarsa,lethal,0.996,1,100000,100000,0,shelter,2,0
lethal_risky_corridor-expected_sarsa-s17-c2ac90d244e8,17,expected_sarsa,lethal,0.97,0.25,25000,25000,0,shelter,2,0
lethal_risky_corridor-expected_sarsa-s17-c2ac90d244e8,17,expected_sarsa,lethal,0.97,0.5,50000,50000,0,shelter,2,0
lethal_risky_corridor-expected_sarsa-s17-c2ac90d244e8,17,expected_sarsa,lethal,0.97,0.75,75000,75000,0,shelter,2,0
lethal_risky_corridor-expected_sarsa-s17-c2ac90d244e8,17,expected_sarsa,lethal,0.97,1,100000,100000,0,shelter,2,0
lethal_risky_corridor-expected_sarsa-s17-d38e2f1843ac,17,expected_sarsa,lethal,0.991,0.25,25000,25000,0,shelter,2,0
lethal_risky_corridor-expected_sarsa-s17-d38e2f1843ac,17,expected_sarsa,lethal,0.991,0.5,50000,50000,0,shelter,2,0
lethal_risky_corridor-expected_sarsa-s17-d38e2f1843ac,17,expected_sarsa,lethal,0.991,0.75,75000,75000,0,shelter,2,0
lethal_risky_corridor-expected_sarsa-s17-d38e2f1843ac,17,expected_sarsa,lethal,0.991,1,100000,100000,0,shelter,2,0
lethal_risky_corridor-expected_sarsa-s17-e15291450906,17,expected_sarsa,lethal,0.994,0.25,25000,25000,0,shelter,2,0
lethal_risky_corridor-expected_sarsa-s17-e15291450906,17,expected_sarsa,lethal,0.994,0.5,50000,50000,0,shelter,2,0
lethal_risky_corridor-expected_sarsa-s17-e15291450906,17,expected_sarsa,lethal,0.994,0.75,75000,75000,0,shelter,2,0
lethal_risky_corridor-expected_sarsa-s17-e15291450906,17,expected_sarsa,lethal,0.994,1,100000,100000,0,shelter,2,0
lethal_risky_corridor-expected_sarsa-s17-e3fbbb1d9f70,17,expected_sarsa,lethal,0.99,0.25,25000,25000,0,shelter,2,0
lethal_risky_corridor-expected_sarsa-s17-e3fbbb1d9f70,17,expected_sarsa,lethal,0.99,0.5,50000,50000,0,shelter,2,0
lethal_risky_corridor-expected_sarsa-s17-e3fbbb1d9f70,17,expected_sarsa,lethal,0.99,0.75,75000,75000,0,shelter,2,0
lethal_risky_corridor-expected_sarsa-s17-e3fbbb1d9f70,17,expected_sarsa,lethal,0.99,1,100000,100000,0,shelter,2,0
lethal_risky_corridor-expected_sarsa-s17-ec98bf556745,17,expected_sarsa,lethal,0.998,0.25,25000,25000,0,shelter,2,0
lethal_risky_corridor-expected_sarsa-s17-ec98bf556745,17,expected_sarsa,lethal,0.998,0.5,50000,50000,0,shelter,2,0
lethal_risky_corridor-expected_sarsa-s17-ec98bf556745,17,expected_sarsa,lethal,0.998,0.75,75000,75000,0,shelter,2,0
lethal_risky_corridor-expected_sarsa-s17-ec98bf556745,17,expected_sarsa,lethal,0.998,1,100000,100000,0,shelter,2,0
lethal_risky_corridor-expected_sarsa-s18-150a787a8171,18,expected_sarsa,lethal,0.992,0.25,25000,25000,0,shelter,2,0
lethal_risky_corridor-expected_sarsa-s18-150a787a8171,18,expected_sarsa,lethal,0.992,0.5,50000,50000,0,shelter,2,0
lethal_risky_corridor-expected_sarsa-s18-150a787a8171,18,expected_sarsa,lethal,0.992,0.75,75000,75000,0,shelter,2,0
lethal_risky_corridor-expected_sarsa-s18-150a787a8171,18,expected_sarsa,lethal,0.992,1,100000,100000,0,shelter,2,0
lethal_risky_corridor-expected_sarsa-s18-1ede06c47c66,18,expected_sarsa,lethal,0.994,0.25,25000,25000,0,shelter,2,0
lethal_risky_corridor-expected_sarsa-s18-1ede06c47c66,18,expected_sarsa,lethal,0.994,0.5,50000,50000,0,shelter,2,0
lethal_risky_corridor-expected_sarsa-s18-1ede06c47c66,18,expected_sarsa,lethal,0.994,0.75,75000,75000,0,shelter,2,0
lethal_risky_corridor-expected_sarsa-s18-1ede06c47c66,18,expected_sarsa,lethal,0.994,1,100000,100000,0,shelter,2,0
lethal_risky_corridor-expected_sarsa-s18-2a5842156181,18,expected_sarsa,lethal,0.991,0.25,25000,25000,0,shelter,2,0
lethal_risky_corridor-expected_sarsa-s18-2a5842156181,18,expected_sarsa,lethal,0.991,0.5,50000,50000,0,shelter,2,0
lethal_risky_corridor-expected_sarsa-s18-2a5842156181,18,expected_sarsa,lethal,0.991,0.75,75000,75000,0,shelter,2,0
lethal_risky_corridor-expected_sarsa-s18-2a5842156181,18,expected_sarsa,lethal,0.991,1,100000,100000,0,shelter,2,0
lethal_risky_corridor-expected_sarsa-s18-512e3dcf5bce,18,expected_sarsa,lethal,0.986,0.25,25000,25000,0,shelter,2,0
lethal_risky_corridor-expected_sarsa-s18-512e3dcf5bce,18,expected_sarsa,lethal,0.986,0.5,50000,50000,0,shelter,2,0
lethal_risky_corridor-expected_sarsa-s18-512e3dcf5bce,18,expected_sarsa,lethal,0.986,0.75,75000,75000,0,shelter,2,0
lethal_risky_corridor-expected_sarsa-s18-512e3dcf5bce,18,expected_sarsa,lethal,0.986,1,100000,100000,0,shelter,2,0
lethal_risky_corridor-expected_sarsa-s18-517e92853240,18,expected_sarsa,lethal,0.98,0.25,25000,25000,0,shelter,2,0
lethal_risky_corridor-expected_sarsa-s18-517e92853240,18,expected_sarsa,lethal,0.98,0.5,50000,50000,0,shelter,2,0
lethal_risky_corridor-expected_sarsa-s18-517e92853240,18,expected_sarsa,lethal,0.98,0.75,75000,75000,0,shelter,2,0
lethal_risky_corridor-expected_sarsa-s18-517e92853240,18,expected_sarsa,lethal,0.98,1,100000,100000,0,shelter,2,0
lethal_risky_corridor-expected_sarsa-s18-57eceeb9fc24,18,expected_sarsa,lethal,1,0.25,25000,25000,0,shelter,2,0
lethal_risky_corridor-expected_sarsa-s18-57eceeb9fc24,18,expected_sarsa,lethal,1,0.5,50000,50000,0,shelter,2,0
lethal_risky_corridor-expected_sarsa-s18-57eceeb9fc24,18,expected_sarsa,lethal,1,0.75,75000,75000,0,shelter,2,0
lethal_risky_corridor-expected_sarsa-s18-57eceeb9fc24,18,expected_sarsa,lethal,1,1,100000,100000,0,shelter,2,0
lethal_risky_corridor-expected_sarsa-s18-62867f9afbd2,18,expected_sarsa,lethal,0.99,0.25,25000,25000,0,shelter,2,0
lethal_risky_corridor-expected_sarsa-s18-62867f9afbd2,18,expected_sarsa,lethal,0.99,0.5,50000,50000,0,shelter,2,0
lethal_risky_corridor-expected_sarsa-s18-62867f9afbd2,18,expected_sarsa,lethal,0.99,0.75,75000,75000,0,shelter,2,0
lethal_risky_corridor-expected_sarsa-s18-62867f9afbd2,18,expected_sarsa,lethal,0.99,1,100000,100000,0,shelter,2,0
lethal_risky_corridor-expected_sarsa-s18-79a5252584c7,18,expected_sarsa,lethal,0.984,0.25,25000,25000,0,shelter,2,0
lethal_risky_corridor-expected_sarsa-s18-79a5252584c7,18,expected_sarsa,lethal,0.984,0.5,50000,50000,0,shelter,2,0
lethal_risky_corridor-expected_sarsa-s18-79a5252584c7,18,expected_sarsa,lethal,0.984,0.75,75000,75000,0,shelter,2,0
lethal_risky_corridor-expected_sarsa-s18-79a5252584c7,18,expected_sarsa,lethal,0.984,1,100000,100000,0,shelter,2,0
lethal_risky_corridor-expected_sarsa-s18-b2f3e0dd25cf,18,expected_sarsa,lethal,0.9895,0.25,25000,25000,0,shelter,2,0
lethal_risky_corridor-expected_sarsa-s18-b2f3e0dd25cf,18,expected_sarsa,lethal,0.9895,0.5,50000,50000,0,shelter,2,0
lethal_risky_corridor-expected_sarsa-s18-b2f3e0dd25cf,18,expected_sarsa,lethal,0.9895,0.75,75000,75000,0,shelter,2,0
lethal_risky_corridor-expected_sarsa-s18-b2f3e0dd25cf,18,expected_sarsa,lethal,0.9895,1,100000,100000,0,shelter,2,0
lethal_risky_corridor-expected_sarsa-s18-c01cad3d3031,18,expected_sarsa,lethal,0.988,0.25,25000,25000,0,shelter,2,0
lethal_risky_corridor-expected_sarsa-s18-c01cad3d3031,18,expected_sarsa,lethal,0.988,0.5,50000,50000,0,shelter,2,0
lethal_risky_corridor-expected_sarsa-s18-c01cad3d3031,18,expected_sarsa,lethal,0.988,0.75,75000,75000,0,shelter,2,0
lethal_risky_corridor-expected_sarsa-s18-c01cad3d3031,18,expected_sarsa,lethal,0.988,1,100000,100000,0,shelter,2,0
lethal_risky_corridor-expected_sarsa-s18-d6a3987fb008,18,expected_sarsa,lethal,0.97,0.25,25000,25000,0,shelter,2,0
lethal_risky_corridor-expected_sarsa-s18-d6a3987fb008,18,expected_sarsa,lethal,0.97,0.5,50000,50000,0,shelter,2,0
lethal_risky_corridor-expected_sarsa-s18-d6a3987fb008,18,expected_sarsa,lethal,0.97,0.75,75000,75000,0,shelter,2,0
lethal_risky_corridor-expected_sarsa-s18-d6a3987fb008,18,expected_sarsa,lethal,0.97,1,100000,100000,0,shelter,2,0
lethal_risky_corridor-expected_sarsa-s18-e33513c5fc37,18,expected_sarsa,lethal,0.989,0.25,25000,25000,0,shelter,2,0
lethal_risky_corridor-expected_sarsa-s18-e33513c5fc37,18,expected_sarsa,lethal,0.989,0.5,50000,50000,0,shelter,2,0
lethal_risky_corridor-expected_sarsa-s18-e33513c5fc37,18,expected_sarsa,lethal,0.989,0.75,75000,75000,0,shelter,2,0
lethal_risky_corridor-expected_sarsa-s18-e33513c5fc37,18,expected_sarsa,lethal,0.989,1,100000,100000,0,shelter,2,0
lethal_risky_corridor-expected_sarsa-s18-e491428a6642,18,expected_sarsa,lethal,0.998,0.25,25000,25000,0,shelter,2,0
lethal_risky_corridor-expected_sarsa-s18-e491428a6642,18,expected_sarsa,lethal,0.998,0.5,50000,50000,0,shelter,2,0
lethal_risky_corridor-expected_sarsa-s18-e491428a6642,18,expected_sarsa,lethal,0.998,0.75,75000,75000,0,shelter,2,0
lethal_risky_corridor-expected_sarsa-s18-e491428a6642,18,expected_sarsa,lethal,0.998,1,100000,100000,0,shelter,2,0
lethal_risky_corridor-expected_sarsa-s18-f67b99593c65,18,expected_sarsa,lethal,0.996,0.25,25000,25000,0,shelter,2,0
lethal_risky_corridor-expected_sarsa-s18-f67b99593c65,18,expected_sarsa,lethal,0.996,0.5,50000,50000,0,shelter,2,0
lethal_risky_corridor-expected_sarsa-s18-f67b99593c65,18,expected_sarsa,lethal,0.996,0.75,75000,75000,0,shelter,2,0
lethal_risky_corridor-expected_sarsa-s18-f67b99593c65,18,expected_sarsa,lethal,0.996,1,100000,100000,0,shelter,2,0
lethal_risky_corridor-expected_sarsa-s19-059305ea99cd,19,expected_sarsa,lethal,0.988,0.25,25000,25000,0,shelter,2,0
lethal_risky_corridor-expected_sarsa-s19-059305ea99cd,19,expected_sarsa,lethal,0.988,0.5,50000,50000,0,shelter,2,0
lethal_risky_corridor-expected_sarsa-s19-059305ea99cd,19,expected_sarsa,lethal,0.988,0.75,75000,75000,0,shelter,2,0
lethal_risky_corridor-expected_sarsa-s19-059305ea99cd,19,expected_sarsa,lethal,0.988,1,100000,100000,0,shelter,2,0
lethal_risky_corridor-expected_sarsa-s19-19190368629f,19,expected_sarsa,lethal,0.994,0.25,25000,25000,0,shelter,2,0
lethal_risky_corridor-expected_sarsa-s19-19190368629f,19,expected_sarsa,lethal,0.994,0.5,50000,50000,0,shelter,2,0
lethal_risky_corridor-expected_sarsa-s19-19190368629f,19,expected_sarsa,lethal,0.994,0.75,75000,75000,0,shelter,2,0
lethal_risky_corridor-expected_sarsa-s19-19190368629f,19,expected_sarsa,lethal,0.994,1,100000,100000,0,shelter,2,0
lethal_risky_corridor-expected_sarsa-s19-2c3f673f3e80,19,expected_sarsa,lethal,0.984,0.25,25000,25000,0,shelter,2,0
lethal_risky_corridor-expected_sarsa-s19-2c3f673f3e80,19,expected_sarsa,lethal,0.984,0.5,50000,50000,0,shelter,2,0
lethal_risky_corridor-expected_sarsa-s19-2c3f673f3e80,19,expected_sarsa,lethal,0.984,0.75,75000,75000,0,shelter,2,0
lethal_risky_corridor-expected_sarsa-s19-2c3f673f3e80,19,expected_sarsa,lethal,0.984,1,100000,100000,0,shelter,2,0
lethal_risky_corridor-expected_sarsa-s19-2d5c5cdc286a,19,expected_sarsa,lethal,1,0.25,25000,25000,0,shelter,2,0
lethal_risky_corridor-expected_sarsa-s19-2d5c5cdc286a,19,expected_sarsa,lethal,1,0.5,50000,50000,0,shelter,2,0
lethal_risky_corridor-expected_sarsa-s19-2d5c5cdc286a,19,expected_sarsa,lethal,1,0.75,75000,75000,0,shelter,2,0
lethal_risky_corridor-expected_sarsa-s19-2d5c5cdc286a,19,expected_sarsa,lethal,1,1,100000,100000,0,shelter,2,0
lethal_risky_corridor-expected_sarsa-s19-47ffa23401ec,19,expected_sarsa,lethal,0.97,0.25,25000,25000,0,shelter,2,0
lethal_risky_corridor-expected_sarsa-s19-47ffa23401ec,19,expected_sarsa,lethal,0.97,0.5,50000,50000,0,shelter,2,0
lethal_risky_corridor-expected_sarsa-s19-47ffa23401ec,19,expected_sarsa,lethal,0.97,0.75,75000,75000,0,shelter,2,0
lethal_risky_corridor-expected_sarsa-s19-47ffa23401ec,19,expected_sarsa,lethal,0.97,1,100000,100000,0,shelter,2,0
lethal_risky_corridor-expected_sarsa-s19-4f02de0ac829,19,expected_sarsa,lethal,0.998,0.25,25000,25000,0,shelter,2,0
lethal_risky_corridor-expected_sarsa-s19-4f02de0ac829,19,expected_sarsa,lethal,0.998,0.5,50000,50000,0,shelter,2,0
lethal_risky_corridor-expected_sarsa-s19-4f02de0ac829,19,expected_sarsa,lethal,0.998,0.75,75000,75000,0,shelter,2,0
lethal_risky_corridor-expected_sarsa-s19-4f02de0ac829,19,expected_sarsa,lethal,0.998,1,100000,100000,0,shelter,2,0
lethal_risky_corridor-expected_sarsa-s19-61b8dd6be908,19,expected_sarsa,lethal,0.992,0.25,25000,25000,0,shelter,2,0
lethal_risky_corridor-expected_sarsa-s19-61b8dd6be908,19,expected_sarsa,lethal,0.992,0.5,50000,50000,0,shelter,2,0
lethal_risky_corridor-expected_sarsa-s19-61b8dd6be908,19,expected_sarsa,lethal,0.992,0.75,75000,75000,0,shelter,2,0
lethal_risky_corridor-expected_sarsa-s19-61b8dd6be908,19,expected_sarsa,lethal,0.992,1,100000,100000,0,shelter,2,0
lethal_risky_corridor-expected_sarsa-s19-7ac83c694bcf,19,expected_sarsa,lethal,0.98,0.25,25000,25000,0,shelter,2,0
lethal_risky_corridor-expected_sarsa-s19-7ac83c694bcf,19,expected_sarsa,lethal,0.98,0.5,50000,50000,0,shelter,2,0
lethal_risky_corridor-expected_sarsa-s19-7ac83c694bcf,19,expected_sarsa,lethal,0.98,0.75,75000,75000,0,shelter,2,0
lethal_risky_corridor-expected_sarsa-s19-7ac83c694bcf,19,expected_sarsa,lethal,0.98,1,100000,100000,0,shelter,2,0
lethal_risky_corridor-expected_sarsa-s19-7ec73a30ecef,19,expected_sarsa,lethal,0.996,0.25,25000,25000,0,shelter,2,0
lethal_risky_corridor-expected_sarsa-s19-7ec73a30ecef,19,expected_sarsa,lethal,0.996,0.5,50000,50000,0,shelter,2,0
lethal_risky_corridor-expected_sarsa-s19-7ec73a30ecef,19,expected_sarsa,lethal,0.996,0.75,75000,75000,0,shelter,2,0
lethal_risky_corridor-expected_sarsa-s19-7ec73a30ecef,19,expected_sarsa,lethal,0.996,1,100000,100000,0,shelter,2,0
lethal_risky_corridor-expected_sarsa-s19-891b6d5e1472,19,expected_sarsa,lethal,0.99,0.25,25000,25000,0,shelter,2,0
lethal_risky_corridor-expected_sarsa-s19-891b6d5e1472,19,expected_sarsa,lethal,0.99,0.5,50000,50000,0,shelter,2,0
lethal_risky_corridor-expected_sarsa-s19-891b6d5e1472,19,expected_sarsa,lethal,0.99,0.75,75000,75000,0,shelter,2,0
lethal_risky_corridor-expected_sarsa-s19-891b6d5e1472,19,expected_sarsa,lethal,0.99,1,100000,100000,0,shelter,2,0
lethal_risky_corridor-expected_sarsa-s19-98fe269def77,19,expected_sarsa,lethal,0.991,0.25,25000,25000,0,shelter,2,0
lethal_risky_corridor-expected_sarsa-s19-98fe269def77,19,expected_sarsa,lethal,0.991,0.5,50000,50000,0,shelter,2,0
lethal_risky_corridor-expected_sarsa-s19-98fe269def77,19,expected_sarsa,lethal,0.991,0.75,75000,75000,0,shelter,2,0
lethal_risky_corridor-expected_sarsa-s19-98fe269def77,19,expected_sarsa,lethal,0.991,1,100000,100000,0,shelter,2,0
lethal_risky_corridor-expected_sarsa-s19-aabe51bc15f3,19,expected_sarsa,lethal,0.989,0.25,25000,25000,0,shelter,2,0
lethal_risky_corridor-expected_sarsa-s19-aabe51bc15f3,19,expected_sarsa,lethal,0.989,0.5,50000,50000,0,shelter,2,0
lethal_risky_corridor-expected_sarsa-s19-aabe51bc15f3,19,expected_sarsa,lethal,0.989,0.75,75000,75000,0,shelter,2,0
lethal_risky_corridor-expected_sarsa-s19-aabe51bc15f3,19,expected_sarsa,lethal,0.989,1,100000,100000,0,shelter,2,0
lethal_risky_corridor-expected_sarsa-s19-beac7ca74ec8,19,expected_sarsa,lethal,0.986,0.25,25000,25000,0,shelter,2,0
lethal_risky_corridor-expected_sarsa-s19-beac7ca74ec8,19,expected_sarsa,lethal,0.986,0.5,50000,50000,0,shelter,2,0
lethal_risky_corridor-expected_sarsa-s19-beac7ca74ec8,19,expected_sarsa,lethal,0.986,0.75,75000,75000,0,shelter,2,0
lethal_risky_corridor-expected_sarsa-s19-beac7ca74ec8,19,expected_sarsa,lethal,0.986,1,100000,100000,0,shelter,2,0
lethal_risky_corridor-expected_sarsa-s19-fa208ca9eba0,19,expected_sarsa,lethal,0.9895,0.25,25000,25000,0,shelter,2,0
lethal_risky_corridor-expected_sarsa-s19-fa208ca9eba0,19,expected_sarsa,lethal,0.9895,0.5,50000,50000,0,shelter,2,0
lethal_risky_corridor-expected_sarsa-s19-fa208ca9eba0,19,expected_sarsa,lethal,0.9895,0.75,75000,75000,0,shelter,2,0
lethal_risky_corridor-expected_sarsa-s19-fa208ca9eba0,19,expected_sarsa,lethal,0.9895,1,100000,100000,0,shelter,2,0
lethal_risky_corridor-expected_sarsa-s2-03dcfadb946c,2,expected_sarsa,lethal,0.986,0.25,25000,25000,0,shelter,2,0
lethal_risky_corridor-expected_sarsa-s2-03dcfadb946c,2,expected_sarsa,lethal,0.986,0.5,50000,50000,0,shelter,2,0
lethal_risky_corridor-expected_sarsa-s2-03dcfadb946c,2,expected_sarsa,lethal,0.986,0.75,75000,75000,0,shelter,2,0
lethal_risky_corridor-expected_sarsa-s2-03dcfadb946c,2,expected_sarsa,lethal,0.986,1,100000,100000,0,shelter,2,0
lethal_risky_corridor-expected_sarsa-s2-0be28525aa47,2,expected_sarsa,lethal,0.984,0.25,25000,25000,0,shelter,2,0
lethal_risky_corridor-expected_sarsa-s2-0be28525aa47,2,expected_sarsa,lethal,0.984,0.5,50000,50000,0,shelter,2,0
lethal_risky_corridor-expected_sarsa-s2-0be28525aa47,2,expected_sarsa,lethal,0.984,0.75,75000,75000,0,shelter,2,0
lethal_risky_corridor-expected_sarsa-s2-0be28525aa47,2,expected_sarsa,lethal,0.984,1,100000,100000,0,shelter,2,0
lethal_risky_corridor-expected_sarsa-s2-296fea4aa2a8,2,expected_sarsa,lethal,0.992,0.25,25000,25000,0,shelter,2,0
lethal_risky_corridor-expected_sarsa-s2-296fea4aa2a8,2,expected_sarsa,lethal,0.992,0.5,50000,50000,0,shelter,2,0
lethal_risky_corridor-expected_sarsa-s2-296fea4aa2a8,2,expected_sarsa,lethal,0.992,0.75,75000,75000,0,shelter,2,0
lethal_risky_corridor-expected_sarsa-s2-296fea4aa2a8,2,expected_sarsa,lethal,0.992,1,100000,100000,0,shelter,2,0
lethal_risky_corridor-expected_sarsa-s2-35057fdfcb92,2,expected_sarsa,lethal,1,0.25,25000,25000,0,shelter,2,0
lethal_risky_corridor-expected_sarsa-s2-35057fdfcb92,2,expected_sarsa,lethal,1,0.5,50000,50000,0,shelter,2,0
lethal_risky_corridor-expected_sarsa-s2-35057fdfcb92,2,expected_sarsa,lethal,1,0.75,75000,75000,0,shelter,2,0
lethal_risky_corridor-expected_sarsa-s2-35057fdfcb92,2,expected_sarsa,lethal,1,1,100000,100000,0,shelter,2,0
lethal_risky_corridor-expected_sarsa-s2-547c83401426,2,expected_sarsa,lethal,0.9895,0.25,25000,25000,0,shelter,2,0
lethal_risky_corridor-expected_sarsa-s2-547c83401426,2,expected_sarsa,lethal,0.9895,0.5,50000,50000,0,shelter,2,0
lethal_risky_corridor-expected_sarsa-s2-547c83401426,2,expected_sarsa,lethal,0.9895,0.75,75000,75000,0,shelter,2,0
lethal_risky_corridor-expected_sarsa-s2-547c83401426,2,expected_sarsa,lethal,0.9895,1,100000,100000,0,shelter,2,0
lethal_risky_corridor-expected_sarsa-s2-79b46ab11b45,2,expected_sarsa,lethal,0.98,0.25,25000,25000,0,shelter,2,0
lethal_risky_corridor-expected_sarsa-s2-79b46ab11b45,2,expected_sarsa,lethal,0.98,0.5,50000,50000,0,shelter,2,0
lethal_risky_corridor-expected_sarsa-s2-79b46ab11b45,2,expected_sarsa,lethal,0.98,0.75,75000,75000,0,shelter,2,0
lethal_risky_corridor-expected_sarsa-s2-79b46ab11b45,2,expected_sarsa,lethal,0.98,1,100000,100000,0,shelter,2,0
lethal_risky_corridor-expected_sarsa-s2-8cb8c1a0909b,2,expected_sarsa,lethal,0.97,0.25,25000,25000,0,shelter,2,0
lethal_risky_corridor-expected_sarsa-s2-8cb8c1a0909b,2,expected_sarsa,lethal,0.97,0.5,50000,50000,0,shelter,2,0
lethal_risky_corridor-expected_sarsa-s2-8cb8c1a0909b,2,expected_sarsa,lethal,0.97,0.75,75000,75000,0,shelter,2,0
lethal_risky_corridor-expected_sarsa-s2-8cb8c1a0909b,2,expected_sarsa,lethal,0.97,1,100000,100000,0,shelter,2,0
lethal_risky_corridor-expected_sarsa-s2-9654a48462c1,2,expected_sarsa,lethal,0.988,0.25,25000,25000,0,shelter,2,0
lethal_risky_corridor-expected_sarsa-s2-9654a48462c1,2,expected_sarsa,lethal,0.988,0.5,50000,50000,0,shelter,2,0
lethal_risky_corridor-expected_sarsa-s2-9654a48462c1,2,expected_sarsa,lethal,0.988,0.75,75000,75000,0,shelter,2,0
lethal_risky_corridor-expected_sarsa-s2-9654a48462c1,2,expected_sarsa,lethal,0.988,1,100000,100000,0,shelter,2,0
lethal_risky_corridor-expected_sarsa-s2-979ea8a50ec9,2,expected_sarsa,lethal,0.998,0.25,25000,25000,0,shelter,2,0
lethal_risky_corridor-expected_sarsa-s2-979ea8a50ec9,2,expected_sarsa,lethal,0.998,0.5,50000,50000,0,shelter,2,0
lethal_risky_corridor-expected_sarsa-s2-979ea8a50ec9,2,expected_sarsa,lethal,0.998,0.75,75000,75000,0,shelter,2,0
lethal_risky_corridor-expected_sarsa-s2-979ea8a50ec9,2,expected_sarsa,lethal,0.998,1,100000,100000,0,shelter,2,0
lethal_risky_corridor-expected_sarsa-s2-ac122f2c6451,2,expected_sarsa,lethal,0.989,0.25,25000,25000,0,shelter,2,0
lethal_risky_corridor-expected_sarsa-s2-ac122f2c6451,2,expected_sarsa,lethal,0.989,0.5,50000,50000,0,shelter,2,0
lethal_risky_corridor-expected_sarsa-s2-ac122f2c6451,2,expected_sarsa,lethal,0.989,0.75,75000,75000,0,shelter,2,0
lethal_risky_corridor-expected_sarsa-s2-ac122f2c6451,2,expected_sarsa,lethal,0.989,1,100000,100000,0,shelter,2,0
lethal_risky_corridor-expected_sarsa-s2-ba68a72fe4e3,2,expected_sarsa,lethal,0.996,0.25,25000,25000,0,shelter,2,0
lethal_risky_corridor-expected_sarsa-s2-ba68a72fe4e3,2,expected_sarsa,lethal,0.996,0.5,50000,50000,0,shelter,2,0
lethal_risky_corridor-expected_sarsa-s2-ba68a72fe4e3,2,expected_sarsa,lethal,0.996,0.75,75000,75000,0,shelter,2,0
lethal_risky_corridor-expected_sarsa-s2-ba68a72fe4e3,2,expected_sarsa,lethal,0.996,1,100000,100000,0,shelter,2,0
lethal_risky_corridor-expected_sarsa-s2-ec69366be4b4,2,expected_sarsa,lethal,0.991,0.25,25000,25000,0,shelter,2,0
lethal_risky_corridor-expected_sarsa-s2-ec69366be4b4,2,expected_sarsa,lethal,0.991,0.5,50000,50000,0,shelter,2,0
lethal_risky_corridor-expected_sarsa-s2-ec69366be4b4,2,expected_sarsa,lethal,0.991,0.75,75000,75000,0,shelter,2,0
lethal_risky_corridor-expected_sarsa-s2-ec69366be4b4,2,expected_sarsa,lethal,0.991,1,100000,100000,0,shelter,2,0
lethal_risky_corridor-expected_sarsa-s2-f33fb8a07674,2,expected_sarsa,lethal,0.994,0.25,25000,25000,0,shelter,2,0
lethal_risky_corridor-expected_sarsa-s2-f33fb8a07674,2,expected_sarsa,lethal,0.994,0.5,50000,50000,0,shelter,2,0
lethal_risky_corridor-expected_sarsa-s2-f33fb8a07674,2,expected_sarsa,lethal,0.994,0.75,75000,75000,0,shelter,2,0
lethal_risky_corridor-expected_sarsa-s2-f33fb8a07674,2,expected_sarsa,lethal,0.994,1,100000,100000,0,shelter,2,0
lethal_risky_corridor-expected_sarsa-s2-f98747345b5b,2,expected_sarsa,lethal,0.99,0.25,25000,25000,0,shelter,2,0
lethal_risky_corridor-expected_sarsa-s2-f98747345b5b,2,expected_sarsa,lethal,0.99,0.5,50000,50000,0,shelter,2,0
lethal_risky_corridor-expected_sarsa-s2-f98747345b5b,2,expected_sarsa,lethal,0.99,0.75,75000,75000,0,shelter,2,0
lethal_risky_corridor-expected_sarsa-s2-f98747345b5b,2,expected_sarsa,lethal,0.99,1,100000,100000,0,shelter,2,0
lethal_risky_corridor-expected_sarsa-s3-04c595f3a5f8,3,expected_sarsa,lethal,0.99,0.25,25000,25000,0,shelter,2,0
lethal_risky_corridor-expected_sarsa-s3-04c595f3a5f8,3,expected_sarsa,lethal,0.99,0.5,50000,50000,0,shelter,2,0
lethal_risky_corridor-expected_sarsa-s3-04c595f3a5f8,3,expected_sarsa,lethal,0.99,0.75,75000,75000,0,shelter,2,0
lethal_risky_corridor-expected_sarsa-s3-04c595f3a5f8,3,expected_sarsa,lethal,0.99,1,100000,100000,0,shelter,2,0
lethal_risky_corridor-expected_sarsa-s3-224cf902814f,3,expected_sarsa,lethal,0.988,0.25,25000,25000,0,shelter,2,0
lethal_risky_corridor-expected_sarsa-s3-224cf902814f,3,expected_sarsa,lethal,0.988,0.5,50000,50000,0,shelter,2,0
lethal_risky_corridor-expected_sarsa-s3-224cf902814f,3,expected_sarsa,lethal,0.988,0.75,75000,75000,0,shelter,2,0
lethal_risky_corridor-expected_sarsa-s3-224cf902814f,3,expected_sarsa,lethal,0.988,1,100000,100000,0,shelter,2,0
lethal_risky_corridor-expected_sarsa-s3-29b6c01933ba,3,expected_sarsa,lethal,0.984,0.25,25000,25000,0,shelter,2,0
lethal_risky_corridor-expected_sarsa-s3-29b6c01933ba,3,expected_sarsa,lethal,0.984,0.5,50000,50000,0,shelter,2,0
lethal_risky_corridor-expected_sarsa-s3-29b6c01933ba,3,expected_sarsa,lethal,0.984,0.75,75000,75000,0,shelter,2,0
lethal_risky_corridor-expected_sarsa-s3-29b6c01933ba,3,expected_sarsa,lethal,0.984,1,100000,100000,0,shelter,2,0
lethal_risky_corridor-expected_sarsa-s3-38f74c870df5,3,expected_sarsa,lethal,0.97,0.25,25000,25000,0,shelter,2,0
lethal_risky_corridor-expected_sarsa-s3-38f74c870df5,3,expected_sarsa,lethal,0.97,0.5,50000,50000,0,shelter,2,0
lethal_risky_corridor-expected_sarsa-s3-38f74c870df5,3,expected_sarsa,lethal,0.97,0.75,75000,75000,0,shelter,2,0
lethal_risky_corridor-expected_sarsa-s3-38f74c870df5,3,expected_sarsa,lethal,0.97,1,100000,100000,0,shelter,2,0
lethal_risky_corridor-expected_sarsa-s3-664fba003b35,3,expected_sarsa,lethal,0.9895,0.25,25000,25000,0,shelter,2,0
lethal_risky_corridor-expected_sarsa-s3-664fba003b35,3,expected_sarsa,lethal,0.9895,0.5,50000,50000,0,shelter,2,0
lethal_risky_corridor-expected_sarsa-s3-664fba003b35,3,expected_sarsa,lethal,0.9895,0.75,75000,75000,0,shelter,2,0
lethal_risky_corridor-expected_sarsa-s3-664fba003b35,3,expected_sarsa,lethal,0.9895,1,100000,100000,0,shelter,2,0
lethal_risky_corridor-expected_sarsa-s3-7691a8166394,3,expected_sarsa,lethal,0.986,0.25,25000,25000,0,shelter,2,0
lethal_risky_corridor-expected_sarsa-s3-7691a8166394,3,expected_sarsa,lethal,0.986,0.5,50000,50000,0,shelter,2,0
lethal_risky_corridor-expected_sarsa-s3-7691a8166394,3,expected_sarsa,lethal,0.986,0.75,75000,75000,0,shelter,2,0
lethal_risky_corridor-expected_sarsa-s3-7691a8166394,3,expected_sarsa,lethal,0.986,1,100000,100000,0,shelter,2,0
lethal_risky_corridor-expected_sarsa-s3-81587cec2a43,3,expected_sarsa,lethal,0.98,0.25,25000,25000,0,shelter,2,0
lethal_risky_corridor-expected_sarsa-s3-81587cec2a43,3,expected_sarsa,lethal,0.98,0.5,50000,50000,0,shelter,2,0
lethal_risky_corridor-expected_sarsa-s3-81587cec2a43,3,expected_sarsa,lethal,0.98,0.75,75000,75000,0,shelter,2,0
lethal_risky_corridor-expected_sarsa-s3-81587cec2a43,3,expected_sarsa,lethal,0.98,1,100000,100000,0,shelter,2,0
lethal_risky_corridor-expected_sarsa-s3-b43253c155e7,3,expected_sarsa,lethal,0.994,0.25,25000,25000,0,shelter,2,0
lethal_risky_corridor-expected_sarsa-s3-b43253c155e7,3,expected_sarsa,lethal,0.994,0.5,50000,50000,0,shelter,2,0
lethal_risky_corridor-expected_sarsa-s3-b43253c155e7,3,expected_sarsa,lethal,0.994,0.75,75000,75000,0,shelter,2,0
lethal_risky_corridor-expected_sarsa-s3-b43253c155e7,3,expected_sarsa,lethal,0.994,1,100000,100000,0,shelter,2,0
lethal_risky_corridor-expected_sarsa-s3-bed2e85e4e65,3,expected_sarsa,lethal,0.989,0.25,25000,25000,0,shelter,2,0
lethal_risky_corridor-expected_sarsa-s3-bed2e85e4e65,3,expected_sarsa,lethal,0.989,0.5,50000,50000,0,shelter,2,0
lethal_risky_corridor-expected_sarsa-s3-bed2e85e4e65,3,expected_sarsa,lethal,0.989,0.75,75000,75000,0,shelter,2,0
lethal_risky_corridor-expected_sarsa-s3-bed2e85e4e65,3,expected_sarsa,lethal,0.989,1,100000,100000,0,shelter,2,0
lethal_risky_corridor-expected_sarsa-s3-d4c9d71163bb,3,expected_sarsa,lethal,0.991,0.25,25000,25000,0,shelter,2,0
lethal_risky_corridor-expected_sarsa-s3-d4c9d71163bb,3,expected_sarsa,lethal,0.991,0.5,50000,50000,0,shelter,2,0
lethal_risky_corridor-expected_sarsa-s3-d4c9d71163bb,3,expected_sarsa,lethal,0.991,0.75,75000,75000,0,shelter,2,0
lethal_risky_corridor-expected_sarsa-s3-d4c9d71163bb,3,expected_sarsa,lethal,0.991,1,100000,100000,0,shelter,2,0
lethal_risky_corridor-expected_sarsa-s3-e5946930e39e,3,expected_sarsa,lethal,1,0.25,25000,25000,0,shelter,2,0
lethal_risky_corridor-expected_sarsa-s3-e5946930e39e,3,expected_sarsa,lethal,1,0.5,50000,50000,0,shelter,2,0
lethal_risky_corridor-expected_sarsa-s3-e5946930e39e,3,expected_sarsa,lethal,1,0.75,75000,75000,0,shelter,2,0
lethal_risky_corridor-expected_sarsa-s3-e5946930e39e,3,expected_sarsa,lethal,1,1,100000,100000,0,shelter,2,0
lethal_risky_corridor-expected_sarsa-s3-e6d92f4fd69e,3,expected_sarsa,lethal,0.996,0.25,25000,25000,0,shelter,2,0
lethal_risky_corridor-expected_sarsa-s3-e6d92f4fd69e,3,expected_sarsa,lethal,0.996,0.5,50000,50000,0,shelter,2,0
lethal_risky_corridor-expected_sarsa-s3-e6d92f4fd69e,3,expected_sarsa,lethal,0.996,0.75,75000,75000,0,shelter,2,0
lethal_risky_corridor-expected_sarsa-s3-e6d92f4fd69e,3,expected_sarsa,lethal,0.996,1,100000,100000,0,shelter,2,0
lethal_risky_corridor-expected_sarsa-s3-efa8f65e50d7,3,expected_sarsa,lethal,0.992,0.25,25000,25000,0,shelter,2,0
lethal_risky_corridor-expected_sarsa-s3-efa8f65e50d7,3,expected_sarsa,lethal,0.992,0.5,50000,50000,0,shelter,2,0
lethal_risky_corridor-expected_sarsa-s3-efa8f65e50d7,3,expected_sarsa,lethal,0.992,0.75,75000,75000,0,shelter,2,0
lethal_risky_corridor-expected_sarsa-s3-efa8f65e50d7,3,expected_sarsa,lethal,0.992,1,100000,100000,0,shelter,2,0
lethal_risky_corridor-expected_sarsa-s3-f04cec6fc25b,3,expected_sarsa,lethal,0.998,0.25,25000,25000,0,shelter,2,0
lethal_risky_corridor-expected_sarsa-s3-f04cec6fc25b,3,expected_sarsa,lethal,0.998,0.5,50000,50000,0,shelter,2,0
lethal_risky_corridor-expected_sarsa-s3-f04cec6fc25b,3,expected_sarsa,lethal,0.998,0.75,75000,75000,0,shelter,2,0
lethal_risky_corridor-expected_sarsa-s3-f04cec6fc25b,3,expected_sarsa,lethal,0.998,1,100000,100000,0,shelter,2,0
lethal_risky_corridor-expected_sarsa-s4-05244359443b,4,expected_sarsa,lethal,0.986,0.25,25000,25000,0,shelter,2,0
lethal_risky_corridor-expected_sarsa-s4-05244359443b,4,expected_sarsa,lethal,0.986,0.5,50000,50000,0,shelter,2,0
lethal_risky_corridor-expected_sarsa-s4-05244359443b,4,expected_sarsa,lethal,0.986,0.75,75000,75000,0,shelter,2,0
lethal_risky_corridor-expected_sarsa-s4-05244359443b,4,expected_sarsa,lethal,0.986,1,100000,100000,0,shelter,2,0
lethal_risky_corridor-expected_sarsa-s4-10c1bbc23d5f,4,expected_sarsa,lethal,0.98,0.25,25000,25000,0,shelter,2,0
lethal_risky_corridor-expected_sarsa-s4-10c1bbc23d5f,4,expected_sarsa,lethal,0.98,0.5,50000,50000,0,shelter,2,0
lethal_risky_corridor-expected_sarsa-s4-10c1bbc23d5f,4,expected_sarsa,lethal,0.98,0.75,75000,75000,0,shelter,2,0
lethal_risky_corridor-expected_sarsa-s4-10c1bbc23d5f,4,expected_sarsa,lethal,0.98,1,100000,100000,0,shelter,2,0
lethal_risky_corridor-expected_sarsa-s4-160ac5a5a810,4,expected_sarsa,lethal,0.988,0.25,25000,25000,0,shelter,2,0
lethal_risky_corridor-expected_sarsa-s4-160ac5a5a810,4,expected_sarsa,lethal,0.988,0.5,50000,50000,0,shelter,2,0
lethal_risky_corridor-expected_sarsa-s4-160ac5a5a810,4,expected_sarsa,lethal,0.988,0.75,75000,75000,0,shelter,2,0
lethal_risky_corridor-expected_sarsa-s4-160ac5a5a810,4,expected_sarsa,lethal,0.988,1,100000,100000,0,shelter,2,0
lethal_risky_corridor-expected_sarsa-s4-173b18152d58,4,expected_sarsa,lethal,0.99,0.25,25000,25000,0,shelter,2,0
lethal_risky_corridor-expected_sarsa-s4-173b18152d58,4,expected_sarsa,lethal,0.99,0.5,50000,50000,0,shelter,2,0
lethal_risky_corridor-expected_sarsa-s4-173b18152d58,4,expected_sarsa,lethal,0.99,0.75,75000,75000,0,shelter,2,0
lethal_risky_corridor-expected_sarsa-s4-173b18152d58,4,expected_sarsa,lethal,0.99,1,100000,100000,0,shelter,2,0
lethal_risky_corridor-expected_sarsa-s4-1d1036f9c1fe,4,expected_sarsa,lethal,0.97,0.25,25000,25000,0,shelter,2,0
lethal_risky_corridor-expected_sarsa-s4-1d1036f9c1fe,4,expected_sarsa,lethal,0.97,0.5,50000,50000,0,shelter,2,0
lethal_risky_corridor-expected_sarsa-s4-1d1036f9c1fe,4,expected_sarsa,lethal,0.97,0.75,75000,75000,0,shelter,2,0
lethal_risky_corridor-expected_sarsa-s4-1d1036f9c1fe,4,expected_sarsa,lethal,0.97,1,100000,100000,0,shelter,2,0
lethal_risky_corridor-expected_sarsa-s4-1dad5915b8ca,4,expected_sarsa,lethal,0.992,0.25,25000,25000,0,shelter,2,0
lethal_risky_corridor-expected_sarsa-s4-1dad5915b8ca,4,expected_sarsa,lethal,0.992,0.5,50000,50000,0,shelter,2,0
lethal_risky_corridor-expected_sarsa-s4-1dad5915b8ca,4,expected_sarsa,lethal,0.992,0.75,75000,75000,0,shelter,2,0
lethal_risky_corridor-expected_sarsa-s4-1dad5915b8ca,4,expected_sarsa,lethal,0.992,1,100000,100000,0,shelter,2,0
lethal_risky_corridor-expected_sarsa-s4-1e79729fc22d,4,expected_sarsa,lethal,0.989,0.25,25000,25000,0,shelter,2,0
lethal_risky_corridor-expected_sarsa-s4-1e79729fc22d,4,expected_sarsa,lethal,0.989,0.5,50000,50000,0,shelter,2,0
lethal_risky_corridor-expected_sarsa-s4-1e79729fc22d,4,expected_sarsa,lethal,0.989,0.75,75000,75000,0,shelter,2,0
lethal_risky_corridor-expected_sarsa-s4-1e79729fc22d,4,expected_sarsa,lethal,0.989,1,100000,100000,0,shelter,2,0
lethal_risky_corridor-expected_sarsa-s4-3be4f16490bb,4,expected_sarsa,lethal,0.991,0.25,25000,25000,0,shelter,2,0
lethal_risky_corridor-expected_sarsa-s4-3be4f16490bb,4,expected_sarsa,lethal,0.991,0.5,50000,50000,0,shelter,2,0
lethal_risky_corridor-expected_sarsa-s4-3be4f16490bb,4,expected_sarsa,lethal,0.991,0.75,75000,75000,0,shelter,2,0
lethal_risky_corridor-expected_sarsa-s4-3be4f16490bb,4,expected_sarsa,lethal,0.991,1,100000,100000,0,shelter,2,0
lethal_risky_corridor-expected_sarsa-s4-62d58f0d9a77,4,expected_sarsa,lethal,0.984,0.25,25000,25000,0,shelter,2,0
lethal_risky_corridor-expected_sarsa-s4-62d58f0d9a77,4,expected_sarsa,lethal,0.984,0.5,50000,50000,0,shelter,2,0
lethal_risky_corridor-expected_sarsa-s4-62d58f0d9a77,4,expected_sarsa,lethal,0.984,0.75,75000,75000,0,shelter,2,0
lethal_risky_corridor-expected_sarsa-s4-62d58f0d9a77,4,expected_sarsa,lethal,0.984,1,100000,100000,0,shelter,2,0
lethal_risky_corridor-expected_sarsa-s4-82f7e2a903fa,4,expected_sarsa,lethal,0.996,0.25,25000,25000,0,shelter,2,0
lethal_risky_corridor-expected_sarsa-s4-82f7e2a903fa,4,expected_sarsa,lethal,0.996,0.5,50000,50000,0,shelter,2,0
lethal_risky_corridor-expected_sarsa-s4-82f7e2a903fa,4,expected_sarsa,lethal,0.996,0.75,75000,75000,0,shelter,2,0
lethal_risky_corridor-expected_sarsa-s4-82f7e2a903fa,4,expected_sarsa,lethal,0.996,1,100000,100000,0,shelter,2,0
lethal_risky_corridor-expected_sarsa-s4-8a8245127b86,4,expected_sarsa,lethal,1,0.25,25000,25000,0,shelter,2,0
lethal_risky_corridor-expected_sarsa-s4-8a8245127b86,4,expected_sarsa,lethal,1,0.5,50000,50000,0,shelter,2,0
lethal_risky_corridor-expected_sarsa-s4-8a8245127b86,4,expected_sarsa,lethal,1,0.75,75000,75000,0,shelter,2,0
lethal_risky_corridor-expected_sarsa-s4-8a8245127b86,4,expected_sarsa,lethal,1,1,100000,100000,0,shelter,2,0
lethal_risky_corridor-expected_sarsa-s4-b23e6fbb8ddd,4,expected_sarsa,lethal,0.994,0.25,25000,25000,0,shelter,2,0
lethal_risky_corridor-expected_sarsa-s4-b23e6fbb8ddd,4,expected_sarsa,lethal,0.994,0.5,50000,50000,0,shelter,2,0
lethal_risky_corridor-expected_sarsa-s4-b23e6fbb8ddd,4,expected_sarsa,lethal,0.994,0.75,75000,75000,0,shelter,2,0
lethal_risky_corridor-expected_sarsa-s4-b23e6fbb8ddd,4,expected_sarsa,lethal,0.994,1,100000,100000,0,shelter,2,0
lethal_risky_corridor-expected_sarsa-s4-bee138d8f625,4,expected_sarsa,lethal,0.9895,0.25,25000,25000,0,shelter,2,0
lethal_risky_corridor-expected_sarsa-s4-bee138d8f625,4,expected_sarsa,lethal,0.9895,0.5,50000,50000,0,shelter,2,0
lethal_risky_corridor-expected_sarsa-s4-bee138d8f625,4,expected_sarsa,lethal,0.9895,0.75,75000,75000,0,shelter,2,0
lethal_risky_corridor-expected_sarsa-s4-bee138d8f625,4,expected_sarsa,lethal,0.9895,1,100000,100000,0,shelter,2,0
lethal_risky_corridor-expected_sarsa-s4-f52bfe0848a9,4,expected_sarsa,lethal,0.998,0.25,25000,25000,0,shelter,2,0
lethal_risky_corridor-expected_sarsa-s4-f52bfe0848a9,4,expected_sarsa,lethal,0.998,0.5,50000,50000,0,shelter,2,0
lethal_risky_corridor-expected_sarsa-s4-f52bfe0848a9,4,expected_sarsa,lethal,0.998,0.75,75000,75000,0,shelter,2,0
lethal_risky_corridor-expected_sarsa-s4-f52bfe0848a9,4,expected_sarsa,lethal,0.998,1,100000,100000,0,shelter,2,0
lethal_risky_corridor-expected_sarsa-s5-0c57f8cfacf2,5,expected_sarsa,lethal,0.998,0.25,25000,25000,0,shelter,2,0
lethal_risky_corridor-expected_sarsa-s5-0c57f8cfacf2,5,expected_sarsa,lethal,0.998,0.5,50000,50000,0,shelter,2,0
lethal_risky_corridor-expected_sarsa-s5-0c57f8cfacf2,5,expected_sarsa,lethal,0.998,0.75,75000,75000,0,shelter,2,0
lethal_risky_corridor-expected_sarsa-s5-0c57f8cfacf2,5,expected_sarsa,lethal,0.998,1,100000,100000,0,shelter,2,0
lethal_risky_corridor-expected_sarsa-s5-33c0059d8b86,5,expected_sarsa,lethal,0.986,0.25,25000,25000,0,shelter,2,0
lethal_risky_corridor-expected_sarsa-s5-33c0059d8b86,5,expected_sarsa,lethal,0.986,0.5,50000,50000,0,shelter,2,0
lethal_risky_corridor-expected_sarsa-s5-33c0059d8b86,5,expected_sarsa,lethal,0.986,0.75,75000,75000,0,shelter,2,0
lethal_risky_corridor-expected_sarsa-s5-33c0059d8b86,5,expected_sarsa,lethal,0.986,1,100000,100000,0,shelter,2,0
lethal_risky_corridor-expected_sarsa-s5-33c6447dd8be,5,expected_sarsa,lethal,0.994,0.25,25000,25000,0,shelter,2,0
lethal_risky_corridor-expected_sarsa-s5-33c6447dd8be,5,expected_sarsa,lethal,0.994,0.5,50000,50000,0,shelter,2,0
lethal_risky_corridor-expected_sarsa-s5-33c6447dd8be,5,expected_sarsa,lethal,0.994,0.75,75000,75000,0,shelter,2,0
lethal_risky_corridor-expected_sarsa-s5-33c6447dd8be,5,expected_sarsa,lethal,0.994,1,100000,100000,0,shelter,2,0
lethal_risky_corridor-expected_sarsa-s5-4e04998acc4b,5,expected_sarsa,lethal,0.97,0.25,25000,25000,0,shelter,2,0
lethal_risky_corridor-expected_sarsa-s5-4e04998acc4b,5,expected_sarsa,lethal,0.97,0.5,50000,50000,0,shelter,2,0
lethal_risky_corridor-expected_sarsa-s5-4e04998acc4b,5,expected_sarsa,lethal,0.97,0.75,75000,75000,0,shelter,2,0
lethal_risky_corridor-expected_sarsa-s5-4e04998acc4b,5,expected_sarsa,lethal,0.97,1,100000,100000,0,shelter,2,0
lethal_risky_corridor-expected_sarsa-s5-50b0cd64f822,5,expected_sarsa,lethal,0.991,0.25,25000,25000,0,shelter,2,0
lethal_risky_corridor-expected_sarsa-s5-50b0cd64f822,5,expected_sarsa,lethal,0.991,0.5,50000,50000,0,shelter,2,0
lethal_risky_corridor-expected_sarsa-s5-50b0cd64f822,5,expected_sarsa,lethal,0.991,0.75,75000,75000,0,shelter,2,0
lethal_risky_corridor-expected_sarsa-s5-50b0cd64f822,5,expected_sarsa,lethal,0.991,1,100000,100000,0,shelter,2,0
lethal_risky_corridor-expected_sarsa-s5-65b1f76ad9af,5,expected_sarsa,lethal,0.992,0.25,25000,25000,0,shelter,2,0
lethal_risky_corridor-expected_sarsa-s5-65b1f76ad9af,5,expected_sarsa,lethal,0.992,0.5,50000,50000,0,shelter,2,0
lethal_risky_corridor-expected_sarsa-s5-65b1f76ad9af,5,expected_sarsa,lethal,0.992,0.75,75000,75000,0,shelter,2,0
lethal_risky_corridor-expected_sarsa-s5-65b1f76ad9af,5,expected_sarsa,lethal,0.992,1,100000,100000,0,shelter,2,0
lethal_risky_corridor-expected_sarsa-s5-79022349d33d,5,expected_sarsa,lethal,0.984,0.25,25000,25000,0,shelter,2,0
lethal_risky_corridor-expected_sarsa-s5-79022349d33d,5,expected_sarsa,lethal,0.984,0.5,50000,50000,0,shelter,2,0
lethal_risky_corridor-expected_sarsa-s5-79022349d33d,5,expected_sarsa,lethal,0.984,0.75,75000,75000,0,shelter,2,0
lethal_risky_corridor-expected_sarsa-s5-79022349d33d,5,expected_sarsa,lethal,0.984,1,100000,100000,0,shelter,2,0
lethal_risky_corridor-expected_sarsa-s5-942a3e6b8c41,5,expected_sarsa,lethal,0.98,0.25,25000,25000,0,shelter,2,0
lethal_risky_corridor-expected_sarsa-s5-942a3e6b8c41,5,expected_sarsa,lethal,0.98,0.5,50000,50000,0,shelter,2,0
lethal_risky_corridor-expected_sarsa-s5-942a3e6b8c41,5,expected_sarsa,lethal,0.98,0.75,75000,75000,0,shelter,2,0
lethal_risky_corridor-expected_sarsa-s5-942a3e6b8c41,5,expected_sarsa,lethal,0.98,1,100000,100000,0,shelter,2,0
lethal_risky_corridor-expected_sarsa-s5-a6ddf04afa41,5,expected_sarsa,lethal,1,0.25,25000,25000,0,shelter,2,0
lethal_risky_corridor-expected_sarsa-s5-a6ddf04afa41,5,expected_sarsa,lethal,1,0.5,50000,50000,0,shelter,2,0
lethal_risky_corridor-expected_sarsa-s5-a6ddf04afa41,5,expected_sarsa,lethal,1,0.75,75000,75000,0,shelter,2,0
lethal_risky_corridor-expected_sarsa-s5-a6ddf04afa41,5,expected_sarsa,lethal,1,1,100000,100000,0,shelter,2,0
lethal_risky_corridor-expected_sarsa-s5-ba02e744e9a4,5,expected_sarsa,lethal,0.99,0.25,25000,25000,0,shelter,2,0
lethal_risky_corridor-expected_sarsa-s5-ba02e744e9a4,5,expected_sarsa,lethal,0.99,0.5,50000,50000,0,shelter,2,0
lethal_risky_corridor-expected_sarsa-s5-ba02e744e9a4,5,expected_sarsa,lethal,0.99,0.75,75000,75000,0,shelter,2,0
lethal_risky_corridor-expected_sarsa-s5-ba02e744e9a4,5,expected_sarsa,lethal,0.99,1,100000,100000,0,shelter,2,0
lethal_risky_corridor-expected_sarsa-s5-cb0717933a05,5,expected_sarsa,lethal,0.9895,0.25,25000,25000,0,shelter,2,0
lethal_risky_corridor-expected_sarsa-s5-cb0717933a05,5,expected_sarsa,lethal,0.9895,0.5,50000,50000,0,shelter,2,0
lethal_risky_corridor-expected_sarsa-s5-cb0717933a05,5,expected_sarsa,lethal,0.9895,0.75,75000,75000,0,shelter,2,0
lethal_risky_corridor-expected_sarsa-s5-cb0717933a05,5,expected_sarsa,lethal,0.9895,1,100000,100000,0,shelter,2,0
lethal_risky_corridor-expected_sarsa-s5-cb257676249b,5,expected_sarsa,lethal,0.989,0.25,25000,25000,0,shelter,2,0
lethal_risky_corridor-expected_sarsa-s5-cb257676249b,5,expected_sarsa,lethal,0.989,0.5,50000,50000,0,shelter,2,0
lethal_risky_corridor-expected_sarsa-s5-cb257676249b,5,expected_sarsa,lethal,0.989,0.75,75000,75000,0,shelter,2,0
lethal_risky_corridor-expected_sarsa-s5-cb257676249b,5,expected_sarsa,lethal,0.989,1,100000,100000,0,shelter,2,0
lethal_risky_corridor-expected_sarsa-s5-d9fda3faefb2,5,expected_sarsa,lethal,0.988,0.25,25000,25000,0,shelter,2,0
lethal_risky_corridor-expected_sarsa-s5-d9fda3faefb2,5,expected_sarsa,lethal,0.988,0.5,50000,50000,0,shelter,2,0
lethal_risky_corridor-expected_sarsa-s5-d9fda3faefb2,5,expected_sarsa,lethal,0.988,0.75,75000,75000,0,shelter,2,0
lethal_risky_corridor-expected_sarsa-s5-d9fda3faefb2,5,expected_sarsa,lethal,0.988,1,100000,100000,0,shelter,2,0
lethal_risky_corridor-expected_sarsa-s5-e259e08b7035,5,expected_sarsa,lethal,0.996,0.25,25000,25000,0,shelter,2,0
lethal_risky_corridor-expected_sarsa-s5-e259e08b7035,5,expected_sarsa,lethal,0.996,0.5,50000,50000,0,shelter,2,0
lethal_risky_corridor-expected_sarsa-s5-e259e08b7035,5,expected_sarsa,lethal,0.996,0.75,75000,75000,0,shelter,2,0
lethal_risky_corridor-expected_sarsa-s5-e259e08b7035,5,expected_sarsa,lethal,0.996,1,100000,100000,0,shelter,2,0
lethal_risky_corridor-expected_sarsa-s6-101000cd1abf,6,expected_sarsa,lethal,0.98,0.25,25000,25000,0,shelter,2,0
lethal_risky_corridor-expected_sarsa-s6-101000cd1abf,6,expected_sarsa,lethal,0.98,0.5,50000,50000,0,shelter,2,0
lethal_risky_corridor-expected_sarsa-s6-101000cd1abf,6,expected_sarsa,lethal,0.98,0.75,75000,75000,0,shelter,2,0
lethal_risky_corridor-expected_sarsa-s6-101000cd1abf,6,expected_sarsa,lethal,0.98,1,100000,100000,0,shelter,2,0
lethal_risky_corridor-expected_sarsa-s6-3ca82a82f3cb,6,expected_sarsa,lethal,0.991,0.25,25000,25000,0,shelter,2,0
lethal_risky_corridor-expected_sarsa-s6-3ca82a82f3cb,6,expected_sarsa,lethal,0.991,0.5,50000,50000,0,shelter,2,0
lethal_risky_corridor-expected_sarsa-s6-3ca82a82f3cb,6,expected_sarsa,lethal,0.991,0.75,75000,75000,0,shelter,2,0
lethal_risky_corridor-expected_sarsa-s6-3ca82a82f3cb,6,expected_sarsa,lethal,0.991,1,100000,100000,0,shelter,2,0
lethal_risky_corridor-expected_sarsa-s6-441dbcbdb3e5,6,expected_sarsa,lethal,0.9895,0.25,25000,25000,0,shelter,2,0
lethal_risky_corridor-expected_sarsa-s6-441dbcbdb3e5,6,expected_sarsa,lethal,0.9895,0.5,50000,50000,0,shelter,2,0
lethal_risky_corridor-expected_sarsa-s6-441dbcbdb3e5,6,expected_sarsa,lethal,0.9895,0.75,75000,75000,0,shelter,2,0
lethal_risky_corridor-expected_sarsa-s6-441dbcbdb3e5,6,expected_sarsa,lethal,0.9895,1,100000,100000,0,shelter,2,0
lethal_risky_corridor-expected_sarsa-s6-4562bb52c784,6,expected_sarsa,lethal,0.998,0.25,25000,25000,0,shelter,2,0
lethal_risky_corridor-expected_sarsa-s6-4562bb52c784,6,expected_sarsa,lethal,0.998,0.5,50000,50000,0,shelter,2,0
lethal_risky_corridor-expected_sarsa-s6-4562bb52c784,6,expected_sarsa,lethal,0.998,0.75,75000,75000,0,shelter,2,0
lethal_risky_corridor-expected_sarsa-s6-4562bb52c784,6,expected_sarsa,lethal,0.998,1,100000,100000,0,shelter,2,0
lethal_risky_corridor-expected_sarsa-s6-48212cdca485,6,expected_sarsa,lethal,0.986,0.25,25000,25000,0,shelter,2,0
lethal_risky_corridor-expected_sarsa-s6-48212cdca485,6,expected_sarsa,lethal,0.986,0.5,50000,50000,0,shelter,2,0
lethal_risky_corridor-expected_sarsa-s6-48212cdca485,6,expected_sarsa,lethal,0.986,0.75,75000,75000,0,shelter,2,0
lethal_risky_corridor-expected_sarsa-s6-48212cdca485,6,expected_sarsa,lethal,0.986,1,100000,100000,0,shelter,2,0
lethal_risky_corridor-expected_sarsa-s6-49b8d17efb5b,6,expected_sarsa,lethal,0.994,0.25,25000,25000,0,shelter,2,0
lethal_risky_corridor-expected_sarsa-s6-49b8d17efb5b,6,expected_sarsa,lethal,0.994,0.5,50000,50000,0,shelter,2,0
lethal_risky_corridor-expected_sarsa-s6-49b8d17efb5b,6,expected_sarsa,lethal,0.994,0.75,75000,75000,0,shelter,2,0
lethal_risky_corridor-expected_sarsa-s6-49b8d17efb5b,6,expected_sarsa,lethal,0.994,1,100000,100000,0,shelter,2,0
lethal_risky_corridor-expected_sarsa-s6-5cfd8da8de97,6,expected_sarsa,lethal,0.97,0.25,25000,25000,0,shelter,2,0
lethal_risky_corridor-expected_sarsa-s6-5cfd8da8de97,6,expected_sarsa,lethal,0.97,0.5,50000,50000,0,shelter,2,0
lethal_risky_corridor-expected_sarsa-s6-5cfd8da8de97,6,expected_sarsa,lethal,0.97,0.75,75000,75000,0,shelter,2,0
lethal_risky_corridor-expected_sarsa-s6-5cfd8da8de97,6,expected_sarsa,lethal,0.97,1,100000,100000,0,shelter,2,0
lethal_risky_corridor-expected_sarsa-s6-5eea0f8b9851,6,expected_sarsa,lethal,0.984,0.25,25000,25000,0,shelter,2,0
lethal_risky_corridor-expected_sarsa-s6-5eea0f8b9851,6,expected_sarsa,lethal,0.984,0.5,50000,50000,0,shelter,2,0
lethal_risky_corridor-expected_sarsa-s6-5eea0f8b9851,6,expected_sarsa,lethal,0.984,0.75,75000,75000,0,shelter,2,0
lethal_risky_corridor-expected_sarsa-s6-5eea0f8b9851,6,expected_sarsa,lethal,0.984,1,100000,100000,0,shelter,2,0
lethal_risky_corridor-expected_sarsa-s6-5f53b9121d67,6,expected_sarsa,lethal,1,0.25,25000,25000,0,shelter,2,0
lethal_risky_corridor-expected_sarsa-s6-5f53b9121d67,6,expected_sarsa,lethal,1,0.5,50000,50000,0,shelter,2,0
lethal_risky_corridor-expected_sarsa-s6-5f53b9121d67,6,expected_sarsa,lethal,1,0.75,75000,75000,0,shelter,2,0
lethal_risky_corridor-expected_sarsa-s6-5f53b9121d67,6,expected_sarsa,lethal,1,1,100000,100000,0,shelter,2,0
lethal_risky_corridor-expected_sarsa-s6-6d0f369fcafa,6,expected_sarsa,lethal,0.992,0.25,25000,25000,0,shelter,2,0
lethal_risky_corridor-expected_sarsa-s6-6d0f369fcafa,6,expected_sarsa,lethal,0.992,0.5,50000,50000,0,shelter,2,0
lethal_risky_corridor-expected_sarsa-s6-6d0f369fcafa,6,expected_sarsa,lethal,0.992,0.75,75000,75000,0,shelter,2,0
lethal_risky_corridor-expected_sarsa-s6-6d0f369fcafa,6,expected_sarsa,lethal,0.992,1,100000,100000,0,shelter,2,0
lethal_risky_corridor-expected_sarsa-s6-6d3222ced4db,6,expected_sarsa,lethal,0.988,0.25,25000,25000,0,shelter,2,0
lethal_risky_corridor-expected_sarsa-s6-6d3222ced4db,6,expected_sarsa,lethal,0.988,0.5,50000,50000,0,shelter,2,0
lethal_risky_corridor-expected_sarsa-s6-6d3222ced4db,6,expected_sarsa,lethal,0.988,0.75,75000,75000,0,shelter,2,0
lethal_risky_corridor-expected_sarsa-s6-6d3222ced4db,6,expected_sarsa,lethal,0.988,1,100000,100000,0,shelter,2,0
lethal_risky_corridor-expected_sarsa-s6-bbb3eaa6aa15,6,expected_sarsa,lethal,0.996,0.25,25000,25000,0,shelter,2,0
lethal_risky_corridor-expected_sarsa-s6-bbb3eaa6aa15,6,expected_sarsa,lethal,0.996,0.5,50000,50000,0,shelter,2,0
lethal_risky_corridor-expected_sarsa-s6-bbb3eaa6aa15,6,expected_sarsa,lethal,0.996,0.75,75000,75000,0,shelter,2,0
lethal_risky_corridor-expected_sarsa-s6-bbb3eaa6aa15,6,expected_sarsa,lethal,0.996,1,100000,100000,0,shelter,2,0
lethal_risky_corridor-expected_sarsa-s6-c29c41135124,6,expected_sarsa,lethal,0.99,0.25,25000,25000,0,shelter,2,0
lethal_risky_corridor-expected_sarsa-s6-c29c41135124,6,expected_sarsa,lethal,0.99,0.5,50000,50000,0,shelter,2,0
lethal_risky_corridor-expected_sarsa-s6-c29c41135124,6,expected_sarsa,lethal,0.99,0.75,75000,75000,0,shelter,2,0
lethal_risky_corridor-expected_sarsa-s6-c29c41135124,6,expected_sarsa,lethal,0.99,1,100000,100000,0,shelter,2,0
lethal_risky_corridor-expected_sarsa-s6-d2becffa2cfe,6,expected_sarsa,lethal,0.989,0.25,25000,25000,0,shelter,2,0
lethal_risky_corridor-expected_sarsa-s6-d2becffa2cfe,6,expected_sarsa,lethal,0.989,0.5,50000,50000,0,shelter,2,0
lethal_risky_corridor-expected_sarsa-s6-d2becffa2cfe,6,expected_sarsa,lethal,0.989,0.75,75000,75000,0,shelter,2,0
lethal_risky_corridor-expected_sarsa-s6-d2becffa2cfe,6,expected_sarsa,lethal,0.989,1,100000,100000,0,shelter,2,0
lethal_risky_corridor-expected_sarsa-s7-30d14bfb1052,7,expected_sarsa,lethal,0.996,0.25,25000,25000,0,shelter,2,0
lethal_risky_corridor-expected_sarsa-s7-30d14bfb1052,7,expected_sarsa,lethal,0.996,0.5,50000,50000,0,shelter,2,0
lethal_risky_corridor-expected_sarsa-s7-30d14bfb1052,7,expected_sarsa,lethal,0.996,0.75,75000,75000,0,shelter,2,0
lethal_risky_corridor-expected_sarsa-s7-30d14bfb1052,7,expected_sarsa,lethal,0.996,1,100000,100000,0,shelter,2,0
lethal_risky_corridor-expected_sarsa-s7-3ed5f6f1ee0c,7,expected_sarsa,lethal,0.98,0.25,25000,25000,0,shelter,2,0
lethal_risky_corridor-expected_sarsa-s7-3ed5f6f1ee0c,7,expected_sarsa,lethal,0.98,0.5,50000,50000,0,shelter,2,0
lethal_risky_corridor-expected_sarsa-s7-3ed5f6f1ee0c,7,expected_sarsa,lethal,0.98,0.75,75000,75000,0,shelter,2,0
lethal_risky_corridor-expected_sarsa-s7-3ed5f6f1ee0c,7,expected_sarsa,lethal,0.98,1,100000,100000,0,shelter,2,0
lethal_risky_corridor-expected_sarsa-s7-552dfd5b303a,7,expected_sarsa,lethal,0.991,0.25,25000,25000,0,shelter,2,0
lethal_risky_corridor-expected_sarsa-s7-552dfd5b303a,7,expected_sarsa,lethal,0.991,0.5,50000,50000,0,shelter,2,0
lethal_risky_corridor-expected_sarsa-s7-552dfd5b303a,7,expected_sarsa,lethal,0.991,0.75,75000,75000,0,shelter,2,0
lethal_risky_corridor-expected_sarsa-s7-552dfd5b303a,7,expected_sarsa,lethal,0.991,1,100000,100000,0,shelter,2,0
lethal_risky_corridor-expected_sarsa-s7-936c82ef65ec,7,expected_sarsa,lethal,0.994,0.25,25000,25000,0,shelter,2,0
lethal_risky_corridor-expected_sarsa-s7-936c82ef65ec,7,expected_sarsa,lethal,0.994,0.5,50000,50000,0,shelter,2,0
lethal_risky_corridor-expected_sarsa-s7-936c82ef65ec,7,expected_sarsa,lethal,0.994,0.75,75000,75000,0,shelter,2,0
lethal_risky_corridor-expected_sarsa-s7-936c82ef65ec,7,expected_sarsa,lethal,0.994,1,100000,100000,0,shelter,2,0
lethal_risky_corridor-expected_sarsa-s7-9aa0643ff439,7,expected_sarsa,lethal,0.9895,0.25,25000,25000,0,shelter,2,0
lethal_risky_corridor-expected_sarsa-s7-9aa0643ff439,7,expected_sarsa,lethal,0.9895,0.5,50000,50000,0,shelter,2,0
lethal_risky_corridor-expected_sarsa-s7-9aa0643ff439,7,expected_sarsa,lethal,0.9895,0.75,75000,75000,0,shelter,2,0
lethal_risky_corridor-expected_sarsa-s7-9aa0643ff439,7,expected_sarsa,lethal,0.9895,1,100000,100000,0,shelter,2,0
lethal_risky_corridor-expected_sarsa-s7-9f28fc7725d2,7,expected_sarsa,lethal,0.998,0.25,25000,25000,0,shelter,2,0
lethal_risky_corridor-expected_sarsa-s7-9f28fc7725d2,7,expected_sarsa,lethal,0.998,0.5,50000,50000,0,shelter,2,0
lethal_risky_corridor-expected_sarsa-s7-9f28fc7725d2,7,expected_sarsa,lethal,0.998,0.75,75000,75000,0,shelter,2,0
lethal_risky_corridor-expected_sarsa-s7-9f28fc7725d2,7,expected_sarsa,lethal,0.998,1,100000,100000,0,shelter,2,0
lethal_risky_corridor-expected_sarsa-s7-b1e0582b207b,7,expected_sarsa,lethal,0.989,0.25,25000,25000,0,shelter,2,0
lethal_risky_corridor-expected_sarsa-s7-b1e0582b207b,7,expected_sarsa,lethal,0.989,0.5,50000,50000,0,shelter,2,0
lethal_risky_corridor-expected_sarsa-s7-b1e0582b207b,7,expected_sarsa,lethal,0.989,0.75,75000,75000,0,shelter,2,0
lethal_risky_corridor-expected_sarsa-s7-b1e0582b207b,7,expected_sarsa,lethal,0.989,1,100000,100000,0,shelter,2,0
lethal_risky_corridor-expected_sarsa-s7-b1f4d38936df,7,expected_sarsa,lethal,0.988,0.25,25000,25000,0,shelter,2,0
lethal_risky_corridor-expected_sarsa-s7-b1f4d38936df,7,expected_sarsa,lethal,0.988,0.5,50000,50000,0,shelter,2,0
lethal_risky_corridor-expected_sarsa-s7-b1f4d38936df,7,expected_sarsa,lethal,0.988,0.75,75000,75000,0,shelter,2,0
lethal_risky_corridor-expected_sarsa-s7-b1f4d38936df,7,expected_sarsa,lethal,0.988,1,100000,100000,0,shelter,2,0
lethal_risky_corridor-expected_sarsa-s7-d0c7237a9dc1,7,expected_sarsa,lethal,0.992,0.25,25000,25000,0,shelter,2,0
lethal_risky_corridor-expected_sarsa-s7-d0c7237a9dc1,7,expected_sarsa,lethal,0.992,0.5,50000,50000,0,shelter,2,0
lethal_risky_corridor-expected_sarsa-s7-d0c7237a9dc1,7,expected_sarsa,lethal,0.992,0.75,75000,75000,0,shelter,2,0
lethal_risky_corridor-expected_sarsa-s7-d0c7237a9dc1,7,expected_sarsa,lethal,0.992,1,100000,100000,0,shelter,2,0
lethal_risky_corridor-expected_sarsa-s7-d2aa5b33e332,7,expected_sarsa,lethal,1,0.25,25000,25000,0,shelter,2,0
lethal_risky_corridor-expected_sarsa-s7-d2aa5b33e332,7,expected_sarsa,lethal,1,0.5,50000,50000,0,shelter,2,0
lethal_risky_corridor-expected_sarsa-s7-d2aa5b33e332,7,expected_sarsa,lethal,1,0.75,75000,75000,0,shelter,2,0
lethal_risky_corridor-expected_sarsa-s7-d2aa5b33e332,7,expected_sarsa,lethal,1,1,100000,100000,0,shelter,2,0
lethal_risky_corridor-expected_sarsa-s7-d41a2eeee46e,7,expected_sarsa,lethal,0.986,0.25,25000,25000,0,shelter,2,0
lethal_risky_corridor-expected_sarsa-s7-d41a2eeee46e,7,expected_sarsa,lethal,0.986,0.5,50000,50000,0,shelter,2,0
lethal_risky_corridor-expected_sarsa-s7-d41a2eeee46e,7,expected_sarsa,lethal,0.986,0.75,75000,75000,0,shelter,2,0
lethal_risky_corridor-expected_sarsa-s7-d41a2eeee46e,7,expected_sarsa,lethal,0.986,1,100000,100000,0,shelter,2,0
lethal_risky_corridor-expected_sarsa-s7-dcd3726f2dbb,7,expected_sarsa,lethal,0.97,0.25,25000,25000,0,shelter,2,0
lethal_risky_corridor-expected_sarsa-s7-dcd3726f2dbb,7,expected_sarsa,lethal,0.97,0.5,50000,50000,0,shelter,2,0
lethal_risky_corridor-expected_sarsa-s7-dcd3726f2dbb,7,expected_sarsa,lethal,0.97,0.75,75000,75000,0,shelter,2,0
lethal_risky_corridor-expected_sarsa-s7-dcd3726f2dbb,7,expected_sarsa,lethal,0.97,1,100000,100000,0,shelter,2,0
lethal_risky_corridor-expected_sarsa-s7-de1a7cfd1790,7,expected_sarsa,lethal,0.984,0.25,25000,25000,0,shelter,2,0
lethal_risky_corridor-expected_sarsa-s7-de1a7cfd1790,7,expected_sarsa,lethal,0.984,0.5,50000,50000,0,shelter,2,0
lethal_risky_corridor-expected_sarsa-s7-de1a7cfd1790,7,expected_sarsa,lethal,0.984,0.75,75000,75000,0,shelter,2,0
lethal_risky_corridor-expected_sarsa-s7-de1a7cfd1790,7,expected_sarsa,lethal,0.984,1,100000,100000,0,shelter,2,0
lethal_risky_corridor-expected_sarsa-s7-f78f5d4a4d68,7,expected_sarsa,lethal,0.99,0.25,25000,25000,0,shelter,2,0
lethal_risky_corridor-expected_sarsa-s7-f78f5d4a4d68,7,expected_sarsa,lethal,0.99,0.5,50000,50000,0,shelter,2,0
lethal_risky_corridor-expected_sarsa-s7-f78f5d4a4d68,7,expected_sarsa,lethal,0.99,0.75,75000,75000,0,shelter,2,0
lethal_risky_corridor-expected_sarsa-s7-f78f5d4a4d68,7,expected_sarsa,lethal,0.99,1,100000,100000,0,shelter,2,0
lethal_risky_corridor-expected_sarsa-s8-0505d5c2887f,8,expected_sarsa,lethal,0.99,0.25,25000,25000,0,shelter,2,0
lethal_risky_corridor-expected_sarsa-s8-0505d5c2887f,8,expected_sarsa,lethal,0.99,0.5,50000,50000,0,shelter,2,0
lethal_risky_corridor-expected_sarsa-s8-0505d5c2887f,8,expected_sarsa,lethal,0.99,0.75,75000,75000,0,shelter,2,0
lethal_risky_corridor-expected_sarsa-s8-0505d5c2887f,8,expected_sarsa,lethal,0.99,1,100000,100000,0,shelter,2,0
lethal_risky_corridor-expected_sarsa-s8-09b147ddee13,8,expected_sarsa,lethal,0.98,0.25,25000,25000,0,shelter,2,0
lethal_risky_corridor-expected_sarsa-s8-09b147ddee13,8,expected_sarsa,lethal,0.98,0.5,50000,50000,0,shelter,2,0
lethal_risky_corridor-expected_sarsa-s8-09b147ddee13,8,expected_sarsa,lethal,0.98,0.75,75000,75000,0,shelter,2,0
lethal_risky_corridor-expected_sarsa-s8-09b147ddee13,8,expected_sarsa,lethal,0.98,1,100000,100000,0,shelter,2,0
lethal_risky_corridor-expected_sarsa-s8-0aa7076769d6,8,expected_sarsa,lethal,0.9895,0.25,25000,25000,0,shelter,2,0
lethal_risky_corridor-expected_sarsa-s8-0aa7076769d6,8,expected_sarsa,lethal,0.9895,0.5,50000,50000,0,shelter,2,0
lethal_risky_corridor-expected_sarsa-s8-0aa7076769d6,8,expected_sarsa,lethal,0.9895,0.75,75000,75000,0,shelter,2,0
lethal_risky_corridor-expected_sarsa-s8-0aa7076769d6,8,expected_sarsa,lethal,0.9895,1,100000,100000,0,shelter,2,0
lethal_risky_corridor-expected_sarsa-s8-1011f08d1846,8,expected_sarsa,lethal,0.992,0.25,25000,25000,0,shelter,2,0
lethal_risky_corridor-expected_sarsa-s8-1011f08d1846,8,expected_sarsa,lethal,0.992,0.5,50000,50000,0,shelter,2,0
lethal_risky_corridor-expected_sarsa-s8-1011f08d1846,8,expected_sarsa,lethal,0.992,0.75,75000,75000,0,shelter,2,0
lethal_risky_corridor-expected_sarsa-s8-1011f08d1846,8,expected_sarsa,lethal,0.992,1,100000,100000,0,shelter,2,0
lethal_risky_corridor-expected_sarsa-s8-15a6248f5de7,8,expected_sarsa,lethal,0.998,0.25,25000,25000,0,shelter,2,0
lethal_risky_corridor-expected_sarsa-s8-15a6248f5de7,8,expected_sarsa,lethal,0.998,0.5,50000,50000,0,shelter,2,0
lethal_risky_corridor-expected_sarsa-s8-15a6248f5de7,8,expected_sarsa,lethal,0.998,0.75,75000,75000,0,shelter,2,0
lethal_risky_corridor-expected_sarsa-s8-15a6248f5de7,8,expected_sarsa,lethal,0.998,1,100000,100000,0,shelter,2,0
lethal_risky_corridor-expected_sarsa-s8-20fb0d10d6a1,8,expected_sarsa,lethal,0.994,0.25,25000,25000,0,shelter,2,0
lethal_risky_corridor-expected_sarsa-s8-20fb0d10d6a1,8,expected_sarsa,lethal,0.994,0.5,50000,50000,0,shelter,2,0
lethal_risky_corridor-expected_sarsa-s8-20fb0d10d6a1,8,expected_sarsa,lethal,0.994,0.75,75000,75000,0,shelter,2,0
lethal_risky_corridor-expected_sarsa-s8-20fb0d10d6a1,8,expected_sarsa,lethal,0.994,1,100000,100000,0,shelter,2,0
lethal_risky_corridor-expected_sarsa-s8-2a28baf244e6,8,expected_sarsa,lethal,0.991,0.25,25000,25000,0,shelter,2,0
lethal_risky_corridor-expected_sarsa-s8-2a28baf244e6,8,expected_sarsa,lethal,0.991,0.5,50000,50000,0,shelter,2,0
lethal_risky_corridor-expected_sarsa-s8-2a28baf244e6,8,expected_sarsa,lethal,0.991,0.75,75000,75000,0,shelter,2,0
lethal_risky_corridor-expected_sarsa-s8-2a28baf244e6,8,expected_sarsa,lethal,0.991,1,100000,100000,0,shelter,2,0
lethal_risky_corridor-expected_sarsa-s8-32e86b8e0ebe,8,expected_sarsa,lethal,0.989,0.25,25000,25000,0,shelter,2,0
lethal_risky_corridor-expected_sarsa-s8-32e86b8e0ebe,8,expected_sarsa,lethal,0.989,0.5,50000,50000,0,shelter,2,0
lethal_risky_corridor-expected_sarsa-s8-32e86b8e0ebe,8,expected_sarsa,lethal,0.989,0.75,75000,75000,0,shelter,2,0
lethal_risky_corridor-expected_sarsa-s8-32e86b8e0ebe,8,expected_sarsa,lethal,0.989,1,100000,100000,0,shelter,2,0
lethal_risky_corridor-expected_sarsa-s8-3e3e5f93ce67,8,expected_sarsa,lethal,0.996,0.25,25000,25000,0,shelter,2,0
lethal_risky_corridor-expected_sarsa-s8-3e3e5f93ce67,8,expected_sarsa,lethal,0.996,0.5,50000,50000,0,shelter,2,0
lethal_risky_corridor-expected_sarsa-s8-3e3e5f93ce67,8,expected_sarsa,lethal,0.996,0.75,75000,75000,0,shelter,2,0
lethal_risky_corridor-expected_sarsa-s8-3e3e5f93ce67,8,expected_sarsa,lethal,0.996,1,100000,100000,0,shelter,2,0
lethal_risky_corridor-expected_sarsa-s8-4c9c10b428c8,8,expected_sarsa,lethal,0.988,0.25,25000,25000,0,shelter,2,0
lethal_risky_corridor-expected_sarsa-s8-4c9c10b428c8,8,expected_sarsa,lethal,0.988,0.5,50000,50000,0,shelter,2,0
lethal_risky_corridor-expected_sarsa-s8-4c9c10b428c8,8,expected_sarsa,lethal,0.988,0.75,75000,75000,0,shelter,2,0
lethal_risky_corridor-expected_sarsa-s8-4c9c10b428c8,8,expected_sarsa,lethal,0.988,1,100000,100000,0,shelter,2,0
lethal_risky_corridor-expected_sarsa-s8-7311291df986,8,expected_sarsa,lethal,0.986,0.25,25000,25000,0,shelter,2,0
lethal_risky_corridor-expected_sarsa-s8-7311291df986,8,expected_sarsa,lethal,0.986,0.5,50000,50000,0,shelter,2,0
lethal_risky_corridor-expected_sarsa-s8-7311291df986,8,expected_sarsa,lethal,0.986,0.75,75000,75000,0,shelter,2,0
lethal_risky_corridor-expected_sarsa-s8-7311291df986,8,expected_sarsa,lethal,0.986,1,100000,100000,0,shelter,2,0
lethal_risky_corridor-expected_sarsa-s8-8fb096990279,8,expected_sarsa,lethal,0.984,0.25,25000,25000,0,shelter,2,0
lethal_risky_corridor-expected_sarsa-s8-8fb096990279,8,expected_sarsa,lethal,0.984,0.5,50000,50000,0,shelter,2,0
lethal_risky_corridor-expected_sarsa-s8-8fb096990279,8,expected_sarsa,lethal,0.984,0.75,75000,75000,0,shelter,2,0
lethal_risky_corridor-expected_sarsa-s8-8fb096990279,8,expected_sarsa,lethal,0.984,1,100000,100000,0,shelter,2,0
lethal_risky_corridor-expected_sarsa-s8-a69bf4458731,8,expected_sarsa,lethal,0.97,0.25,25000,25000,0,shelter,2,0
lethal_risky_corridor-expected_sarsa-s8-a69bf4458731,8,expected_sarsa,lethal,0.97,0.5,50000,50000,0,shelter,2,0
lethal_risky_corridor-expected_sarsa-s8-a69bf4458731,8,expected_sarsa,lethal,0.97,0.75,75000,75000,0,shelter,2,0
lethal_risky_corridor-expected_sarsa-s8-a69bf4458731,8,expected_sarsa,lethal,0.97,1,100000,100000,0,shelter,2,0
lethal_risky_corridor-expected_sarsa-s8-c8802ca89a6a,8,expected_sarsa,lethal,1,0.25,25000,25000,0,shelter,2,0
lethal_risky_corridor-expected_sarsa-s8-c8802ca89a6a,8,expected_sarsa,lethal,1,0.5,50000,50000,0,shelter,2,0
lethal_risky_corridor-expected_sarsa-s8-c8802ca89a6a,8,expected_sarsa,lethal,1,0.75,75000,75000,0,shelter,2,0
lethal_risky_corridor-expected_sarsa-s8-c8802ca89a6a,8,expected_sarsa,lethal,1,1,100000,100000,0,shelter,2,0
lethal_risky_corridor-expected_sarsa-s9-06d130ab4281,9,expected_sarsa,lethal,0.989,0.25,25000,25000,0,shelter,2,0
lethal_risky_corridor-expected_sarsa-s9-06d130ab4281,9,expected_sarsa,lethal,0.989,0.5,50000,50000,0,shelter,2,0
lethal_risky_corridor-expected_sarsa-s9-06d130ab4281,9,expected_sarsa,lethal,0.989,0.75,75000,75000,0,shelter,2,0
lethal_risky_corridor-expected_sarsa-s9-06d130ab4281,9,expected_sarsa,lethal,0.989,1,100000,100000,0,shelter,2,0
lethal_risky_corridor-expected_sarsa-s9-252a88bc5109,9,expected_sarsa,lethal,0.996,0.25,25000,25000,0,shelter,2,0
lethal_risky_corridor-expected_sarsa-s9-252a88bc5109,9,expected_sarsa,lethal,0.996,0.5,50000,50000,0,shelter,2,0
lethal_risky_corridor-expected_sarsa-s9-252a88bc5109,9,expected_sarsa,lethal,0.996,0.75,75000,75000,0,shelter,2,0
lethal_risky_corridor-expected_sarsa-s9-252a88bc5109,9,expected_sarsa,lethal,0.996,1,100000,100000,0,shelter,2,0
lethal_risky_corridor-expected_sarsa-s9-36161dac00b3,9,expected_sarsa,lethal,0.994,0.25,25000,25000,0,shelter,2,0
lethal_risky_corridor-expected_sarsa-s9-36161dac00b3,9,expected_sarsa,lethal,0.994,0.5,50000,50000,0,shelter,2,0
lethal_risky_corridor-expected_sarsa-s9-36161dac00b3,9,expected_sarsa,lethal,0.994,0.75,75000,75000,0,shelter,2,0
lethal_risky_corridor-expected_sarsa-s9-36161dac00b3,9,expected_sarsa,lethal,0.994,1,100000,100000,0,shelter,2,0
lethal_risky_corridor-expected_sarsa-s9-3ab5be254c85,9,expected_sarsa,lethal,0.991,0.25,25000,25000,0,shelter,2,0
lethal_risky_corridor-expected_sarsa-s9-3ab5be254c85,9,expected_sarsa,lethal,0.991,0.5,50000,50000,0,shelter,2,0
lethal_risky_corridor-expected_sarsa-s9-3ab5be254c85,9,expected_sarsa,lethal,0.991,0.75,75000,75000,0,shelter,2,0
lethal_risky_corridor-expected_sarsa-s9-3ab5be254c85,9,expected_sarsa,lethal,0.991,1,100000,100000,0,shelter,2,0
lethal_risky_corridor-expected_sarsa-s9-44bb2104be73,9,expected_sarsa,lethal,0.988,0.25,25000,25000,0,shelter,2,0
lethal_risky_corridor-expected_sarsa-s9-44bb2104be73,9,expected_sarsa,lethal,0.988,0.5,50000,50000,0,shelter,2,0
lethal_risky_corridor-expected_sarsa-s9-44bb2104be73,9,expected_sarsa,lethal,0.988,0.75,75000,75000,0,shelter,2,0
lethal_risky_corridor-expected_sarsa-s9-44bb2104be73,9,expected_sarsa,lethal,0.988,1,100000,100000,0,shelter,2,0
lethal_risky_corridor-expected_sarsa-s9-54f726730c97,9,expected_sarsa,lethal,0.986,0.25,25000,25000,0,shelter,2,0
lethal_risky_corridor-expected_sarsa-s9-54f726730c97,9,expected_sarsa,lethal,0.986,0.5,50000,50000,0,shelter,2,0
lethal_risky_corridor-expected_sarsa-s9-54f726730c97,9,expected_sarsa,lethal,0.986,0.75,75000,75000,0,shelter,2,0
lethal_risky_corridor-expected_sarsa-s9-54f726730c97,9,expected_sarsa,lethal,0.986,1,100000,100000,0,shelter,2,0
lethal_risky_corridor-expected_sarsa-s9-623b92fbf49c,9,expected_sarsa,lethal,1,0.25,25000,25000,0,shelter,2,0
lethal_risky_corridor-expected_sarsa-s9-623b92fbf49c,9,expected_sarsa,lethal,1,0.5,50000,50000,0,shelter,2,0
lethal_risky_corridor-expected_sarsa-s9-623b92fbf49c,9,expected_sarsa,lethal,1,0.75,75000,75000,0,shelter,2,0
lethal_risky_corridor-expected_sarsa-s9-623b92fbf49c,9,expected_sarsa,lethal,1,1,100000,100000,0,shelter,2,0
lethal_risky_corridor-expected_sarsa-s9-65e37f924149,9,expected_sarsa,lethal,0.99,0.25,25000,25000,0,shelter,2,0
lethal_risky_corridor-expected_sarsa-s9-65e37f924149,9,expected_sarsa,lethal,0.99,0.5,50000,50000,0,shelter,2,0
lethal_risky_corridor-expected_sarsa-s9-65e37f924149,9,expected_sarsa,lethal,0.99,0.75,75000,75000,0,shelter,2,0
lethal_risky_corridor-expected_sarsa-s9-65e37f924149,9,expected_sarsa,lethal,0.99,1,100000,100000,0,shelter,2,0
lethal_risky_corridor-expected_sarsa-s9-7a145c832985,9,expected_sarsa,lethal,0.97,0.25,25000,25000,0,shelter,2,0
lethal_risky_corridor-expected_sarsa-s9-7a145c832985,9,expected_sarsa,lethal,0.97,0.5,50000,50000,0,shelter,2,0
lethal_risky_corridor-expected_sarsa-s9-7a145c832985,9,expected_sarsa,lethal,0.97,0.75,75000,75000,0,shelter,2,0
lethal_risky_corridor-expected_sarsa-s9-7a145c832985,9,expected_sarsa,lethal,0.97,1,100000,100000,0,shelter,2,0
lethal_risky_corridor-expected_sarsa-s9-8810a409d7d2,9,expected_sarsa,lethal,0.984,0.25,25000,25000,0,shelter,2,0
lethal_risky_corridor-expected_sarsa-s9-8810a409d7d2,9,expected_sarsa,lethal,0.984,0.5,50000,50000,0,shelter,2,0
lethal_risky_corridor-expected_sarsa-s9-8810a409d7d2,9,expected_sarsa,lethal,0.984,0.75,75000,75000,0,shelter,2,0
lethal_risky_corridor-expected_sarsa-s9-8810a409d7d2,9,expected_sarsa,lethal,0.984,1,100000,100000,0,shelter,2,0
lethal_risky_corridor-expected_sarsa-s9-a1b87fef3c11,9,expected_sarsa,lethal,0.992,0.25,25000,25000,0,shelter,2,0
lethal_risky_corridor-expected_sarsa-s9-a1b87fef3c11,9,expected_sarsa,lethal,0.992,0.5,50000,50000,0,shelter,2,0
lethal_risky_corridor-expected_sarsa-s9-a1b87fef3c11,9,expected_sarsa,lethal,0.992,0.75,75000,75000,0,shelter,2,0
lethal_risky_corridor-expected_sarsa-s9-a1b87fef3c11,9,expected_sarsa,lethal,0.992,1,100000,100000,0,shelter,2,0
lethal_risky_corridor-expected_sarsa-s9-a91d9b7d5f55,9,expected_sarsa,lethal,0.998,0.25,25000,25000,0,shelter,2,0
lethal_risky_corridor-expected_sarsa-s9-a91d9b7d5f55,9,expected_sarsa,lethal,0.998,0.5,50000,50000,0,shelter,2,0
lethal_risky_corridor-expected_sarsa-s9-a91d9b7d5f55,9,expected_sarsa,lethal,0.998,0.75,75000,75000,0,shelter,2,0
lethal_risky_corridor-expected_sarsa-s9-a91d9b7d5f55,9,expected_sarsa,lethal,0.998,1,100000,100000,0,shelter,2,0
lethal_risky_corridor-expected_sarsa-s9-d1dc01066946,9,expected_sarsa,lethal,0.9895,0.25,25000,25000,0,shelter,2,0
lethal_risky_corridor-expected_sarsa-s9-d1dc01066946,9,expected_sarsa,lethal,0.9895,0.5,50000,50000,0,shelter,2,0
lethal_risky_corridor-expected_sarsa-s9-d1dc01066946,9,expected_sarsa,lethal,0.9895,0.75,75000,75000,0,shelter,2,0
lethal_risky_corridor-expected_sarsa-s9-d1dc01066946,9,expected_sarsa,lethal,0.9895,1,100000,100000,0,shelter,2,0
lethal_risky_corridor-expected_sarsa-s9-e9a77259eaf6,9,expected_sarsa,lethal,0.98,0.25,25000,25000,0,shelter,2,0
lethal_risky_corridor-expected_sarsa-s9-e9a77259eaf6,9,expected_sarsa,lethal,0.98,0.5,50000,50000,0,shelter,2,0
lethal_risky_corridor-expected_sarsa-s9-e9a77259eaf6,9,expected_sarsa,lethal,0.98,0.75,75000,75000,0,shelter,2,0
lethal_risky_corridor-expected_sarsa-s9-e9a77259eaf6,9,expected_sarsa,lethal,0.98,1,100000,100000,0,shelter,2,0
lethal_risky_corridor-q_learning-s0-0cea72d0077e,0,q_learning,lethal,0.989,0.25,25000,25000,0,shelter,2,0
lethal_risky_corridor-q_learning-s0-0cea72d0077e,0,q_learning,lethal,0.989,0.5,50000,50000,0,shelter,2,0
lethal_risky_corridor-q_learning-s0-0cea72d0077e,0,q_learning,lethal,0.989,0.75,75000,75000,0,shelter,2,0
lethal_risky_corridor-q_learning-s0-0cea72d0077e,0,q_learning,lethal,0.989,1,100000,100000,0,shelter,2,0
lethal_risky_corridor-q_learning-s0-19e4b1b4c912,0,q_learning,lethal,0.996,0.25,25000,25000,0,shelter,2,0
lethal_risky_corridor-q_learning-s0-19e4b1b4c912,0,q_learning,lethal,0.996,0.5,50000,50000,0,shelter,2,0
lethal_risky_corridor-q_learning-s0-19e4b1b4c912,0,q_learning,lethal,0.996,0.75,75000,75000,0,shelter,2,0
lethal_risky_corridor-q_learning-s0-19e4b1b4c912,0,q_learning,lethal,0.996,1,100000,100000,0,shelter,2,0
lethal_risky_corridor-q_learning-s0-401e967149a2,0,q_learning,lethal,0.994,0.25,25000,25000,0,shelter,2,0
lethal_risky_corridor-q_learning-s0-401e967149a2,0,q_learning,lethal,0.994,0.5,50000,50000,0,shelter,2,0
lethal_risky_corridor-q_learning-s0-401e967149a2,0,q_learning,lethal,0.994,0.75,75000,75000,0,shelter,2,0
lethal_risky_corridor-q_learning-s0-401e967149a2,0,q_learning,lethal,0.994,1,100000,100000,0,shelter,2,0
lethal_risky_corridor-q_learning-s0-5bee16c72d87,0,q_learning,lethal,1,0.25,25000,25000,0,corridor,1,1
lethal_risky_corridor-q_learning-s0-5bee16c72d87,0,q_learning,lethal,1,0.5,50000,50000,0,corridor,1,1
lethal_risky_corridor-q_learning-s0-5bee16c72d87,0,q_learning,lethal,1,0.75,75000,75000,0,corridor,1,1
lethal_risky_corridor-q_learning-s0-5bee16c72d87,0,q_learning,lethal,1,1,100000,100000,0,corridor,1,1
lethal_risky_corridor-q_learning-s0-6a7780a45fd7,0,q_learning,lethal,0.984,0.25,25000,25000,0,shelter,2,0
lethal_risky_corridor-q_learning-s0-6a7780a45fd7,0,q_learning,lethal,0.984,0.5,50000,50000,0,shelter,2,0
lethal_risky_corridor-q_learning-s0-6a7780a45fd7,0,q_learning,lethal,0.984,0.75,75000,75000,0,shelter,2,0
lethal_risky_corridor-q_learning-s0-6a7780a45fd7,0,q_learning,lethal,0.984,1,100000,100000,0,shelter,2,0
lethal_risky_corridor-q_learning-s0-986c40061e4a,0,q_learning,lethal,0.991,0.25,25000,25000,0,shelter,2,0
lethal_risky_corridor-q_learning-s0-986c40061e4a,0,q_learning,lethal,0.991,0.5,50000,50000,0,shelter,2,0
lethal_risky_corridor-q_learning-s0-986c40061e4a,0,q_learning,lethal,0.991,0.75,75000,75000,0,shelter,2,0
lethal_risky_corridor-q_learning-s0-986c40061e4a,0,q_learning,lethal,0.991,1,100000,100000,0,shelter,2,0
lethal_risky_corridor-q_learning-s0-9e49125803c4,0,q_learning,lethal,0.988,0.25,25000,25000,0,shelter,2,0
lethal_risky_corridor-q_learning-s0-9e49125803c4,0,q_learning,lethal,0.988,0.5,50000,50000,0,shelter,2,0
lethal_risky_corridor-q_learning-s0-9e49125803c4,0,q_learning,lethal,0.988,0.75,75000,75000,0,shelter,2,0
lethal_risky_corridor-q_learning-s0-9e49125803c4,0,q_learning,lethal,0.988,1,100000,100000,0,shelter,2,0
lethal_risky_corridor-q_learning-s0-b54296175b21,0,q_learning,lethal,0.9895,0.25,25000,25000,0,shelter,2,0
lethal_risky_corridor-q_learning-s0-b54296175b21,0,q_learning,lethal,0.9895,0.5,50000,50000,0,shelter,2,0
lethal_risky_corridor-q_learning-s0-b54296175b21,0,q_learning,lethal,0.9895,0.75,75000,75000,0,shelter,2,0
lethal_risky_corridor-q_learning-s0-b54296175b21,0,q_learning,lethal,0.9895,1,100000,100000,0,shelter,2,0
lethal_risky_corridor-q_learning-s0-bae171ff4845,0,q_learning,lethal,0.98,0.25,25000,25000,0,shelter,2,0
lethal_risky_corridor-q_learning-s0-bae171ff4845,0,q_learning,lethal,0.98,0.5,50000,50000,0,shelter,2,0
lethal_risky_corridor-q_learning-s0-bae171ff4845,0,q_learning,lethal,0.98,0.75,75000,75000,0,shelter,2,0
lethal_risky_corridor-q_learning-s0-bae171ff4845,0,q_learning,lethal,0.98,1,100000,100000,0,shelter,2,0
lethal_risky_corridor-q_learning-s0-c04454f30f81,0,q_learning,lethal,0.99,0.25,25000,25000,0,shelter,2,0
lethal_risky_corridor-q_learning-s0-c04454f30f81,0,q_learning,lethal,0.99,0.5,50000,50000,0,shelter,2,0
lethal_risky_corridor-q_learning-s0-c04454f30f81,0,q_learning,lethal,0.99,0.75,75000,75000,0,shelter,2,0
lethal_risky_corridor-q_learning-s0-c04454f30f81,0,q_learning,lethal,0.99,1,100000,100000,0,shelter,2,0
lethal_risky_corridor-q_learning-s0-d60f296424c0,0,q_learning,lethal,0.97,0.25,25000,25000,0,shelter,2,0
lethal_risky_corridor-q_learning-s0-d60f296424c0,0,q_learning,lethal,0.97,0.5,50000,50000,0,shelter,2,0
lethal_risky_corridor-q_learning-s0-d60f296424c0,0,q_learning,lethal,0.97,0.75,75000,75000,0,shelter,2,0
lethal_risky_corridor-q_learning-s0-d60f296424c0,0,q_learning,lethal,0.97,1,100000,100000,0,shelter,2,0
lethal_risky_corridor-q_learning-s0-d610ac7d65da,0,q_learning,lethal,0.992,0.25,25000,25000,0,shelter,2,0
lethal_risky_corridor-q_learning-s0-d610ac7d65da,0,q_learning,lethal,0.992,0.5,50000,50000,0,shelter,2,0
lethal_risky_corridor-q_learning-s0-d610ac7d65da,0,q_learning,lethal,0.992,0.75,75000,75000,0,shelter,2,0
lethal_risky_corridor-q_learning-s0-d610ac7d65da,0,q_learning,lethal,0.992,1,100000,100000,0,shelter,2,0
lethal_risky_corridor-q_learning-s0-ddb0ab55327d,0,q_learning,lethal,0.998,0.25,25000,25000,0,shelter,2,0
lethal_risky_corridor-q_learning-s0-ddb0ab55327d,0,q_learning,lethal,0.998,0.5,50000,50000,0,corridor,1,1
lethal_risky_corridor-q_learning-s0-ddb0ab55327d,0,q_learning,lethal,0.998,0.75,75000,75000,0,shelter,2,0
lethal_risky_corridor-q_learning-s0-ddb0ab55327d,0,q_learning,lethal,0.998,1,100000,100000,0,shelter,2,0
lethal_risky_corridor-q_learning-s0-eaf22d111c1e,0,q_learning,lethal,0.986,0.25,25000,25000,0,shelter,2,0
lethal_risky_corridor-q_learning-s0-eaf22d111c1e,0,q_learning,lethal,0.986,0.5,50000,50000,0,shelter,2,0
lethal_risky_corridor-q_learning-s0-eaf22d111c1e,0,q_learning,lethal,0.986,0.75,75000,75000,0,shelter,2,0
lethal_risky_corridor-q_learning-s0-eaf22d111c1e,0,q_learning,lethal,0.986,1,100000,100000,0,shelter,2,0
lethal_risky_corridor-q_learning-s1-23963b813dca,1,q_learning,lethal,0.986,0.25,25000,25000,0,shelter,2,0
lethal_risky_corridor-q_learning-s1-23963b813dca,1,q_learning,lethal,0.986,0.5,50000,50000,0,shelter,2,0
lethal_risky_corridor-q_learning-s1-23963b813dca,1,q_learning,lethal,0.986,0.75,75000,75000,0,shelter,2,0
lethal_risky_corridor-q_learning-s1-23963b813dca,1,q_learning,lethal,0.986,1,100000,100000,0,shelter,2,0
lethal_risky_corridor-q_learning-s1-343a2e2005e5,1,q_learning,lethal,0.99,0.25,25000,25000,0,shelter,2,0
lethal_risky_corridor-q_learning-s1-343a2e2005e5,1,q_learning,lethal,0.99,0.5,50000,50000,0,shelter,2,0
lethal_risky_corridor-q_learning-s1-343a2e2005e5,1,q_learning,lethal,0.99,0.75,75000,75000,0,shelter,2,0
lethal_risky_corridor-q_learning-s1-343a2e2005e5,1,q_learning,lethal,0.99,1,100000,100000,0,shelter,2,0
lethal_risky_corridor-q_learning-s1-51209170e6f3,1,q_learning,lethal,0.994,0.25,25000,25000,0,shelter,2,0
lethal_risky_corridor-q_learning-s1-51209170e6f3,1,q_learning,lethal,0.994,0.5,50000,50000,0,shelter,2,0
lethal_risky_corridor-q_learning-s1-51209170e6f3,1,q_learning,lethal,0.994,0.75,75000,75000,0,shelter,2,0
lethal_risky_corridor-q_learning-s1-51209170e6f3,1,q_learning,lethal,0.994,1,100000,100000,0,shelter,2,0
lethal_risky_corridor-q_learning-s1-5a150b3780cd,1,q_learning,lethal,0.9895,0.25,25000,25000,0,shelter,2,0
lethal_risky_corridor-q_learning-s1-5a150b3780cd,1,q_learning,lethal,0.9895,0.5,50000,50000,0,shelter,2,0
lethal_risky_corridor-q_learning-s1-5a150b3780cd,1,q_learning,lethal,0.9895,0.75,75000,75000,0,shelter,2,0
lethal_risky_corridor-q_learning-s1-5a150b3780cd,1,q_learning,lethal,0.9895,1,100000,100000,0,shelter,2,0
lethal_risky_corridor-q_learning-s1-64f0866e48fa,1,q_learning,lethal,0.989,0.25,25000,25000,0,shelter,2,0
lethal_risky_corridor-q_learning-s1-64f0866e48fa,1,q_learning,lethal,0.989,0.5,50000,50000,0,shelter,2,0
lethal_risky_corridor-q_learning-s1-64f0866e48fa,1,q_learning,lethal,0.989,0.75,75000,75000,0,shelter,2,0
lethal_risky_corridor-q_learning-s1-64f0866e48fa,1,q_learning,lethal,0.989,1,100000,100000,0,shelter,2,0
lethal_risky_corridor-q_learning-s1-7bf497297d86,1,q_learning,lethal,0.97,0.25,25000,25000,0,shelter,2,0
lethal_risky_corridor-q_learning-s1-7bf497297d86,1,q_learning,lethal,0.97,0.5,50000,50000,0,shelter,2,0
lethal_risky_corridor-q_learning-s1-7bf497297d86,1,q_learning,lethal,0.97,0.75,75000,75000,0,shelter,2,0
lethal_risky_corridor-q_learning-s1-7bf497297d86,1,q_learning,lethal,0.97,1,100000,100000,0,shelter,2,0
lethal_risky_corridor-q_learning-s1-92c72f0e5bf7,1,q_learning,lethal,0.991,0.25,25000,25000,0,shelter,2,0
lethal_risky_corridor-q_learning-s1-92c72f0e5bf7,1,q_learning,lethal,0.991,0.5,50000,50000,0,shelter,2,0
lethal_risky_corridor-q_learning-s1-92c72f0e5bf7,1,q_learning,lethal,0.991,0.75,75000,75000,0,shelter,2,0
lethal_risky_corridor-q_learning-s1-92c72f0e5bf7,1,q_learning,lethal,0.991,1,100000,100000,0,shelter,2,0
lethal_risky_corridor-q_learning-s1-998d27470219,1,q_learning,lethal,0.98,0.25,25000,25000,0,shelter,2,0
lethal_risky_corridor-q_learning-s1-998d27470219,1,q_learning,lethal,0.98,0.5,50000,50000,0,shelter,2,0
lethal_risky_corridor-q_learning-s1-998d27470219,1,q_learning,lethal,0.98,0.75,75000,75000,0,shelter,2,0
lethal_risky_corridor-q_learning-s1-998d27470219,1,q_learning,lethal,0.98,1,100000,100000,0,shelter,2,0
lethal_risky_corridor-q_learning-s1-a0a5c932fe84,1,q_learning,lethal,0.998,0.25,25000,25000,0,corridor,1,1
lethal_risky_corridor-q_learning-s1-a0a5c932fe84,1,q_learning,lethal,0.998,0.5,50000,50000,0,shelter,2,0
lethal_risky_corridor-q_learning-s1-a0a5c932fe84,1,q_learning,lethal,0.998,0.75,75000,75000,0,shelter,2,0
lethal_risky_corridor-q_learning-s1-a0a5c932fe84,1,q_learning,lethal,0.998,1,100000,100000,0,shelter,2,0
lethal_risky_corridor-q_learning-s1-aa5ae5ae2254,1,q_learning,lethal,0.992,0.25,25000,25000,0,shelter,2,0
lethal_risky_corridor-q_learning-s1-aa5ae5ae2254,1,q_learning,lethal,0.992,0.5,50000,50000,0,shelter,2,0
lethal_risky_corridor-q_learning-s1-aa5ae5ae2254,1,q_learning,lethal,0.992,0.75,75000,75000,0,shelter,2,0
lethal_risky_corridor-q_learning-s1-aa5ae5ae2254,1,q_learning,lethal,0.992,1,100000,100000,0,shelter,2,0
lethal_risky_corridor-q_learning-s1-caa4262b6ef4,1,q_learning,lethal,0.988,0.25,25000,25000,0,shelter,2,0
lethal_risky_corridor-q_learning-s1-caa4262b6ef4,1,q_learning,lethal,0.988,0.5,50000,50000,0,shelter,2,0
lethal_risky_corridor-q_learning-s1-caa4262b6ef4,1,q_learning,lethal,0.988,0.75,75000,75000,0,shelter,2,0
lethal_risky_corridor-q_learning-s1-caa4262b6ef4,1,q_learning,lethal,0.988,1,100000,100000,0,shelter,2,0
lethal_risky_corridor-q_learning-s1-cd1812d85428,1,q_learning,lethal,0.984,0.25,25000,25000,0,shelter,2,0
lethal_risky_corridor-q_learning-s1-cd1812d85428,1,q_learning,lethal,0.984,0.5,50000,50000,0,shelter,2,0
lethal_risky_corridor-q_learning-s1-cd1812d85428,1,q_learning,lethal,0.984,0.75,75000,75000,0,shelter,2,0
lethal_risky_corridor-q_learning-s1-cd1812d85428,1,q_learning,lethal,0.984,1,100000,100000,0,shelter,2,0
lethal_risky_corridor-q_learning-s1-eadfcf982ab9,1,q_learning,lethal,1,0.25,25000,25000,0,corridor,1,1
lethal_risky_corridor-q_learning-s1-eadfcf982ab9,1,q_learning,lethal,1,0.5,50000,50000,0,corridor,1,1
lethal_risky_corridor-q_learning-s1-eadfcf982ab9,1,q_learning,lethal,1,0.75,75000,75000,0,corridor,1,1
lethal_risky_corridor-q_learning-s1-eadfcf982ab9,1,q_learning,lethal,1,1,100000,100000,0,corridor,1,1
lethal_risky_corridor-q_learning-s1-f0796b0285c9,1,q_learning,lethal,0.996,0.25,25000,25000,0,shelter,2,0
lethal_risky_corridor-q_learning-s1-f0796b0285c9,1,q_learning,lethal,0.996,0.5,50000,50000,0,shelter,2,0
lethal_risky_corridor-q_learning-s1-f0796b0285c9,1,q_learning,lethal,0.996,0.75,75000,75000,0,shelter,2,0
lethal_risky_corridor-q_learning-s1-f0796b0285c9,1,q_learning,lethal,0.996,1,100000,100000,0,shelter,2,0
lethal_risky_corridor-q_learning-s10-058d92882ed3,10,q_learning,lethal,0.994,0.25,25000,25000,0,shelter,2,0
lethal_risky_corridor-q_learning-s10-058d92882ed3,10,q_learning,lethal,0.994,0.5,50000,50000,0,shelter,2,0
lethal_risky_corridor-q_learning-s10-058d92882ed3,10,q_learning,lethal,0.994,0.75,75000,75000,0,shelter,2,0
lethal_risky_corridor-q_learning-s10-058d92882ed3,10,q_learning,lethal,0.994,1,100000,100000,0,shelter,2,0
lethal_risky_corridor-q_learning-s10-12b6a4d5bc1d,10,q_learning,lethal,0.989,0.25,25000,25000,0,shelter,2,0
lethal_risky_corridor-q_learning-s10-12b6a4d5bc1d,10,q_learning,lethal,0.989,0.5,50000,50000,0,shelter,2,0
lethal_risky_corridor-q_learning-s10-12b6a4d5bc1d,10,q_learning,lethal,0.989,0.75,75000,75000,0,shelter,2,0
lethal_risky_corridor-q_learning-s10-12b6a4d5bc1d,10,q_learning,lethal,0.989,1,100000,100000,0,shelter,2,0
lethal_risky_corridor-q_learning-s10-18793842d74b,10,q_learning,lethal,0.98,0.25,25000,25000,0,shelter,2,0
lethal_risky_corridor-q_learning-s10-18793842d74b,10,q_learning,lethal,0.98,0.5,50000,50000,0,shelter,2,0
lethal_risky_corridor-q_learning-s10-18793842d74b,10,q_learning,lethal,0.98,0.75,75000,75000,0,shelter,2,0
lethal_risky_corridor-q_learning-s10-18793842d74b,10,q_learning,lethal,0.98,1,100000,100000,0,shelter,2,0
lethal_risky_corridor-q_learning-s10-20d1eb9e03ad,10,q_learning,lethal,0.9895,0.25,25000,25000,0,shelter,2,0
lethal_risky_corridor-q_learning-s10-20d1eb9e03ad,10,q_learning,lethal,0.9895,0.5,50000,50000,0,shelter,2,0
lethal_risky_corridor-q_learning-s10-20d1eb9e03ad,10,q_learning,lethal,0.9895,0.75,75000,75000,0,shelter,2,0
lethal_risky_corridor-q_learning-s10-20d1eb9e03ad,10,q_learning,lethal,0.9895,1,100000,100000,0,shelter,2,0
lethal_risky_corridor-q_learning-s10-2a64d542e61f,10,q_learning,lethal,0.97,0.25,25000,25000,0,shelter,2,0
lethal_risky_corridor-q_learning-s10-2a64d542e61f,10,q_learning,lethal,0.97,0.5,50000,50000,0,shelter,2,0
lethal_risky_corridor-q_learning-s10-2a64d542e61f,10,q_learning,lethal,0.97,0.75,75000,75000,0,shelter,2,0
lethal_risky_corridor-q_learning-s10-2a64d542e61f,10,q_learning,lethal,0.97,1,100000,100000,0,shelter,2,0
lethal_risky_corridor-q_learning-s10-394028fd1e7d,10,q_learning,lethal,0.998,0.25,25000,25000,0,shelter,2,0
lethal_risky_corridor-q_learning-s10-394028fd1e7d,10,q_learning,lethal,0.998,0.5,50000,50000,0,shelter,2,0
lethal_risky_corridor-q_learning-s10-394028fd1e7d,10,q_learning,lethal,0.998,0.75,75000,75000,0,shelter,2,0
lethal_risky_corridor-q_learning-s10-394028fd1e7d,10,q_learning,lethal,0.998,1,100000,100000,0,shelter,2,0
lethal_risky_corridor-q_learning-s10-3c5ca8845281,10,q_learning,lethal,0.996,0.25,25000,25000,0,shelter,2,0
lethal_risky_corridor-q_learning-s10-3c5ca8845281,10,q_learning,lethal,0.996,0.5,50000,50000,0,shelter,2,0
lethal_risky_corridor-q_learning-s10-3c5ca8845281,10,q_learning,lethal,0.996,0.75,75000,75000,0,shelter,2,0
lethal_risky_corridor-q_learning-s10-3c5ca8845281,10,q_learning,lethal,0.996,1,100000,100000,0,shelter,2,0
lethal_risky_corridor-q_learning-s10-5d52dbfea35d,10,q_learning,lethal,0.988,0.25,25000,25000,0,shelter,2,0
lethal_risky_corridor-q_learning-s10-5d52dbfea35d,10,q_learning,lethal,0.988,0.5,50000,50000,0,shelter,2,0
lethal_risky_corridor-q_learning-s10-5d52dbfea35d,10,q_learning,lethal,0.988,0.75,75000,75000,0,shelter,2,0
lethal_risky_corridor-q_learning-s10-5d52dbfea35d,10,q_learning,lethal,0.988,1,100000,100000,0,shelter,2,0
lethal_risky_corridor-q_learning-s10-86bbfe0bca24,10,q_learning,lethal,1,0.25,25000,25000,0,corridor,1,1
lethal_risky_corridor-q_learning-s10-86bbfe0bca24,10,q_learning,lethal,1,0.5,50000,50000,0,corridor,1,1
lethal_risky_corridor-q_learning-s10-86bbfe0bca24,10,q_learning,lethal,1,0.75,75000,75000,0,corridor,1,1
lethal_risky_corridor-q_learning-s10-86bbfe0bca24,10,q_learning,lethal,1,1,100000,100000,0,corridor,1,1
lethal_risky_corridor-q_learning-s10-9a069a5223c9,10,q_learning,lethal,0.99,0.25,25000,25000,0,shelter,2,0
lethal_risky_corridor-q_learning-s10-9a069a5223c9,10,q_learning,lethal,0.99,0.5,50000,50000,0,shelter,2,0
lethal_risky_corridor-q_learning-s10-9a069a5223c9,10,q_learning,lethal,0.99,0.75,75000,75000,0,shelter,2,0
lethal_risky_corridor-q_learning-s10-9a069a5223c9,10,q_learning,lethal,0.99,1,100000,100000,0,shelter,2,0
lethal_risky_corridor-q_learning-s10-9d3cd895ab1d,10,q_learning,lethal,0.986,0.25,25000,25000,0,shelter,2,0
lethal_risky_corridor-q_learning-s10-9d3cd895ab1d,10,q_learning,lethal,0.986,0.5,50000,50000,0,shelter,2,0
lethal_risky_corridor-q_learning-s10-9d3cd895ab1d,10,q_learning,lethal,0.986,0.75,75000,75000,0,shelter,2,0
lethal_risky_corridor-q_learning-s10-9d3cd895ab1d,10,q_learning,lethal,0.986,1,100000,100000,0,shelter,2,0
lethal_risky_corridor-q_learning-s10-a6edd581e449,10,q_learning,lethal,0.984,0.25,25000,25000,0,shelter,2,0
lethal_risky_corridor-q_learning-s10-a6edd581e449,10,q_learning,lethal,0.984,0.5,50000,50000,0,shelter,2,0
lethal_risky_corridor-q_learning-s10-a6edd581e449,10,q_learning,lethal,0.984,0.75,75000,75000,0,shelter,2,0
lethal_risky_corridor-q_learning-s10-a6edd581e449,10,q_learning,lethal,0.984,1,100000,100000,0,shelter,2,0
lethal_risky_corridor-q_learning-s10-c571c7c749d9,10,q_learning,lethal,0.991,0.25,25000,25000,0,shelter,2,0
lethal_risky_corridor-q_learning-s10-c571c7c749d9,10,q_learning,lethal,0.991,0.5,50000,50000,0,shelter,2,0
lethal_risky_corridor-q_learning-s10-c571c7c749d9,10,q_learning,lethal,0.991,0.75,75000,75000,0,shelter,2,0
lethal_risky_corridor-q_learning-s10-c571c7c749d9,10,q_learning,lethal,0.991,1,100000,100000,0,shelter,2,0
lethal_risky_corridor-q_learning-s10-cddd79343fe8,10,q_learning,lethal,0.992,0.25,25000,25000,0,shelter,2,0
lethal_risky_corridor-q_learning-s10-cddd79343fe8,10,q_learning,lethal,0.992,0.5,50000,50000,0,shelter,2,0
lethal_risky_corridor-q_learning-s10-cddd79343fe8,10,q_learning,lethal,0.992,0.75,75000,75000,0,shelter,2,0
lethal_risky_corridor-q_learning-s10-cddd79343fe8,10,q_learning,lethal,0.992,1,100000,100000,0,shelter,2,0
lethal_risky_corridor-q_learning-s11-0e0fcc6b3f11,11,q_learning,lethal,0.994,0.25,25000,25000,0,shelter,2,0
lethal_risky_corridor-q_learning-s11-0e0fcc6b3f11,11,q_learning,lethal,0.994,0.5,50000,50000,0,shelter,2,0
lethal_risky_corridor-q_learning-s11-0e0fcc6b3f11,11,q_learning,lethal,0.994,0.75,75000,75000,0,shelter,2,0
lethal_risky_corridor-q_learning-s11-0e0fcc6b3f11,11,q_learning,lethal,0.994,1,100000,100000,0,shelter,2,0
lethal_risky_corridor-q_learning-s11-0ed533ab22ec,11,q_learning,lethal,0.984,0.25,25000,25000,0,shelter,2,0
lethal_risky_corridor-q_learning-s11-0ed533ab22ec,11,q_learning,lethal,0.984,0.5,50000,50000,0,shelter,2,0
lethal_risky_corridor-q_learning-s11-0ed533ab22ec,11,q_learning,lethal,0.984,0.75,75000,75000,0,shelter,2,0
lethal_risky_corridor-q_learning-s11-0ed533ab22ec,11,q_learning,lethal,0.984,1,100000,100000,0,shelter,2,0
lethal_risky_corridor-q_learning-s11-160bee91c27a,11,q_learning,lethal,0.986,0.25,25000,25000,0,shelter,2,0
lethal_risky_corridor-q_learning-s11-160bee91c27a,11,q_learning,lethal,0.986,0.5,50000,50000,0,shelter,2,0
lethal_risky_corridor-q_learning-s11-160bee91c27a,11,q_learning,lethal,0.986,0.75,75000,75000,0,shelter,2,0
lethal_risky_corridor-q_learning-s11-160bee91c27a,11,q_learning,lethal,0.986,1,100000,100000,0,shelter,2,0
lethal_risky_corridor-q_learning-s11-458b0daf4888,11,q_learning,lethal,0.998,0.25,25000,25000,0,shelter,2,0
lethal_risky_corridor-q_learning-s11-458b0daf4888,11,q_learning,lethal,0.998,0.5,50000,50000,0,shelter,2,0
lethal_risky_corridor-q_learning-s11-458b0daf4888,11,q_learning,lethal,0.998,0.75,75000,75000,0,shelter,2,0
lethal_risky_corridor-q_learning-s11-458b0daf4888,11,q_learning,lethal,0.998,1,100000,100000,0,shelter,2,0
lethal_risky_corridor-q_learning-s11-52907eba47e6,11,q_learning,lethal,0.989,0.25,25000,25000,0,shelter,2,0
lethal_risky_corridor-q_learning-s11-52907eba47e6,11,q_learning,lethal,0.989,0.5,50000,50000,0,shelter,2,0
lethal_risky_corridor-q_learning-s11-52907eba47e6,11,q_learning,lethal,0.989,0.75,75000,75000,0,shelter,2,0
lethal_risky_corridor-q_learning-s11-52907eba47e6,11,q_learning,lethal,0.989,1,100000,100000,0,shelter,2,0
lethal_risky_corridor-q_learning-s11-751cd23c6bd4,11,q_learning,lethal,0.99,0.25,25000,25000,0,shelter,2,0
lethal_risky_corridor-q_learning-s11-751cd23c6bd4,11,q_learning,lethal,0.99,0.5,50000,50000,0,shelter,2,0
lethal_risky_corridor-q_learning-s11-751cd23c6bd4,11,q_learning,lethal,0.99,0.75,75000,75000,0,shelter,2,0
lethal_risky_corridor-q_learning-s11-751cd23c6bd4,11,q_learning,lethal,0.99,1,100000,100000,0,shelter,2,0
lethal_risky_corridor-q_learning-s11-85036938af9c,11,q_learning,lethal,0.9895,0.25,25000,25000,0,shelter,2,0
lethal_risky_corridor-q_learning-s11-85036938af9c,11,q_learning,lethal,0.9895,0.5,50000,50000,0,shelter,2,0
lethal_risky_corridor-q_learning-s11-85036938af9c,11,q_learning,lethal,0.9895,0.75,75000,75000,0,shelter,2,0
lethal_risky_corridor-q_learning-s11-85036938af9c,11,q_learning,lethal,0.9895,1,100000,100000,0,shelter,2,0
lethal_risky_corridor-q_learning-s11-8d97fbd0f51e,11,q_learning,lethal,0.992,0.25,25000,25000,0,shelter,2,0
lethal_risky_corridor-q_learning-s11-8d97fbd0f51e,11,q_learning,lethal,0.992,0.5,50000,50000,0,shelter,2,0
lethal_risky_corridor-q_learning-s11-8d97fbd0f51e,11,q_learning,lethal,0.992,0.75,75000,75000,0,shelter,2,0
lethal_risky_corridor-q_learning-s11-8d97fbd0f51e,11,q_learning,lethal,0.992,1,100000,100000,0,shelter,2,0
lethal_risky_corridor-q_learning-s11-8f58546ad332,11,q_learning,lethal,0.98,0.25,25000,25000,0,shelter,2,0
lethal_risky_corridor-q_learning-s11-8f58546ad332,11,q_learning,lethal,0.98,0.5,50000,50000,0,shelter,2,0
lethal_risky_corridor-q_learning-s11-8f58546ad332,11,q_learning,lethal,0.98,0.75,75000,75000,0,shelter,2,0
lethal_risky_corridor-q_learning-s11-8f58546ad332,11,q_learning,lethal,0.98,1,100000,100000,0,shelter,2,0
lethal_risky_corridor-q_learning-s11-986701ff5f19,11,q_learning,lethal,0.988,0.25,25000,25000,0,shelter,2,0
lethal_risky_corridor-q_learning-s11-986701ff5f19,11,q_learning,lethal,0.988,0.5,50000,50000,0,shelter,2,0
lethal_risky_corridor-q_learning-s11-986701ff5f19,11,q_learning,lethal,0.988,0.75,75000,75000,0,shelter,2,0
lethal_risky_corridor-q_learning-s11-986701ff5f19,11,q_learning,lethal,0.988,1,100000,100000,0,shelter,2,0
lethal_risky_corridor-q_learning-s11-9a9e558687d3,11,q_learning,lethal,0.97,0.25,25000,25000,0,shelter,2,0
lethal_risky_corridor-q_learning-s11-9a9e558687d3,11,q_learning,lethal,0.97,0.5,50000,50000,0,shelter,2,0
lethal_risky_corridor-q_learning-s11-9a9e558687d3,11,q_learning,lethal,0.97,0.75,75000,75000,0,shelter,2,0
lethal_risky_corridor-q_learning-s11-9a9e558687d3,11,q_learning,lethal,0.97,1,100000,100000,0,shelter,2,0
lethal_risky_corridor-q_learning-s11-a385c10634cb,11,q_learning,lethal,0.991,0.25,25000,25000,0,shelter,2,0
lethal_risky_corridor-q_learning-s11-a385c10634cb,11,q_learning,lethal,0.991,0.5,50000,50000,0,shelter,2,0
lethal_risky_corridor-q_learning-s11-a385c10634cb,11,q_learning,lethal,0.991,0.75,75000,75000,0,shelter,2,0
lethal_risky_corridor-q_learning-s11-a385c10634cb,11,q_learning,lethal,0.991,1,100000,100000,0,shelter,2,0
lethal_risky_corridor-q_learning-s11-b9675190391e,11,q_learning,lethal,1,0.25,25000,25000,0,corridor,1,1
lethal_risky_corridor-q_learning-s11-b9675190391e,11,q_learning,lethal,1,0.5,50000,50000,0,corridor,1,1
lethal_risky_corridor-q_learning-s11-b9675190391e,11,q_learning,lethal,1,0.75,75000,75000,0,corridor,1,1
lethal_risky_corridor-q_learning-s11-b9675190391e,11,q_learning,lethal,1,1,100000,100000,0,corridor,1,1
lethal_risky_corridor-q_learning-s11-cfc9db326976,11,q_learning,lethal,0.996,0.25,25000,25000,0,shelter,2,0
lethal_risky_corridor-q_learning-s11-cfc9db326976,11,q_learning,lethal,0.996,0.5,50000,50000,0,shelter,2,0
lethal_risky_corridor-q_learning-s11-cfc9db326976,11,q_learning,lethal,0.996,0.75,75000,75000,0,shelter,2,0
lethal_risky_corridor-q_learning-s11-cfc9db326976,11,q_learning,lethal,0.996,1,100000,100000,0,shelter,2,0
lethal_risky_corridor-q_learning-s12-004889e2fc52,12,q_learning,lethal,0.996,0.25,25000,25000,0,shelter,2,0
lethal_risky_corridor-q_learning-s12-004889e2fc52,12,q_learning,lethal,0.996,0.5,50000,50000,0,shelter,2,0
lethal_risky_corridor-q_learning-s12-004889e2fc52,12,q_learning,lethal,0.996,0.75,75000,75000,0,shelter,2,0
lethal_risky_corridor-q_learning-s12-004889e2fc52,12,q_learning,lethal,0.996,1,100000,100000,0,shelter,2,0
lethal_risky_corridor-q_learning-s12-17ab3d98e4fa,12,q_learning,lethal,0.991,0.25,25000,25000,0,shelter,2,0
lethal_risky_corridor-q_learning-s12-17ab3d98e4fa,12,q_learning,lethal,0.991,0.5,50000,50000,0,shelter,2,0
lethal_risky_corridor-q_learning-s12-17ab3d98e4fa,12,q_learning,lethal,0.991,0.75,75000,75000,0,shelter,2,0
lethal_risky_corridor-q_learning-s12-17ab3d98e4fa,12,q_learning,lethal,0.991,1,100000,100000,0,shelter,2,0
lethal_risky_corridor-q_learning-s12-17f86de214b1,12,q_learning,lethal,1,0.25,25000,25000,0,corridor,1,1
lethal_risky_corridor-q_learning-s12-17f86de214b1,12,q_learning,lethal,1,0.5,50000,50000,0,corridor,1,1
lethal_risky_corridor-q_learning-s12-17f86de214b1,12,q_learning,lethal,1,0.75,75000,75000,0,corridor,1,1
lethal_risky_corridor-q_learning-s12-17f86de214b1,12,q_learning,lethal,1,1,100000,100000,0,corridor,1,1
lethal_risky_corridor-q_learning-s12-664ab32c69ec,12,q_learning,lethal,0.99,0.25,25000,25000,0,shelter,2,0
lethal_risky_corridor-q_learning-s12-664ab32c69ec,12,q_learning,lethal,0.99,0.5,50000,50000,0,shelter,2,0
lethal_risky_corridor-q_learning-s12-664ab32c69ec,12,q_learning,lethal,0.99,0.75,75000,75000,0,shelter,2,0
lethal_risky_corridor-q_learning-s12-664ab32c69ec,12,q_learning,lethal,0.99,1,100000,100000,0,shelter,2,0
lethal_risky_corridor-q_learning-s12-781a7e4aa9a4,12,q_learning,lethal,0.9895,0.25,25000,25000,0,shelter,2,0
lethal_risky_corridor-q_learning-s12-781a7e4aa9a4,12,q_learning,lethal,0.9895,0.5,50000,50000,0,shelter,2,0
lethal_risky_corridor-q_learning-s12-781a7e4aa9a4,12,q_learning,lethal,0.9895,0.75,75000,75000,0,shelter,2,0
lethal_risky_corridor-q_learning-s12-781a7e4aa9a4,12,q_learning,lethal,0.9895,1,100000,100000,0,shelter,2,0
lethal_risky_corridor-q_learning-s12-7e4216fd4368,12,q_learning,lethal,0.988,0.25,25000,25000,0,shelter,2,0
lethal_risky_corridor-q_learning-s12-7e4216fd4368,12,q_learning,lethal,0.988,0.5,50000,50000,0,shelter,2,0
lethal_risky_corridor-q_learning-s12-7e4216fd4368,12,q_learning,lethal,0.988,0.75,75000,75000,0,shelter,2,0
lethal_risky_corridor-q_learning-s12-7e4216fd4368,12,q_learning,lethal,0.988,1,100000,100000,0,shelter,2,0
lethal_risky_corridor-q_learning-s12-8dedb8195913,12,q_learning,lethal,0.986,0.25,25000,25000,0,shelter,2,0
lethal_risky_corridor-q_learning-s12-8dedb8195913,12,q_learning,lethal,0.986,0.5,50000,50000,0,shelter,2,0
lethal_risky_corridor-q_learning-s12-8dedb8195913,12,q_learning,lethal,0.986,0.75,75000,75000,0,shelter,2,0
lethal_risky_corridor-q_learning-s12-8dedb8195913,12,q_learning,lethal,0.986,1,100000,100000,0,shelter,2,0
lethal_risky_corridor-q_learning-s12-a50939453a22,12,q_learning,lethal,0.984,0.25,25000,25000,0,shelter,2,0
lethal_risky_corridor-q_learning-s12-a50939453a22,12,q_learning,lethal,0.984,0.5,50000,50000,0,shelter,2,0
lethal_risky_corridor-q_learning-s12-a50939453a22,12,q_learning,lethal,0.984,0.75,75000,75000,0,shelter,2,0
lethal_risky_corridor-q_learning-s12-a50939453a22,12,q_learning,lethal,0.984,1,100000,100000,0,shelter,2,0
lethal_risky_corridor-q_learning-s12-a5252b35919e,12,q_learning,lethal,0.989,0.25,25000,25000,0,shelter,2,0
lethal_risky_corridor-q_learning-s12-a5252b35919e,12,q_learning,lethal,0.989,0.5,50000,50000,0,shelter,2,0
lethal_risky_corridor-q_learning-s12-a5252b35919e,12,q_learning,lethal,0.989,0.75,75000,75000,0,shelter,2,0
lethal_risky_corridor-q_learning-s12-a5252b35919e,12,q_learning,lethal,0.989,1,100000,100000,0,shelter,2,0
lethal_risky_corridor-q_learning-s12-c62c5330cd12,12,q_learning,lethal,0.994,0.25,25000,25000,0,shelter,2,0
lethal_risky_corridor-q_learning-s12-c62c5330cd12,12,q_learning,lethal,0.994,0.5,50000,50000,0,shelter,2,0
lethal_risky_corridor-q_learning-s12-c62c5330cd12,12,q_learning,lethal,0.994,0.75,75000,75000,0,shelter,2,0
lethal_risky_corridor-q_learning-s12-c62c5330cd12,12,q_learning,lethal,0.994,1,100000,100000,0,shelter,2,0
lethal_risky_corridor-q_learning-s12-d15fb0688da6,12,q_learning,lethal,0.97,0.25,25000,25000,0,shelter,2,0
lethal_risky_corridor-q_learning-s12-d15fb0688da6,12,q_learning,lethal,0.97,0.5,50000,50000,0,shelter,2,0
lethal_risky_corridor-q_learning-s12-d15fb0688da6,12,q_learning,lethal,0.97,0.75,75000,75000,0,shelter,2,0
lethal_risky_corridor-q_learning-s12-d15fb0688da6,12,q_learning,lethal,0.97,1,100000,100000,0,shelter,2,0
lethal_risky_corridor-q_learning-s12-f90f74a6ef14,12,q_learning,lethal,0.998,0.25,25000,25000,0,shelter,2,0
lethal_risky_corridor-q_learning-s12-f90f74a6ef14,12,q_learning,lethal,0.998,0.5,50000,50000,0,shelter,2,0
lethal_risky_corridor-q_learning-s12-f90f74a6ef14,12,q_learning,lethal,0.998,0.75,75000,75000,0,shelter,2,0
lethal_risky_corridor-q_learning-s12-f90f74a6ef14,12,q_learning,lethal,0.998,1,100000,100000,0,shelter,2,0
lethal_risky_corridor-q_learning-s12-fcf2081f6793,12,q_learning,lethal,0.98,0.25,25000,25000,0,shelter,2,0
lethal_risky_corridor-q_learning-s12-fcf2081f6793,12,q_learning,lethal,0.98,0.5,50000,50000,0,shelter,2,0
lethal_risky_corridor-q_learning-s12-fcf2081f6793,12,q_learning,lethal,0.98,0.75,75000,75000,0,shelter,2,0
lethal_risky_corridor-q_learning-s12-fcf2081f6793,12,q_learning,lethal,0.98,1,100000,100000,0,shelter,2,0
lethal_risky_corridor-q_learning-s12-fe3d8190003f,12,q_learning,lethal,0.992,0.25,25000,25000,0,shelter,2,0
lethal_risky_corridor-q_learning-s12-fe3d8190003f,12,q_learning,lethal,0.992,0.5,50000,50000,0,corridor,1,1
lethal_risky_corridor-q_learning-s12-fe3d8190003f,12,q_learning,lethal,0.992,0.75,75000,75000,0,shelter,2,0
lethal_risky_corridor-q_learning-s12-fe3d8190003f,12,q_learning,lethal,0.992,1,100000,100000,0,shelter,2,0
lethal_risky_corridor-q_learning-s13-0bfdc3e75edd,13,q_learning,lethal,0.991,0.25,25000,25000,0,shelter,2,0
lethal_risky_corridor-q_learning-s13-0bfdc3e75edd,13,q_learning,lethal,0.991,0.5,50000,50000,0,shelter,2,0
lethal_risky_corridor-q_learning-s13-0bfdc3e75edd,13,q_learning,lethal,0.991,0.75,75000,75000,0,shelter,2,0
lethal_risky_corridor-q_learning-s13-0bfdc3e75edd,13,q_learning,lethal,0.991,1,100000,100000,0,shelter,2,0
lethal_risky_corridor-q_learning-s13-1bdba626569c,13,q_learning,lethal,1,0.25,25000,25000,0,corridor,1,1
lethal_risky_corridor-q_learning-s13-1bdba626569c,13,q_learning,lethal,1,0.5,50000,50000,0,corridor,1,1
lethal_risky_corridor-q_learning-s13-1bdba626569c,13,q_learning,lethal,1,0.75,75000,75000,0,corridor,1,1
lethal_risky_corridor-q_learning-s13-1bdba626569c,13,q_learning,lethal,1,1,100000,100000,0,corridor,1,1
lethal_risky_corridor-q_learning-s13-1eeb9e732b0d,13,q_learning,lethal,0.97,0.25,25000,25000,0,shelter,2,0
lethal_risky_corridor-q_learning-s13-1eeb9e732b0d,13,q_learning,lethal,0.97,0.5,50000,50000,0,shelter,2,0
lethal_risky_corridor-q_learning-s13-1eeb9e732b0d,13,q_learning,lethal,0.97,0.75,75000,75000,0,shelter,2,0
lethal_risky_corridor-q_learning-s13-1eeb9e732b0d,13,q_learning,lethal,0.97,1,100000,100000,0,shelter,2,0
lethal_risky_corridor-q_learning-s13-4a2241761316,13,q_learning,lethal,0.9895,0.25,25000,25000,0,shelter,2,0
lethal_risky_corridor-q_learning-s13-4a2241761316,13,q_learning,lethal,0.9895,0.5,50000,50000,0,shelter,2,0
lethal_risky_corridor-q_learning-s13-4a2241761316,13,q_learning,lethal,0.9895,0.75,75000,75000,0,shelter,2,0
lethal_risky_corridor-q_learning-s13-4a2241761316,13,q_learning,lethal,0.9895,1,100000,100000,0,shelter,2,0
lethal_risky_corridor-q_learning-s13-609a8b276a7f,13,q_learning,lethal,0.989,0.25,25000,25000,0,shelter,2,0
lethal_risky_corridor-q_learning-s13-609a8b276a7f,13,q_learning,lethal,0.989,0.5,50000,50000,0,shelter,2,0
lethal_risky_corridor-q_learning-s13-609a8b276a7f,13,q_learning,lethal,0.989,0.75,75000,75000,0,shelter,2,0
lethal_risky_corridor-q_learning-s13-609a8b276a7f,13,q_learning,lethal,0.989,1,100000,100000,0,shelter,2,0
lethal_risky_corridor-q_learning-s13-744cac271866,13,q_learning,lethal,0.98,0.25,25000,25000,0,shelter,2,0
lethal_risky_corridor-q_learning-s13-744cac271866,13,q_learning,lethal,0.98,0.5,50000,50000,0,shelter,2,0
lethal_risky_corridor-q_learning-s13-744cac271866,13,q_learning,lethal,0.98,0.75,75000,75000,0,shelter,2,0
lethal_risky_corridor-q_learning-s13-744cac271866,13,q_learning,lethal,0.98,1,100000,100000,0,shelter,2,0
lethal_risky_corridor-q_learning-s13-78d5e9eac6ef,13,q_learning,lethal,0.988,0.25,25000,25000,0,shelter,2,0
lethal_risky_corridor-q_learning-s13-78d5e9eac6ef,13,q_learning,lethal,0.988,0.5,50000,50000,0,shelter,2,0
lethal_risky_corridor-q_learning-s13-78d5e9eac6ef,13,q_learning,lethal,0.988,0.75,75000,75000,0,shelter,2,0
lethal_risky_corridor-q_learning-s13-78d5e9eac6ef,13,q_learning,lethal,0.988,1,100000,100000,0,shelter,2,0
lethal_risky_corridor-q_learning-s13-7ce6e9f06e5a,13,q_learning,lethal,0.986,0.25,25000,25000,0,shelter,2,0
lethal_risky_corridor-q_learning-s13-7ce6e9f06e5a,13,q_learning,lethal,0.986,0.5,50000,50000,0,shelter,2,0
lethal_risky_corridor-q_learning-s13-7ce6e9f06e5a,13,q_learning,lethal,0.986,0.75,75000,75000,0,shelter,2,0
lethal_risky_corridor-q_learning-s13-7ce6e9f06e5a,13,q_learning,lethal,0.986,1,100000,100000,0,shelter,2,0
lethal_risky_corridor-q_learning-s13-86d40cb3aaf4,13,q_learning,lethal,0.99,0.25,25000,25000,0,shelter,2,0
lethal_risky_corridor-q_learning-s13-86d40cb3aaf4,13,q_learning,lethal,0.99,0.5,50000,50000,0,shelter,2,0
lethal_risky_corridor-q_learning-s13-86d40cb3aaf4,13,q_learning,lethal,0.99,0.75,75000,75000,0,shelter,2,0
lethal_risky_corridor-q_learning-s13-86d40cb3aaf4,13,q_learning,lethal,0.99,1,100000,100000,0,shelter,2,0
lethal_risky_corridor-q_learning-s13-8777f90c7dc9,13,q_learning,lethal,0.994,0.25,25000,25000,0,shelter,2,0
lethal_risky_corridor-q_learning-s13-8777f90c7dc9,13,q_learning,lethal,0.994,0.5,50000,50000,0,shelter,2,0
lethal_risky_corridor-q_learning-s13-8777f90c7dc9,13,q_learning,lethal,0.994,0.75,75000,75000,0,shelter,2,0
lethal_risky_corridor-q_learning-s13-8777f90c7dc9,13,q_learning,lethal,0.994,1,100000,100000,0,shelter,2,0
lethal_risky_corridor-q_learning-s13-a096837010d5,13,q_learning,lethal,0.992,0.25,25000,25000,0,shelter,2,0
lethal_risky_corridor-q_learning-s13-a096837010d5,13,q_learning,lethal,0.992,0.5,50000,50000,0,shelter,2,0
lethal_risky_corridor-q_learning-s13-a096837010d5,13,q_learning,lethal,0.992,0.75,75000,75000,0,shelter,2,0
lethal_risky_corridor-q_learning-s13-a096837010d5,13,q_learning,lethal,0.992,1,100000,100000,0,shelter,2,0
lethal_risky_corridor-q_learning-s13-d08ff15e8c70,13,q_learning,lethal,0.998,0.25,25000,25000,0,corridor,1,1
lethal_risky_corridor-q_learning-s13-d08ff15e8c70,13,q_learning,lethal,0.998,0.5,50000,50000,0,shelter,2,0
lethal_risky_corridor-q_learning-s13-d08ff15e8c70,13,q_learning,lethal,0.998,0.75,75000,75000,0,shelter,2,0
lethal_risky_corridor-q_learning-s13-d08ff15e8c70,13,q_learning,lethal,0.998,1,100000,100000,0,shelter,2,0
lethal_risky_corridor-q_learning-s13-d5cc670b0c74,13,q_learning,lethal,0.984,0.25,25000,25000,0,shelter,2,0
lethal_risky_corridor-q_learning-s13-d5cc670b0c74,13,q_learning,lethal,0.984,0.5,50000,50000,0,shelter,2,0
lethal_risky_corridor-q_learning-s13-d5cc670b0c74,13,q_learning,lethal,0.984,0.75,75000,75000,0,shelter,2,0
lethal_risky_corridor-q_learning-s13-d5cc670b0c74,13,q_learning,lethal,0.984,1,100000,100000,0,shelter,2,0
lethal_risky_corridor-q_learning-s13-eb97294dec4e,13,q_learning,lethal,0.996,0.25,25000,25000,0,shelter,2,0
lethal_risky_corridor-q_learning-s13-eb97294dec4e,13,q_learning,lethal,0.996,0.5,50000,50000,0,shelter,2,0
lethal_risky_corridor-q_learning-s13-eb97294dec4e,13,q_learning,lethal,0.996,0.75,75000,75000,0,shelter,2,0
lethal_risky_corridor-q_learning-s13-eb97294dec4e,13,q_learning,lethal,0.996,1,100000,100000,0,shelter,2,0
lethal_risky_corridor-q_learning-s14-004141782792,14,q_learning,lethal,0.992,0.25,25000,25000,0,shelter,2,0
lethal_risky_corridor-q_learning-s14-004141782792,14,q_learning,lethal,0.992,0.5,50000,50000,0,shelter,2,0
lethal_risky_corridor-q_learning-s14-004141782792,14,q_learning,lethal,0.992,0.75,75000,75000,0,shelter,2,0
lethal_risky_corridor-q_learning-s14-004141782792,14,q_learning,lethal,0.992,1,100000,100000,0,shelter,2,0
lethal_risky_corridor-q_learning-s14-1c3a1e93860e,14,q_learning,lethal,0.994,0.25,25000,25000,0,shelter,2,0
lethal_risky_corridor-q_learning-s14-1c3a1e93860e,14,q_learning,lethal,0.994,0.5,50000,50000,0,shelter,2,0
lethal_risky_corridor-q_learning-s14-1c3a1e93860e,14,q_learning,lethal,0.994,0.75,75000,75000,0,shelter,2,0
lethal_risky_corridor-q_learning-s14-1c3a1e93860e,14,q_learning,lethal,0.994,1,100000,100000,0,shelter,2,0
lethal_risky_corridor-q_learning-s14-25bf06fe505a,14,q_learning,lethal,0.984,0.25,25000,25000,0,shelter,2,0
lethal_risky_corridor-q_learning-s14-25bf06fe505a,14,q_learning,lethal,0.984,0.5,50000,50000,0,shelter,2,0
lethal_risky_corridor-q_learning-s14-25bf06fe505a,14,q_learning,lethal,0.984,0.75,75000,75000,0,shelter,2,0
lethal_risky_corridor-q_learning-s14-25bf06fe505a,14,q_learning,lethal,0.984,1,100000,100000,0,shelter,2,0
lethal_risky_corridor-q_learning-s14-47aaf1b4922a,14,q_learning,lethal,0.9895,0.25,25000,25000,0,shelter,2,0
lethal_risky_corridor-q_learning-s14-47aaf1b4922a,14,q_learning,lethal,0.9895,0.5,50000,50000,0,shelter,2,0
lethal_risky_corridor-q_learning-s14-47aaf1b4922a,14,q_learning,lethal,0.9895,0.75,75000,75000,0,shelter,2,0
lethal_risky_corridor-q_learning-s14-47aaf1b4922a,14,q_learning,lethal,0.9895,1,100000,100000,0,shelter,2,0
lethal_risky_corridor-q_learning-s14-5a3ac3f0396c,14,q_learning,lethal,0.989,0.25,25000,25000,0,shelter,2,0
lethal_risky_corridor-q_learning-s14-5a3ac3f0396c,14,q_learning,lethal,0.989,0.5,50000,50000,0,shelter,2,0
lethal_risky_corridor-q_learning-s14-5a3ac3f0396c,14,q_learning,lethal,0.989,0.75,75000,75000,0,shelter,2,0
lethal_risky_corridor-q_learning-s14-5a3ac3f0396c,14,q_learning,lethal,0.989,1,100000,100000,0,shelter,2,0
lethal_risky_corridor-q_learning-s14-5f5c928247b5,14,q_learning,lethal,0.988,0.25,25000,25000,0,shelter,2,0
lethal_risky_corridor-q_learning-s14-5f5c928247b5,14,q_learning,lethal,0.988,0.5,50000,50000,0,shelter,2,0
lethal_risky_corridor-q_learning-s14-5f5c928247b5,14,q_learning,lethal,0.988,0.75,75000,75000,0,shelter,2,0
lethal_risky_corridor-q_learning-s14-5f5c928247b5,14,q_learning,lethal,0.988,1,100000,100000,0,shelter,2,0
lethal_risky_corridor-q_learning-s14-67c43ad8f287,14,q_learning,lethal,0.99,0.25,25000,25000,0,shelter,2,0
lethal_risky_corridor-q_learning-s14-67c43ad8f287,14,q_learning,lethal,0.99,0.5,50000,50000,0,shelter,2,0
lethal_risky_corridor-q_learning-s14-67c43ad8f287,14,q_learning,lethal,0.99,0.75,75000,75000,0,shelter,2,0
lethal_risky_corridor-q_learning-s14-67c43ad8f287,14,q_learning,lethal,0.99,1,100000,100000,0,shelter,2,0
lethal_risky_corridor-q_learning-s14-87ca6c73cc85,14,q_learning,lethal,0.991,0.25,25000,25000,0,shelter,2,0
lethal_risky_corridor-q_learning-s14-87ca6c73cc85,14,q_learning,lethal,0.991,0.5,50000,50000,0,shelter,2,0
lethal_risky_corridor-q_learning-s14-87ca6c73cc85,14,q_learning,lethal,0.991,0.75,75000,75000,0,shelter,2,0
lethal_risky_corridor-q_learning-s14-87ca6c73cc85,14,q_learning,lethal,0.991,1,100000,100000,0,shelter,2,0
lethal_risky_corridor-q_learning-s14-9128a3f5fe67,14,q_learning,lethal,0.97,0.25,25000,25000,0,shelter,2,0
lethal_risky_corridor-q_learning-s14-9128a3f5fe67,14,q_learning,lethal,0.97,0.5,50000,50000,0,shelter,2,0
lethal_risky_corridor-q_learning-s14-9128a3f5fe67,14,q_learning,lethal,0.97,0.75,75000,75000,0,shelter,2,0
lethal_risky_corridor-q_learning-s14-9128a3f5fe67,14,q_learning,lethal,0.97,1,100000,100000,0,shelter,2,0
lethal_risky_corridor-q_learning-s14-9a298c079c8e,14,q_learning,lethal,0.98,0.25,25000,25000,0,shelter,2,0
lethal_risky_corridor-q_learning-s14-9a298c079c8e,14,q_learning,lethal,0.98,0.5,50000,50000,0,shelter,2,0
lethal_risky_corridor-q_learning-s14-9a298c079c8e,14,q_learning,lethal,0.98,0.75,75000,75000,0,shelter,2,0
lethal_risky_corridor-q_learning-s14-9a298c079c8e,14,q_learning,lethal,0.98,1,100000,100000,0,shelter,2,0
lethal_risky_corridor-q_learning-s14-b66381d758c5,14,q_learning,lethal,0.998,0.25,25000,25000,0,shelter,2,0
lethal_risky_corridor-q_learning-s14-b66381d758c5,14,q_learning,lethal,0.998,0.5,50000,50000,0,shelter,2,0
lethal_risky_corridor-q_learning-s14-b66381d758c5,14,q_learning,lethal,0.998,0.75,75000,75000,0,shelter,2,0
lethal_risky_corridor-q_learning-s14-b66381d758c5,14,q_learning,lethal,0.998,1,100000,100000,0,shelter,2,0
lethal_risky_corridor-q_learning-s14-bf5556554d9e,14,q_learning,lethal,0.996,0.25,25000,25000,0,shelter,2,0
lethal_risky_corridor-q_learning-s14-bf5556554d9e,14,q_learning,lethal,0.996,0.5,50000,50000,0,shelter,2,0
lethal_risky_corridor-q_learning-s14-bf5556554d9e,14,q_learning,lethal,0.996,0.75,75000,75000,0,shelter,2,0
lethal_risky_corridor-q_learning-s14-bf5556554d9e,14,q_learning,lethal,0.996,1,100000,100000,0,shelter,2,0
lethal_risky_corridor-q_learning-s14-dcd1a1afeee7,14,q_learning,lethal,0.986,0.25,25000,25000,0,shelter,2,0
lethal_risky_corridor-q_learning-s14-dcd1a1afeee7,14,q_learning,lethal,0.986,0.5,50000,50000,0,shelter,2,0
lethal_risky_corridor-q_learning-s14-dcd1a1afeee7,14,q_learning,lethal,0.986,0.75,75000,75000,0,shelter,2,0
lethal_risky_corridor-q_learning-s14-dcd1a1afeee7,14,q_learning,lethal,0.986,1,100000,100000,0,shelter,2,0
lethal_risky_corridor-q_learning-s14-e826df0bcec5,14,q_learning,lethal,1,0.25,25000,25000,0,corridor,1,1
lethal_risky_corridor-q_learning-s14-e826df0bcec5,14,q_learning,lethal,1,0.5,50000,50000,0,corridor,1,1
lethal_risky_corridor-q_learning-s14-e826df0bcec5,14,q_learning,lethal,1,0.75,75000,75000,0,corridor,1,1
lethal_risky_corridor-q_learning-s14-e826df0bcec5,14,q_learning,lethal,1,1,100000,100000,0,corridor,1,1
lethal_risky_corridor-q_learning-s15-0c468c6d56fc,15,q_learning,lethal,0.9895,0.25,25000,25000,0,shelter,2,0
lethal_risky_corridor-q_learning-s15-0c468c6d56fc,15,q_learning,lethal,0.9895,0.5,50000,50000,0,shelter,2,0
lethal_risky_corridor-q_learning-s15-0c468c6d56fc,15,q_learning,lethal,0.9895,0.75,75000,75000,0,shelter,2,0
lethal_risky_corridor-q_learning-s15-0c468c6d56fc,15,q_learning,lethal,0.9895,1,100000,100000,0,shelter,2,0
lethal_risky_corridor-q_learning-s15-203bde3535e4,15,q_learning,lethal,0.984,0.25,25000,25000,0,shelter,2,0
lethal_risky_corridor-q_learning-s15-203bde3535e4,15,q_learning,lethal,0.984,0.5,50000,50000,0,shelter,2,0
lethal_risky_corridor-q_learning-s15-203bde3535e4,15,q_learning,lethal,0.984,0.75,75000,75000,0,shelter,2,0
lethal_risky_corridor-q_learning-s15-203bde3535e4,15,q_learning,lethal,0.984,1,100000,100000,0,shelter,2,0
lethal_risky_corridor-q_learning-s15-3c84ad5763fa,15,q_learning,lethal,0.994,0.25,25000,25000,0,shelter,2,0
lethal_risky_corridor-q_learning-s15-3c84ad5763fa,15,q_learning,lethal,0.994,0.5,50000,50000,0,shelter,2,0
lethal_risky_corridor-q_learning-s15-3c84ad5763fa,15,q_learning,lethal,0.994,0.75,75000,75000,0,shelter,2,0
lethal_risky_corridor-q_learning-s15-3c84ad5763fa,15,q_learning,lethal,0.994,1,100000,100000,0,shelter,2,0
lethal_risky_corridor-q_learning-s15-4be9db6687e1,15,q_learning,lethal,0.998,0.25,25000,25000,0,shelter,2,0
lethal_risky_corridor-q_learning-s15-4be9db6687e1,15,q_learning,lethal,0.998,0.5,50000,50000,0,corridor,1,1
lethal_risky_corridor-q_learning-s15-4be9db6687e1,15,q_learning,lethal,0.998,0.75,75000,75000,0,corridor,1,1
lethal_risky_corridor-q_learning-s15-4be9db6687e1,15,q_learning,lethal,0.998,1,100000,100000,0,corridor,1,1
lethal_risky_corridor-q_learning-s15-58c4d3356588,15,q_learning,lethal,0.99,0.25,25000,25000,0,shelter,2,0
lethal_risky_corridor-q_learning-s15-58c4d3356588,15,q_learning,lethal,0.99,0.5,50000,50000,0,shelter,2,0
lethal_risky_corridor-q_learning-s15-58c4d3356588,15,q_learning,lethal,0.99,0.75,75000,75000,0,shelter,2,0
lethal_risky_corridor-q_learning-s15-58c4d3356588,15,q_learning,lethal,0.99,1,100000,100000,0,shelter,2,0
lethal_risky_corridor-q_learning-s15-8e70d5453164,15,q_learning,lethal,0.989,0.25,25000,25000,0,shelter,2,0
lethal_risky_corridor-q_learning-s15-8e70d5453164,15,q_learning,lethal,0.989,0.5,50000,50000,0,shelter,2,0
lethal_risky_corridor-q_learning-s15-8e70d5453164,15,q_learning,lethal,0.989,0.75,75000,75000,0,shelter,2,0
lethal_risky_corridor-q_learning-s15-8e70d5453164,15,q_learning,lethal,0.989,1,100000,100000,0,shelter,2,0
lethal_risky_corridor-q_learning-s15-91fef8abe65f,15,q_learning,lethal,0.991,0.25,25000,25000,0,shelter,2,0
lethal_risky_corridor-q_learning-s15-91fef8abe65f,15,q_learning,lethal,0.991,0.5,50000,50000,0,shelter,2,0
lethal_risky_corridor-q_learning-s15-91fef8abe65f,15,q_learning,lethal,0.991,0.75,75000,75000,0,shelter,2,0
lethal_risky_corridor-q_learning-s15-91fef8abe65f,15,q_learning,lethal,0.991,1,100000,100000,0,shelter,2,0
lethal_risky_corridor-q_learning-s15-9e13cbffff7a,15,q_learning,lethal,0.996,0.25,25000,25000,0,shelter,2,0
lethal_risky_corridor-q_learning-s15-9e13cbffff7a,15,q_learning,lethal,0.996,0.5,50000,50000,0,shelter,2,0
lethal_risky_corridor-q_learning-s15-9e13cbffff7a,15,q_learning,lethal,0.996,0.75,75000,75000,0,shelter,2,0
lethal_risky_corridor-q_learning-s15-9e13cbffff7a,15,q_learning,lethal,0.996,1,100000,100000,0,shelter,2,0
lethal_risky_corridor-q_learning-s15-a83eabd00898,15,q_learning,lethal,0.988,0.25,25000,25000,0,shelter,2,0
lethal_risky_corridor-q_learning-s15-a83eabd00898,15,q_learning,lethal,0.988,0.5,50000,50000,0,shelter,2,0
lethal_risky_corridor-q_learning-s15-a83eabd00898,15,q_learning,lethal,0.988,0.75,75000,75000,0,shelter,2,0
lethal_risky_corridor-q_learning-s15-a83eabd00898,15,q_learning,lethal,0.988,1,100000,100000,0,shelter,2,0
lethal_risky_corridor-q_learning-s15-b05dadd45462,15,q_learning,lethal,0.992,0.25,25000,25000,0,shelter,2,0
lethal_risky_corridor-q_learning-s15-b05dadd45462,15,q_learning,lethal,0.992,0.5,50000,50000,0,shelter,2,0
lethal_risky_corridor-q_learning-s15-b05dadd45462,15,q_learning,lethal,0.992,0.75,75000,75000,0,shelter,2,0
lethal_risky_corridor-q_learning-s15-b05dadd45462,15,q_learning,lethal,0.992,1,100000,100000,0,shelter,2,0
lethal_risky_corridor-q_learning-s15-cb1fec1646af,15,q_learning,lethal,0.986,0.25,25000,25000,0,shelter,2,0
lethal_risky_corridor-q_learning-s15-cb1fec1646af,15,q_learning,lethal,0.986,0.5,50000,50000,0,shelter,2,0
lethal_risky_corridor-q_learning-s15-cb1fec1646af,15,q_learning,lethal,0.986,0.75,75000,75000,0,shelter,2,0
lethal_risky_corridor-q_learning-s15-cb1fec1646af,15,q_learning,lethal,0.986,1,100000,100000,0,shelter,2,0
lethal_risky_corridor-q_learning-s15-cf259b88c616,15,q_learning,lethal,0.98,0.25,25000,25000,0,shelter,2,0
lethal_risky_corridor-q_learning-s15-cf259b88c616,15,q_learning,lethal,0.98,0.5,50000,50000,0,shelter,2,0
lethal_risky_corridor-q_learning-s15-cf259b88c616,15,q_learning,lethal,0.98,0.75,75000,75000,0,shelter,2,0
lethal_risky_corridor-q_learning-s15-cf259b88c616,15,q_learning,lethal,0.98,1,100000,100000,0,shelter,2,0
lethal_risky_corridor-q_learning-s15-f6529ab1cdbd,15,q_learning,lethal,0.97,0.25,25000,25000,0,shelter,2,0
lethal_risky_corridor-q_learning-s15-f6529ab1cdbd,15,q_learning,lethal,0.97,0.5,50000,50000,0,shelter,2,0
lethal_risky_corridor-q_learning-s15-f6529ab1cdbd,15,q_learning,lethal,0.97,0.75,75000,75000,0,shelter,2,0
lethal_risky_corridor-q_learning-s15-f6529ab1cdbd,15,q_learning,lethal,0.97,1,100000,100000,0,shelter,2,0
lethal_risky_corridor-q_learning-s15-f66cd65fc81c,15,q_learning,lethal,1,0.25,25000,25000,0,corridor,1,1
lethal_risky_corridor-q_learning-s15-f66cd65fc81c,15,q_learning,lethal,1,0.5,50000,50000,0,corridor,1,1
lethal_risky_corridor-q_learning-s15-f66cd65fc81c,15,q_learning,lethal,1,0.75,75000,75000,0,corridor,1,1
lethal_risky_corridor-q_learning-s15-f66cd65fc81c,15,q_learning,lethal,1,1,100000,100000,0,corridor,1,1
lethal_risky_corridor-q_learning-s16-02c6adab89d2,16,q_learning,lethal,0.98,0.25,25000,25000,0,shelter,2,0
lethal_risky_corridor-q_learning-s16-02c6adab89d2,16,q_learning,lethal,0.98,0.5,50000,50000,0,shelter,2,0
lethal_risky_corridor-q_learning-s16-02c6adab89d2,16,q_learning,lethal,0.98,0.75,75000,75000,0,shelter,2,0
lethal_risky_corridor-q_learning-s16-02c6adab89d2,16,q_learning,lethal,0.98,1,100000,100000,0,shelter,2,0
lethal_risky_corridor-q_learning-s16-22aa50b28dde,16,q_learning,lethal,0.984,0.25,25000,25000,0,shelter,2,0
lethal_risky_corridor-q_learning-s16-22aa50b28dde,16,q_learning,lethal,0.984,0.5,50000,50000,0,shelter,2,0
lethal_risky_corridor-q_learning-s16-22aa50b28dde,16,q_learning,lethal,0.984,0.75,75000,75000,0,shelter,2,0
lethal_risky_corridor-q_learning-s16-22aa50b28dde,16,q_learning,lethal,0.984,1,100000,100000,0,shelter,2,0
lethal_risky_corridor-q_learning-s16-245f0dad2bdf,16,q_learning,lethal,0.989,0.25,25000,25000,0,shelter,2,0
lethal_risky_corridor-q_learning-s16-245f0dad2bdf,16,q_learning,lethal,0.989,0.5,50000,50000,0,shelter,2,0
lethal_risky_corridor-q_learning-s16-245f0dad2bdf,16,q_learning,lethal,0.989,0.75,75000,75000,0,shelter,2,0
lethal_risky_corridor-q_learning-s16-245f0dad2bdf,16,q_learning,lethal,0.989,1,100000,100000,0,shelter,2,0
lethal_risky_corridor-q_learning-s16-4c278d188e23,16,q_learning,lethal,0.996,0.25,25000,25000,0,shelter,2,0
lethal_risky_corridor-q_learning-s16-4c278d188e23,16,q_learning,lethal,0.996,0.5,50000,50000,0,shelter,2,0
lethal_risky_corridor-q_learning-s16-4c278d188e23,16,q_learning,lethal,0.996,0.75,75000,75000,0,shelter,2,0
lethal_risky_corridor-q_learning-s16-4c278d188e23,16,q_learning,lethal,0.996,1,100000,100000,0,shelter,2,0
lethal_risky_corridor-q_learning-s16-8f80c8036ff2,16,q_learning,lethal,0.99,0.25,25000,25000,0,shelter,2,0
lethal_risky_corridor-q_learning-s16-8f80c8036ff2,16,q_learning,lethal,0.99,0.5,50000,50000,0,shelter,2,0
lethal_risky_corridor-q_learning-s16-8f80c8036ff2,16,q_learning,lethal,0.99,0.75,75000,75000,0,shelter,2,0
lethal_risky_corridor-q_learning-s16-8f80c8036ff2,16,q_learning,lethal,0.99,1,100000,100000,0,shelter,2,0
lethal_risky_corridor-q_learning-s16-abfa68b5ad9a,16,q_learning,lethal,0.998,0.25,25000,25000,0,corridor,1,1
lethal_risky_corridor-q_learning-s16-abfa68b5ad9a,16,q_learning,lethal,0.998,0.5,50000,50000,0,shelter,2,0
lethal_risky_corridor-q_learning-s16-abfa68b5ad9a,16,q_learning,lethal,0.998,0.75,75000,75000,0,shelter,2,0
lethal_risky_corridor-q_learning-s16-abfa68b5ad9a,16,q_learning,lethal,0.998,1,100000,100000,0,shelter,2,0
lethal_risky_corridor-q_learning-s16-ae441d71602b,16,q_learning,lethal,0.994,0.25,25000,25000,0,shelter,2,0
lethal_risky_corridor-q_learning-s16-ae441d71602b,16,q_learning,lethal,0.994,0.5,50000,50000,0,shelter,2,0
lethal_risky_corridor-q_learning-s16-ae441d71602b,16,q_learning,lethal,0.994,0.75,75000,75000,0,shelter,2,0
lethal_risky_corridor-q_learning-s16-ae441d71602b,16,q_learning,lethal,0.994,1,100000,100000,0,shelter,2,0
lethal_risky_corridor-q_learning-s16-af9efee88dad,16,q_learning,lethal,1,0.25,25000,25000,0,corridor,1,1
lethal_risky_corridor-q_learning-s16-af9efee88dad,16,q_learning,lethal,1,0.5,50000,50000,0,corridor,1,1
lethal_risky_corridor-q_learning-s16-af9efee88dad,16,q_learning,lethal,1,0.75,75000,75000,0,corridor,1,1
lethal_risky_corridor-q_learning-s16-af9efee88dad,16,q_learning,lethal,1,1,100000,100000,0,corridor,1,1
lethal_risky_corridor-q_learning-s16-b17b6809555a,16,q_learning,lethal,0.991,0.25,25000,25000,0,shelter,2,0
lethal_risky_corridor-q_learning-s16-b17b6809555a,16,q_learning,lethal,0.991,0.5,50000,50000,0,shelter,2,0
lethal_risky_corridor-q_learning-s16-b17b6809555a,16,q_learning,lethal,0.991,0.75,75000,75000,0,shelter,2,0
lethal_risky_corridor-q_learning-s16-b17b6809555a,16,q_learning,lethal,0.991,1,100000,100000,0,shelter,2,0
lethal_risky_corridor-q_learning-s16-c6af67e01c2b,16,q_learning,lethal,0.9895,0.25,25000,25000,0,shelter,2,0
lethal_risky_corridor-q_learning-s16-c6af67e01c2b,16,q_learning,lethal,0.9895,0.5,50000,50000,0,shelter,2,0
lethal_risky_corridor-q_learning-s16-c6af67e01c2b,16,q_learning,lethal,0.9895,0.75,75000,75000,0,shelter,2,0
lethal_risky_corridor-q_learning-s16-c6af67e01c2b,16,q_learning,lethal,0.9895,1,100000,100000,0,shelter,2,0
lethal_risky_corridor-q_learning-s16-c725ae8edd98,16,q_learning,lethal,0.986,0.25,25000,25000,0,shelter,2,0
lethal_risky_corridor-q_learning-s16-c725ae8edd98,16,q_learning,lethal,0.986,0.5,50000,50000,0,shelter,2,0
lethal_risky_corridor-q_learning-s16-c725ae8edd98,16,q_learning,lethal,0.986,0.75,75000,75000,0,shelter,2,0
lethal_risky_corridor-q_learning-s16-c725ae8edd98,16,q_learning,lethal,0.986,1,100000,100000,0,shelter,2,0
lethal_risky_corridor-q_learning-s16-dd9577509554,16,q_learning,lethal,0.992,0.25,25000,25000,0,shelter,2,0
lethal_risky_corridor-q_learning-s16-dd9577509554,16,q_learning,lethal,0.992,0.5,50000,50000,0,shelter,2,0
lethal_risky_corridor-q_learning-s16-dd9577509554,16,q_learning,lethal,0.992,0.75,75000,75000,0,shelter,2,0
lethal_risky_corridor-q_learning-s16-dd9577509554,16,q_learning,lethal,0.992,1,100000,100000,0,shelter,2,0
lethal_risky_corridor-q_learning-s16-f1c047835b7e,16,q_learning,lethal,0.97,0.25,25000,25000,0,shelter,2,0
lethal_risky_corridor-q_learning-s16-f1c047835b7e,16,q_learning,lethal,0.97,0.5,50000,50000,0,shelter,2,0
lethal_risky_corridor-q_learning-s16-f1c047835b7e,16,q_learning,lethal,0.97,0.75,75000,75000,0,shelter,2,0
lethal_risky_corridor-q_learning-s16-f1c047835b7e,16,q_learning,lethal,0.97,1,100000,100000,0,shelter,2,0
lethal_risky_corridor-q_learning-s16-ff46b880ac5d,16,q_learning,lethal,0.988,0.25,25000,25000,0,shelter,2,0
lethal_risky_corridor-q_learning-s16-ff46b880ac5d,16,q_learning,lethal,0.988,0.5,50000,50000,0,shelter,2,0
lethal_risky_corridor-q_learning-s16-ff46b880ac5d,16,q_learning,lethal,0.988,0.75,75000,75000,0,shelter,2,0
lethal_risky_corridor-q_learning-s16-ff46b880ac5d,16,q_learning,lethal,0.988,1,100000,100000,0,shelter,2,0
lethal_risky_corridor-q_learning-s17-1dd45403e2ff,17,q_learning,lethal,0.992,0.25,25000,25000,0,shelter,2,0
lethal_risky_corridor-q_learning-s17-1dd45403e2ff,17,q_learning,lethal,0.992,0.5,50000,50000,0,shelter,2,0
lethal_risky_corridor-q_learning-s17-1dd45403e2ff,17,q_learning,lethal,0.992,0.75,75000,75000,0,shelter,2,0
lethal_risky_corridor-q_learning-s17-1dd45403e2ff,17,q_learning,lethal,0.992,1,100000,100000,0,shelter,2,0
lethal_risky_corridor-q_learning-s17-223c7cba52ba,17,q_learning,lethal,0.991,0.25,25000,25000,0,shelter,2,0
lethal_risky_corridor-q_learning-s17-223c7cba52ba,17,q_learning,lethal,0.991,0.5,50000,50000,0,shelter,2,0
lethal_risky_corridor-q_learning-s17-223c7cba52ba,17,q_learning,lethal,0.991,0.75,75000,75000,0,shelter,2,0
lethal_risky_corridor-q_learning-s17-223c7cba52ba,17,q_learning,lethal,0.991,1,100000,100000,0,shelter,2,0
lethal_risky_corridor-q_learning-s17-3cbb1ea574e0,17,q_learning,lethal,0.97,0.25,25000,25000,0,shelter,2,0
lethal_risky_corridor-q_learning-s17-3cbb1ea574e0,17,q_learning,lethal,0.97,0.5,50000,50000,0,shelter,2,0
lethal_risky_corridor-q_learning-s17-3cbb1ea574e0,17,q_learning,lethal,0.97,0.75,75000,75000,0,shelter,2,0
lethal_risky_corridor-q_learning-s17-3cbb1ea574e0,17,q_learning,lethal,0.97,1,100000,100000,0,shelter,2,0
lethal_risky_corridor-q_learning-s17-3f00d50a0026,17,q_learning,lethal,0.989,0.25,25000,25000,0,shelter,2,0
lethal_risky_corridor-q_learning-s17-3f00d50a0026,17,q_learning,lethal,0.989,0.5,50000,50000,0,shelter,2,0
lethal_risky_corridor-q_learning-s17-3f00d50a0026,17,q_learning,lethal,0.989,0.75,75000,75000,0,shelter,2,0
lethal_risky_corridor-q_learning-s17-3f00d50a0026,17,q_learning,lethal,0.989,1,100000,100000,0,shelter,2,0
lethal_risky_corridor-q_learning-s17-5b0ac1141a62,17,q_learning,lethal,0.996,0.25,25000,25000,0,shelter,2,0
lethal_risky_corridor-q_learning-s17-5b0ac1141a62,17,q_learning,lethal,0.996,0.5,50000,50000,0,shelter,2,0
lethal_risky_corridor-q_learning-s17-5b0ac1141a62,17,q_learning,lethal,0.996,0.75,75000,75000,0,shelter,2,0
lethal_risky_corridor-q_learning-s17-5b0ac1141a62,17,q_learning,lethal,0.996,1,100000,100000,0,shelter,2,0
lethal_risky_corridor-q_learning-s17-8729b210fed3,17,q_learning,lethal,0.998,0.25,25000,25000,0,shelter,2,0
lethal_risky_corridor-q_learning-s17-8729b210fed3,17,q_learning,lethal,0.998,0.5,50000,50000,0,shelter,2,0
lethal_risky_corridor-q_learning-s17-8729b210fed3,17,q_learning,lethal,0.998,0.75,75000,75000,0,shelter,2,0
lethal_risky_corridor-q_learning-s17-8729b210fed3,17,q_learning,lethal,0.998,1,100000,100000,0,shelter,2,0
lethal_risky_corridor-q_learning-s17-a77e77c6d3ba,17,q_learning,lethal,0.984,0.25,25000,25000,0,shelter,2,0
lethal_risky_corridor-q_learning-s17-a77e77c6d3ba,17,q_learning,lethal,0.984,0.5,50000,50000,0,shelter,2,0
lethal_risky_corridor-q_learning-s17-a77e77c6d3ba,17,q_learning,lethal,0.984,0.75,75000,75000,0,shelter,2,0
lethal_risky_corridor-q_learning-s17-a77e77c6d3ba,17,q_learning,lethal,0.984,1,100000,100000,0,shelter,2,0
lethal_risky_corridor-q_learning-s17-aa17cc20c44a,17,q_learning,lethal,0.986,0.25,25000,25000,0,shelter,2,0
lethal_risky_corridor-q_learning-s17-aa17cc20c44a,17,q_learning,lethal,0.986,0.5,50000,50000,0,shelter,2,0
lethal_risky_corridor-q_learning-s17-aa17cc20c44a,17,q_learning,lethal,0.986,0.75,75000,75000,0,shelter,2,0
lethal_risky_corridor-q_learning-s17-aa17cc20c44a,17,q_learning,lethal,0.986,1,100000,100000,0,shelter,2,0
lethal_risky_corridor-q_learning-s17-b2ccda0c34f2,17,q_learning,lethal,0.9895,0.25,25000,25000,0,shelter,2,0
lethal_risky_corridor-q_learning-s17-b2ccda0c34f2,17,q_learning,lethal,0.9895,0.5,50000,50000,0,shelter,2,0
lethal_risky_corridor-q_learning-s17-b2ccda0c34f2,17,q_learning,lethal,0.9895,0.75,75000,75000,0,shelter,2,0
lethal_risky_corridor-q_learning-s17-b2ccda0c34f2,17,q_learning,lethal,0.9895,1,100000,100000,0,shelter,2,0
lethal_risky_corridor-q_learning-s17-bd7e5e211421,17,q_learning,lethal,0.98,0.25,25000,25000,0,shelter,2,0
lethal_risky_corridor-q_learning-s17-bd7e5e211421,17,q_learning,lethal,0.98,0.5,50000,50000,0,shelter,2,0
lethal_risky_corridor-q_learning-s17-bd7e5e211421,17,q_learning,lethal,0.98,0.75,75000,75000,0,shelter,2,0
lethal_risky_corridor-q_learning-s17-bd7e5e211421,17,q_learning,lethal,0.98,1,100000,100000,0,shelter,2,0
lethal_risky_corridor-q_learning-s17-d3491b93097d,17,q_learning,lethal,0.99,0.25,25000,25000,0,shelter,2,0
lethal_risky_corridor-q_learning-s17-d3491b93097d,17,q_learning,lethal,0.99,0.5,50000,50000,0,shelter,2,0
lethal_risky_corridor-q_learning-s17-d3491b93097d,17,q_learning,lethal,0.99,0.75,75000,75000,0,shelter,2,0
lethal_risky_corridor-q_learning-s17-d3491b93097d,17,q_learning,lethal,0.99,1,100000,100000,0,shelter,2,0
lethal_risky_corridor-q_learning-s17-d6a9b9a3b94a,17,q_learning,lethal,0.988,0.25,25000,25000,0,shelter,2,0
lethal_risky_corridor-q_learning-s17-d6a9b9a3b94a,17,q_learning,lethal,0.988,0.5,50000,50000,0,shelter,2,0
lethal_risky_corridor-q_learning-s17-d6a9b9a3b94a,17,q_learning,lethal,0.988,0.75,75000,75000,0,shelter,2,0
lethal_risky_corridor-q_learning-s17-d6a9b9a3b94a,17,q_learning,lethal,0.988,1,100000,100000,0,shelter,2,0
lethal_risky_corridor-q_learning-s17-de2cc556da4e,17,q_learning,lethal,0.994,0.25,25000,25000,0,shelter,2,0
lethal_risky_corridor-q_learning-s17-de2cc556da4e,17,q_learning,lethal,0.994,0.5,50000,50000,0,shelter,2,0
lethal_risky_corridor-q_learning-s17-de2cc556da4e,17,q_learning,lethal,0.994,0.75,75000,75000,0,shelter,2,0
lethal_risky_corridor-q_learning-s17-de2cc556da4e,17,q_learning,lethal,0.994,1,100000,100000,0,shelter,2,0
lethal_risky_corridor-q_learning-s17-f7bd0ad5cb2f,17,q_learning,lethal,1,0.25,25000,25000,0,corridor,1,1
lethal_risky_corridor-q_learning-s17-f7bd0ad5cb2f,17,q_learning,lethal,1,0.5,50000,50000,0,corridor,1,1
lethal_risky_corridor-q_learning-s17-f7bd0ad5cb2f,17,q_learning,lethal,1,0.75,75000,75000,0,corridor,1,1
lethal_risky_corridor-q_learning-s17-f7bd0ad5cb2f,17,q_learning,lethal,1,1,100000,100000,0,corridor,1,1
lethal_risky_corridor-q_learning-s18-208301f8e5cb,18,q_learning,lethal,0.991,0.25,25000,25000,0,shelter,2,0
lethal_risky_corridor-q_learning-s18-208301f8e5cb,18,q_learning,lethal,0.991,0.5,50000,50000,0,shelter,2,0
lethal_risky_corridor-q_learning-s18-208301f8e5cb,18,q_learning,lethal,0.991,0.75,75000,75000,0,shelter,2,0
lethal_risky_corridor-q_learning-s18-208301f8e5cb,18,q_learning,lethal,0.991,1,100000,100000,0,shelter,2,0
lethal_risky_corridor-q_learning-s18-2a9f8e92b603,18,q_learning,lethal,0.98,0.25,25000,25000,0,shelter,2,0
lethal_risky_corridor-q_learning-s18-2a9f8e92b603,18,q_learning,lethal,0.98,0.5,50000,50000,0,shelter,2,0
lethal_risky_corridor-q_learning-s18-2a9f8e92b603,18,q_learning,lethal,0.98,0.75,75000,75000,0,shelter,2,0
lethal_risky_corridor-q_learning-s18-2a9f8e92b603,18,q_learning,lethal,0.98,1,100000,100000,0,shelter,2,0
lethal_risky_corridor-q_learning-s18-3fb2ee71960d,18,q_learning,lethal,1,0.25,25000,25000,0,corridor,1,1
lethal_risky_corridor-q_learning-s18-3fb2ee71960d,18,q_learning,lethal,1,0.5,50000,50000,0,corridor,1,1
lethal_risky_corridor-q_learning-s18-3fb2ee71960d,18,q_learning,lethal,1,0.75,75000,75000,0,corridor,1,1
lethal_risky_corridor-q_learning-s18-3fb2ee71960d,18,q_learning,lethal,1,1,100000,100000,0,corridor,1,1
lethal_risky_corridor-q_learning-s18-474e7b4fc0c9,18,q_learning,lethal,0.998,0.25,25000,25000,0,shelter,2,0
lethal_risky_corridor-q_learning-s18-474e7b4fc0c9,18,q_learning,lethal,0.998,0.5,50000,50000,0,shelter,2,0
lethal_risky_corridor-q_learning-s18-474e7b4fc0c9,18,q_learning,lethal,0.998,0.75,75000,75000,0,shelter,2,0
lethal_risky_corridor-q_learning-s18-474e7b4fc0c9,18,q_learning,lethal,0.998,1,100000,100000,0,shelter,2,0
lethal_risky_corridor-q_learning-s18-60adde675379,18,q_learning,lethal,0.986,0.25,25000,25000,0,shelter,2,0
lethal_risky_corridor-q_learning-s18-60adde675379,18,q_learning,lethal,0.986,0.5,50000,50000,0,shelter,2,0
lethal_risky_corridor-q_learning-s18-60adde675379,18,q_learning,lethal,0.986,0.75,75000,75000,0,shelter,2,0
lethal_risky_corridor-q_learning-s18-60adde675379,18,q_learning,lethal,0.986,1,100000,100000,0,shelter,2,0
lethal_risky_corridor-q_learning-s18-67300aedb04d,18,q_learning,lethal,0.989,0.25,25000,25000,0,shelter,2,0
lethal_risky_corridor-q_learning-s18-67300aedb04d,18,q_learning,lethal,0.989,0.5,50000,50000,0,shelter,2,0
lethal_risky_corridor-q_learning-s18-67300aedb04d,18,q_learning,lethal,0.989,0.75,75000,75000,0,shelter,2,0
lethal_risky_corridor-q_learning-s18-67300aedb04d,18,q_learning,lethal,0.989,1,100000,100000,0,shelter,2,0
lethal_risky_corridor-q_learning-s18-760cfd42a888,18,q_learning,lethal,0.9895,0.25,25000,25000,0,shelter,2,0
lethal_risky_corridor-q_learning-s18-760cfd42a888,18,q_learning,lethal,0.9895,0.5,50000,50000,0,shelter,2,0
lethal_risky_corridor-q_learning-s18-760cfd42a888,18,q_learning,lethal,0.9895,0.75,75000,75000,0,shelter,2,0
lethal_risky_corridor-q_learning-s18-760cfd42a888,18,q_learning,lethal,0.9895,1,100000,100000,0,shelter,2,0
lethal_risky_corridor-q_learning-s18-7b841b51565a,18,q_learning,lethal,0.988,0.25,25000,25000,0,shelter,2,0
lethal_risky_corridor-q_learning-s18-7b841b51565a,18,q_learning,lethal,0.988,0.5,50000,50000,0,shelter,2,0
lethal_risky_corridor-q_learning-s18-7b841b51565a,18,q_learning,lethal,0.988,0.75,75000,75000,0,shelter,2,0
lethal_risky_corridor-q_learning-s18-7b841b51565a,18,q_learning,lethal,0.988,1,100000,100000,0,shelter,2,0
lethal_risky_corridor-q_learning-s18-c4fb51522130,18,q_learning,lethal,0.996,0.25,25000,25000,0,shelter,2,0
lethal_risky_corridor-q_learning-s18-c4fb51522130,18,q_learning,lethal,0.996,0.5,50000,50000,0,shelter,2,0
lethal_risky_corridor-q_learning-s18-c4fb51522130,18,q_learning,lethal,0.996,0.75,75000,75000,0,shelter,2,0
lethal_risky_corridor-q_learning-s18-c4fb51522130,18,q_learning,lethal,0.996,1,100000,100000,0,shelter,2,0
lethal_risky_corridor-q_learning-s18-d6756fa69ce5,18,q_learning,lethal,0.992,0.25,25000,25000,0,shelter,2,0
lethal_risky_corridor-q_learning-s18-d6756fa69ce5,18,q_learning,lethal,0.992,0.5,50000,50000,0,shelter,2,0
lethal_risky_corridor-q_learning-s18-d6756fa69ce5,18,q_learning,lethal,0.992,0.75,75000,75000,0,shelter,2,0
lethal_risky_corridor-q_learning-s18-d6756fa69ce5,18,q_learning,lethal,0.992,1,100000,100000,0,shelter,2,0
lethal_risky_corridor-q_learning-s18-dbcecb4c3099,18,q_learning,lethal,0.99,0.25,25000,25000,0,shelter,2,0
lethal_risky_corridor-q_learning-s18-dbcecb4c3099,18,q_learning,lethal,0.99,0.5,50000,50000,0,shelter,2,0
lethal_risky_corridor-q_learning-s18-dbcecb4c3099,18,q_learning,lethal,0.99,0.75,75000,75000,0,shelter,2,0
lethal_risky_corridor-q_learning-s18-dbcecb4c3099,18,q_learning,lethal,0.99,1,100000,100000,0,shelter,2,0
lethal_risky_corridor-q_learning-s18-de22d370b61d,18,q_learning,lethal,0.97,0.25,25000,25000,0,shelter,2,0
lethal_risky_corridor-q_learning-s18-de22d370b61d,18,q_learning,lethal,0.97,0.5,50000,50000,0,shelter,2,0
lethal_risky_corridor-q_learning-s18-de22d370b61d,18,q_learning,lethal,0.97,0.75,75000,75000,0,shelter,2,0
lethal_risky_corridor-q_learning-s18-de22d370b61d,18,q_learning,lethal,0.97,1,100000,100000,0,shelter,2,0
lethal_risky_corridor-q_learning-s18-f6cdd87dcee1,18,q_learning,lethal,0.984,0.25,25000,25000,0,shelter,2,0
lethal_risky_corridor-q_learning-s18-f6cdd87dcee1,18,q_learning,lethal,0.984,0.5,50000,50000,0,shelter,2,0
lethal_risky_corridor-q_learning-s18-f6cdd87dcee1,18,q_learning,lethal,0.984,0.75,75000,75000,0,shelter,2,0
lethal_risky_corridor-q_learning-s18-f6cdd87dcee1,18,q_learning,lethal,0.984,1,100000,100000,0,shelter,2,0
lethal_risky_corridor-q_learning-s18-fda4bca92f89,18,q_learning,lethal,0.994,0.25,25000,25000,0,shelter,2,0
lethal_risky_corridor-q_learning-s18-fda4bca92f89,18,q_learning,lethal,0.994,0.5,50000,50000,0,shelter,2,0
lethal_risky_corridor-q_learning-s18-fda4bca92f89,18,q_learning,lethal,0.994,0.75,75000,75000,0,shelter,2,0
lethal_risky_corridor-q_learning-s18-fda4bca92f89,18,q_learning,lethal,0.994,1,100000,100000,0,shelter,2,0
lethal_risky_corridor-q_learning-s19-0e8acf2c5574,19,q_learning,lethal,0.98,0.25,25000,25000,0,shelter,2,0
lethal_risky_corridor-q_learning-s19-0e8acf2c5574,19,q_learning,lethal,0.98,0.5,50000,50000,0,shelter,2,0
lethal_risky_corridor-q_learning-s19-0e8acf2c5574,19,q_learning,lethal,0.98,0.75,75000,75000,0,shelter,2,0
lethal_risky_corridor-q_learning-s19-0e8acf2c5574,19,q_learning,lethal,0.98,1,100000,100000,0,shelter,2,0
lethal_risky_corridor-q_learning-s19-41e071f10a62,19,q_learning,lethal,1,0.25,25000,25000,0,corridor,1,1
lethal_risky_corridor-q_learning-s19-41e071f10a62,19,q_learning,lethal,1,0.5,50000,50000,0,corridor,1,1
lethal_risky_corridor-q_learning-s19-41e071f10a62,19,q_learning,lethal,1,0.75,75000,75000,0,corridor,1,1
lethal_risky_corridor-q_learning-s19-41e071f10a62,19,q_learning,lethal,1,1,100000,100000,0,corridor,1,1
lethal_risky_corridor-q_learning-s19-4c368228addf,19,q_learning,lethal,0.984,0.25,25000,25000,0,shelter,2,0
lethal_risky_corridor-q_learning-s19-4c368228addf,19,q_learning,lethal,0.984,0.5,50000,50000,0,shelter,2,0
lethal_risky_corridor-q_learning-s19-4c368228addf,19,q_learning,lethal,0.984,0.75,75000,75000,0,shelter,2,0
lethal_risky_corridor-q_learning-s19-4c368228addf,19,q_learning,lethal,0.984,1,100000,100000,0,shelter,2,0
lethal_risky_corridor-q_learning-s19-55312a918925,19,q_learning,lethal,0.991,0.25,25000,25000,0,shelter,2,0
lethal_risky_corridor-q_learning-s19-55312a918925,19,q_learning,lethal,0.991,0.5,50000,50000,0,shelter,2,0
lethal_risky_corridor-q_learning-s19-55312a918925,19,q_learning,lethal,0.991,0.75,75000,75000,0,shelter,2,0
lethal_risky_corridor-q_learning-s19-55312a918925,19,q_learning,lethal,0.991,1,100000,100000,0,shelter,2,0
lethal_risky_corridor-q_learning-s19-5c8baff88681,19,q_learning,lethal,0.99,0.25,25000,25000,0,shelter,2,0
lethal_risky_corridor-q_learning-s19-5c8baff88681,19,q_learning,lethal,0.99,0.5,50000,50000,0,shelter,2,0
lethal_risky_corridor-q_learning-s19-5c8baff88681,19,q_learning,lethal,0.99,0.75,75000,75000,0,shelter,2,0
lethal_risky_corridor-q_learning-s19-5c8baff88681,19,q_learning,lethal,0.99,1,100000,100000,0,shelter,2,0
lethal_risky_corridor-q_learning-s19-6661a9d4691b,19,q_learning,lethal,0.97,0.25,25000,25000,0,shelter,2,0
lethal_risky_corridor-q_learning-s19-6661a9d4691b,19,q_learning,lethal,0.97,0.5,50000,50000,0,shelter,2,0
lethal_risky_corridor-q_learning-s19-6661a9d4691b,19,q_learning,lethal,0.97,0.75,75000,75000,0,shelter,2,0
lethal_risky_corridor-q_learning-s19-6661a9d4691b,19,q_learning,lethal,0.97,1,100000,100000,0,shelter,2,0
lethal_risky_corridor-q_learning-s19-82ab90678577,19,q_learning,lethal,0.992,0.25,25000,25000,0,shelter,2,0
lethal_risky_corridor-q_learning-s19-82ab90678577,19,q_learning,lethal,0.992,0.5,50000,50000,0,shelter,2,0
lethal_risky_corridor-q_learning-s19-82ab90678577,19,q_learning,lethal,0.992,0.75,75000,75000,0,shelter,2,0
lethal_risky_corridor-q_learning-s19-82ab90678577,19,q_learning,lethal,0.992,1,100000,100000,0,shelter,2,0
lethal_risky_corridor-q_learning-s19-8553ae2431ee,19,q_learning,lethal,0.988,0.25,25000,25000,0,shelter,2,0
lethal_risky_corridor-q_learning-s19-8553ae2431ee,19,q_learning,lethal,0.988,0.5,50000,50000,0,shelter,2,0
lethal_risky_corridor-q_learning-s19-8553ae2431ee,19,q_learning,lethal,0.988,0.75,75000,75000,0,shelter,2,0
lethal_risky_corridor-q_learning-s19-8553ae2431ee,19,q_learning,lethal,0.988,1,100000,100000,0,shelter,2,0
lethal_risky_corridor-q_learning-s19-8558626faa07,19,q_learning,lethal,0.989,0.25,25000,25000,0,shelter,2,0
lethal_risky_corridor-q_learning-s19-8558626faa07,19,q_learning,lethal,0.989,0.5,50000,50000,0,shelter,2,0
lethal_risky_corridor-q_learning-s19-8558626faa07,19,q_learning,lethal,0.989,0.75,75000,75000,0,shelter,2,0
lethal_risky_corridor-q_learning-s19-8558626faa07,19,q_learning,lethal,0.989,1,100000,100000,0,shelter,2,0
lethal_risky_corridor-q_learning-s19-89e13c7bca7d,19,q_learning,lethal,0.998,0.25,25000,25000,0,shelter,2,0
lethal_risky_corridor-q_learning-s19-89e13c7bca7d,19,q_learning,lethal,0.998,0.5,50000,50000,0,shelter,2,0
lethal_risky_corridor-q_learning-s19-89e13c7bca7d,19,q_learning,lethal,0.998,0.75,75000,75000,0,shelter,2,0
lethal_risky_corridor-q_learning-s19-89e13c7bca7d,19,q_learning,lethal,0.998,1,100000,100000,0,shelter,2,0
lethal_risky_corridor-q_learning-s19-905c88903bdd,19,q_learning,lethal,0.994,0.25,25000,25000,0,shelter,2,0
lethal_risky_corridor-q_learning-s19-905c88903bdd,19,q_learning,lethal,0.994,0.5,50000,50000,0,shelter,2,0
lethal_risky_corridor-q_learning-s19-905c88903bdd,19,q_learning,lethal,0.994,0.75,75000,75000,0,shelter,2,0
lethal_risky_corridor-q_learning-s19-905c88903bdd,19,q_learning,lethal,0.994,1,100000,100000,0,shelter,2,0
lethal_risky_corridor-q_learning-s19-b477837d24f7,19,q_learning,lethal,0.996,0.25,25000,25000,0,shelter,2,0
lethal_risky_corridor-q_learning-s19-b477837d24f7,19,q_learning,lethal,0.996,0.5,50000,50000,0,shelter,2,0
lethal_risky_corridor-q_learning-s19-b477837d24f7,19,q_learning,lethal,0.996,0.75,75000,75000,0,shelter,2,0
lethal_risky_corridor-q_learning-s19-b477837d24f7,19,q_learning,lethal,0.996,1,100000,100000,0,shelter,2,0
lethal_risky_corridor-q_learning-s19-d6b531ad7aa6,19,q_learning,lethal,0.986,0.25,25000,25000,0,shelter,2,0
lethal_risky_corridor-q_learning-s19-d6b531ad7aa6,19,q_learning,lethal,0.986,0.5,50000,50000,0,shelter,2,0
lethal_risky_corridor-q_learning-s19-d6b531ad7aa6,19,q_learning,lethal,0.986,0.75,75000,75000,0,shelter,2,0
lethal_risky_corridor-q_learning-s19-d6b531ad7aa6,19,q_learning,lethal,0.986,1,100000,100000,0,shelter,2,0
lethal_risky_corridor-q_learning-s19-dd14f15b7fbc,19,q_learning,lethal,0.9895,0.25,25000,25000,0,shelter,2,0
lethal_risky_corridor-q_learning-s19-dd14f15b7fbc,19,q_learning,lethal,0.9895,0.5,50000,50000,0,shelter,2,0
lethal_risky_corridor-q_learning-s19-dd14f15b7fbc,19,q_learning,lethal,0.9895,0.75,75000,75000,0,shelter,2,0
lethal_risky_corridor-q_learning-s19-dd14f15b7fbc,19,q_learning,lethal,0.9895,1,100000,100000,0,shelter,2,0
lethal_risky_corridor-q_learning-s2-035eaf066bb2,2,q_learning,lethal,0.97,0.25,25000,25000,0,shelter,2,0
lethal_risky_corridor-q_learning-s2-035eaf066bb2,2,q_learning,lethal,0.97,0.5,50000,50000,0,shelter,2,0
lethal_risky_corridor-q_learning-s2-035eaf066bb2,2,q_learning,lethal,0.97,0.75,75000,75000,0,shelter,2,0
lethal_risky_corridor-q_learning-s2-035eaf066bb2,2,q_learning,lethal,0.97,1,100000,100000,0,shelter,2,0
lethal_risky_corridor-q_learning-s2-2ac7a80c5622,2,q_learning,lethal,0.98,0.25,25000,25000,0,shelter,2,0
lethal_risky_corridor-q_learning-s2-2ac7a80c5622,2,q_learning,lethal,0.98,0.5,50000,50000,0,shelter,2,0
lethal_risky_corridor-q_learning-s2-2ac7a80c5622,2,q_learning,lethal,0.98,0.75,75000,75000,0,shelter,2,0
lethal_risky_corridor-q_learning-s2-2ac7a80c5622,2,q_learning,lethal,0.98,1,100000,100000,0,shelter,2,0
lethal_risky_corridor-q_learning-s2-31030a8dd33a,2,q_learning,lethal,0.99,0.25,25000,25000,0,shelter,2,0
lethal_risky_corridor-q_learning-s2-31030a8dd33a,2,q_learning,lethal,0.99,0.5,50000,50000,0,shelter,2,0
lethal_risky_corridor-q_learning-s2-31030a8dd33a,2,q_learning,lethal,0.99,0.75,75000,75000,0,shelter,2,0
lethal_risky_corridor-q_learning-s2-31030a8dd33a,2,q_learning,lethal,0.99,1,100000,100000,0,shelter,2,0
lethal_risky_corridor-q_learning-s2-3c45ad9c7ace,2,q_learning,lethal,0.991,0.25,25000,25000,0,shelter,2,0
lethal_risky_corridor-q_learning-s2-3c45ad9c7ace,2,q_learning,lethal,0.991,0.5,50000,50000,0,shelter,2,0
lethal_risky_corridor-q_learning-s2-3c45ad9c7ace,2,q_learning,lethal,0.991,0.75,75000,75000,0,shelter,2,0
lethal_risky_corridor-q_learning-s2-3c45ad9c7ace,2,q_learning,lethal,0.991,1,100000,100000,0,shelter,2,0
lethal_risky_corridor-q_learning-s2-848514a0eb8a,2,q_learning,lethal,0.988,0.25,25000,25000,0,shelter,2,0
lethal_risky_corridor-q_learning-s2-848514a0eb8a,2,q_learning,lethal,0.988,0.5,50000,50000,0,shelter,2,0
lethal_risky_corridor-q_learning-s2-848514a0eb8a,2,q_learning,lethal,0.988,0.75,75000,75000,0,shelter,2,0
lethal_risky_corridor-q_learning-s2-848514a0eb8a,2,q_learning,lethal,0.988,1,100000,100000,0,shelter,2,0
lethal_risky_corridor-q_learning-s2-86e721fe6ebb,2,q_learning,lethal,1,0.25,25000,25000,0,corridor,1,1
lethal_risky_corridor-q_learning-s2-86e721fe6ebb,2,q_learning,lethal,1,0.5,50000,50000,0,corridor,1,1
lethal_risky_corridor-q_learning-s2-86e721fe6ebb,2,q_learning,lethal,1,0.75,75000,75000,0,corridor,1,1
lethal_risky_corridor-q_learning-s2-86e721fe6ebb,2,q_learning,lethal,1,1,100000,100000,0,corridor,1,1
lethal_risky_corridor-q_learning-s2-8eb05b04fc5d,2,q_learning,lethal,0.989,0.25,25000,25000,0,shelter,2,0
lethal_risky_corridor-q_learning-s2-8eb05b04fc5d,2,q_learning,lethal,0.989,0.5,50000,50000,0,shelter,2,0
lethal_risky_corridor-q_learning-s2-8eb05b04fc5d,2,q_learning,lethal,0.989,0.75,75000,75000,0,shelter,2,0
lethal_risky_corridor-q_learning-s2-8eb05b04fc5d,2,q_learning,lethal,0.989,1,100000,100000,0,shelter,2,0
lethal_risky_corridor-q_learning-s2-914969e34524,2,q_learning,lethal,0.998,0.25,25000,25000,0,shelter,2,0
lethal_risky_corridor-q_learning-s2-914969e34524,2,q_learning,lethal,0.998,0.5,50000,50000,0,shelter,2,0
lethal_risky_corridor-q_learning-s2-914969e34524,2,q_learning,lethal,0.998,0.75,75000,75000,0,shelter,2,0
lethal_risky_corridor-q_learning-s2-914969e34524,2,q_learning,lethal,0.998,1,100000,100000,0,corridor,1,1
lethal_risky_corridor-q_learning-s2-af8a70115ab7,2,q_learning,lethal,0.994,0.25,25000,25000,0,shelter,2,0
lethal_risky_corridor-q_learning-s2-af8a70115ab7,2,q_learning,lethal,0.994,0.5,50000,50000,0,shelter,2,0
lethal_risky_corridor-q_learning-s2-af8a70115ab7,2,q_learning,lethal,0.994,0.75,75000,75000,0,shelter,2,0
lethal_risky_corridor-q_learning-s2-af8a70115ab7,2,q_learning,lethal,0.994,1,100000,100000,0,shelter,2,0
lethal_risky_corridor-q_learning-s2-b6bff06cbc32,2,q_learning,lethal,0.984,0.25,25000,25000,0,shelter,2,0
lethal_risky_corridor-q_learning-s2-b6bff06cbc32,2,q_learning,lethal,0.984,0.5,50000,50000,0,shelter,2,0
lethal_risky_corridor-q_learning-s2-b6bff06cbc32,2,q_learning,lethal,0.984,0.75,75000,75000,0,shelter,2,0
lethal_risky_corridor-q_learning-s2-b6bff06cbc32,2,q_learning,lethal,0.984,1,100000,100000,0,shelter,2,0
lethal_risky_corridor-q_learning-s2-bdacfa72120b,2,q_learning,lethal,0.996,0.25,25000,25000,0,shelter,2,0
lethal_risky_corridor-q_learning-s2-bdacfa72120b,2,q_learning,lethal,0.996,0.5,50000,50000,0,shelter,2,0
lethal_risky_corridor-q_learning-s2-bdacfa72120b,2,q_learning,lethal,0.996,0.75,75000,75000,0,shelter,2,0
lethal_risky_corridor-q_learning-s2-bdacfa72120b,2,q_learning,lethal,0.996,1,100000,100000,0,shelter,2,0
lethal_risky_corridor-q_learning-s2-c5e2b18ee257,2,q_learning,lethal,0.9895,0.25,25000,25000,0,shelter,2,0
lethal_risky_corridor-q_learning-s2-c5e2b18ee257,2,q_learning,lethal,0.9895,0.5,50000,50000,0,shelter,2,0
lethal_risky_corridor-q_learning-s2-c5e2b18ee257,2,q_learning,lethal,0.9895,0.75,75000,75000,0,shelter,2,0
lethal_risky_corridor-q_learning-s2-c5e2b18ee257,2,q_learning,lethal,0.9895,1,100000,100000,0,shelter,2,0
lethal_risky_corridor-q_learning-s2-d20fe8dd9855,2,q_learning,lethal,0.986,0.25,25000,25000,0,shelter,2,0
lethal_risky_corridor-q_learning-s2-d20fe8dd9855,2,q_learning,lethal,0.986,0.5,50000,50000,0,shelter,2,0
lethal_risky_corridor-q_learning-s2-d20fe8dd9855,2,q_learning,lethal,0.986,0.75,75000,75000,0,shelter,2,0
lethal_risky_corridor-q_learning-s2-d20fe8dd9855,2,q_learning,lethal,0.986,1,100000,100000,0,shelter,2,0
lethal_risky_corridor-q_learning-s2-efc22318d759,2,q_learning,lethal,0.992,0.25,25000,25000,0,shelter,2,0
lethal_risky_corridor-q_learning-s2-efc22318d759,2,q_learning,lethal,0.992,0.5,50000,50000,0,shelter,2,0
lethal_risky_corridor-q_learning-s2-efc22318d759,2,q_learning,lethal,0.992,0.75,75000,75000,0,shelter,2,0
lethal_risky_corridor-q_learning-s2-efc22318d759,2,q_learning,lethal,0.992,1,100000,100000,0,shelter,2,0
lethal_risky_corridor-q_learning-s3-227af800be40,3,q_learning,lethal,0.99,0.25,25000,25000,0,shelter,2,0
lethal_risky_corridor-q_learning-s3-227af800be40,3,q_learning,lethal,0.99,0.5,50000,50000,0,shelter,2,0
lethal_risky_corridor-q_learning-s3-227af800be40,3,q_learning,lethal,0.99,0.75,75000,75000,0,shelter,2,0
lethal_risky_corridor-q_learning-s3-227af800be40,3,q_learning,lethal,0.99,1,100000,100000,0,shelter,2,0
lethal_risky_corridor-q_learning-s3-3966236f0bf8,3,q_learning,lethal,0.97,0.25,25000,25000,0,shelter,2,0
lethal_risky_corridor-q_learning-s3-3966236f0bf8,3,q_learning,lethal,0.97,0.5,50000,50000,0,shelter,2,0
lethal_risky_corridor-q_learning-s3-3966236f0bf8,3,q_learning,lethal,0.97,0.75,75000,75000,0,shelter,2,0
lethal_risky_corridor-q_learning-s3-3966236f0bf8,3,q_learning,lethal,0.97,1,100000,100000,0,shelter,2,0
lethal_risky_corridor-q_learning-s3-4e880fd6749f,3,q_learning,lethal,0.986,0.25,25000,25000,0,shelter,2,0
lethal_risky_corridor-q_learning-s3-4e880fd6749f,3,q_learning,lethal,0.986,0.5,50000,50000,0,shelter,2,0
lethal_risky_corridor-q_learning-s3-4e880fd6749f,3,q_learning,lethal,0.986,0.75,75000,75000,0,shelter,2,0
lethal_risky_corridor-q_learning-s3-4e880fd6749f,3,q_learning,lethal,0.986,1,100000,100000,0,shelter,2,0
lethal_risky_corridor-q_learning-s3-500a2b78acc1,3,q_learning,lethal,0.984,0.25,25000,25000,0,shelter,2,0
lethal_risky_corridor-q_learning-s3-500a2b78acc1,3,q_learning,lethal,0.984,0.5,50000,50000,0,shelter,2,0
lethal_risky_corridor-q_learning-s3-500a2b78acc1,3,q_learning,lethal,0.984,0.75,75000,75000,0,shelter,2,0
lethal_risky_corridor-q_learning-s3-500a2b78acc1,3,q_learning,lethal,0.984,1,100000,100000,0,shelter,2,0
lethal_risky_corridor-q_learning-s3-61c35cb9a35c,3,q_learning,lethal,0.988,0.25,25000,25000,0,shelter,2,0
lethal_risky_corridor-q_learning-s3-61c35cb9a35c,3,q_learning,lethal,0.988,0.5,50000,50000,0,shelter,2,0
lethal_risky_corridor-q_learning-s3-61c35cb9a35c,3,q_learning,lethal,0.988,0.75,75000,75000,0,shelter,2,0
lethal_risky_corridor-q_learning-s3-61c35cb9a35c,3,q_learning,lethal,0.988,1,100000,100000,0,shelter,2,0
lethal_risky_corridor-q_learning-s3-6d84c2880b8e,3,q_learning,lethal,0.989,0.25,25000,25000,0,shelter,2,0
lethal_risky_corridor-q_learning-s3-6d84c2880b8e,3,q_learning,lethal,0.989,0.5,50000,50000,0,shelter,2,0
lethal_risky_corridor-q_learning-s3-6d84c2880b8e,3,q_learning,lethal,0.989,0.75,75000,75000,0,shelter,2,0
lethal_risky_corridor-q_learning-s3-6d84c2880b8e,3,q_learning,lethal,0.989,1,100000,100000,0,shelter,2,0
lethal_risky_corridor-q_learning-s3-840a2f43c3dd,3,q_learning,lethal,0.991,0.25,25000,25000,0,shelter,2,0
lethal_risky_corridor-q_learning-s3-840a2f43c3dd,3,q_learning,lethal,0.991,0.5,50000,50000,0,shelter,2,0
lethal_risky_corridor-q_learning-s3-840a2f43c3dd,3,q_learning,lethal,0.991,0.75,75000,75000,0,shelter,2,0
lethal_risky_corridor-q_learning-s3-840a2f43c3dd,3,q_learning,lethal,0.991,1,100000,100000,0,shelter,2,0
lethal_risky_corridor-q_learning-s3-94e707fc8895,3,q_learning,lethal,0.998,0.25,25000,25000,0,shelter,2,0
lethal_risky_corridor-q_learning-s3-94e707fc8895,3,q_learning,lethal,0.998,0.5,50000,50000,0,shelter,2,0
lethal_risky_corridor-q_learning-s3-94e707fc8895,3,q_learning,lethal,0.998,0.75,75000,75000,0,shelter,2,0
lethal_risky_corridor-q_learning-s3-94e707fc8895,3,q_learning,lethal,0.998,1,100000,100000,0,shelter,2,0
lethal_risky_corridor-q_learning-s3-ac35c315057b,3,q_learning,lethal,0.994,0.25,25000,25000,0,shelter,2,0
lethal_risky_corridor-q_learning-s3-ac35c315057b,3,q_learning,lethal,0.994,0.5,50000,50000,0,shelter,2,0
lethal_risky_corridor-q_learning-s3-ac35c315057b,3,q_learning,lethal,0.994,0.75,75000,75000,0,shelter,2,0
lethal_risky_corridor-q_learning-s3-ac35c315057b,3,q_learning,lethal,0.994,1,100000,100000,0,shelter,2,0
lethal_risky_corridor-q_learning-s3-b994e280ec51,3,q_learning,lethal,0.992,0.25,25000,25000,0,shelter,2,0
lethal_risky_corridor-q_learning-s3-b994e280ec51,3,q_learning,lethal,0.992,0.5,50000,50000,0,shelter,2,0
lethal_risky_corridor-q_learning-s3-b994e280ec51,3,q_learning,lethal,0.992,0.75,75000,75000,0,shelter,2,0
lethal_risky_corridor-q_learning-s3-b994e280ec51,3,q_learning,lethal,0.992,1,100000,100000,0,shelter,2,0
lethal_risky_corridor-q_learning-s3-c6386adb137a,3,q_learning,lethal,1,0.25,25000,25000,0,corridor,1,1
lethal_risky_corridor-q_learning-s3-c6386adb137a,3,q_learning,lethal,1,0.5,50000,50000,0,corridor,1,1
lethal_risky_corridor-q_learning-s3-c6386adb137a,3,q_learning,lethal,1,0.75,75000,75000,0,corridor,1,1
lethal_risky_corridor-q_learning-s3-c6386adb137a,3,q_learning,lethal,1,1,100000,100000,0,corridor,1,1
lethal_risky_corridor-q_learning-s3-d19c5d6101b3,3,q_learning,lethal,0.98,0.25,25000,25000,0,shelter,2,0
lethal_risky_corridor-q_learning-s3-d19c5d6101b3,3,q_learning,lethal,0.98,0.5,50000,50000,0,shelter,2,0
lethal_risky_corridor-q_learning-s3-d19c5d6101b3,3,q_learning,lethal,0.98,0.75,75000,75000,0,shelter,2,0
lethal_risky_corridor-q_learning-s3-d19c5d6101b3,3,q_learning,lethal,0.98,1,100000,100000,0,shelter,2,0
lethal_risky_corridor-q_learning-s3-f25dfb795388,3,q_learning,lethal,0.996,0.25,25000,25000,0,shelter,2,0
lethal_risky_corridor-q_learning-s3-f25dfb795388,3,q_learning,lethal,0.996,0.5,50000,50000,0,shelter,2,0
lethal_risky_corridor-q_learning-s3-f25dfb795388,3,q_learning,lethal,0.996,0.75,75000,75000,0,shelter,2,0
lethal_risky_corridor-q_learning-s3-f25dfb795388,3,q_learning,lethal,0.996,1,100000,100000,0,shelter,2,0
lethal_risky_corridor-q_learning-s3-f9dabf1c71ec,3,q_learning,lethal,0.9895,0.25,25000,25000,0,shelter,2,0
lethal_risky_corridor-q_learning-s3-f9dabf1c71ec,3,q_learning,lethal,0.9895,0.5,50000,50000,0,shelter,2,0
lethal_risky_corridor-q_learning-s3-f9dabf1c71ec,3,q_learning,lethal,0.9895,0.75,75000,75000,0,shelter,2,0
lethal_risky_corridor-q_learning-s3-f9dabf1c71ec,3,q_learning,lethal,0.9895,1,100000,100000,0,shelter,2,0
lethal_risky_corridor-q_learning-s4-02e529674109,4,q_learning,lethal,0.98,0.25,25000,25000,0,shelter,2,0
lethal_risky_corridor-q_learning-s4-02e529674109,4,q_learning,lethal,0.98,0.5,50000,50000,0,shelter,2,0
lethal_risky_corridor-q_learning-s4-02e529674109,4,q_learning,lethal,0.98,0.75,75000,75000,0,shelter,2,0
lethal_risky_corridor-q_learning-s4-02e529674109,4,q_learning,lethal,0.98,1,100000,100000,0,shelter,2,0
lethal_risky_corridor-q_learning-s4-03c09add1593,4,q_learning,lethal,0.988,0.25,25000,25000,0,shelter,2,0
lethal_risky_corridor-q_learning-s4-03c09add1593,4,q_learning,lethal,0.988,0.5,50000,50000,0,shelter,2,0
lethal_risky_corridor-q_learning-s4-03c09add1593,4,q_learning,lethal,0.988,0.75,75000,75000,0,shelter,2,0
lethal_risky_corridor-q_learning-s4-03c09add1593,4,q_learning,lethal,0.988,1,100000,100000,0,shelter,2,0
lethal_risky_corridor-q_learning-s4-0c5c19f44f76,4,q_learning,lethal,0.991,0.25,25000,25000,0,shelter,2,0
lethal_risky_corridor-q_learning-s4-0c5c19f44f76,4,q_learning,lethal,0.991,0.5,50000,50000,0,shelter,2,0
lethal_risky_corridor-q_learning-s4-0c5c19f44f76,4,q_learning,lethal,0.991,0.75,75000,75000,0,shelter,2,0
lethal_risky_corridor-q_learning-s4-0c5c19f44f76,4,q_learning,lethal,0.991,1,100000,100000,0,shelter,2,0
lethal_risky_corridor-q_learning-s4-4f27b2402537,4,q_learning,lethal,0.99,0.25,25000,25000,0,shelter,2,0
lethal_risky_corridor-q_learning-s4-4f27b2402537,4,q_learning,lethal,0.99,0.5,50000,50000,0,shelter,2,0
lethal_risky_corridor-q_learning-s4-4f27b2402537,4,q_learning,lethal,0.99,0.75,75000,75000,0,shelter,2,0
lethal_risky_corridor-q_learning-s4-4f27b2402537,4,q_learning,lethal,0.99,1,100000,100000,0,shelter,2,0
lethal_risky_corridor-q_learning-s4-57394a5cdfe0,4,q_learning,lethal,0.9895,0.25,25000,25000,0,shelter,2,0
lethal_risky_corridor-q_learning-s4-57394a5cdfe0,4,q_learning,lethal,0.9895,0.5,50000,50000,0,shelter,2,0
lethal_risky_corridor-q_learning-s4-57394a5cdfe0,4,q_learning,lethal,0.9895,0.75,75000,75000,0,shelter,2,0
lethal_risky_corridor-q_learning-s4-57394a5cdfe0,4,q_learning,lethal,0.9895,1,100000,100000,0,shelter,2,0
lethal_risky_corridor-q_learning-s4-74aa136db0e7,4,q_learning,lethal,0.996,0.25,25000,25000,0,shelter,2,0
lethal_risky_corridor-q_learning-s4-74aa136db0e7,4,q_learning,lethal,0.996,0.5,50000,50000,0,shelter,2,0
lethal_risky_corridor-q_learning-s4-74aa136db0e7,4,q_learning,lethal,0.996,0.75,75000,75000,0,shelter,2,0
lethal_risky_corridor-q_learning-s4-74aa136db0e7,4,q_learning,lethal,0.996,1,100000,100000,0,shelter,2,0
lethal_risky_corridor-q_learning-s4-aeee3be40736,4,q_learning,lethal,0.998,0.25,25000,25000,0,shelter,2,0
lethal_risky_corridor-q_learning-s4-aeee3be40736,4,q_learning,lethal,0.998,0.5,50000,50000,0,shelter,2,0
lethal_risky_corridor-q_learning-s4-aeee3be40736,4,q_learning,lethal,0.998,0.75,75000,75000,0,corridor,1,1
lethal_risky_corridor-q_learning-s4-aeee3be40736,4,q_learning,lethal,0.998,1,100000,100000,0,corridor,1,1
lethal_risky_corridor-q_learning-s4-bc75d55fc22f,4,q_learning,lethal,0.986,0.25,25000,25000,0,shelter,2,0
lethal_risky_corridor-q_learning-s4-bc75d55fc22f,4,q_learning,lethal,0.986,0.5,50000,50000,0,shelter,2,0
lethal_risky_corridor-q_learning-s4-bc75d55fc22f,4,q_learning,lethal,0.986,0.75,75000,75000,0,shelter,2,0
lethal_risky_corridor-q_learning-s4-bc75d55fc22f,4,q_learning,lethal,0.986,1,100000,100000,0,shelter,2,0
lethal_risky_corridor-q_learning-s4-d330b28534f6,4,q_learning,lethal,0.989,0.25,25000,25000,0,shelter,2,0
lethal_risky_corridor-q_learning-s4-d330b28534f6,4,q_learning,lethal,0.989,0.5,50000,50000,0,shelter,2,0
lethal_risky_corridor-q_learning-s4-d330b28534f6,4,q_learning,lethal,0.989,0.75,75000,75000,0,shelter,2,0
lethal_risky_corridor-q_learning-s4-d330b28534f6,4,q_learning,lethal,0.989,1,100000,100000,0,shelter,2,0
lethal_risky_corridor-q_learning-s4-e07e95b63863,4,q_learning,lethal,0.994,0.25,25000,25000,0,shelter,2,0
lethal_risky_corridor-q_learning-s4-e07e95b63863,4,q_learning,lethal,0.994,0.5,50000,50000,0,shelter,2,0
lethal_risky_corridor-q_learning-s4-e07e95b63863,4,q_learning,lethal,0.994,0.75,75000,75000,0,shelter,2,0
lethal_risky_corridor-q_learning-s4-e07e95b63863,4,q_learning,lethal,0.994,1,100000,100000,0,shelter,2,0
lethal_risky_corridor-q_learning-s4-e25a5ed370df,4,q_learning,lethal,1,0.25,25000,25000,0,corridor,1,1
lethal_risky_corridor-q_learning-s4-e25a5ed370df,4,q_learning,lethal,1,0.5,50000,50000,0,corridor,1,1
lethal_risky_corridor-q_learning-s4-e25a5ed370df,4,q_learning,lethal,1,0.75,75000,75000,0,corridor,1,1
lethal_risky_corridor-q_learning-s4-e25a5ed370df,4,q_learning,lethal,1,1,100000,100000,0,corridor,1,1
lethal_risky_corridor-q_learning-s4-ea8cd5d5ceca,4,q_learning,lethal,0.992,0.25,25000,25000,0,shelter,2,0
lethal_risky_corridor-q_learning-s4-ea8cd5d5ceca,4,q_learning,lethal,0.992,0.5,50000,50000,0,shelter,2,0
lethal_risky_corridor-q_learning-s4-ea8cd5d5ceca,4,q_learning,lethal,0.992,0.75,75000,75000,0,shelter,2,0
lethal_risky_corridor-q_learning-s4-ea8cd5d5ceca,4,q_learning,lethal,0.992,1,100000,100000,0,shelter,2,0
lethal_risky_corridor-q_learning-s4-f1c3b429a333,4,q_learning,lethal,0.984,0.25,25000,25000,0,shelter,2,0
lethal_risky_corridor-q_learning-s4-f1c3b429a333,4,q_learning,lethal,0.984,0.5,50000,50000,0,shelter,2,0
lethal_risky_corridor-q_learning-s4-f1c3b429a333,4,q_learning,lethal,0.984,0.75,75000,75000,0,shelter,2,0
lethal_risky_corridor-q_learning-s4-f1c3b429a333,4,q_learning,lethal,0.984,1,100000,100000,0,shelter,2,0
lethal_risky_corridor-q_learning-s4-f8d22d74b0e3,4,q_learning,lethal,0.97,0.25,25000,25000,0,shelter,2,0
lethal_risky_corridor-q_learning-s4-f8d22d74b0e3,4,q_learning,lethal,0.97,0.5,50000,50000,0,shelter,2,0
lethal_risky_corridor-q_learning-s4-f8d22d74b0e3,4,q_learning,lethal,0.97,0.75,75000,75000,0,shelter,2,0
lethal_risky_corridor-q_learning-s4-f8d22d74b0e3,4,q_learning,lethal,0.97,1,100000,100000,0,shelter,2,0
lethal_risky_corridor-q_learning-s5-0322523b7852,5,q_learning,lethal,0.9895,0.25,25000,25000,0,shelter,2,0
lethal_risky_corridor-q_learning-s5-0322523b7852,5,q_learning,lethal,0.9895,0.5,50000,50000,0,shelter,2,0
lethal_risky_corridor-q_learning-s5-0322523b7852,5,q_learning,lethal,0.9895,0.75,75000,75000,0,shelter,2,0
lethal_risky_corridor-q_learning-s5-0322523b7852,5,q_learning,lethal,0.9895,1,100000,100000,0,shelter,2,0
lethal_risky_corridor-q_learning-s5-2cddffa3b475,5,q_learning,lethal,0.99,0.25,25000,25000,0,shelter,2,0
lethal_risky_corridor-q_learning-s5-2cddffa3b475,5,q_learning,lethal,0.99,0.5,50000,50000,0,shelter,2,0
lethal_risky_corridor-q_learning-s5-2cddffa3b475,5,q_learning,lethal,0.99,0.75,75000,75000,0,shelter,2,0
lethal_risky_corridor-q_learning-s5-2cddffa3b475,5,q_learning,lethal,0.99,1,100000,100000,0,shelter,2,0
lethal_risky_corridor-q_learning-s5-2e4d08367f3b,5,q_learning,lethal,1,0.25,25000,25000,0,corridor,1,1
lethal_risky_corridor-q_learning-s5-2e4d08367f3b,5,q_learning,lethal,1,0.5,50000,50000,0,corridor,1,1
lethal_risky_corridor-q_learning-s5-2e4d08367f3b,5,q_learning,lethal,1,0.75,75000,75000,0,corridor,1,1
lethal_risky_corridor-q_learning-s5-2e4d08367f3b,5,q_learning,lethal,1,1,100000,100000,0,corridor,1,1
lethal_risky_corridor-q_learning-s5-3d3e8910e82c,5,q_learning,lethal,0.98,0.25,25000,25000,0,shelter,2,0
lethal_risky_corridor-q_learning-s5-3d3e8910e82c,5,q_learning,lethal,0.98,0.5,50000,50000,0,shelter,2,0
lethal_risky_corridor-q_learning-s5-3d3e8910e82c,5,q_learning,lethal,0.98,0.75,75000,75000,0,shelter,2,0
lethal_risky_corridor-q_learning-s5-3d3e8910e82c,5,q_learning,lethal,0.98,1,100000,100000,0,shelter,2,0
lethal_risky_corridor-q_learning-s5-55baa784cee5,5,q_learning,lethal,0.984,0.25,25000,25000,0,shelter,2,0
lethal_risky_corridor-q_learning-s5-55baa784cee5,5,q_learning,lethal,0.984,0.5,50000,50000,0,shelter,2,0
lethal_risky_corridor-q_learning-s5-55baa784cee5,5,q_learning,lethal,0.984,0.75,75000,75000,0,shelter,2,0
lethal_risky_corridor-q_learning-s5-55baa784cee5,5,q_learning,lethal,0.984,1,100000,100000,0,shelter,2,0
lethal_risky_corridor-q_learning-s5-5a1ddf5a43bd,5,q_learning,lethal,0.989,0.25,25000,25000,0,shelter,2,0
lethal_risky_corridor-q_learning-s5-5a1ddf5a43bd,5,q_learning,lethal,0.989,0.5,50000,50000,0,shelter,2,0
lethal_risky_corridor-q_learning-s5-5a1ddf5a43bd,5,q_learning,lethal,0.989,0.75,75000,75000,0,shelter,2,0
lethal_risky_corridor-q_learning-s5-5a1ddf5a43bd,5,q_learning,lethal,0.989,1,100000,100000,0,shelter,2,0
lethal_risky_corridor-q_learning-s5-74c657e23037,5,q_learning,lethal,0.996,0.25,25000,25000,0,shelter,2,0
lethal_risky_corridor-q_learning-s5-74c657e23037,5,q_learning,lethal,0.996,0.5,50000,50000,0,shelter,2,0
lethal_risky_corridor-q_learning-s5-74c657e23037,5,q_learning,lethal,0.996,0.75,75000,75000,0,shelter,2,0
lethal_risky_corridor-q_learning-s5-74c657e23037,5,q_learning,lethal,0.996,1,100000,100000,0,shelter,2,0
lethal_risky_corridor-q_learning-s5-87e75600b88f,5,q_learning,lethal,0.992,0.25,25000,25000,0,shelter,2,0
lethal_risky_corridor-q_learning-s5-87e75600b88f,5,q_learning,lethal,0.992,0.5,50000,50000,0,shelter,2,0
lethal_risky_corridor-q_learning-s5-87e75600b88f,5,q_learning,lethal,0.992,0.75,75000,75000,0,shelter,2,0
lethal_risky_corridor-q_learning-s5-87e75600b88f,5,q_learning,lethal,0.992,1,100000,100000,0,shelter,2,0
lethal_risky_corridor-q_learning-s5-9f3f86b0e534,5,q_learning,lethal,0.988,0.25,25000,25000,0,shelter,2,0
lethal_risky_corridor-q_learning-s5-9f3f86b0e534,5,q_learning,lethal,0.988,0.5,50000,50000,0,shelter,2,0
lethal_risky_corridor-q_learning-s5-9f3f86b0e534,5,q_learning,lethal,0.988,0.75,75000,75000,0,shelter,2,0
lethal_risky_corridor-q_learning-s5-9f3f86b0e534,5,q_learning,lethal,0.988,1,100000,100000,0,shelter,2,0
lethal_risky_corridor-q_learning-s5-9fe68fe1ceb9,5,q_learning,lethal,0.986,0.25,25000,25000,0,shelter,2,0
lethal_risky_corridor-q_learning-s5-9fe68fe1ceb9,5,q_learning,lethal,0.986,0.5,50000,50000,0,shelter,2,0
lethal_risky_corridor-q_learning-s5-9fe68fe1ceb9,5,q_learning,lethal,0.986,0.75,75000,75000,0,shelter,2,0
lethal_risky_corridor-q_learning-s5-9fe68fe1ceb9,5,q_learning,lethal,0.986,1,100000,100000,0,shelter,2,0
lethal_risky_corridor-q_learning-s5-b9f9aeab0319,5,q_learning,lethal,0.998,0.25,25000,25000,0,corridor,1,1
lethal_risky_corridor-q_learning-s5-b9f9aeab0319,5,q_learning,lethal,0.998,0.5,50000,50000,0,shelter,2,0
lethal_risky_corridor-q_learning-s5-b9f9aeab0319,5,q_learning,lethal,0.998,0.75,75000,75000,0,corridor,1,1
lethal_risky_corridor-q_learning-s5-b9f9aeab0319,5,q_learning,lethal,0.998,1,100000,100000,0,corridor,1,1
lethal_risky_corridor-q_learning-s5-bcfd0e363f7c,5,q_learning,lethal,0.994,0.25,25000,25000,0,shelter,2,0
lethal_risky_corridor-q_learning-s5-bcfd0e363f7c,5,q_learning,lethal,0.994,0.5,50000,50000,0,shelter,2,0
lethal_risky_corridor-q_learning-s5-bcfd0e363f7c,5,q_learning,lethal,0.994,0.75,75000,75000,0,shelter,2,0
lethal_risky_corridor-q_learning-s5-bcfd0e363f7c,5,q_learning,lethal,0.994,1,100000,100000,0,shelter,2,0
lethal_risky_corridor-q_learning-s5-c1a704b9ff53,5,q_learning,lethal,0.991,0.25,25000,25000,0,shelter,2,0
lethal_risky_corridor-q_learning-s5-c1a704b9ff53,5,q_learning,lethal,0.991,0.5,50000,50000,0,shelter,2,0
lethal_risky_corridor-q_learning-s5-c1a704b9ff53,5,q_learning,lethal,0.991,0.75,75000,75000,0,corridor,1,1
lethal_risky_corridor-q_learning-s5-c1a704b9ff53,5,q_learning,lethal,0.991,1,100000,100000,0,shelter,2,0
lethal_risky_corridor-q_learning-s5-dc078cd8d079,5,q_learning,lethal,0.97,0.25,25000,25000,0,shelter,2,0
lethal_risky_corridor-q_learning-s5-dc078cd8d079,5,q_learning,lethal,0.97,0.5,50000,50000,0,shelter,2,0
lethal_risky_corridor-q_learning-s5-dc078cd8d079,5,q_learning,lethal,0.97,0.75,75000,75000,0,shelter,2,0
lethal_risky_corridor-q_learning-s5-dc078cd8d079,5,q_learning,lethal,0.97,1,100000,100000,0,shelter,2,0
lethal_risky_corridor-q_learning-s6-014ee32be0b3,6,q_learning,lethal,1,0.25,25000,25000,0,corridor,1,1
lethal_risky_corridor-q_learning-s6-014ee32be0b3,6,q_learning,lethal,1,0.5,50000,50000,0,corridor,1,1
lethal_risky_corridor-q_learning-s6-014ee32be0b3,6,q_learning,lethal,1,0.75,75000,75000,0,corridor,1,1
lethal_risky_corridor-q_learning-s6-014ee32be0b3,6,q_learning,lethal,1,1,100000,100000,0,corridor,1,1
lethal_risky_corridor-q_learning-s6-0681c691ec5f,6,q_learning,lethal,0.986,0.25,25000,25000,0,shelter,2,0
lethal_risky_corridor-q_learning-s6-0681c691ec5f,6,q_learning,lethal,0.986,0.5,50000,50000,0,shelter,2,0
lethal_risky_corridor-q_learning-s6-0681c691ec5f,6,q_learning,lethal,0.986,0.75,75000,75000,0,shelter,2,0
lethal_risky_corridor-q_learning-s6-0681c691ec5f,6,q_learning,lethal,0.986,1,100000,100000,0,shelter,2,0
lethal_risky_corridor-q_learning-s6-20156f9eb717,6,q_learning,lethal,0.996,0.25,25000,25000,0,shelter,2,0
lethal_risky_corridor-q_learning-s6-20156f9eb717,6,q_learning,lethal,0.996,0.5,50000,50000,0,shelter,2,0
lethal_risky_corridor-q_learning-s6-20156f9eb717,6,q_learning,lethal,0.996,0.75,75000,75000,0,shelter,2,0
lethal_risky_corridor-q_learning-s6-20156f9eb717,6,q_learning,lethal,0.996,1,100000,100000,0,shelter,2,0
lethal_risky_corridor-q_learning-s6-2b3451f7b44e,6,q_learning,lethal,0.99,0.25,25000,25000,0,shelter,2,0
lethal_risky_corridor-q_learning-s6-2b3451f7b44e,6,q_learning,lethal,0.99,0.5,50000,50000,0,shelter,2,0
lethal_risky_corridor-q_learning-s6-2b3451f7b44e,6,q_learning,lethal,0.99,0.75,75000,75000,0,shelter,2,0
lethal_risky_corridor-q_learning-s6-2b3451f7b44e,6,q_learning,lethal,0.99,1,100000,100000,0,shelter,2,0
lethal_risky_corridor-q_learning-s6-3ffd1035dfb4,6,q_learning,lethal,0.989,0.25,25000,25000,0,shelter,2,0
lethal_risky_corridor-q_learning-s6-3ffd1035dfb4,6,q_learning,lethal,0.989,0.5,50000,50000,0,shelter,2,0
lethal_risky_corridor-q_learning-s6-3ffd1035dfb4,6,q_learning,lethal,0.989,0.75,75000,75000,0,shelter,2,0
lethal_risky_corridor-q_learning-s6-3ffd1035dfb4,6,q_learning,lethal,0.989,1,100000,100000,0,shelter,2,0
lethal_risky_corridor-q_learning-s6-6f69992c2365,6,q_learning,lethal,0.97,0.25,25000,25000,0,shelter,2,0
lethal_risky_corridor-q_learning-s6-6f69992c2365,6,q_learning,lethal,0.97,0.5,50000,50000,0,shelter,2,0
lethal_risky_corridor-q_learning-s6-6f69992c2365,6,q_learning,lethal,0.97,0.75,75000,75000,0,shelter,2,0
lethal_risky_corridor-q_learning-s6-6f69992c2365,6,q_learning,lethal,0.97,1,100000,100000,0,shelter,2,0
lethal_risky_corridor-q_learning-s6-7492381c1711,6,q_learning,lethal,0.998,0.25,25000,25000,0,shelter,2,0
lethal_risky_corridor-q_learning-s6-7492381c1711,6,q_learning,lethal,0.998,0.5,50000,50000,0,shelter,2,0
lethal_risky_corridor-q_learning-s6-7492381c1711,6,q_learning,lethal,0.998,0.75,75000,75000,0,shelter,2,0
lethal_risky_corridor-q_learning-s6-7492381c1711,6,q_learning,lethal,0.998,1,100000,100000,0,shelter,2,0
lethal_risky_corridor-q_learning-s6-77a89661469f,6,q_learning,lethal,0.98,0.25,25000,25000,0,shelter,2,0
lethal_risky_corridor-q_learning-s6-77a89661469f,6,q_learning,lethal,0.98,0.5,50000,50000,0,shelter,2,0
lethal_risky_corridor-q_learning-s6-77a89661469f,6,q_learning,lethal,0.98,0.75,75000,75000,0,shelter,2,0
lethal_risky_corridor-q_learning-s6-77a89661469f,6,q_learning,lethal,0.98,1,100000,100000,0,shelter,2,0
lethal_risky_corridor-q_learning-s6-84359eeb6b4f,6,q_learning,lethal,0.984,0.25,25000,25000,0,shelter,2,0
lethal_risky_corridor-q_learning-s6-84359eeb6b4f,6,q_learning,lethal,0.984,0.5,50000,50000,0,shelter,2,0
lethal_risky_corridor-q_learning-s6-84359eeb6b4f,6,q_learning,lethal,0.984,0.75,75000,75000,0,shelter,2,0
lethal_risky_corridor-q_learning-s6-84359eeb6b4f,6,q_learning,lethal,0.984,1,100000,100000,0,shelter,2,0
lethal_risky_corridor-q_learning-s6-84a1311e7c6a,6,q_learning,lethal,0.9895,0.25,25000,25000,0,shelter,2,0
lethal_risky_corridor-q_learning-s6-84a1311e7c6a,6,q_learning,lethal,0.9895,0.5,50000,50000,0,shelter,2,0
lethal_risky_corridor-q_learning-s6-84a1311e7c6a,6,q_learning,lethal,0.9895,0.75,75000,75000,0,shelter,2,0
lethal_risky_corridor-q_learning-s6-84a1311e7c6a,6,q_learning,lethal,0.9895,1,100000,100000,0,shelter,2,0
lethal_risky_corridor-q_learning-s6-9dfb7db22edf,6,q_learning,lethal,0.992,0.25,25000,25000,0,shelter,2,0
lethal_risky_corridor-q_learning-s6-9dfb7db22edf,6,q_learning,lethal,0.992,0.5,50000,50000,0,shelter,2,0
lethal_risky_corridor-q_learning-s6-9dfb7db22edf,6,q_learning,lethal,0.992,0.75,75000,75000,0,shelter,2,0
lethal_risky_corridor-q_learning-s6-9dfb7db22edf,6,q_learning,lethal,0.992,1,100000,100000,0,shelter,2,0
lethal_risky_corridor-q_learning-s6-ce1bba7955a6,6,q_learning,lethal,0.994,0.25,25000,25000,0,shelter,2,0
lethal_risky_corridor-q_learning-s6-ce1bba7955a6,6,q_learning,lethal,0.994,0.5,50000,50000,0,shelter,2,0
lethal_risky_corridor-q_learning-s6-ce1bba7955a6,6,q_learning,lethal,0.994,0.75,75000,75000,0,shelter,2,0
lethal_risky_corridor-q_learning-s6-ce1bba7955a6,6,q_learning,lethal,0.994,1,100000,100000,0,shelter,2,0
lethal_risky_corridor-q_learning-s6-dbd18faff8df,6,q_learning,lethal,0.991,0.25,25000,25000,0,shelter,2,0
lethal_risky_corridor-q_learning-s6-dbd18faff8df,6,q_learning,lethal,0.991,0.5,50000,50000,0,shelter,2,0
lethal_risky_corridor-q_learning-s6-dbd18faff8df,6,q_learning,lethal,0.991,0.75,75000,75000,0,shelter,2,0
lethal_risky_corridor-q_learning-s6-dbd18faff8df,6,q_learning,lethal,0.991,1,100000,100000,0,shelter,2,0
lethal_risky_corridor-q_learning-s6-e25a5dc297d9,6,q_learning,lethal,0.988,0.25,25000,25000,0,shelter,2,0
lethal_risky_corridor-q_learning-s6-e25a5dc297d9,6,q_learning,lethal,0.988,0.5,50000,50000,0,shelter,2,0
lethal_risky_corridor-q_learning-s6-e25a5dc297d9,6,q_learning,lethal,0.988,0.75,75000,75000,0,shelter,2,0
lethal_risky_corridor-q_learning-s6-e25a5dc297d9,6,q_learning,lethal,0.988,1,100000,100000,0,shelter,2,0
lethal_risky_corridor-q_learning-s7-031816fdef2a,7,q_learning,lethal,0.97,0.25,25000,25000,0,shelter,2,0
lethal_risky_corridor-q_learning-s7-031816fdef2a,7,q_learning,lethal,0.97,0.5,50000,50000,0,shelter,2,0
lethal_risky_corridor-q_learning-s7-031816fdef2a,7,q_learning,lethal,0.97,0.75,75000,75000,0,shelter,2,0
lethal_risky_corridor-q_learning-s7-031816fdef2a,7,q_learning,lethal,0.97,1,100000,100000,0,shelter,2,0
lethal_risky_corridor-q_learning-s7-12da579b7dec,7,q_learning,lethal,0.984,0.25,25000,25000,0,shelter,2,0
lethal_risky_corridor-q_learning-s7-12da579b7dec,7,q_learning,lethal,0.984,0.5,50000,50000,0,shelter,2,0
lethal_risky_corridor-q_learning-s7-12da579b7dec,7,q_learning,lethal,0.984,0.75,75000,75000,0,shelter,2,0
lethal_risky_corridor-q_learning-s7-12da579b7dec,7,q_learning,lethal,0.984,1,100000,100000,0,shelter,2,0
lethal_risky_corridor-q_learning-s7-1c825dda8661,7,q_learning,lethal,0.986,0.25,25000,25000,0,shelter,2,0
lethal_risky_corridor-q_learning-s7-1c825dda8661,7,q_learning,lethal,0.986,0.5,50000,50000,0,shelter,2,0
lethal_risky_corridor-q_learning-s7-1c825dda8661,7,q_learning,lethal,0.986,0.75,75000,75000,0,shelter,2,0
lethal_risky_corridor-q_learning-s7-1c825dda8661,7,q_learning,lethal,0.986,1,100000,100000,0,shelter,2,0
lethal_risky_corridor-q_learning-s7-235911db3a09,7,q_learning,lethal,0.98,0.25,25000,25000,0,shelter,2,0
lethal_risky_corridor-q_learning-s7-235911db3a09,7,q_learning,lethal,0.98,0.5,50000,50000,0,shelter,2,0
lethal_risky_corridor-q_learning-s7-235911db3a09,7,q_learning,lethal,0.98,0.75,75000,75000,0,shelter,2,0
lethal_risky_corridor-q_learning-s7-235911db3a09,7,q_learning,lethal,0.98,1,100000,100000,0,shelter,2,0
lethal_risky_corridor-q_learning-s7-394481e10e08,7,q_learning,lethal,0.992,0.25,25000,25000,0,shelter,2,0
lethal_risky_corridor-q_learning-s7-394481e10e08,7,q_learning,lethal,0.992,0.5,50000,50000,0,shelter,2,0
lethal_risky_corridor-q_learning-s7-394481e10e08,7,q_learning,lethal,0.992,0.75,75000,75000,0,shelter,2,0
lethal_risky_corridor-q_learning-s7-394481e10e08,7,q_learning,lethal,0.992,1,100000,100000,0,shelter,2,0
lethal_risky_corridor-q_learning-s7-427564b1f9db,7,q_learning,lethal,0.99,0.25,25000,25000,0,shelter,2,0
lethal_risky_corridor-q_learning-s7-427564b1f9db,7,q_learning,lethal,0.99,0.5,50000,50000,0,shelter,2,0
lethal_risky_corridor-q_learning-s7-427564b1f9db,7,q_learning,lethal,0.99,0.75,75000,75000,0,shelter,2,0
lethal_risky_corridor-q_learning-s7-427564b1f9db,7,q_learning,lethal,0.99,1,100000,100000,0,shelter,2,0
lethal_risky_corridor-q_learning-s7-6786c2fe90f0,7,q_learning,lethal,0.988,0.25,25000,25000,0,shelter,2,0
lethal_risky_corridor-q_learning-s7-6786c2fe90f0,7,q_learning,lethal,0.988,0.5,50000,50000,0,shelter,2,0
lethal_risky_corridor-q_learning-s7-6786c2fe90f0,7,q_learning,lethal,0.988,0.75,75000,75000,0,shelter,2,0
lethal_risky_corridor-q_learning-s7-6786c2fe90f0,7,q_learning,lethal,0.988,1,100000,100000,0,shelter,2,0
lethal_risky_corridor-q_learning-s7-6b3a04677059,7,q_learning,lethal,0.989,0.25,25000,25000,0,shelter,2,0
lethal_risky_corridor-q_learning-s7-6b3a04677059,7,q_learning,lethal,0.989,0.5,50000,50000,0,shelter,2,0
lethal_risky_corridor-q_learning-s7-6b3a04677059,7,q_learning,lethal,0.989,0.75,75000,75000,0,shelter,2,0
lethal_risky_corridor-q_learning-s7-6b3a04677059,7,q_learning,lethal,0.989,1,100000,100000,0,shelter,2,0
lethal_risky_corridor-q_learning-s7-83dcf44fbd01,7,q_learning,lethal,0.994,0.25,25000,25000,0,shelter,2,0
lethal_risky_corridor-q_learning-s7-83dcf44fbd01,7,q_learning,lethal,0.994,0.5,50000,50000,0,shelter,2,0
lethal_risky_corridor-q_learning-s7-83dcf44fbd01,7,q_learning,lethal,0.994,0.75,75000,75000,0,shelter,2,0
lethal_risky_corridor-q_learning-s7-83dcf44fbd01,7,q_learning,lethal,0.994,1,100000,100000,0,shelter,2,0
lethal_risky_corridor-q_learning-s7-b70ac0d60558,7,q_learning,lethal,0.998,0.25,25000,25000,0,corridor,1,1
lethal_risky_corridor-q_learning-s7-b70ac0d60558,7,q_learning,lethal,0.998,0.5,50000,50000,0,corridor,1,1
lethal_risky_corridor-q_learning-s7-b70ac0d60558,7,q_learning,lethal,0.998,0.75,75000,75000,0,shelter,2,0
lethal_risky_corridor-q_learning-s7-b70ac0d60558,7,q_learning,lethal,0.998,1,100000,100000,0,shelter,2,0
lethal_risky_corridor-q_learning-s7-bb8807ded4ae,7,q_learning,lethal,1,0.25,25000,25000,0,corridor,1,1
lethal_risky_corridor-q_learning-s7-bb8807ded4ae,7,q_learning,lethal,1,0.5,50000,50000,0,corridor,1,1
lethal_risky_corridor-q_learning-s7-bb8807ded4ae,7,q_learning,lethal,1,0.75,75000,75000,0,corridor,1,1
lethal_risky_corridor-q_learning-s7-bb8807ded4ae,7,q_learning,lethal,1,1,100000,100000,0,corridor,1,1
lethal_risky_corridor-q_learning-s7-cc14abc9e3c9,7,q_learning,lethal,0.996,0.25,25000,25000,0,shelter,2,0
lethal_risky_corridor-q_learning-s7-cc14abc9e3c9,7,q_learning,lethal,0.996,0.5,50000,50000,0,shelter,2,0
lethal_risky_corridor-q_learning-s7-cc14abc9e3c9,7,q_learning,lethal,0.996,0.75,75000,75000,0,shelter,2,0
lethal_risky_corridor-q_learning-s7-cc14abc9e3c9,7,q_learning,lethal,0.996,1,100000,100000,0,shelter,2,0
lethal_risky_corridor-q_learning-s7-eba45026c64a,7,q_learning,lethal,0.9895,0.25,25000,25000,0,shelter,2,0
lethal_risky_corridor-q_learning-s7-eba45026c64a,7,q_learning,lethal,0.9895,0.5,50000,50000,0,shelter,2,0
lethal_risky_corridor-q_learning-s7-eba45026c64a,7,q_learning,lethal,0.9895,0.75,75000,75000,0,shelter,2,0
lethal_risky_corridor-q_learning-s7-eba45026c64a,7,q_learning,lethal,0.9895,1,100000,100000,0,shelter,2,0
lethal_risky_corridor-q_learning-s7-efdceb1bd6cd,7,q_learning,lethal,0.991,0.25,25000,25000,0,shelter,2,0
lethal_risky_corridor-q_learning-s7-efdceb1bd6cd,7,q_learning,lethal,0.991,0.5,50000,50000,0,shelter,2,0
lethal_risky_corridor-q_learning-s7-efdceb1bd6cd,7,q_learning,lethal,0.991,0.75,75000,75000,0,shelter,2,0
lethal_risky_corridor-q_learning-s7-efdceb1bd6cd,7,q_learning,lethal,0.991,1,100000,100000,0,shelter,2,0
lethal_risky_corridor-q_learning-s8-0b63c0b6048f,8,q_learning,lethal,0.9895,0.25,25000,25000,0,shelter,2,0
lethal_risky_corridor-q_learning-s8-0b63c0b6048f,8,q_learning,lethal,0.9895,0.5,50000,50000,0,shelter,2,0
lethal_risky_corridor-q_learning-s8-0b63c0b6048f,8,q_learning,lethal,0.9895,0.75,75000,75000,0,shelter,2,0
lethal_risky_corridor-q_learning-s8-0b63c0b6048f,8,q_learning,lethal,0.9895,1,100000,100000,0,shelter,2,0
lethal_risky_corridor-q_learning-s8-15f4e425c06f,8,q_learning,lethal,0.991,0.25,25000,25000,0,shelter,2,0
lethal_risky_corridor-q_learning-s8-15f4e425c06f,8,q_learning,lethal,0.991,0.5,50000,50000,0,shelter,2,0
lethal_risky_corridor-q_learning-s8-15f4e425c06f,8,q_learning,lethal,0.991,0.75,75000,75000,0,shelter,2,0
lethal_risky_corridor-q_learning-s8-15f4e425c06f,8,q_learning,lethal,0.991,1,100000,100000,0,shelter,2,0
lethal_risky_corridor-q_learning-s8-3e8782a66cf5,8,q_learning,lethal,0.986,0.25,25000,25000,0,shelter,2,0
lethal_risky_corridor-q_learning-s8-3e8782a66cf5,8,q_learning,lethal,0.986,0.5,50000,50000,0,shelter,2,0
lethal_risky_corridor-q_learning-s8-3e8782a66cf5,8,q_learning,lethal,0.986,0.75,75000,75000,0,shelter,2,0
lethal_risky_corridor-q_learning-s8-3e8782a66cf5,8,q_learning,lethal,0.986,1,100000,100000,0,shelter,2,0
lethal_risky_corridor-q_learning-s8-4691f88df8d3,8,q_learning,lethal,0.996,0.25,25000,25000,0,shelter,2,0
lethal_risky_corridor-q_learning-s8-4691f88df8d3,8,q_learning,lethal,0.996,0.5,50000,50000,0,shelter,2,0
lethal_risky_corridor-q_learning-s8-4691f88df8d3,8,q_learning,lethal,0.996,0.75,75000,75000,0,shelter,2,0
lethal_risky_corridor-q_learning-s8-4691f88df8d3,8,q_learning,lethal,0.996,1,100000,100000,0,shelter,2,0
lethal_risky_corridor-q_learning-s8-7f1dd149382d,8,q_learning,lethal,0.994,0.25,25000,25000,0,shelter,2,0
lethal_risky_corridor-q_learning-s8-7f1dd149382d,8,q_learning,lethal,0.994,0.5,50000,50000,0,shelter,2,0
lethal_risky_corridor-q_learning-s8-7f1dd149382d,8,q_learning,lethal,0.994,0.75,75000,75000,0,shelter,2,0
lethal_risky_corridor-q_learning-s8-7f1dd149382d,8,q_learning,lethal,0.994,1,100000,100000,0,shelter,2,0
lethal_risky_corridor-q_learning-s8-846962f26580,8,q_learning,lethal,0.992,0.25,25000,25000,0,shelter,2,0
lethal_risky_corridor-q_learning-s8-846962f26580,8,q_learning,lethal,0.992,0.5,50000,50000,0,shelter,2,0
lethal_risky_corridor-q_learning-s8-846962f26580,8,q_learning,lethal,0.992,0.75,75000,75000,0,shelter,2,0
lethal_risky_corridor-q_learning-s8-846962f26580,8,q_learning,lethal,0.992,1,100000,100000,0,shelter,2,0
lethal_risky_corridor-q_learning-s8-96f7a41d1b8e,8,q_learning,lethal,0.988,0.25,25000,25000,0,shelter,2,0
lethal_risky_corridor-q_learning-s8-96f7a41d1b8e,8,q_learning,lethal,0.988,0.5,50000,50000,0,shelter,2,0
lethal_risky_corridor-q_learning-s8-96f7a41d1b8e,8,q_learning,lethal,0.988,0.75,75000,75000,0,shelter,2,0
lethal_risky_corridor-q_learning-s8-96f7a41d1b8e,8,q_learning,lethal,0.988,1,100000,100000,0,shelter,2,0
lethal_risky_corridor-q_learning-s8-9e7099071f5c,8,q_learning,lethal,0.984,0.25,25000,25000,0,shelter,2,0
lethal_risky_corridor-q_learning-s8-9e7099071f5c,8,q_learning,lethal,0.984,0.5,50000,50000,0,shelter,2,0
lethal_risky_corridor-q_learning-s8-9e7099071f5c,8,q_learning,lethal,0.984,0.75,75000,75000,0,shelter,2,0
lethal_risky_corridor-q_learning-s8-9e7099071f5c,8,q_learning,lethal,0.984,1,100000,100000,0,shelter,2,0
lethal_risky_corridor-q_learning-s8-c137a484bae2,8,q_learning,lethal,0.998,0.25,25000,25000,0,corridor,1,1
lethal_risky_corridor-q_learning-s8-c137a484bae2,8,q_learning,lethal,0.998,0.5,50000,50000,0,shelter,2,0
lethal_risky_corridor-q_learning-s8-c137a484bae2,8,q_learning,lethal,0.998,0.75,75000,75000,0,shelter,2,0
lethal_risky_corridor-q_learning-s8-c137a484bae2,8,q_learning,lethal,0.998,1,100000,100000,0,shelter,2,0
lethal_risky_corridor-q_learning-s8-c6330c1f7ca0,8,q_learning,lethal,0.989,0.25,25000,25000,0,shelter,2,0
lethal_risky_corridor-q_learning-s8-c6330c1f7ca0,8,q_learning,lethal,0.989,0.5,50000,50000,0,shelter,2,0
lethal_risky_corridor-q_learning-s8-c6330c1f7ca0,8,q_learning,lethal,0.989,0.75,75000,75000,0,shelter,2,0
lethal_risky_corridor-q_learning-s8-c6330c1f7ca0,8,q_learning,lethal,0.989,1,100000,100000,0,shelter,2,0
lethal_risky_corridor-q_learning-s8-d2f344603dba,8,q_learning,lethal,0.97,0.25,25000,25000,0,shelter,2,0
lethal_risky_corridor-q_learning-s8-d2f344603dba,8,q_learning,lethal,0.97,0.5,50000,50000,0,shelter,2,0
lethal_risky_corridor-q_learning-s8-d2f344603dba,8,q_learning,lethal,0.97,0.75,75000,75000,0,shelter,2,0
lethal_risky_corridor-q_learning-s8-d2f344603dba,8,q_learning,lethal,0.97,1,100000,100000,0,shelter,2,0
lethal_risky_corridor-q_learning-s8-eb9c21821f08,8,q_learning,lethal,0.99,0.25,25000,25000,0,shelter,2,0
lethal_risky_corridor-q_learning-s8-eb9c21821f08,8,q_learning,lethal,0.99,0.5,50000,50000,0,shelter,2,0
lethal_risky_corridor-q_learning-s8-eb9c21821f08,8,q_learning,lethal,0.99,0.75,75000,75000,0,shelter,2,0
lethal_risky_corridor-q_learning-s8-eb9c21821f08,8,q_learning,lethal,0.99,1,100000,100000,0,shelter,2,0
lethal_risky_corridor-q_learning-s8-eec20836106d,8,q_learning,lethal,1,0.25,25000,25000,0,corridor,1,1
lethal_risky_corridor-q_learning-s8-eec20836106d,8,q_learning,lethal,1,0.5,50000,50000,0,corridor,1,1
lethal_risky_corridor-q_learning-s8-eec20836106d,8,q_learning,lethal,1,0.75,75000,75000,0,corridor,1,1
lethal_risky_corridor-q_learning-s8-eec20836106d,8,q_learning,lethal,1,1,100000,100000,0,corridor,1,1
lethal_risky_corridor-q_learning-s8-f6e46aa21a1b,8,q_learning,lethal,0.98,0.25,25000,25000,0,shelter,2,0
lethal_risky_corridor-q_learning-s8-f6e46aa21a1b,8,q_learning,lethal,0.98,0.5,50000,50000,0,shelter,2,0
lethal_risky_corridor-q_learning-s8-f6e46aa21a1b,8,q_learning,lethal,0.98,0.75,75000,75000,0,shelter,2,0
lethal_risky_corridor-q_learning-s8-f6e46aa21a1b,8,q_learning,lethal,0.98,1,100000,100000,0,shelter,2,0
lethal_risky_corridor-q_learning-s9-0519b1812efc,9,q_learning,lethal,0.989,0.25,25000,25000,0,shelter,2,0
lethal_risky_corridor-q_learning-s9-0519b1812efc,9,q_learning,lethal,0.989,0.5,50000,50000,0,shelter,2,0
lethal_risky_corridor-q_learning-s9-0519b1812efc,9,q_learning,lethal,0.989,0.75,75000,75000,0,shelter,2,0
lethal_risky_corridor-q_learning-s9-0519b1812efc,9,q_learning,lethal,0.989,1,100000,100000,0,shelter,2,0
lethal_risky_corridor-q_learning-s9-13676757d51e,9,q_learning,lethal,0.988,0.25,25000,25000,0,shelter,2,0
lethal_risky_corridor-q_learning-s9-13676757d51e,9,q_learning,lethal,0.988,0.5,50000,50000,0,shelter,2,0
lethal_risky_corridor-q_learning-s9-13676757d51e,9,q_learning,lethal,0.988,0.75,75000,75000,0,shelter,2,0
lethal_risky_corridor-q_learning-s9-13676757d51e,9,q_learning,lethal,0.988,1,100000,100000,0,shelter,2,0
lethal_risky_corridor-q_learning-s9-2fb55196a78b,9,q_learning,lethal,0.9895,0.25,25000,25000,0,shelter,2,0
lethal_risky_corridor-q_learning-s9-2fb55196a78b,9,q_learning,lethal,0.9895,0.5,50000,50000,0,shelter,2,0
lethal_risky_corridor-q_learning-s9-2fb55196a78b,9,q_learning,lethal,0.9895,0.75,75000,75000,0,shelter,2,0
lethal_risky_corridor-q_learning-s9-2fb55196a78b,9,q_learning,lethal,0.9895,1,100000,100000,0,shelter,2,0
lethal_risky_corridor-q_learning-s9-40ae5f87a33c,9,q_learning,lethal,0.996,0.25,25000,25000,0,shelter,2,0
lethal_risky_corridor-q_learning-s9-40ae5f87a33c,9,q_learning,lethal,0.996,0.5,50000,50000,0,shelter,2,0
lethal_risky_corridor-q_learning-s9-40ae5f87a33c,9,q_learning,lethal,0.996,0.75,75000,75000,0,shelter,2,0
lethal_risky_corridor-q_learning-s9-40ae5f87a33c,9,q_learning,lethal,0.996,1,100000,100000,0,shelter,2,0
lethal_risky_corridor-q_learning-s9-464f6ce72872,9,q_learning,lethal,0.998,0.25,25000,25000,0,shelter,2,0
lethal_risky_corridor-q_learning-s9-464f6ce72872,9,q_learning,lethal,0.998,0.5,50000,50000,0,shelter,2,0
lethal_risky_corridor-q_learning-s9-464f6ce72872,9,q_learning,lethal,0.998,0.75,75000,75000,0,shelter,2,0
lethal_risky_corridor-q_learning-s9-464f6ce72872,9,q_learning,lethal,0.998,1,100000,100000,0,shelter,2,0
lethal_risky_corridor-q_learning-s9-66c9ddf6e643,9,q_learning,lethal,0.984,0.25,25000,25000,0,shelter,2,0
lethal_risky_corridor-q_learning-s9-66c9ddf6e643,9,q_learning,lethal,0.984,0.5,50000,50000,0,shelter,2,0
lethal_risky_corridor-q_learning-s9-66c9ddf6e643,9,q_learning,lethal,0.984,0.75,75000,75000,0,shelter,2,0
lethal_risky_corridor-q_learning-s9-66c9ddf6e643,9,q_learning,lethal,0.984,1,100000,100000,0,shelter,2,0
lethal_risky_corridor-q_learning-s9-6f8b15ae281b,9,q_learning,lethal,1,0.25,25000,25000,0,corridor,1,1
lethal_risky_corridor-q_learning-s9-6f8b15ae281b,9,q_learning,lethal,1,0.5,50000,50000,0,corridor,1,1
lethal_risky_corridor-q_learning-s9-6f8b15ae281b,9,q_learning,lethal,1,0.75,75000,75000,0,corridor,1,1
lethal_risky_corridor-q_learning-s9-6f8b15ae281b,9,q_learning,lethal,1,1,100000,100000,0,corridor,1,1
lethal_risky_corridor-q_learning-s9-740aa392de65,9,q_learning,lethal,0.99,0.25,25000,25000,0,shelter,2,0
lethal_risky_corridor-q_learning-s9-740aa392de65,9,q_learning,lethal,0.99,0.5,50000,50000,0,shelter,2,0
lethal_risky_corridor-q_learning-s9-740aa392de65,9,q_learning,lethal,0.99,0.75,75000,75000,0,shelter,2,0
lethal_risky_corridor-q_learning-s9-740aa392de65,9,q_learning,lethal,0.99,1,100000,100000,0,shelter,2,0
lethal_risky_corridor-q_learning-s9-8fd99a174048,9,q_learning,lethal,0.97,0.25,25000,25000,0,shelter,2,0
lethal_risky_corridor-q_learning-s9-8fd99a174048,9,q_learning,lethal,0.97,0.5,50000,50000,0,shelter,2,0
lethal_risky_corridor-q_learning-s9-8fd99a174048,9,q_learning,lethal,0.97,0.75,75000,75000,0,shelter,2,0
lethal_risky_corridor-q_learning-s9-8fd99a174048,9,q_learning,lethal,0.97,1,100000,100000,0,shelter,2,0
lethal_risky_corridor-q_learning-s9-c21a60a0ad81,9,q_learning,lethal,0.992,0.25,25000,25000,0,shelter,2,0
lethal_risky_corridor-q_learning-s9-c21a60a0ad81,9,q_learning,lethal,0.992,0.5,50000,50000,0,shelter,2,0
lethal_risky_corridor-q_learning-s9-c21a60a0ad81,9,q_learning,lethal,0.992,0.75,75000,75000,0,shelter,2,0
lethal_risky_corridor-q_learning-s9-c21a60a0ad81,9,q_learning,lethal,0.992,1,100000,100000,0,shelter,2,0
lethal_risky_corridor-q_learning-s9-c91ca720b771,9,q_learning,lethal,0.994,0.25,25000,25000,0,shelter,2,0
lethal_risky_corridor-q_learning-s9-c91ca720b771,9,q_learning,lethal,0.994,0.5,50000,50000,0,shelter,2,0
lethal_risky_corridor-q_learning-s9-c91ca720b771,9,q_learning,lethal,0.994,0.75,75000,75000,0,shelter,2,0
lethal_risky_corridor-q_learning-s9-c91ca720b771,9,q_learning,lethal,0.994,1,100000,100000,0,shelter,2,0
lethal_risky_corridor-q_learning-s9-fa003f347319,9,q_learning,lethal,0.991,0.25,25000,25000,0,shelter,2,0
lethal_risky_corridor-q_learning-s9-fa003f347319,9,q_learning,lethal,0.991,0.5,50000,50000,0,shelter,2,0
lethal_risky_corridor-q_learning-s9-fa003f347319,9,q_learning,lethal,0.991,0.75,75000,75000,0,shelter,2,0
lethal_risky_corridor-q_learning-s9-fa003f347319,9,q_learning,lethal,0.991,1,100000,100000,0,shelter,2,0
lethal_risky_corridor-q_learning-s9-fd219fb1532e,9,q_learning,lethal,0.98,0.25,25000,25000,0,shelter,2,0
lethal_risky_corridor-q_learning-s9-fd219fb1532e,9,q_learning,lethal,0.98,0.5,50000,50000,0,shelter,2,0
lethal_risky_corridor-q_learning-s9-fd219fb1532e,9,q_learning,lethal,0.98,0.75,75000,75000,0,shelter,2,0
lethal_risky_corridor-q_learning-s9-fd219fb1532e,9,q_learning,lethal,0.98,1,100000,100000,0,shelter,2,0
lethal_risky_corridor-q_learning-s9-fd2877e6674f,9,q_learning,lethal,0.986,0.25,25000,25000,0,shelter,2,0
lethal_risky_corridor-q_learning-s9-fd2877e6674f,9,q_learning,lethal,0.986,0.5,50000,50000,0,shelter,2,0
lethal_risky_corridor-q_learning-s9-fd2877e6674f,9,q_learning,lethal,0.986,0.75,75000,75000,0,shelter,2,0
lethal_risky_corridor-q_learning-s9-fd2877e6674f,9,q_learning,lethal,0.986,1,100000,100000,0,shelter,2,0
lethal_risky_corridor-sarsa-s0-1da2bd291681,0,sarsa,lethal,0.986,0.25,25000,25000,0,shelter,2,0
lethal_risky_corridor-sarsa-s0-1da2bd291681,0,sarsa,lethal,0.986,0.5,50000,50000,0,shelter,2,0
lethal_risky_corridor-sarsa-s0-1da2bd291681,0,sarsa,lethal,0.986,0.75,75000,75000,0,shelter,2,0
lethal_risky_corridor-sarsa-s0-1da2bd291681,0,sarsa,lethal,0.986,1,100000,100000,0,shelter,2,0
lethal_risky_corridor-sarsa-s0-3362e28b0162,0,sarsa,lethal,0.998,0.25,25000,25000,0,shelter,2,0
lethal_risky_corridor-sarsa-s0-3362e28b0162,0,sarsa,lethal,0.998,0.5,50000,50000,0,shelter,2,0
lethal_risky_corridor-sarsa-s0-3362e28b0162,0,sarsa,lethal,0.998,0.75,75000,75000,0,shelter,2,0
lethal_risky_corridor-sarsa-s0-3362e28b0162,0,sarsa,lethal,0.998,1,100000,100000,0,shelter,2,0
lethal_risky_corridor-sarsa-s0-78aa072e34ba,0,sarsa,lethal,0.97,0.25,25000,25000,0,shelter,2,0
lethal_risky_corridor-sarsa-s0-78aa072e34ba,0,sarsa,lethal,0.97,0.5,50000,50000,0,shelter,2,0
lethal_risky_corridor-sarsa-s0-78aa072e34ba,0,sarsa,lethal,0.97,0.75,75000,75000,0,shelter,2,0
lethal_risky_corridor-sarsa-s0-78aa072e34ba,0,sarsa,lethal,0.97,1,100000,100000,0,shelter,2,0
lethal_risky_corridor-sarsa-s0-989e80bf3bb4,0,sarsa,lethal,1,0.25,25000,25000,0,shelter,2,0
lethal_risky_corridor-sarsa-s0-989e80bf3bb4,0,sarsa,lethal,1,0.5,50000,50000,0,shelter,2,0
lethal_risky_corridor-sarsa-s0-989e80bf3bb4,0,sarsa,lethal,1,0.75,75000,75000,0,shelter,2,0
lethal_risky_corridor-sarsa-s0-989e80bf3bb4,0,sarsa,lethal,1,1,100000,100000,0,shelter,2,0
lethal_risky_corridor-sarsa-s0-aab4976a41d6,0,sarsa,lethal,0.994,0.25,25000,25000,0,shelter,2,0
lethal_risky_corridor-sarsa-s0-aab4976a41d6,0,sarsa,lethal,0.994,0.5,50000,50000,0,shelter,2,0
lethal_risky_corridor-sarsa-s0-aab4976a41d6,0,sarsa,lethal,0.994,0.75,75000,75000,0,shelter,2,0
lethal_risky_corridor-sarsa-s0-aab4976a41d6,0,sarsa,lethal,0.994,1,100000,100000,0,shelter,2,0
lethal_risky_corridor-sarsa-s0-aec7bf284651,0,sarsa,lethal,0.98,0.25,25000,25000,0,shelter,2,0
lethal_risky_corridor-sarsa-s0-aec7bf284651,0,sarsa,lethal,0.98,0.5,50000,50000,0,shelter,2,0
lethal_risky_corridor-sarsa-s0-aec7bf284651,0,sarsa,lethal,0.98,0.75,75000,75000,0,shelter,2,0
lethal_risky_corridor-sarsa-s0-aec7bf284651,0,sarsa,lethal,0.98,1,100000,100000,0,shelter,2,0
lethal_risky_corridor-sarsa-s0-b73161f85aa4,0,sarsa,lethal,0.992,0.25,25000,25000,0,shelter,2,0
lethal_risky_corridor-sarsa-s0-b73161f85aa4,0,sarsa,lethal,0.992,0.5,50000,50000,0,shelter,2,0
lethal_risky_corridor-sarsa-s0-b73161f85aa4,0,sarsa,lethal,0.992,0.75,75000,75000,0,shelter,2,0
lethal_risky_corridor-sarsa-s0-b73161f85aa4,0,sarsa,lethal,0.992,1,100000,100000,0,shelter,2,0
lethal_risky_corridor-sarsa-s0-c90ce36cbc2d,0,sarsa,lethal,0.9895,0.25,25000,25000,0,shelter,2,0
lethal_risky_corridor-sarsa-s0-c90ce36cbc2d,0,sarsa,lethal,0.9895,0.5,50000,50000,0,shelter,2,0
lethal_risky_corridor-sarsa-s0-c90ce36cbc2d,0,sarsa,lethal,0.9895,0.75,75000,75000,0,shelter,2,0
lethal_risky_corridor-sarsa-s0-c90ce36cbc2d,0,sarsa,lethal,0.9895,1,100000,100000,0,shelter,2,0
lethal_risky_corridor-sarsa-s0-d00eee58dbb4,0,sarsa,lethal,0.991,0.25,25000,25000,0,shelter,2,0
lethal_risky_corridor-sarsa-s0-d00eee58dbb4,0,sarsa,lethal,0.991,0.5,50000,50000,0,shelter,2,0
lethal_risky_corridor-sarsa-s0-d00eee58dbb4,0,sarsa,lethal,0.991,0.75,75000,75000,0,shelter,2,0
lethal_risky_corridor-sarsa-s0-d00eee58dbb4,0,sarsa,lethal,0.991,1,100000,100000,0,shelter,2,0
lethal_risky_corridor-sarsa-s0-d0205e36b2d5,0,sarsa,lethal,0.996,0.25,25000,25000,0,shelter,2,0
lethal_risky_corridor-sarsa-s0-d0205e36b2d5,0,sarsa,lethal,0.996,0.5,50000,50000,0,shelter,2,0
lethal_risky_corridor-sarsa-s0-d0205e36b2d5,0,sarsa,lethal,0.996,0.75,75000,75000,0,shelter,2,0
lethal_risky_corridor-sarsa-s0-d0205e36b2d5,0,sarsa,lethal,0.996,1,100000,100000,0,shelter,2,0
lethal_risky_corridor-sarsa-s0-dc16b58edb93,0,sarsa,lethal,0.988,0.25,25000,25000,0,shelter,2,0
lethal_risky_corridor-sarsa-s0-dc16b58edb93,0,sarsa,lethal,0.988,0.5,50000,50000,0,shelter,2,0
lethal_risky_corridor-sarsa-s0-dc16b58edb93,0,sarsa,lethal,0.988,0.75,75000,75000,0,shelter,2,0
lethal_risky_corridor-sarsa-s0-dc16b58edb93,0,sarsa,lethal,0.988,1,100000,100000,0,shelter,2,0
lethal_risky_corridor-sarsa-s0-e9547b8b7fa5,0,sarsa,lethal,0.984,0.25,25000,25000,0,shelter,2,0
lethal_risky_corridor-sarsa-s0-e9547b8b7fa5,0,sarsa,lethal,0.984,0.5,50000,50000,0,shelter,2,0
lethal_risky_corridor-sarsa-s0-e9547b8b7fa5,0,sarsa,lethal,0.984,0.75,75000,75000,0,shelter,2,0
lethal_risky_corridor-sarsa-s0-e9547b8b7fa5,0,sarsa,lethal,0.984,1,100000,100000,0,shelter,2,0
lethal_risky_corridor-sarsa-s0-f37ef5613e08,0,sarsa,lethal,0.99,0.25,25000,25000,0,shelter,2,0
lethal_risky_corridor-sarsa-s0-f37ef5613e08,0,sarsa,lethal,0.99,0.5,50000,50000,0,shelter,2,0
lethal_risky_corridor-sarsa-s0-f37ef5613e08,0,sarsa,lethal,0.99,0.75,75000,75000,0,shelter,2,0
lethal_risky_corridor-sarsa-s0-f37ef5613e08,0,sarsa,lethal,0.99,1,100000,100000,0,shelter,2,0
lethal_risky_corridor-sarsa-s0-ff7ef49d17b2,0,sarsa,lethal,0.989,0.25,25000,25000,0,shelter,2,0
lethal_risky_corridor-sarsa-s0-ff7ef49d17b2,0,sarsa,lethal,0.989,0.5,50000,50000,0,shelter,2,0
lethal_risky_corridor-sarsa-s0-ff7ef49d17b2,0,sarsa,lethal,0.989,0.75,75000,75000,0,shelter,2,0
lethal_risky_corridor-sarsa-s0-ff7ef49d17b2,0,sarsa,lethal,0.989,1,100000,100000,0,shelter,2,0
lethal_risky_corridor-sarsa-s1-049274fde927,1,sarsa,lethal,0.986,0.25,25000,25000,0,shelter,2,0
lethal_risky_corridor-sarsa-s1-049274fde927,1,sarsa,lethal,0.986,0.5,50000,50000,0,shelter,2,0
lethal_risky_corridor-sarsa-s1-049274fde927,1,sarsa,lethal,0.986,0.75,75000,75000,0,shelter,2,0
lethal_risky_corridor-sarsa-s1-049274fde927,1,sarsa,lethal,0.986,1,100000,100000,0,shelter,2,0
lethal_risky_corridor-sarsa-s1-052171a3b832,1,sarsa,lethal,0.992,0.25,25000,25000,0,shelter,2,0
lethal_risky_corridor-sarsa-s1-052171a3b832,1,sarsa,lethal,0.992,0.5,50000,50000,0,shelter,2,0
lethal_risky_corridor-sarsa-s1-052171a3b832,1,sarsa,lethal,0.992,0.75,75000,75000,0,shelter,2,0
lethal_risky_corridor-sarsa-s1-052171a3b832,1,sarsa,lethal,0.992,1,100000,100000,0,shelter,2,0
lethal_risky_corridor-sarsa-s1-0c08f695ed77,1,sarsa,lethal,0.99,0.25,25000,25000,0,shelter,2,0
lethal_risky_corridor-sarsa-s1-0c08f695ed77,1,sarsa,lethal,0.99,0.5,50000,50000,0,shelter,2,0
lethal_risky_corridor-sarsa-s1-0c08f695ed77,1,sarsa,lethal,0.99,0.75,75000,75000,0,shelter,2,0
lethal_risky_corridor-sarsa-s1-0c08f695ed77,1,sarsa,lethal,0.99,1,100000,100000,0,shelter,2,0
lethal_risky_corridor-sarsa-s1-20517844ec50,1,sarsa,lethal,0.98,0.25,25000,25000,0,shelter,2,0
lethal_risky_corridor-sarsa-s1-20517844ec50,1,sarsa,lethal,0.98,0.5,50000,50000,0,shelter,2,0
lethal_risky_corridor-sarsa-s1-20517844ec50,1,sarsa,lethal,0.98,0.75,75000,75000,0,shelter,2,0
lethal_risky_corridor-sarsa-s1-20517844ec50,1,sarsa,lethal,0.98,1,100000,100000,0,shelter,2,0
lethal_risky_corridor-sarsa-s1-230a7b91b5e3,1,sarsa,lethal,0.9895,0.25,25000,25000,0,shelter,2,0
lethal_risky_corridor-sarsa-s1-230a7b91b5e3,1,sarsa,lethal,0.9895,0.5,50000,50000,0,shelter,2,0
lethal_risky_corridor-sarsa-s1-230a7b91b5e3,1,sarsa,lethal,0.9895,0.75,75000,75000,0,shelter,2,0
lethal_risky_corridor-sarsa-s1-230a7b91b5e3,1,sarsa,lethal,0.9895,1,100000,100000,0,shelter,2,0
lethal_risky_corridor-sarsa-s1-359d8710fdb5,1,sarsa,lethal,0.991,0.25,25000,25000,0,shelter,2,0
lethal_risky_corridor-sarsa-s1-359d8710fdb5,1,sarsa,lethal,0.991,0.5,50000,50000,0,shelter,2,0
lethal_risky_corridor-sarsa-s1-359d8710fdb5,1,sarsa,lethal,0.991,0.75,75000,75000,0,shelter,2,0
lethal_risky_corridor-sarsa-s1-359d8710fdb5,1,sarsa,lethal,0.991,1,100000,100000,0,shelter,2,0
lethal_risky_corridor-sarsa-s1-3b73a0c831eb,1,sarsa,lethal,0.989,0.25,25000,25000,0,shelter,2,0
lethal_risky_corridor-sarsa-s1-3b73a0c831eb,1,sarsa,lethal,0.989,0.5,50000,50000,0,shelter,2,0
lethal_risky_corridor-sarsa-s1-3b73a0c831eb,1,sarsa,lethal,0.989,0.75,75000,75000,0,shelter,2,0
lethal_risky_corridor-sarsa-s1-3b73a0c831eb,1,sarsa,lethal,0.989,1,100000,100000,0,shelter,2,0
lethal_risky_corridor-sarsa-s1-520c2f2b8fc3,1,sarsa,lethal,0.996,0.25,25000,25000,0,shelter,2,0
lethal_risky_corridor-sarsa-s1-520c2f2b8fc3,1,sarsa,lethal,0.996,0.5,50000,50000,0,shelter,2,0
lethal_risky_corridor-sarsa-s1-520c2f2b8fc3,1,sarsa,lethal,0.996,0.75,75000,75000,0,shelter,2,0
lethal_risky_corridor-sarsa-s1-520c2f2b8fc3,1,sarsa,lethal,0.996,1,100000,100000,0,shelter,2,0
lethal_risky_corridor-sarsa-s1-6aa39398dfef,1,sarsa,lethal,0.994,0.25,25000,25000,0,shelter,2,0
lethal_risky_corridor-sarsa-s1-6aa39398dfef,1,sarsa,lethal,0.994,0.5,50000,50000,0,shelter,2,0
lethal_risky_corridor-sarsa-s1-6aa39398dfef,1,sarsa,lethal,0.994,0.75,75000,75000,0,shelter,2,0
lethal_risky_corridor-sarsa-s1-6aa39398dfef,1,sarsa,lethal,0.994,1,100000,100000,0,shelter,2,0
lethal_risky_corridor-sarsa-s1-8172509521ef,1,sarsa,lethal,1,0.25,25000,25000,0,shelter,2,0
lethal_risky_corridor-sarsa-s1-8172509521ef,1,sarsa,lethal,1,0.5,50000,50000,0,shelter,2,0
lethal_risky_corridor-sarsa-s1-8172509521ef,1,sarsa,lethal,1,0.75,75000,75000,0,shelter,2,0
lethal_risky_corridor-sarsa-s1-8172509521ef,1,sarsa,lethal,1,1,100000,100000,0,shelter,2,0
lethal_risky_corridor-sarsa-s1-a77764f6f3c8,1,sarsa,lethal,0.998,0.25,25000,25000,0,shelter,2,0
lethal_risky_corridor-sarsa-s1-a77764f6f3c8,1,sarsa,lethal,0.998,0.5,50000,50000,0,shelter,2,0
lethal_risky_corridor-sarsa-s1-a77764f6f3c8,1,sarsa,lethal,0.998,0.75,75000,75000,0,shelter,2,0
lethal_risky_corridor-sarsa-s1-a77764f6f3c8,1,sarsa,lethal,0.998,1,100000,100000,0,shelter,2,0
lethal_risky_corridor-sarsa-s1-c04a468655d4,1,sarsa,lethal,0.97,0.25,25000,25000,0,shelter,2,0
lethal_risky_corridor-sarsa-s1-c04a468655d4,1,sarsa,lethal,0.97,0.5,50000,50000,0,shelter,2,0
lethal_risky_corridor-sarsa-s1-c04a468655d4,1,sarsa,lethal,0.97,0.75,75000,75000,0,shelter,2,0
lethal_risky_corridor-sarsa-s1-c04a468655d4,1,sarsa,lethal,0.97,1,100000,100000,0,shelter,2,0
lethal_risky_corridor-sarsa-s1-cd2526b37d1e,1,sarsa,lethal,0.988,0.25,25000,25000,0,shelter,2,0
lethal_risky_corridor-sarsa-s1-cd2526b37d1e,1,sarsa,lethal,0.988,0.5,50000,50000,0,shelter,2,0
lethal_risky_corridor-sarsa-s1-cd2526b37d1e,1,sarsa,lethal,0.988,0.75,75000,75000,0,shelter,2,0
lethal_risky_corridor-sarsa-s1-cd2526b37d1e,1,sarsa,lethal,0.988,1,100000,100000,0,shelter,2,0
lethal_risky_corridor-sarsa-s1-f231988a24f6,1,sarsa,lethal,0.984,0.25,25000,25000,0,shelter,2,0
lethal_risky_corridor-sarsa-s1-f231988a24f6,1,sarsa,lethal,0.984,0.5,50000,50000,0,shelter,2,0
lethal_risky_corridor-sarsa-s1-f231988a24f6,1,sarsa,lethal,0.984,0.75,75000,75000,0,shelter,2,0
lethal_risky_corridor-sarsa-s1-f231988a24f6,1,sarsa,lethal,0.984,1,100000,100000,0,shelter,2,0
lethal_risky_corridor-sarsa-s10-0d91530b2e6a,10,sarsa,lethal,0.97,0.25,25000,25000,0,shelter,2,0
lethal_risky_corridor-sarsa-s10-0d91530b2e6a,10,sarsa,lethal,0.97,0.5,50000,50000,0,shelter,2,0
lethal_risky_corridor-sarsa-s10-0d91530b2e6a,10,sarsa,lethal,0.97,0.75,75000,75000,0,shelter,2,0
lethal_risky_corridor-sarsa-s10-0d91530b2e6a,10,sarsa,lethal,0.97,1,100000,100000,0,shelter,2,0
lethal_risky_corridor-sarsa-s10-167de9382bca,10,sarsa,lethal,0.984,0.25,25000,25000,0,shelter,2,0
lethal_risky_corridor-sarsa-s10-167de9382bca,10,sarsa,lethal,0.984,0.5,50000,50000,0,shelter,2,0
lethal_risky_corridor-sarsa-s10-167de9382bca,10,sarsa,lethal,0.984,0.75,75000,75000,0,shelter,2,0
lethal_risky_corridor-sarsa-s10-167de9382bca,10,sarsa,lethal,0.984,1,100000,100000,0,shelter,2,0
lethal_risky_corridor-sarsa-s10-628983aa41a4,10,sarsa,lethal,0.996,0.25,25000,25000,0,shelter,2,0
lethal_risky_corridor-sarsa-s10-628983aa41a4,10,sarsa,lethal,0.996,0.5,50000,50000,0,shelter,2,0
lethal_risky_corridor-sarsa-s10-628983aa41a4,10,sarsa,lethal,0.996,0.75,75000,75000,0,shelter,2,0
lethal_risky_corridor-sarsa-s10-628983aa41a4,10,sarsa,lethal,0.996,1,100000,100000,0,shelter,2,0
lethal_risky_corridor-sarsa-s10-63885316a759,10,sarsa,lethal,0.986,0.25,25000,25000,0,shelter,2,0
lethal_risky_corridor-sarsa-s10-63885316a759,10,sarsa,lethal,0.986,0.5,50000,50000,0,shelter,2,0
lethal_risky_corridor-sarsa-s10-63885316a759,10,sarsa,lethal,0.986,0.75,75000,75000,0,shelter,2,0
lethal_risky_corridor-sarsa-s10-63885316a759,10,sarsa,lethal,0.986,1,100000,100000,0,shelter,2,0
lethal_risky_corridor-sarsa-s10-65350bcb473d,10,sarsa,lethal,0.994,0.25,25000,25000,0,shelter,2,0
lethal_risky_corridor-sarsa-s10-65350bcb473d,10,sarsa,lethal,0.994,0.5,50000,50000,0,shelter,2,0
lethal_risky_corridor-sarsa-s10-65350bcb473d,10,sarsa,lethal,0.994,0.75,75000,75000,0,shelter,2,0
lethal_risky_corridor-sarsa-s10-65350bcb473d,10,sarsa,lethal,0.994,1,100000,100000,0,shelter,2,0
lethal_risky_corridor-sarsa-s10-7404d6ccddb5,10,sarsa,lethal,0.992,0.25,25000,25000,0,shelter,2,0
lethal_risky_corridor-sarsa-s10-7404d6ccddb5,10,sarsa,lethal,0.992,0.5,50000,50000,0,shelter,2,0
lethal_risky_corridor-sarsa-s10-7404d6ccddb5,10,sarsa,lethal,0.992,0.75,75000,75000,0,shelter,2,0
lethal_risky_corridor-sarsa-s10-7404d6ccddb5,10,sarsa,lethal,0.992,1,100000,100000,0,shelter,2,0
lethal_risky_corridor-sarsa-s10-7f0d45131986,10,sarsa,lethal,0.99,0.25,25000,25000,0,shelter,2,0
lethal_risky_corridor-sarsa-s10-7f0d45131986,10,sarsa,lethal,0.99,0.5,50000,50000,0,shelter,2,0
lethal_risky_corridor-sarsa-s10-7f0d45131986,10,sarsa,lethal,0.99,0.75,75000,75000,0,shelter,2,0
lethal_risky_corridor-sarsa-s10-7f0d45131986,10,sarsa,lethal,0.99,1,100000,100000,0,other,3,0
lethal_risky_corridor-sarsa-s10-88422f26a241,10,sarsa,lethal,0.989,0.25,25000,25000,0,shelter,2,0
lethal_risky_corridor-sarsa-s10-88422f26a241,10,sarsa,lethal,0.989,0.5,50000,50000,0,shelter,2,0
lethal_risky_corridor-sarsa-s10-88422f26a241,10,sarsa,lethal,0.989,0.75,75000,75000,0,shelter,2,0
lethal_risky_corridor-sarsa-s10-88422f26a241,10,sarsa,lethal,0.989,1,100000,100000,0,shelter,2,0
lethal_risky_corridor-sarsa-s10-8cf5562aaf93,10,sarsa,lethal,0.9895,0.25,25000,25000,0,shelter,2,0
lethal_risky_corridor-sarsa-s10-8cf5562aaf93,10,sarsa,lethal,0.9895,0.5,50000,50000,0,shelter,2,0
lethal_risky_corridor-sarsa-s10-8cf5562aaf93,10,sarsa,lethal,0.9895,0.75,75000,75000,0,shelter,2,0
lethal_risky_corridor-sarsa-s10-8cf5562aaf93,10,sarsa,lethal,0.9895,1,100000,100000,0,shelter,2,0
lethal_risky_corridor-sarsa-s10-97d2c6ac790a,10,sarsa,lethal,0.98,0.25,25000,25000,0,shelter,2,0
lethal_risky_corridor-sarsa-s10-97d2c6ac790a,10,sarsa,lethal,0.98,0.5,50000,50000,0,shelter,2,0
lethal_risky_corridor-sarsa-s10-97d2c6ac790a,10,sarsa,lethal,0.98,0.75,75000,75000,0,shelter,2,0
lethal_risky_corridor-sarsa-s10-97d2c6ac790a,10,sarsa,lethal,0.98,1,100000,100000,0,shelter,2,0
lethal_risky_corridor-sarsa-s10-b082628614d0,10,sarsa,lethal,0.991,0.25,25000,25000,0,shelter,2,0
lethal_risky_corridor-sarsa-s10-b082628614d0,10,sarsa,lethal,0.991,0.5,50000,50000,0,shelter,2,0
lethal_risky_corridor-sarsa-s10-b082628614d0,10,sarsa,lethal,0.991,0.75,75000,75000,0,shelter,2,0
lethal_risky_corridor-sarsa-s10-b082628614d0,10,sarsa,lethal,0.991,1,100000,100000,0,shelter,2,0
lethal_risky_corridor-sarsa-s10-bce4799d59c0,10,sarsa,lethal,0.988,0.25,25000,25000,0,shelter,2,0
lethal_risky_corridor-sarsa-s10-bce4799d59c0,10,sarsa,lethal,0.988,0.5,50000,50000,0,shelter,2,0
lethal_risky_corridor-sarsa-s10-bce4799d59c0,10,sarsa,lethal,0.988,0.75,75000,75000,0,shelter,2,0
lethal_risky_corridor-sarsa-s10-bce4799d59c0,10,sarsa,lethal,0.988,1,100000,100000,0,shelter,2,0
lethal_risky_corridor-sarsa-s10-d1fe8280d483,10,sarsa,lethal,0.998,0.25,25000,25000,0,shelter,2,0
lethal_risky_corridor-sarsa-s10-d1fe8280d483,10,sarsa,lethal,0.998,0.5,50000,50000,0,shelter,2,0
lethal_risky_corridor-sarsa-s10-d1fe8280d483,10,sarsa,lethal,0.998,0.75,75000,75000,0,shelter,2,0
lethal_risky_corridor-sarsa-s10-d1fe8280d483,10,sarsa,lethal,0.998,1,100000,100000,0,shelter,2,0
lethal_risky_corridor-sarsa-s10-f4deeafa4784,10,sarsa,lethal,1,0.25,25000,25000,0,shelter,2,0
lethal_risky_corridor-sarsa-s10-f4deeafa4784,10,sarsa,lethal,1,0.5,50000,50000,0,shelter,2,0
lethal_risky_corridor-sarsa-s10-f4deeafa4784,10,sarsa,lethal,1,0.75,75000,75000,0,shelter,2,0
lethal_risky_corridor-sarsa-s10-f4deeafa4784,10,sarsa,lethal,1,1,100000,100000,0,shelter,2,0
lethal_risky_corridor-sarsa-s11-3b81d9d5aff7,11,sarsa,lethal,0.98,0.25,25000,25000,0,shelter,2,0
lethal_risky_corridor-sarsa-s11-3b81d9d5aff7,11,sarsa,lethal,0.98,0.5,50000,50000,0,shelter,2,0
lethal_risky_corridor-sarsa-s11-3b81d9d5aff7,11,sarsa,lethal,0.98,0.75,75000,75000,0,shelter,2,0
lethal_risky_corridor-sarsa-s11-3b81d9d5aff7,11,sarsa,lethal,0.98,1,100000,100000,0,shelter,2,0
lethal_risky_corridor-sarsa-s11-3c52880e722f,11,sarsa,lethal,0.986,0.25,25000,25000,0,shelter,2,0
lethal_risky_corridor-sarsa-s11-3c52880e722f,11,sarsa,lethal,0.986,0.5,50000,50000,0,shelter,2,0
lethal_risky_corridor-sarsa-s11-3c52880e722f,11,sarsa,lethal,0.986,0.75,75000,75000,0,shelter,2,0
lethal_risky_corridor-sarsa-s11-3c52880e722f,11,sarsa,lethal,0.986,1,100000,100000,0,shelter,2,0
lethal_risky_corridor-sarsa-s11-3feee4d11bc5,11,sarsa,lethal,0.991,0.25,25000,25000,0,shelter,2,0
lethal_risky_corridor-sarsa-s11-3feee4d11bc5,11,sarsa,lethal,0.991,0.5,50000,50000,0,shelter,2,0
lethal_risky_corridor-sarsa-s11-3feee4d11bc5,11,sarsa,lethal,0.991,0.75,75000,75000,0,shelter,2,0
lethal_risky_corridor-sarsa-s11-3feee4d11bc5,11,sarsa,lethal,0.991,1,100000,100000,0,shelter,2,0
lethal_risky_corridor-sarsa-s11-5a6e056b3e9b,11,sarsa,lethal,1,0.25,25000,25000,0,shelter,2,0
lethal_risky_corridor-sarsa-s11-5a6e056b3e9b,11,sarsa,lethal,1,0.5,50000,50000,0,shelter,2,0
lethal_risky_corridor-sarsa-s11-5a6e056b3e9b,11,sarsa,lethal,1,0.75,75000,75000,0,shelter,2,0
lethal_risky_corridor-sarsa-s11-5a6e056b3e9b,11,sarsa,lethal,1,1,100000,100000,0,shelter,2,0
lethal_risky_corridor-sarsa-s11-6bd6f1215013,11,sarsa,lethal,0.994,0.25,25000,25000,0,shelter,2,0
lethal_risky_corridor-sarsa-s11-6bd6f1215013,11,sarsa,lethal,0.994,0.5,50000,50000,0,shelter,2,0
lethal_risky_corridor-sarsa-s11-6bd6f1215013,11,sarsa,lethal,0.994,0.75,75000,75000,0,shelter,2,0
lethal_risky_corridor-sarsa-s11-6bd6f1215013,11,sarsa,lethal,0.994,1,100000,100000,0,shelter,2,0
lethal_risky_corridor-sarsa-s11-98d8a5db8b35,11,sarsa,lethal,0.998,0.25,25000,25000,0,shelter,2,0
lethal_risky_corridor-sarsa-s11-98d8a5db8b35,11,sarsa,lethal,0.998,0.5,50000,50000,0,shelter,2,0
lethal_risky_corridor-sarsa-s11-98d8a5db8b35,11,sarsa,lethal,0.998,0.75,75000,75000,0,shelter,2,0
lethal_risky_corridor-sarsa-s11-98d8a5db8b35,11,sarsa,lethal,0.998,1,100000,100000,0,shelter,2,0
lethal_risky_corridor-sarsa-s11-a384c602c394,11,sarsa,lethal,0.984,0.25,25000,25000,0,shelter,2,0
lethal_risky_corridor-sarsa-s11-a384c602c394,11,sarsa,lethal,0.984,0.5,50000,50000,0,shelter,2,0
lethal_risky_corridor-sarsa-s11-a384c602c394,11,sarsa,lethal,0.984,0.75,75000,75000,0,shelter,2,0
lethal_risky_corridor-sarsa-s11-a384c602c394,11,sarsa,lethal,0.984,1,100000,100000,0,shelter,2,0
lethal_risky_corridor-sarsa-s11-ab61f5143ccb,11,sarsa,lethal,0.992,0.25,25000,25000,0,shelter,2,0
lethal_risky_corridor-sarsa-s11-ab61f5143ccb,11,sarsa,lethal,0.992,0.5,50000,50000,0,shelter,2,0
lethal_risky_corridor-sarsa-s11-ab61f5143ccb,11,sarsa,lethal,0.992,0.75,75000,75000,0,shelter,2,0
lethal_risky_corridor-sarsa-s11-ab61f5143ccb,11,sarsa,lethal,0.992,1,100000,100000,0,shelter,2,0
lethal_risky_corridor-sarsa-s11-b23e2fa93300,11,sarsa,lethal,0.97,0.25,25000,25000,0,shelter,2,0
lethal_risky_corridor-sarsa-s11-b23e2fa93300,11,sarsa,lethal,0.97,0.5,50000,50000,0,shelter,2,0
lethal_risky_corridor-sarsa-s11-b23e2fa93300,11,sarsa,lethal,0.97,0.75,75000,75000,0,shelter,2,0
lethal_risky_corridor-sarsa-s11-b23e2fa93300,11,sarsa,lethal,0.97,1,100000,100000,0,shelter,2,0
lethal_risky_corridor-sarsa-s11-b5bc2b586cb7,11,sarsa,lethal,0.996,0.25,25000,25000,0,shelter,2,0
lethal_risky_corridor-sarsa-s11-b5bc2b586cb7,11,sarsa,lethal,0.996,0.5,50000,50000,0,shelter,2,0
lethal_risky_corridor-sarsa-s11-b5bc2b586cb7,11,sarsa,lethal,0.996,0.75,75000,75000,0,shelter,2,0
lethal_risky_corridor-sarsa-s11-b5bc2b586cb7,11,sarsa,lethal,0.996,1,100000,100000,0,shelter,2,0
lethal_risky_corridor-sarsa-s11-bc9a02b7855e,11,sarsa,lethal,0.9895,0.25,25000,25000,0,shelter,2,0
lethal_risky_corridor-sarsa-s11-bc9a02b7855e,11,sarsa,lethal,0.9895,0.5,50000,50000,0,shelter,2,0
lethal_risky_corridor-sarsa-s11-bc9a02b7855e,11,sarsa,lethal,0.9895,0.75,75000,75000,0,shelter,2,0
lethal_risky_corridor-sarsa-s11-bc9a02b7855e,11,sarsa,lethal,0.9895,1,100000,100000,0,shelter,2,0
lethal_risky_corridor-sarsa-s11-c9a662ac84e8,11,sarsa,lethal,0.988,0.25,25000,25000,0,shelter,2,0
lethal_risky_corridor-sarsa-s11-c9a662ac84e8,11,sarsa,lethal,0.988,0.5,50000,50000,0,shelter,2,0
lethal_risky_corridor-sarsa-s11-c9a662ac84e8,11,sarsa,lethal,0.988,0.75,75000,75000,0,shelter,2,0
lethal_risky_corridor-sarsa-s11-c9a662ac84e8,11,sarsa,lethal,0.988,1,100000,100000,0,shelter,2,0
lethal_risky_corridor-sarsa-s11-dd0d5b0b7f61,11,sarsa,lethal,0.989,0.25,25000,25000,0,shelter,2,0
lethal_risky_corridor-sarsa-s11-dd0d5b0b7f61,11,sarsa,lethal,0.989,0.5,50000,50000,0,shelter,2,0
lethal_risky_corridor-sarsa-s11-dd0d5b0b7f61,11,sarsa,lethal,0.989,0.75,75000,75000,0,shelter,2,0
lethal_risky_corridor-sarsa-s11-dd0d5b0b7f61,11,sarsa,lethal,0.989,1,100000,100000,0,shelter,2,0
lethal_risky_corridor-sarsa-s11-f0b36edb3099,11,sarsa,lethal,0.99,0.25,25000,25000,0,shelter,2,0
lethal_risky_corridor-sarsa-s11-f0b36edb3099,11,sarsa,lethal,0.99,0.5,50000,50000,0,shelter,2,0
lethal_risky_corridor-sarsa-s11-f0b36edb3099,11,sarsa,lethal,0.99,0.75,75000,75000,0,shelter,2,0
lethal_risky_corridor-sarsa-s11-f0b36edb3099,11,sarsa,lethal,0.99,1,100000,100000,0,shelter,2,0
lethal_risky_corridor-sarsa-s12-0903be0f73b0,12,sarsa,lethal,1,0.25,25000,25000,0,shelter,2,0
lethal_risky_corridor-sarsa-s12-0903be0f73b0,12,sarsa,lethal,1,0.5,50000,50000,0,shelter,2,0
lethal_risky_corridor-sarsa-s12-0903be0f73b0,12,sarsa,lethal,1,0.75,75000,75000,0,shelter,2,0
lethal_risky_corridor-sarsa-s12-0903be0f73b0,12,sarsa,lethal,1,1,100000,100000,0,shelter,2,0
lethal_risky_corridor-sarsa-s12-1534a20ac01b,12,sarsa,lethal,0.99,0.25,25000,25000,0,shelter,2,0
lethal_risky_corridor-sarsa-s12-1534a20ac01b,12,sarsa,lethal,0.99,0.5,50000,50000,0,shelter,2,0
lethal_risky_corridor-sarsa-s12-1534a20ac01b,12,sarsa,lethal,0.99,0.75,75000,75000,0,shelter,2,0
lethal_risky_corridor-sarsa-s12-1534a20ac01b,12,sarsa,lethal,0.99,1,100000,100000,0,shelter,2,0
lethal_risky_corridor-sarsa-s12-21ea3d0291c3,12,sarsa,lethal,0.991,0.25,25000,25000,0,shelter,2,0
lethal_risky_corridor-sarsa-s12-21ea3d0291c3,12,sarsa,lethal,0.991,0.5,50000,50000,0,shelter,2,0
lethal_risky_corridor-sarsa-s12-21ea3d0291c3,12,sarsa,lethal,0.991,0.75,75000,75000,0,shelter,2,0
lethal_risky_corridor-sarsa-s12-21ea3d0291c3,12,sarsa,lethal,0.991,1,100000,100000,0,shelter,2,0
lethal_risky_corridor-sarsa-s12-41f4f5315f94,12,sarsa,lethal,0.986,0.25,25000,25000,0,shelter,2,0
lethal_risky_corridor-sarsa-s12-41f4f5315f94,12,sarsa,lethal,0.986,0.5,50000,50000,0,shelter,2,0
lethal_risky_corridor-sarsa-s12-41f4f5315f94,12,sarsa,lethal,0.986,0.75,75000,75000,0,shelter,2,0
lethal_risky_corridor-sarsa-s12-41f4f5315f94,12,sarsa,lethal,0.986,1,100000,100000,0,shelter,2,0
lethal_risky_corridor-sarsa-s12-863a9527f1a8,12,sarsa,lethal,0.9895,0.25,25000,25000,0,shelter,2,0
lethal_risky_corridor-sarsa-s12-863a9527f1a8,12,sarsa,lethal,0.9895,0.5,50000,50000,0,shelter,2,0
lethal_risky_corridor-sarsa-s12-863a9527f1a8,12,sarsa,lethal,0.9895,0.75,75000,75000,0,shelter,2,0
lethal_risky_corridor-sarsa-s12-863a9527f1a8,12,sarsa,lethal,0.9895,1,100000,100000,0,shelter,2,0
lethal_risky_corridor-sarsa-s12-93feffac7c81,12,sarsa,lethal,0.998,0.25,25000,25000,0,shelter,2,0
lethal_risky_corridor-sarsa-s12-93feffac7c81,12,sarsa,lethal,0.998,0.5,50000,50000,0,shelter,2,0
lethal_risky_corridor-sarsa-s12-93feffac7c81,12,sarsa,lethal,0.998,0.75,75000,75000,0,shelter,2,0
lethal_risky_corridor-sarsa-s12-93feffac7c81,12,sarsa,lethal,0.998,1,100000,100000,0,shelter,2,0
lethal_risky_corridor-sarsa-s12-981f160ce364,12,sarsa,lethal,0.994,0.25,25000,25000,0,shelter,2,0
lethal_risky_corridor-sarsa-s12-981f160ce364,12,sarsa,lethal,0.994,0.5,50000,50000,0,shelter,2,0
lethal_risky_corridor-sarsa-s12-981f160ce364,12,sarsa,lethal,0.994,0.75,75000,75000,0,shelter,2,0
lethal_risky_corridor-sarsa-s12-981f160ce364,12,sarsa,lethal,0.994,1,100000,100000,0,shelter,2,0
lethal_risky_corridor-sarsa-s12-a24cb122b1fd,12,sarsa,lethal,0.992,0.25,25000,25000,0,shelter,2,0
lethal_risky_corridor-sarsa-s12-a24cb122b1fd,12,sarsa,lethal,0.992,0.5,50000,50000,0,shelter,2,0
lethal_risky_corridor-sarsa-s12-a24cb122b1fd,12,sarsa,lethal,0.992,0.75,75000,75000,0,shelter,2,0
lethal_risky_corridor-sarsa-s12-a24cb122b1fd,12,sarsa,lethal,0.992,1,100000,100000,0,shelter,2,0
lethal_risky_corridor-sarsa-s12-a4459d3f86bb,12,sarsa,lethal,0.98,0.25,25000,25000,0,shelter,2,0
lethal_risky_corridor-sarsa-s12-a4459d3f86bb,12,sarsa,lethal,0.98,0.5,50000,50000,0,shelter,2,0
lethal_risky_corridor-sarsa-s12-a4459d3f86bb,12,sarsa,lethal,0.98,0.75,75000,75000,0,shelter,2,0
lethal_risky_corridor-sarsa-s12-a4459d3f86bb,12,sarsa,lethal,0.98,1,100000,100000,0,shelter,2,0
lethal_risky_corridor-sarsa-s12-b5bf07783c06,12,sarsa,lethal,0.984,0.25,25000,25000,0,shelter,2,0
lethal_risky_corridor-sarsa-s12-b5bf07783c06,12,sarsa,lethal,0.984,0.5,50000,50000,0,shelter,2,0
lethal_risky_corridor-sarsa-s12-b5bf07783c06,12,sarsa,lethal,0.984,0.75,75000,75000,0,shelter,2,0
lethal_risky_corridor-sarsa-s12-b5bf07783c06,12,sarsa,lethal,0.984,1,100000,100000,0,shelter,2,0
lethal_risky_corridor-sarsa-s12-c0fc1152d482,12,sarsa,lethal,0.989,0.25,25000,25000,0,shelter,2,0
lethal_risky_corridor-sarsa-s12-c0fc1152d482,12,sarsa,lethal,0.989,0.5,50000,50000,0,shelter,2,0
lethal_risky_corridor-sarsa-s12-c0fc1152d482,12,sarsa,lethal,0.989,0.75,75000,75000,0,shelter,2,0
lethal_risky_corridor-sarsa-s12-c0fc1152d482,12,sarsa,lethal,0.989,1,100000,100000,0,shelter,2,0
lethal_risky_corridor-sarsa-s12-d2f81139fee2,12,sarsa,lethal,0.996,0.25,25000,25000,0,shelter,2,0
lethal_risky_corridor-sarsa-s12-d2f81139fee2,12,sarsa,lethal,0.996,0.5,50000,50000,0,shelter,2,0
lethal_risky_corridor-sarsa-s12-d2f81139fee2,12,sarsa,lethal,0.996,0.75,75000,75000,0,shelter,2,0
lethal_risky_corridor-sarsa-s12-d2f81139fee2,12,sarsa,lethal,0.996,1,100000,100000,0,shelter,2,0
lethal_risky_corridor-sarsa-s12-df0f75548dec,12,sarsa,lethal,0.988,0.25,25000,25000,0,shelter,2,0
lethal_risky_corridor-sarsa-s12-df0f75548dec,12,sarsa,lethal,0.988,0.5,50000,50000,0,shelter,2,0
lethal_risky_corridor-sarsa-s12-df0f75548dec,12,sarsa,lethal,0.988,0.75,75000,75000,0,shelter,2,0
lethal_risky_corridor-sarsa-s12-df0f75548dec,12,sarsa,lethal,0.988,1,100000,100000,0,shelter,2,0
lethal_risky_corridor-sarsa-s12-edfe6c34e1fb,12,sarsa,lethal,0.97,0.25,25000,25000,0,shelter,2,0
lethal_risky_corridor-sarsa-s12-edfe6c34e1fb,12,sarsa,lethal,0.97,0.5,50000,50000,0,shelter,2,0
lethal_risky_corridor-sarsa-s12-edfe6c34e1fb,12,sarsa,lethal,0.97,0.75,75000,75000,0,shelter,2,0
lethal_risky_corridor-sarsa-s12-edfe6c34e1fb,12,sarsa,lethal,0.97,1,100000,100000,0,shelter,2,0
lethal_risky_corridor-sarsa-s13-13c7eab2db5a,13,sarsa,lethal,0.984,0.25,25000,25000,0,shelter,2,0
lethal_risky_corridor-sarsa-s13-13c7eab2db5a,13,sarsa,lethal,0.984,0.5,50000,50000,0,shelter,2,0
lethal_risky_corridor-sarsa-s13-13c7eab2db5a,13,sarsa,lethal,0.984,0.75,75000,75000,0,shelter,2,0
lethal_risky_corridor-sarsa-s13-13c7eab2db5a,13,sarsa,lethal,0.984,1,100000,100000,0,shelter,2,0
lethal_risky_corridor-sarsa-s13-43ffb84e3926,13,sarsa,lethal,0.988,0.25,25000,25000,0,shelter,2,0
lethal_risky_corridor-sarsa-s13-43ffb84e3926,13,sarsa,lethal,0.988,0.5,50000,50000,0,shelter,2,0
lethal_risky_corridor-sarsa-s13-43ffb84e3926,13,sarsa,lethal,0.988,0.75,75000,75000,0,shelter,2,0
lethal_risky_corridor-sarsa-s13-43ffb84e3926,13,sarsa,lethal,0.988,1,100000,100000,0,shelter,2,0
lethal_risky_corridor-sarsa-s13-516ae05ad236,13,sarsa,lethal,0.97,0.25,25000,25000,0,shelter,2,0
lethal_risky_corridor-sarsa-s13-516ae05ad236,13,sarsa,lethal,0.97,0.5,50000,50000,0,shelter,2,0
lethal_risky_corridor-sarsa-s13-516ae05ad236,13,sarsa,lethal,0.97,0.75,75000,75000,0,shelter,2,0
lethal_risky_corridor-sarsa-s13-516ae05ad236,13,sarsa,lethal,0.97,1,100000,100000,0,shelter,2,0
lethal_risky_corridor-sarsa-s13-6cdcab4fa19a,13,sarsa,lethal,0.989,0.25,25000,25000,0,shelter,2,0
lethal_risky_corridor-sarsa-s13-6cdcab4fa19a,13,sarsa,lethal,0.989,0.5,50000,50000,0,shelter,2,0
lethal_risky_corridor-sarsa-s13-6cdcab4fa19a,13,sarsa,lethal,0.989,0.75,75000,75000,0,shelter,2,0
lethal_risky_corridor-sarsa-s13-6cdcab4fa19a,13,sarsa,lethal,0.989,1,100000,100000,0,shelter,2,0
lethal_risky_corridor-sarsa-s13-70f665db9ca4,13,sarsa,lethal,0.992,0.25,25000,25000,0,shelter,2,0
lethal_risky_corridor-sarsa-s13-70f665db9ca4,13,sarsa,lethal,0.992,0.5,50000,50000,0,shelter,2,0
lethal_risky_corridor-sarsa-s13-70f665db9ca4,13,sarsa,lethal,0.992,0.75,75000,75000,0,shelter,2,0
lethal_risky_corridor-sarsa-s13-70f665db9ca4,13,sarsa,lethal,0.992,1,100000,100000,0,shelter,2,0
lethal_risky_corridor-sarsa-s13-7a653fe40d8c,13,sarsa,lethal,0.99,0.25,25000,25000,0,shelter,2,0
lethal_risky_corridor-sarsa-s13-7a653fe40d8c,13,sarsa,lethal,0.99,0.5,50000,50000,0,shelter,2,0
lethal_risky_corridor-sarsa-s13-7a653fe40d8c,13,sarsa,lethal,0.99,0.75,75000,75000,0,shelter,2,0
lethal_risky_corridor-sarsa-s13-7a653fe40d8c,13,sarsa,lethal,0.99,1,100000,100000,0,shelter,2,0
lethal_risky_corridor-sarsa-s13-8e577f0a0796,13,sarsa,lethal,0.9895,0.25,25000,25000,0,shelter,2,0
lethal_risky_corridor-sarsa-s13-8e577f0a0796,13,sarsa,lethal,0.9895,0.5,50000,50000,0,shelter,2,0
lethal_risky_corridor-sarsa-s13-8e577f0a0796,13,sarsa,lethal,0.9895,0.75,75000,75000,0,shelter,2,0
lethal_risky_corridor-sarsa-s13-8e577f0a0796,13,sarsa,lethal,0.9895,1,100000,100000,0,shelter,2,0
lethal_risky_corridor-sarsa-s13-92f03c89d946,13,sarsa,lethal,0.986,0.25,25000,25000,0,shelter,2,0
lethal_risky_corridor-sarsa-s13-92f03c89d946,13,sarsa,lethal,0.986,0.5,50000,50000,0,shelter,2,0
lethal_risky_corridor-sarsa-s13-92f03c89d946,13,sarsa,lethal,0.986,0.75,75000,75000,0,shelter,2,0
lethal_risky_corridor-sarsa-s13-92f03c89d946,13,sarsa,lethal,0.986,1,100000,100000,0,shelter,2,0
lethal_risky_corridor-sarsa-s13-aa746a671ac2,13,sarsa,lethal,0.994,0.25,25000,25000,0,shelter,2,0
lethal_risky_corridor-sarsa-s13-aa746a671ac2,13,sarsa,lethal,0.994,0.5,50000,50000,0,shelter,2,0
lethal_risky_corridor-sarsa-s13-aa746a671ac2,13,sarsa,lethal,0.994,0.75,75000,75000,0,shelter,2,0
lethal_risky_corridor-sarsa-s13-aa746a671ac2,13,sarsa,lethal,0.994,1,100000,100000,0,shelter,2,0
lethal_risky_corridor-sarsa-s13-d1f579179daf,13,sarsa,lethal,0.998,0.25,25000,25000,0,shelter,2,0
lethal_risky_corridor-sarsa-s13-d1f579179daf,13,sarsa,lethal,0.998,0.5,50000,50000,0,shelter,2,0
lethal_risky_corridor-sarsa-s13-d1f579179daf,13,sarsa,lethal,0.998,0.75,75000,75000,0,shelter,2,0
lethal_risky_corridor-sarsa-s13-d1f579179daf,13,sarsa,lethal,0.998,1,100000,100000,0,shelter,2,0
lethal_risky_corridor-sarsa-s13-d546127b6c72,13,sarsa,lethal,0.98,0.25,25000,25000,0,shelter,2,0
lethal_risky_corridor-sarsa-s13-d546127b6c72,13,sarsa,lethal,0.98,0.5,50000,50000,0,shelter,2,0
lethal_risky_corridor-sarsa-s13-d546127b6c72,13,sarsa,lethal,0.98,0.75,75000,75000,0,shelter,2,0
lethal_risky_corridor-sarsa-s13-d546127b6c72,13,sarsa,lethal,0.98,1,100000,100000,0,shelter,2,0
lethal_risky_corridor-sarsa-s13-d9a090aa52e4,13,sarsa,lethal,0.991,0.25,25000,25000,0,shelter,2,0
lethal_risky_corridor-sarsa-s13-d9a090aa52e4,13,sarsa,lethal,0.991,0.5,50000,50000,0,shelter,2,0
lethal_risky_corridor-sarsa-s13-d9a090aa52e4,13,sarsa,lethal,0.991,0.75,75000,75000,0,shelter,2,0
lethal_risky_corridor-sarsa-s13-d9a090aa52e4,13,sarsa,lethal,0.991,1,100000,100000,0,shelter,2,0
lethal_risky_corridor-sarsa-s13-e5320774f531,13,sarsa,lethal,0.996,0.25,25000,25000,0,shelter,2,0
lethal_risky_corridor-sarsa-s13-e5320774f531,13,sarsa,lethal,0.996,0.5,50000,50000,0,shelter,2,0
lethal_risky_corridor-sarsa-s13-e5320774f531,13,sarsa,lethal,0.996,0.75,75000,75000,0,shelter,2,0
lethal_risky_corridor-sarsa-s13-e5320774f531,13,sarsa,lethal,0.996,1,100000,100000,0,shelter,2,0
lethal_risky_corridor-sarsa-s13-f57cf7b131d1,13,sarsa,lethal,1,0.25,25000,25000,0,shelter,2,0
lethal_risky_corridor-sarsa-s13-f57cf7b131d1,13,sarsa,lethal,1,0.5,50000,50000,0,shelter,2,0
lethal_risky_corridor-sarsa-s13-f57cf7b131d1,13,sarsa,lethal,1,0.75,75000,75000,0,shelter,2,0
lethal_risky_corridor-sarsa-s13-f57cf7b131d1,13,sarsa,lethal,1,1,100000,100000,0,shelter,2,0
lethal_risky_corridor-sarsa-s14-1a2f83741126,14,sarsa,lethal,0.992,0.25,25000,25000,0,shelter,2,0
lethal_risky_corridor-sarsa-s14-1a2f83741126,14,sarsa,lethal,0.992,0.5,50000,50000,0,shelter,2,0
lethal_risky_corridor-sarsa-s14-1a2f83741126,14,sarsa,lethal,0.992,0.75,75000,75000,0,shelter,2,0
lethal_risky_corridor-sarsa-s14-1a2f83741126,14,sarsa,lethal,0.992,1,100000,100000,0,shelter,2,0
lethal_risky_corridor-sarsa-s14-25a4a394d41e,14,sarsa,lethal,0.994,0.25,25000,25000,0,shelter,2,0
lethal_risky_corridor-sarsa-s14-25a4a394d41e,14,sarsa,lethal,0.994,0.5,50000,50000,0,shelter,2,0
lethal_risky_corridor-sarsa-s14-25a4a394d41e,14,sarsa,lethal,0.994,0.75,75000,75000,0,shelter,2,0
lethal_risky_corridor-sarsa-s14-25a4a394d41e,14,sarsa,lethal,0.994,1,100000,100000,0,shelter,2,0
lethal_risky_corridor-sarsa-s14-2f9564edbbed,14,sarsa,lethal,0.989,0.25,25000,25000,0,shelter,2,0
lethal_risky_corridor-sarsa-s14-2f9564edbbed,14,sarsa,lethal,0.989,0.5,50000,50000,0,shelter,2,0
lethal_risky_corridor-sarsa-s14-2f9564edbbed,14,sarsa,lethal,0.989,0.75,75000,75000,0,shelter,2,0
lethal_risky_corridor-sarsa-s14-2f9564edbbed,14,sarsa,lethal,0.989,1,100000,100000,0,shelter,2,0
lethal_risky_corridor-sarsa-s14-356e95bb0b7e,14,sarsa,lethal,0.984,0.25,25000,25000,0,shelter,2,0
lethal_risky_corridor-sarsa-s14-356e95bb0b7e,14,sarsa,lethal,0.984,0.5,50000,50000,0,shelter,2,0
lethal_risky_corridor-sarsa-s14-356e95bb0b7e,14,sarsa,lethal,0.984,0.75,75000,75000,0,shelter,2,0
lethal_risky_corridor-sarsa-s14-356e95bb0b7e,14,sarsa,lethal,0.984,1,100000,100000,0,shelter,2,0
lethal_risky_corridor-sarsa-s14-508cf9787101,14,sarsa,lethal,0.98,0.25,25000,25000,0,shelter,2,0
lethal_risky_corridor-sarsa-s14-508cf9787101,14,sarsa,lethal,0.98,0.5,50000,50000,0,shelter,2,0
lethal_risky_corridor-sarsa-s14-508cf9787101,14,sarsa,lethal,0.98,0.75,75000,75000,0,shelter,2,0
lethal_risky_corridor-sarsa-s14-508cf9787101,14,sarsa,lethal,0.98,1,100000,100000,0,shelter,2,0
lethal_risky_corridor-sarsa-s14-5901e5439033,14,sarsa,lethal,0.988,0.25,25000,25000,0,shelter,2,0
lethal_risky_corridor-sarsa-s14-5901e5439033,14,sarsa,lethal,0.988,0.5,50000,50000,0,shelter,2,0
lethal_risky_corridor-sarsa-s14-5901e5439033,14,sarsa,lethal,0.988,0.75,75000,75000,0,shelter,2,0
lethal_risky_corridor-sarsa-s14-5901e5439033,14,sarsa,lethal,0.988,1,100000,100000,0,shelter,2,0
lethal_risky_corridor-sarsa-s14-70c07b43f913,14,sarsa,lethal,0.99,0.25,25000,25000,0,shelter,2,0
lethal_risky_corridor-sarsa-s14-70c07b43f913,14,sarsa,lethal,0.99,0.5,50000,50000,0,shelter,2,0
lethal_risky_corridor-sarsa-s14-70c07b43f913,14,sarsa,lethal,0.99,0.75,75000,75000,0,shelter,2,0
lethal_risky_corridor-sarsa-s14-70c07b43f913,14,sarsa,lethal,0.99,1,100000,100000,0,shelter,2,0
lethal_risky_corridor-sarsa-s14-791852b76238,14,sarsa,lethal,0.986,0.25,25000,25000,0,shelter,2,0
lethal_risky_corridor-sarsa-s14-791852b76238,14,sarsa,lethal,0.986,0.5,50000,50000,0,shelter,2,0
lethal_risky_corridor-sarsa-s14-791852b76238,14,sarsa,lethal,0.986,0.75,75000,75000,0,shelter,2,0
lethal_risky_corridor-sarsa-s14-791852b76238,14,sarsa,lethal,0.986,1,100000,100000,0,shelter,2,0
lethal_risky_corridor-sarsa-s14-80425ec64f6c,14,sarsa,lethal,0.97,0.25,25000,25000,0,shelter,2,0
lethal_risky_corridor-sarsa-s14-80425ec64f6c,14,sarsa,lethal,0.97,0.5,50000,50000,0,shelter,2,0
lethal_risky_corridor-sarsa-s14-80425ec64f6c,14,sarsa,lethal,0.97,0.75,75000,75000,0,shelter,2,0
lethal_risky_corridor-sarsa-s14-80425ec64f6c,14,sarsa,lethal,0.97,1,100000,100000,0,shelter,2,0
lethal_risky_corridor-sarsa-s14-a3b1ad08ce42,14,sarsa,lethal,0.998,0.25,25000,25000,0,shelter,2,0
lethal_risky_corridor-sarsa-s14-a3b1ad08ce42,14,sarsa,lethal,0.998,0.5,50000,50000,0,shelter,2,0
lethal_risky_corridor-sarsa-s14-a3b1ad08ce42,14,sarsa,lethal,0.998,0.75,75000,75000,0,shelter,2,0
lethal_risky_corridor-sarsa-s14-a3b1ad08ce42,14,sarsa,lethal,0.998,1,100000,100000,0,shelter,2,0
lethal_risky_corridor-sarsa-s14-aca4d6dc2560,14,sarsa,lethal,1,0.25,25000,25000,0,shelter,2,0
lethal_risky_corridor-sarsa-s14-aca4d6dc2560,14,sarsa,lethal,1,0.5,50000,50000,0,shelter,2,0
lethal_risky_corridor-sarsa-s14-aca4d6dc2560,14,sarsa,lethal,1,0.75,75000,75000,0,shelter,2,0
lethal_risky_corridor-sarsa-s14-aca4d6dc2560,14,sarsa,lethal,1,1,100000,100000,0,shelter,2,0
lethal_risky_corridor-sarsa-s14-cb709fc5411f,14,sarsa,lethal,0.991,0.25,25000,25000,0,shelter,2,0
lethal_risky_corridor-sarsa-s14-cb709fc5411f,14,sarsa,lethal,0.991,0.5,50000,50000,0,shelter,2,0
lethal_risky_corridor-sarsa-s14-cb709fc5411f,14,sarsa,lethal,0.991,0.75,75000,75000,0,shelter,2,0
lethal_risky_corridor-sarsa-s14-cb709fc5411f,14,sarsa,lethal,0.991,1,100000,100000,0,shelter,2,0
lethal_risky_corridor-sarsa-s14-d4d0cb36edec,14,sarsa,lethal,0.996,0.25,25000,25000,0,shelter,2,0
lethal_risky_corridor-sarsa-s14-d4d0cb36edec,14,sarsa,lethal,0.996,0.5,50000,50000,0,shelter,2,0
lethal_risky_corridor-sarsa-s14-d4d0cb36edec,14,sarsa,lethal,0.996,0.75,75000,75000,0,shelter,2,0
lethal_risky_corridor-sarsa-s14-d4d0cb36edec,14,sarsa,lethal,0.996,1,100000,100000,0,shelter,2,0
lethal_risky_corridor-sarsa-s14-fe8a9ee99f92,14,sarsa,lethal,0.9895,0.25,25000,25000,0,shelter,2,0
lethal_risky_corridor-sarsa-s14-fe8a9ee99f92,14,sarsa,lethal,0.9895,0.5,50000,50000,0,shelter,2,0
lethal_risky_corridor-sarsa-s14-fe8a9ee99f92,14,sarsa,lethal,0.9895,0.75,75000,75000,0,shelter,2,0
lethal_risky_corridor-sarsa-s14-fe8a9ee99f92,14,sarsa,lethal,0.9895,1,100000,100000,0,shelter,2,0
lethal_risky_corridor-sarsa-s15-1200d9e2523e,15,sarsa,lethal,0.989,0.25,25000,25000,0,shelter,2,0
lethal_risky_corridor-sarsa-s15-1200d9e2523e,15,sarsa,lethal,0.989,0.5,50000,50000,0,shelter,2,0
lethal_risky_corridor-sarsa-s15-1200d9e2523e,15,sarsa,lethal,0.989,0.75,75000,75000,0,shelter,2,0
lethal_risky_corridor-sarsa-s15-1200d9e2523e,15,sarsa,lethal,0.989,1,100000,100000,0,shelter,2,0
lethal_risky_corridor-sarsa-s15-2d981d8c9324,15,sarsa,lethal,0.988,0.25,25000,25000,0,shelter,2,0
lethal_risky_corridor-sarsa-s15-2d981d8c9324,15,sarsa,lethal,0.988,0.5,50000,50000,0,shelter,2,0
lethal_risky_corridor-sarsa-s15-2d981d8c9324,15,sarsa,lethal,0.988,0.75,75000,75000,0,shelter,2,0
lethal_risky_corridor-sarsa-s15-2d981d8c9324,15,sarsa,lethal,0.988,1,100000,100000,0,shelter,2,0
lethal_risky_corridor-sarsa-s15-54655ad3deb0,15,sarsa,lethal,0.991,0.25,25000,25000,0,shelter,2,0
lethal_risky_corridor-sarsa-s15-54655ad3deb0,15,sarsa,lethal,0.991,0.5,50000,50000,0,shelter,2,0
lethal_risky_corridor-sarsa-s15-54655ad3deb0,15,sarsa,lethal,0.991,0.75,75000,75000,0,shelter,2,0
lethal_risky_corridor-sarsa-s15-54655ad3deb0,15,sarsa,lethal,0.991,1,100000,100000,0,shelter,2,0
lethal_risky_corridor-sarsa-s15-5d66b5eec0f9,15,sarsa,lethal,0.98,0.25,25000,25000,0,shelter,2,0
lethal_risky_corridor-sarsa-s15-5d66b5eec0f9,15,sarsa,lethal,0.98,0.5,50000,50000,0,shelter,2,0
lethal_risky_corridor-sarsa-s15-5d66b5eec0f9,15,sarsa,lethal,0.98,0.75,75000,75000,0,shelter,2,0
lethal_risky_corridor-sarsa-s15-5d66b5eec0f9,15,sarsa,lethal,0.98,1,100000,100000,0,shelter,2,0
lethal_risky_corridor-sarsa-s15-8f12dd526c11,15,sarsa,lethal,0.992,0.25,25000,25000,0,shelter,2,0
lethal_risky_corridor-sarsa-s15-8f12dd526c11,15,sarsa,lethal,0.992,0.5,50000,50000,0,shelter,2,0
lethal_risky_corridor-sarsa-s15-8f12dd526c11,15,sarsa,lethal,0.992,0.75,75000,75000,0,shelter,2,0
lethal_risky_corridor-sarsa-s15-8f12dd526c11,15,sarsa,lethal,0.992,1,100000,100000,0,shelter,2,0
lethal_risky_corridor-sarsa-s15-9b7ad9b116e0,15,sarsa,lethal,0.9895,0.25,25000,25000,0,shelter,2,0
lethal_risky_corridor-sarsa-s15-9b7ad9b116e0,15,sarsa,lethal,0.9895,0.5,50000,50000,0,shelter,2,0
lethal_risky_corridor-sarsa-s15-9b7ad9b116e0,15,sarsa,lethal,0.9895,0.75,75000,75000,0,shelter,2,0
lethal_risky_corridor-sarsa-s15-9b7ad9b116e0,15,sarsa,lethal,0.9895,1,100000,100000,0,shelter,2,0
lethal_risky_corridor-sarsa-s15-ba9749d81bdc,15,sarsa,lethal,0.97,0.25,25000,25000,0,shelter,2,0
lethal_risky_corridor-sarsa-s15-ba9749d81bdc,15,sarsa,lethal,0.97,0.5,50000,50000,0,shelter,2,0
lethal_risky_corridor-sarsa-s15-ba9749d81bdc,15,sarsa,lethal,0.97,0.75,75000,75000,0,shelter,2,0
lethal_risky_corridor-sarsa-s15-ba9749d81bdc,15,sarsa,lethal,0.97,1,100000,100000,0,shelter,2,0
lethal_risky_corridor-sarsa-s15-d02c8649958c,15,sarsa,lethal,0.996,0.25,25000,25000,0,shelter,2,0
lethal_risky_corridor-sarsa-s15-d02c8649958c,15,sarsa,lethal,0.996,0.5,50000,50000,0,shelter,2,0
lethal_risky_corridor-sarsa-s15-d02c8649958c,15,sarsa,lethal,0.996,0.75,75000,75000,0,shelter,2,0
lethal_risky_corridor-sarsa-s15-d02c8649958c,15,sarsa,lethal,0.996,1,100000,100000,0,shelter,2,0
lethal_risky_corridor-sarsa-s15-d48f0e4a844e,15,sarsa,lethal,0.986,0.25,25000,25000,0,shelter,2,0
lethal_risky_corridor-sarsa-s15-d48f0e4a844e,15,sarsa,lethal,0.986,0.5,50000,50000,0,shelter,2,0
lethal_risky_corridor-sarsa-s15-d48f0e4a844e,15,sarsa,lethal,0.986,0.75,75000,75000,0,shelter,2,0
lethal_risky_corridor-sarsa-s15-d48f0e4a844e,15,sarsa,lethal,0.986,1,100000,100000,0,shelter,2,0
lethal_risky_corridor-sarsa-s15-e2fdbdf885b8,15,sarsa,lethal,0.998,0.25,25000,25000,0,shelter,2,0
lethal_risky_corridor-sarsa-s15-e2fdbdf885b8,15,sarsa,lethal,0.998,0.5,50000,50000,0,shelter,2,0
lethal_risky_corridor-sarsa-s15-e2fdbdf885b8,15,sarsa,lethal,0.998,0.75,75000,75000,0,shelter,2,0
lethal_risky_corridor-sarsa-s15-e2fdbdf885b8,15,sarsa,lethal,0.998,1,100000,100000,0,shelter,2,0
lethal_risky_corridor-sarsa-s15-e35b664a537f,15,sarsa,lethal,0.99,0.25,25000,25000,0,shelter,2,0
lethal_risky_corridor-sarsa-s15-e35b664a537f,15,sarsa,lethal,0.99,0.5,50000,50000,0,shelter,2,0
lethal_risky_corridor-sarsa-s15-e35b664a537f,15,sarsa,lethal,0.99,0.75,75000,75000,0,shelter,2,0
lethal_risky_corridor-sarsa-s15-e35b664a537f,15,sarsa,lethal,0.99,1,100000,100000,0,shelter,2,0
lethal_risky_corridor-sarsa-s15-ea2aa7feb0ac,15,sarsa,lethal,0.984,0.25,25000,25000,0,shelter,2,0
lethal_risky_corridor-sarsa-s15-ea2aa7feb0ac,15,sarsa,lethal,0.984,0.5,50000,50000,0,shelter,2,0
lethal_risky_corridor-sarsa-s15-ea2aa7feb0ac,15,sarsa,lethal,0.984,0.75,75000,75000,0,shelter,2,0
lethal_risky_corridor-sarsa-s15-ea2aa7feb0ac,15,sarsa,lethal,0.984,1,100000,100000,0,shelter,2,0
lethal_risky_corridor-sarsa-s15-eeb54422f5c7,15,sarsa,lethal,1,0.25,25000,25000,0,shelter,2,0
lethal_risky_corridor-sarsa-s15-eeb54422f5c7,15,sarsa,lethal,1,0.5,50000,50000,0,shelter,2,0
lethal_risky_corridor-sarsa-s15-eeb54422f5c7,15,sarsa,lethal,1,0.75,75000,75000,0,shelter,2,0
lethal_risky_corridor-sarsa-s15-eeb54422f5c7,15,sarsa,lethal,1,1,100000,100000,0,shelter,2,0
lethal_risky_corridor-sarsa-s15-fe5ae1cacce1,15,sarsa,lethal,0.994,0.25,25000,25000,0,shelter,2,0
lethal_risky_corridor-sarsa-s15-fe5ae1cacce1,15,sarsa,lethal,0.994,0.5,50000,50000,0,shelter,2,0
lethal_risky_corridor-sarsa-s15-fe5ae1cacce1,15,sarsa,lethal,0.994,0.75,75000,75000,0,shelter,2,0
lethal_risky_corridor-sarsa-s15-fe5ae1cacce1,15,sarsa,lethal,0.994,1,100000,100000,0,shelter,2,0
lethal_risky_corridor-sarsa-s16-2549537a080c,16,sarsa,lethal,0.988,0.25,25000,25000,0,shelter,2,0
lethal_risky_corridor-sarsa-s16-2549537a080c,16,sarsa,lethal,0.988,0.5,50000,50000,0,shelter,2,0
lethal_risky_corridor-sarsa-s16-2549537a080c,16,sarsa,lethal,0.988,0.75,75000,75000,0,shelter,2,0
lethal_risky_corridor-sarsa-s16-2549537a080c,16,sarsa,lethal,0.988,1,100000,100000,0,shelter,2,0
lethal_risky_corridor-sarsa-s16-2bb0ac9b383f,16,sarsa,lethal,0.989,0.25,25000,25000,0,shelter,2,0
lethal_risky_corridor-sarsa-s16-2bb0ac9b383f,16,sarsa,lethal,0.989,0.5,50000,50000,0,shelter,2,0
lethal_risky_corridor-sarsa-s16-2bb0ac9b383f,16,sarsa,lethal,0.989,0.75,75000,75000,0,shelter,2,0
lethal_risky_corridor-sarsa-s16-2bb0ac9b383f,16,sarsa,lethal,0.989,1,100000,100000,0,shelter,2,0
lethal_risky_corridor-sarsa-s16-4196360e9a24,16,sarsa,lethal,0.996,0.25,25000,25000,0,shelter,2,0
lethal_risky_corridor-sarsa-s16-4196360e9a24,16,sarsa,lethal,0.996,0.5,50000,50000,0,shelter,2,0
lethal_risky_corridor-sarsa-s16-4196360e9a24,16,sarsa,lethal,0.996,0.75,75000,75000,0,shelter,2,0
lethal_risky_corridor-sarsa-s16-4196360e9a24,16,sarsa,lethal,0.996,1,100000,100000,0,shelter,2,0
lethal_risky_corridor-sarsa-s16-4a450c74a08d,16,sarsa,lethal,0.97,0.25,25000,25000,0,shelter,2,0
lethal_risky_corridor-sarsa-s16-4a450c74a08d,16,sarsa,lethal,0.97,0.5,50000,50000,0,shelter,2,0
lethal_risky_corridor-sarsa-s16-4a450c74a08d,16,sarsa,lethal,0.97,0.75,75000,75000,0,shelter,2,0
lethal_risky_corridor-sarsa-s16-4a450c74a08d,16,sarsa,lethal,0.97,1,100000,100000,0,shelter,2,0
lethal_risky_corridor-sarsa-s16-8864e65872cb,16,sarsa,lethal,1,0.25,25000,25000,0,shelter,2,0
lethal_risky_corridor-sarsa-s16-8864e65872cb,16,sarsa,lethal,1,0.5,50000,50000,0,shelter,2,0
lethal_risky_corridor-sarsa-s16-8864e65872cb,16,sarsa,lethal,1,0.75,75000,75000,0,shelter,2,0
lethal_risky_corridor-sarsa-s16-8864e65872cb,16,sarsa,lethal,1,1,100000,100000,0,shelter,2,0
lethal_risky_corridor-sarsa-s16-918605eca142,16,sarsa,lethal,0.984,0.25,25000,25000,0,shelter,2,0
lethal_risky_corridor-sarsa-s16-918605eca142,16,sarsa,lethal,0.984,0.5,50000,50000,0,shelter,2,0
lethal_risky_corridor-sarsa-s16-918605eca142,16,sarsa,lethal,0.984,0.75,75000,75000,0,shelter,2,0
lethal_risky_corridor-sarsa-s16-918605eca142,16,sarsa,lethal,0.984,1,100000,100000,0,shelter,2,0
lethal_risky_corridor-sarsa-s16-9e2c6e20cc92,16,sarsa,lethal,0.986,0.25,25000,25000,0,shelter,2,0
lethal_risky_corridor-sarsa-s16-9e2c6e20cc92,16,sarsa,lethal,0.986,0.5,50000,50000,0,shelter,2,0
lethal_risky_corridor-sarsa-s16-9e2c6e20cc92,16,sarsa,lethal,0.986,0.75,75000,75000,0,shelter,2,0
lethal_risky_corridor-sarsa-s16-9e2c6e20cc92,16,sarsa,lethal,0.986,1,100000,100000,0,shelter,2,0
lethal_risky_corridor-sarsa-s16-a7f5f74e085f,16,sarsa,lethal,0.992,0.25,25000,25000,0,shelter,2,0
lethal_risky_corridor-sarsa-s16-a7f5f74e085f,16,sarsa,lethal,0.992,0.5,50000,50000,0,shelter,2,0
lethal_risky_corridor-sarsa-s16-a7f5f74e085f,16,sarsa,lethal,0.992,0.75,75000,75000,0,shelter,2,0
lethal_risky_corridor-sarsa-s16-a7f5f74e085f,16,sarsa,lethal,0.992,1,100000,100000,0,shelter,2,0
lethal_risky_corridor-sarsa-s16-a8626b2b8409,16,sarsa,lethal,0.9895,0.25,25000,25000,0,shelter,2,0
lethal_risky_corridor-sarsa-s16-a8626b2b8409,16,sarsa,lethal,0.9895,0.5,50000,50000,0,shelter,2,0
lethal_risky_corridor-sarsa-s16-a8626b2b8409,16,sarsa,lethal,0.9895,0.75,75000,75000,0,shelter,2,0
lethal_risky_corridor-sarsa-s16-a8626b2b8409,16,sarsa,lethal,0.9895,1,100000,100000,0,shelter,2,0
lethal_risky_corridor-sarsa-s16-c5707033865b,16,sarsa,lethal,0.994,0.25,25000,25000,0,shelter,2,0
lethal_risky_corridor-sarsa-s16-c5707033865b,16,sarsa,lethal,0.994,0.5,50000,50000,0,shelter,2,0
lethal_risky_corridor-sarsa-s16-c5707033865b,16,sarsa,lethal,0.994,0.75,75000,75000,0,shelter,2,0
lethal_risky_corridor-sarsa-s16-c5707033865b,16,sarsa,lethal,0.994,1,100000,100000,0,shelter,2,0
lethal_risky_corridor-sarsa-s16-d0cfbd96b71f,16,sarsa,lethal,0.991,0.25,25000,25000,0,shelter,2,0
lethal_risky_corridor-sarsa-s16-d0cfbd96b71f,16,sarsa,lethal,0.991,0.5,50000,50000,0,shelter,2,0
lethal_risky_corridor-sarsa-s16-d0cfbd96b71f,16,sarsa,lethal,0.991,0.75,75000,75000,0,shelter,2,0
lethal_risky_corridor-sarsa-s16-d0cfbd96b71f,16,sarsa,lethal,0.991,1,100000,100000,0,shelter,2,0
lethal_risky_corridor-sarsa-s16-d8fd04072364,16,sarsa,lethal,0.99,0.25,25000,25000,0,shelter,2,0
lethal_risky_corridor-sarsa-s16-d8fd04072364,16,sarsa,lethal,0.99,0.5,50000,50000,0,shelter,2,0
lethal_risky_corridor-sarsa-s16-d8fd04072364,16,sarsa,lethal,0.99,0.75,75000,75000,0,shelter,2,0
lethal_risky_corridor-sarsa-s16-d8fd04072364,16,sarsa,lethal,0.99,1,100000,100000,0,shelter,2,0
lethal_risky_corridor-sarsa-s16-db76374a409c,16,sarsa,lethal,0.998,0.25,25000,25000,0,shelter,2,0
lethal_risky_corridor-sarsa-s16-db76374a409c,16,sarsa,lethal,0.998,0.5,50000,50000,0,shelter,2,0
lethal_risky_corridor-sarsa-s16-db76374a409c,16,sarsa,lethal,0.998,0.75,75000,75000,0,shelter,2,0
lethal_risky_corridor-sarsa-s16-db76374a409c,16,sarsa,lethal,0.998,1,100000,100000,0,shelter,2,0
lethal_risky_corridor-sarsa-s16-fd6585fb26bf,16,sarsa,lethal,0.98,0.25,25000,25000,0,shelter,2,0
lethal_risky_corridor-sarsa-s16-fd6585fb26bf,16,sarsa,lethal,0.98,0.5,50000,50000,0,shelter,2,0
lethal_risky_corridor-sarsa-s16-fd6585fb26bf,16,sarsa,lethal,0.98,0.75,75000,75000,0,shelter,2,0
lethal_risky_corridor-sarsa-s16-fd6585fb26bf,16,sarsa,lethal,0.98,1,100000,100000,0,shelter,2,0
lethal_risky_corridor-sarsa-s17-03398f6fd2b5,17,sarsa,lethal,0.9895,0.25,25000,25000,0,shelter,2,0
lethal_risky_corridor-sarsa-s17-03398f6fd2b5,17,sarsa,lethal,0.9895,0.5,50000,50000,0,shelter,2,0
lethal_risky_corridor-sarsa-s17-03398f6fd2b5,17,sarsa,lethal,0.9895,0.75,75000,75000,0,shelter,2,0
lethal_risky_corridor-sarsa-s17-03398f6fd2b5,17,sarsa,lethal,0.9895,1,100000,100000,0,shelter,2,0
lethal_risky_corridor-sarsa-s17-04df31609ebc,17,sarsa,lethal,0.97,0.25,25000,25000,0,shelter,2,0
lethal_risky_corridor-sarsa-s17-04df31609ebc,17,sarsa,lethal,0.97,0.5,50000,50000,0,shelter,2,0
lethal_risky_corridor-sarsa-s17-04df31609ebc,17,sarsa,lethal,0.97,0.75,75000,75000,0,shelter,2,0
lethal_risky_corridor-sarsa-s17-04df31609ebc,17,sarsa,lethal,0.97,1,100000,100000,0,shelter,2,0
lethal_risky_corridor-sarsa-s17-05bbbd4924eb,17,sarsa,lethal,0.996,0.25,25000,25000,0,shelter,2,0
lethal_risky_corridor-sarsa-s17-05bbbd4924eb,17,sarsa,lethal,0.996,0.5,50000,50000,0,shelter,2,0
lethal_risky_corridor-sarsa-s17-05bbbd4924eb,17,sarsa,lethal,0.996,0.75,75000,75000,0,shelter,2,0
lethal_risky_corridor-sarsa-s17-05bbbd4924eb,17,sarsa,lethal,0.996,1,100000,100000,0,shelter,2,0
lethal_risky_corridor-sarsa-s17-32797acd8fc8,17,sarsa,lethal,0.989,0.25,25000,25000,0,shelter,2,0
lethal_risky_corridor-sarsa-s17-32797acd8fc8,17,sarsa,lethal,0.989,0.5,50000,50000,0,shelter,2,0
lethal_risky_corridor-sarsa-s17-32797acd8fc8,17,sarsa,lethal,0.989,0.75,75000,75000,0,shelter,2,0
lethal_risky_corridor-sarsa-s17-32797acd8fc8,17,sarsa,lethal,0.989,1,100000,100000,0,shelter,2,0
lethal_risky_corridor-sarsa-s17-3a1adea85ffb,17,sarsa,lethal,0.994,0.25,25000,25000,0,shelter,2,0
lethal_risky_corridor-sarsa-s17-3a1adea85ffb,17,sarsa,lethal,0.994,0.5,50000,50000,0,shelter,2,0
lethal_risky_corridor-sarsa-s17-3a1adea85ffb,17,sarsa,lethal,0.994,0.75,75000,75000,0,shelter,2,0
lethal_risky_corridor-sarsa-s17-3a1adea85ffb,17,sarsa,lethal,0.994,1,100000,100000,0,shelter,2,0
lethal_risky_corridor-sarsa-s17-40c7b31c73f1,17,sarsa,lethal,0.984,0.25,25000,25000,0,shelter,2,0
lethal_risky_corridor-sarsa-s17-40c7b31c73f1,17,sarsa,lethal,0.984,0.5,50000,50000,0,shelter,2,0
lethal_risky_corridor-sarsa-s17-40c7b31c73f1,17,sarsa,lethal,0.984,0.75,75000,75000,0,shelter,2,0
lethal_risky_corridor-sarsa-s17-40c7b31c73f1,17,sarsa,lethal,0.984,1,100000,100000,0,shelter,2,0
lethal_risky_corridor-sarsa-s17-4eb5b86848d3,17,sarsa,lethal,0.992,0.25,25000,25000,0,shelter,2,0
lethal_risky_corridor-sarsa-s17-4eb5b86848d3,17,sarsa,lethal,0.992,0.5,50000,50000,0,shelter,2,0
lethal_risky_corridor-sarsa-s17-4eb5b86848d3,17,sarsa,lethal,0.992,0.75,75000,75000,0,shelter,2,0
lethal_risky_corridor-sarsa-s17-4eb5b86848d3,17,sarsa,lethal,0.992,1,100000,100000,0,shelter,2,0
lethal_risky_corridor-sarsa-s17-5f6111054f17,17,sarsa,lethal,0.998,0.25,25000,25000,0,shelter,2,0
lethal_risky_corridor-sarsa-s17-5f6111054f17,17,sarsa,lethal,0.998,0.5,50000,50000,0,shelter,2,0
lethal_risky_corridor-sarsa-s17-5f6111054f17,17,sarsa,lethal,0.998,0.75,75000,75000,0,shelter,2,0
lethal_risky_corridor-sarsa-s17-5f6111054f17,17,sarsa,lethal,0.998,1,100000,100000,0,shelter,2,0
lethal_risky_corridor-sarsa-s17-9582b0293af4,17,sarsa,lethal,0.98,0.25,25000,25000,0,shelter,2,0
lethal_risky_corridor-sarsa-s17-9582b0293af4,17,sarsa,lethal,0.98,0.5,50000,50000,0,shelter,2,0
lethal_risky_corridor-sarsa-s17-9582b0293af4,17,sarsa,lethal,0.98,0.75,75000,75000,0,shelter,2,0
lethal_risky_corridor-sarsa-s17-9582b0293af4,17,sarsa,lethal,0.98,1,100000,100000,0,shelter,2,0
lethal_risky_corridor-sarsa-s17-9a6417ff3512,17,sarsa,lethal,0.986,0.25,25000,25000,0,shelter,2,0
lethal_risky_corridor-sarsa-s17-9a6417ff3512,17,sarsa,lethal,0.986,0.5,50000,50000,0,shelter,2,0
lethal_risky_corridor-sarsa-s17-9a6417ff3512,17,sarsa,lethal,0.986,0.75,75000,75000,0,shelter,2,0
lethal_risky_corridor-sarsa-s17-9a6417ff3512,17,sarsa,lethal,0.986,1,100000,100000,0,shelter,2,0
lethal_risky_corridor-sarsa-s17-b7554b82dd13,17,sarsa,lethal,1,0.25,25000,25000,0,shelter,2,0
lethal_risky_corridor-sarsa-s17-b7554b82dd13,17,sarsa,lethal,1,0.5,50000,50000,0,shelter,2,0
lethal_risky_corridor-sarsa-s17-b7554b82dd13,17,sarsa,lethal,1,0.75,75000,75000,0,shelter,2,0
lethal_risky_corridor-sarsa-s17-b7554b82dd13,17,sarsa,lethal,1,1,100000,100000,0,shelter,2,0
lethal_risky_corridor-sarsa-s17-d8269c0b9a3e,17,sarsa,lethal,0.991,0.25,25000,25000,0,shelter,2,0
lethal_risky_corridor-sarsa-s17-d8269c0b9a3e,17,sarsa,lethal,0.991,0.5,50000,50000,0,shelter,2,0
lethal_risky_corridor-sarsa-s17-d8269c0b9a3e,17,sarsa,lethal,0.991,0.75,75000,75000,0,shelter,2,0
lethal_risky_corridor-sarsa-s17-d8269c0b9a3e,17,sarsa,lethal,0.991,1,100000,100000,0,shelter,2,0
lethal_risky_corridor-sarsa-s17-eec14d439cd9,17,sarsa,lethal,0.99,0.25,25000,25000,0,shelter,2,0
lethal_risky_corridor-sarsa-s17-eec14d439cd9,17,sarsa,lethal,0.99,0.5,50000,50000,0,shelter,2,0
lethal_risky_corridor-sarsa-s17-eec14d439cd9,17,sarsa,lethal,0.99,0.75,75000,75000,0,shelter,2,0
lethal_risky_corridor-sarsa-s17-eec14d439cd9,17,sarsa,lethal,0.99,1,100000,100000,0,shelter,2,0
lethal_risky_corridor-sarsa-s17-f923487c04f6,17,sarsa,lethal,0.988,0.25,25000,25000,0,shelter,2,0
lethal_risky_corridor-sarsa-s17-f923487c04f6,17,sarsa,lethal,0.988,0.5,50000,50000,0,shelter,2,0
lethal_risky_corridor-sarsa-s17-f923487c04f6,17,sarsa,lethal,0.988,0.75,75000,75000,0,shelter,2,0
lethal_risky_corridor-sarsa-s17-f923487c04f6,17,sarsa,lethal,0.988,1,100000,100000,0,shelter,2,0
lethal_risky_corridor-sarsa-s18-0030ca14f293,18,sarsa,lethal,0.988,0.25,25000,25000,0,shelter,2,0
lethal_risky_corridor-sarsa-s18-0030ca14f293,18,sarsa,lethal,0.988,0.5,50000,50000,0,shelter,2,0
lethal_risky_corridor-sarsa-s18-0030ca14f293,18,sarsa,lethal,0.988,0.75,75000,75000,0,shelter,2,0
lethal_risky_corridor-sarsa-s18-0030ca14f293,18,sarsa,lethal,0.988,1,100000,100000,0,shelter,2,0
lethal_risky_corridor-sarsa-s18-2733a5267916,18,sarsa,lethal,0.98,0.25,25000,25000,0,shelter,2,0
lethal_risky_corridor-sarsa-s18-2733a5267916,18,sarsa,lethal,0.98,0.5,50000,50000,0,shelter,2,0
lethal_risky_corridor-sarsa-s18-2733a5267916,18,sarsa,lethal,0.98,0.75,75000,75000,0,shelter,2,0
lethal_risky_corridor-sarsa-s18-2733a5267916,18,sarsa,lethal,0.98,1,100000,100000,0,shelter,2,0
lethal_risky_corridor-sarsa-s18-2cafbc030a02,18,sarsa,lethal,1,0.25,25000,25000,0,shelter,2,0
lethal_risky_corridor-sarsa-s18-2cafbc030a02,18,sarsa,lethal,1,0.5,50000,50000,0,shelter,2,0
lethal_risky_corridor-sarsa-s18-2cafbc030a02,18,sarsa,lethal,1,0.75,75000,75000,0,shelter,2,0
lethal_risky_corridor-sarsa-s18-2cafbc030a02,18,sarsa,lethal,1,1,100000,100000,0,shelter,2,0
lethal_risky_corridor-sarsa-s18-6c30ed1674ca,18,sarsa,lethal,0.994,0.25,25000,25000,0,shelter,2,0
lethal_risky_corridor-sarsa-s18-6c30ed1674ca,18,sarsa,lethal,0.994,0.5,50000,50000,0,shelter,2,0
lethal_risky_corridor-sarsa-s18-6c30ed1674ca,18,sarsa,lethal,0.994,0.75,75000,75000,0,shelter,2,0
lethal_risky_corridor-sarsa-s18-6c30ed1674ca,18,sarsa,lethal,0.994,1,100000,100000,0,shelter,2,0
lethal_risky_corridor-sarsa-s18-6c46ccb42745,18,sarsa,lethal,0.986,0.25,25000,25000,0,shelter,2,0
lethal_risky_corridor-sarsa-s18-6c46ccb42745,18,sarsa,lethal,0.986,0.5,50000,50000,0,shelter,2,0
lethal_risky_corridor-sarsa-s18-6c46ccb42745,18,sarsa,lethal,0.986,0.75,75000,75000,0,shelter,2,0
lethal_risky_corridor-sarsa-s18-6c46ccb42745,18,sarsa,lethal,0.986,1,100000,100000,0,shelter,2,0
lethal_risky_corridor-sarsa-s18-8db4d4b36e1b,18,sarsa,lethal,0.984,0.25,25000,25000,0,shelter,2,0
lethal_risky_corridor-sarsa-s18-8db4d4b36e1b,18,sarsa,lethal,0.984,0.5,50000,50000,0,shelter,2,0
lethal_risky_corridor-sarsa-s18-8db4d4b36e1b,18,sarsa,lethal,0.984,0.75,75000,75000,0,shelter,2,0
lethal_risky_corridor-sarsa-s18-8db4d4b36e1b,18,sarsa,lethal,0.984,1,100000,100000,0,shelter,2,0
lethal_risky_corridor-sarsa-s18-8fe03974ac5c,18,sarsa,lethal,0.97,0.25,25000,25000,0,shelter,2,0
lethal_risky_corridor-sarsa-s18-8fe03974ac5c,18,sarsa,lethal,0.97,0.5,50000,50000,0,shelter,2,0
lethal_risky_corridor-sarsa-s18-8fe03974ac5c,18,sarsa,lethal,0.97,0.75,75000,75000,0,shelter,2,0
lethal_risky_corridor-sarsa-s18-8fe03974ac5c,18,sarsa,lethal,0.97,1,100000,100000,0,shelter,2,0
lethal_risky_corridor-sarsa-s18-97175e6250eb,18,sarsa,lethal,0.998,0.25,25000,25000,0,shelter,2,0
lethal_risky_corridor-sarsa-s18-97175e6250eb,18,sarsa,lethal,0.998,0.5,50000,50000,0,shelter,2,0
lethal_risky_corridor-sarsa-s18-97175e6250eb,18,sarsa,lethal,0.998,0.75,75000,75000,0,shelter,2,0
lethal_risky_corridor-sarsa-s18-97175e6250eb,18,sarsa,lethal,0.998,1,100000,100000,0,shelter,2,0
lethal_risky_corridor-sarsa-s18-9beaaa3499bb,18,sarsa,lethal,0.9895,0.25,25000,25000,0,shelter,2,0
lethal_risky_corridor-sarsa-s18-9beaaa3499bb,18,sarsa,lethal,0.9895,0.5,50000,50000,0,shelter,2,0
lethal_risky_corridor-sarsa-s18-9beaaa3499bb,18,sarsa,lethal,0.9895,0.75,75000,75000,0,shelter,2,0
lethal_risky_corridor-sarsa-s18-9beaaa3499bb,18,sarsa,lethal,0.9895,1,100000,100000,0,shelter,2,0
lethal_risky_corridor-sarsa-s18-b342bd392bbb,18,sarsa,lethal,0.989,0.25,25000,25000,0,shelter,2,0
lethal_risky_corridor-sarsa-s18-b342bd392bbb,18,sarsa,lethal,0.989,0.5,50000,50000,0,shelter,2,0
lethal_risky_corridor-sarsa-s18-b342bd392bbb,18,sarsa,lethal,0.989,0.75,75000,75000,0,shelter,2,0
lethal_risky_corridor-sarsa-s18-b342bd392bbb,18,sarsa,lethal,0.989,1,100000,100000,0,shelter,2,0
lethal_risky_corridor-sarsa-s18-b4ac7b931d55,18,sarsa,lethal,0.996,0.25,25000,25000,0,shelter,2,0
lethal_risky_corridor-sarsa-s18-b4ac7b931d55,18,sarsa,lethal,0.996,0.5,50000,50000,0,shelter,2,0
lethal_risky_corridor-sarsa-s18-b4ac7b931d55,18,sarsa,lethal,0.996,0.75,75000,75000,0,shelter,2,0
lethal_risky_corridor-sarsa-s18-b4ac7b931d55,18,sarsa,lethal,0.996,1,100000,100000,0,shelter,2,0
lethal_risky_corridor-sarsa-s18-bdc44daf37b6,18,sarsa,lethal,0.99,0.25,25000,25000,0,shelter,2,0
lethal_risky_corridor-sarsa-s18-bdc44daf37b6,18,sarsa,lethal,0.99,0.5,50000,50000,0,shelter,2,0
lethal_risky_corridor-sarsa-s18-bdc44daf37b6,18,sarsa,lethal,0.99,0.75,75000,75000,0,shelter,2,0
lethal_risky_corridor-sarsa-s18-bdc44daf37b6,18,sarsa,lethal,0.99,1,100000,100000,0,shelter,2,0
lethal_risky_corridor-sarsa-s18-d15cd054977a,18,sarsa,lethal,0.991,0.25,25000,25000,0,shelter,2,0
lethal_risky_corridor-sarsa-s18-d15cd054977a,18,sarsa,lethal,0.991,0.5,50000,50000,0,shelter,2,0
lethal_risky_corridor-sarsa-s18-d15cd054977a,18,sarsa,lethal,0.991,0.75,75000,75000,0,shelter,2,0
lethal_risky_corridor-sarsa-s18-d15cd054977a,18,sarsa,lethal,0.991,1,100000,100000,0,shelter,2,0
lethal_risky_corridor-sarsa-s18-e86e45c5393c,18,sarsa,lethal,0.992,0.25,25000,25000,0,shelter,2,0
lethal_risky_corridor-sarsa-s18-e86e45c5393c,18,sarsa,lethal,0.992,0.5,50000,50000,0,shelter,2,0
lethal_risky_corridor-sarsa-s18-e86e45c5393c,18,sarsa,lethal,0.992,0.75,75000,75000,0,shelter,2,0
lethal_risky_corridor-sarsa-s18-e86e45c5393c,18,sarsa,lethal,0.992,1,100000,100000,0,shelter,2,0
lethal_risky_corridor-sarsa-s19-3e85b0f83a9f,19,sarsa,lethal,0.994,0.25,25000,25000,0,shelter,2,0
lethal_risky_corridor-sarsa-s19-3e85b0f83a9f,19,sarsa,lethal,0.994,0.5,50000,50000,0,shelter,2,0
lethal_risky_corridor-sarsa-s19-3e85b0f83a9f,19,sarsa,lethal,0.994,0.75,75000,75000,0,shelter,2,0
lethal_risky_corridor-sarsa-s19-3e85b0f83a9f,19,sarsa,lethal,0.994,1,100000,100000,0,shelter,2,0
lethal_risky_corridor-sarsa-s19-43242fed893a,19,sarsa,lethal,0.989,0.25,25000,25000,0,shelter,2,0
lethal_risky_corridor-sarsa-s19-43242fed893a,19,sarsa,lethal,0.989,0.5,50000,50000,0,shelter,2,0
lethal_risky_corridor-sarsa-s19-43242fed893a,19,sarsa,lethal,0.989,0.75,75000,75000,0,shelter,2,0
lethal_risky_corridor-sarsa-s19-43242fed893a,19,sarsa,lethal,0.989,1,100000,100000,0,shelter,2,0
lethal_risky_corridor-sarsa-s19-4e30e95e60fd,19,sarsa,lethal,0.9895,0.25,25000,25000,0,shelter,2,0
lethal_risky_corridor-sarsa-s19-4e30e95e60fd,19,sarsa,lethal,0.9895,0.5,50000,50000,0,shelter,2,0
lethal_risky_corridor-sarsa-s19-4e30e95e60fd,19,sarsa,lethal,0.9895,0.75,75000,75000,0,shelter,2,0
lethal_risky_corridor-sarsa-s19-4e30e95e60fd,19,sarsa,lethal,0.9895,1,100000,100000,0,shelter,2,0
lethal_risky_corridor-sarsa-s19-53b4797054c7,19,sarsa,lethal,0.988,0.25,25000,25000,0,shelter,2,0
lethal_risky_corridor-sarsa-s19-53b4797054c7,19,sarsa,lethal,0.988,0.5,50000,50000,0,shelter,2,0
lethal_risky_corridor-sarsa-s19-53b4797054c7,19,sarsa,lethal,0.988,0.75,75000,75000,0,shelter,2,0
lethal_risky_corridor-sarsa-s19-53b4797054c7,19,sarsa,lethal,0.988,1,100000,100000,0,shelter,2,0
lethal_risky_corridor-sarsa-s19-5c5c54081758,19,sarsa,lethal,0.97,0.25,25000,25000,0,shelter,2,0
lethal_risky_corridor-sarsa-s19-5c5c54081758,19,sarsa,lethal,0.97,0.5,50000,50000,0,shelter,2,0
lethal_risky_corridor-sarsa-s19-5c5c54081758,19,sarsa,lethal,0.97,0.75,75000,75000,0,shelter,2,0
lethal_risky_corridor-sarsa-s19-5c5c54081758,19,sarsa,lethal,0.97,1,100000,100000,0,shelter,2,0
lethal_risky_corridor-sarsa-s19-73abb56bccc8,19,sarsa,lethal,0.984,0.25,25000,25000,0,shelter,2,0
lethal_risky_corridor-sarsa-s19-73abb56bccc8,19,sarsa,lethal,0.984,0.5,50000,50000,0,shelter,2,0
lethal_risky_corridor-sarsa-s19-73abb56bccc8,19,sarsa,lethal,0.984,0.75,75000,75000,0,shelter,2,0
lethal_risky_corridor-sarsa-s19-73abb56bccc8,19,sarsa,lethal,0.984,1,100000,100000,0,shelter,2,0
lethal_risky_corridor-sarsa-s19-81b2c7210885,19,sarsa,lethal,0.98,0.25,25000,25000,0,shelter,2,0
lethal_risky_corridor-sarsa-s19-81b2c7210885,19,sarsa,lethal,0.98,0.5,50000,50000,0,shelter,2,0
lethal_risky_corridor-sarsa-s19-81b2c7210885,19,sarsa,lethal,0.98,0.75,75000,75000,0,shelter,2,0
lethal_risky_corridor-sarsa-s19-81b2c7210885,19,sarsa,lethal,0.98,1,100000,100000,0,shelter,2,0
lethal_risky_corridor-sarsa-s19-863f2aefb2fd,19,sarsa,lethal,1,0.25,25000,25000,0,shelter,2,0
lethal_risky_corridor-sarsa-s19-863f2aefb2fd,19,sarsa,lethal,1,0.5,50000,50000,0,shelter,2,0
lethal_risky_corridor-sarsa-s19-863f2aefb2fd,19,sarsa,lethal,1,0.75,75000,75000,0,shelter,2,0
lethal_risky_corridor-sarsa-s19-863f2aefb2fd,19,sarsa,lethal,1,1,100000,100000,0,shelter,2,0
lethal_risky_corridor-sarsa-s19-91cd4f4e958c,19,sarsa,lethal,0.991,0.25,25000,25000,0,shelter,2,0
lethal_risky_corridor-sarsa-s19-91cd4f4e958c,19,sarsa,lethal,0.991,0.5,50000,50000,0,shelter,2,0
lethal_risky_corridor-sarsa-s19-91cd4f4e958c,19,sarsa,lethal,0.991,0.75,75000,75000,0,shelter,2,0
lethal_risky_corridor-sarsa-s19-91cd4f4e958c,19,sarsa,lethal,0.991,1,100000,100000,0,shelter,2,0
lethal_risky_corridor-sarsa-s19-b6df2e7486df,19,sarsa,lethal,0.992,0.25,25000,25000,0,shelter,2,0
lethal_risky_corridor-sarsa-s19-b6df2e7486df,19,sarsa,lethal,0.992,0.5,50000,50000,0,shelter,2,0
lethal_risky_corridor-sarsa-s19-b6df2e7486df,19,sarsa,lethal,0.992,0.75,75000,75000,0,shelter,2,0
lethal_risky_corridor-sarsa-s19-b6df2e7486df,19,sarsa,lethal,0.992,1,100000,100000,0,shelter,2,0
lethal_risky_corridor-sarsa-s19-b70c4d23f298,19,sarsa,lethal,0.998,0.25,25000,25000,0,shelter,2,0
lethal_risky_corridor-sarsa-s19-b70c4d23f298,19,sarsa,lethal,0.998,0.5,50000,50000,0,shelter,2,0
lethal_risky_corridor-sarsa-s19-b70c4d23f298,19,sarsa,lethal,0.998,0.75,75000,75000,0,shelter,2,0
lethal_risky_corridor-sarsa-s19-b70c4d23f298,19,sarsa,lethal,0.998,1,100000,100000,0,shelter,2,0
lethal_risky_corridor-sarsa-s19-d5764c4339d4,19,sarsa,lethal,0.986,0.25,25000,25000,0,shelter,2,0
lethal_risky_corridor-sarsa-s19-d5764c4339d4,19,sarsa,lethal,0.986,0.5,50000,50000,0,shelter,2,0
lethal_risky_corridor-sarsa-s19-d5764c4339d4,19,sarsa,lethal,0.986,0.75,75000,75000,0,shelter,2,0
lethal_risky_corridor-sarsa-s19-d5764c4339d4,19,sarsa,lethal,0.986,1,100000,100000,0,shelter,2,0
lethal_risky_corridor-sarsa-s19-dff251bb7f77,19,sarsa,lethal,0.996,0.25,25000,25000,0,shelter,2,0
lethal_risky_corridor-sarsa-s19-dff251bb7f77,19,sarsa,lethal,0.996,0.5,50000,50000,0,shelter,2,0
lethal_risky_corridor-sarsa-s19-dff251bb7f77,19,sarsa,lethal,0.996,0.75,75000,75000,0,shelter,2,0
lethal_risky_corridor-sarsa-s19-dff251bb7f77,19,sarsa,lethal,0.996,1,100000,100000,0,shelter,2,0
lethal_risky_corridor-sarsa-s19-eb2759bb99c9,19,sarsa,lethal,0.99,0.25,25000,25000,0,shelter,2,0
lethal_risky_corridor-sarsa-s19-eb2759bb99c9,19,sarsa,lethal,0.99,0.5,50000,50000,0,shelter,2,0
lethal_risky_corridor-sarsa-s19-eb2759bb99c9,19,sarsa,lethal,0.99,0.75,75000,75000,0,shelter,2,0
lethal_risky_corridor-sarsa-s19-eb2759bb99c9,19,sarsa,lethal,0.99,1,100000,100000,0,shelter,2,0
lethal_risky_corridor-sarsa-s2-23406ddf0a8d,2,sarsa,lethal,0.99,0.25,25000,25000,0,shelter,2,0
lethal_risky_corridor-sarsa-s2-23406ddf0a8d,2,sarsa,lethal,0.99,0.5,50000,50000,0,shelter,2,0
lethal_risky_corridor-sarsa-s2-23406ddf0a8d,2,sarsa,lethal,0.99,0.75,75000,75000,0,shelter,2,0
lethal_risky_corridor-sarsa-s2-23406ddf0a8d,2,sarsa,lethal,0.99,1,100000,100000,0,shelter,2,0
lethal_risky_corridor-sarsa-s2-282760c9a2a3,2,sarsa,lethal,0.989,0.25,25000,25000,0,shelter,2,0
lethal_risky_corridor-sarsa-s2-282760c9a2a3,2,sarsa,lethal,0.989,0.5,50000,50000,0,shelter,2,0
lethal_risky_corridor-sarsa-s2-282760c9a2a3,2,sarsa,lethal,0.989,0.75,75000,75000,0,shelter,2,0
lethal_risky_corridor-sarsa-s2-282760c9a2a3,2,sarsa,lethal,0.989,1,100000,100000,0,shelter,2,0
lethal_risky_corridor-sarsa-s2-2d1e8f2456ef,2,sarsa,lethal,1,0.25,25000,25000,0,shelter,2,0
lethal_risky_corridor-sarsa-s2-2d1e8f2456ef,2,sarsa,lethal,1,0.5,50000,50000,0,shelter,2,0
lethal_risky_corridor-sarsa-s2-2d1e8f2456ef,2,sarsa,lethal,1,0.75,75000,75000,0,shelter,2,0
lethal_risky_corridor-sarsa-s2-2d1e8f2456ef,2,sarsa,lethal,1,1,100000,100000,0,shelter,2,0
lethal_risky_corridor-sarsa-s2-310a31ee4e48,2,sarsa,lethal,0.984,0.25,25000,25000,0,shelter,2,0
lethal_risky_corridor-sarsa-s2-310a31ee4e48,2,sarsa,lethal,0.984,0.5,50000,50000,0,shelter,2,0
lethal_risky_corridor-sarsa-s2-310a31ee4e48,2,sarsa,lethal,0.984,0.75,75000,75000,0,shelter,2,0
lethal_risky_corridor-sarsa-s2-310a31ee4e48,2,sarsa,lethal,0.984,1,100000,100000,0,shelter,2,0
lethal_risky_corridor-sarsa-s2-633e84570159,2,sarsa,lethal,0.994,0.25,25000,25000,0,shelter,2,0
lethal_risky_corridor-sarsa-s2-633e84570159,2,sarsa,lethal,0.994,0.5,50000,50000,0,shelter,2,0
lethal_risky_corridor-sarsa-s2-633e84570159,2,sarsa,lethal,0.994,0.75,75000,75000,0,shelter,2,0
lethal_risky_corridor-sarsa-s2-633e84570159,2,sarsa,lethal,0.994,1,100000,100000,0,shelter,2,0
lethal_risky_corridor-sarsa-s2-7a4670203c5c,2,sarsa,lethal,0.986,0.25,25000,25000,0,shelter,2,0
lethal_risky_corridor-sarsa-s2-7a4670203c5c,2,sarsa,lethal,0.986,0.5,50000,50000,0,shelter,2,0
lethal_risky_corridor-sarsa-s2-7a4670203c5c,2,sarsa,lethal,0.986,0.75,75000,75000,0,shelter,2,0
lethal_risky_corridor-sarsa-s2-7a4670203c5c,2,sarsa,lethal,0.986,1,100000,100000,0,shelter,2,0
lethal_risky_corridor-sarsa-s2-982de2c0f35c,2,sarsa,lethal,0.996,0.25,25000,25000,0,shelter,2,0
lethal_risky_corridor-sarsa-s2-982de2c0f35c,2,sarsa,lethal,0.996,0.5,50000,50000,0,shelter,2,0
lethal_risky_corridor-sarsa-s2-982de2c0f35c,2,sarsa,lethal,0.996,0.75,75000,75000,0,shelter,2,0
lethal_risky_corridor-sarsa-s2-982de2c0f35c,2,sarsa,lethal,0.996,1,100000,100000,0,shelter,2,0
lethal_risky_corridor-sarsa-s2-b0d1c8463249,2,sarsa,lethal,0.991,0.25,25000,25000,0,shelter,2,0
lethal_risky_corridor-sarsa-s2-b0d1c8463249,2,sarsa,lethal,0.991,0.5,50000,50000,0,shelter,2,0
lethal_risky_corridor-sarsa-s2-b0d1c8463249,2,sarsa,lethal,0.991,0.75,75000,75000,0,shelter,2,0
lethal_risky_corridor-sarsa-s2-b0d1c8463249,2,sarsa,lethal,0.991,1,100000,100000,0,shelter,2,0
lethal_risky_corridor-sarsa-s2-c06dc065b124,2,sarsa,lethal,0.988,0.25,25000,25000,0,shelter,2,0
lethal_risky_corridor-sarsa-s2-c06dc065b124,2,sarsa,lethal,0.988,0.5,50000,50000,0,shelter,2,0
lethal_risky_corridor-sarsa-s2-c06dc065b124,2,sarsa,lethal,0.988,0.75,75000,75000,0,shelter,2,0
lethal_risky_corridor-sarsa-s2-c06dc065b124,2,sarsa,lethal,0.988,1,100000,100000,0,shelter,2,0
lethal_risky_corridor-sarsa-s2-c927c0bace69,2,sarsa,lethal,0.98,0.25,25000,25000,0,shelter,2,0
lethal_risky_corridor-sarsa-s2-c927c0bace69,2,sarsa,lethal,0.98,0.5,50000,50000,0,shelter,2,0
lethal_risky_corridor-sarsa-s2-c927c0bace69,2,sarsa,lethal,0.98,0.75,75000,75000,0,shelter,2,0
lethal_risky_corridor-sarsa-s2-c927c0bace69,2,sarsa,lethal,0.98,1,100000,100000,0,shelter,2,0
lethal_risky_corridor-sarsa-s2-c9cfc62677fa,2,sarsa,lethal,0.9895,0.25,25000,25000,0,shelter,2,0
lethal_risky_corridor-sarsa-s2-c9cfc62677fa,2,sarsa,lethal,0.9895,0.5,50000,50000,0,shelter,2,0
lethal_risky_corridor-sarsa-s2-c9cfc62677fa,2,sarsa,lethal,0.9895,0.75,75000,75000,0,shelter,2,0
lethal_risky_corridor-sarsa-s2-c9cfc62677fa,2,sarsa,lethal,0.9895,1,100000,100000,0,shelter,2,0
lethal_risky_corridor-sarsa-s2-d16d92ccfc59,2,sarsa,lethal,0.97,0.25,25000,25000,0,shelter,2,0
lethal_risky_corridor-sarsa-s2-d16d92ccfc59,2,sarsa,lethal,0.97,0.5,50000,50000,0,shelter,2,0
lethal_risky_corridor-sarsa-s2-d16d92ccfc59,2,sarsa,lethal,0.97,0.75,75000,75000,0,shelter,2,0
lethal_risky_corridor-sarsa-s2-d16d92ccfc59,2,sarsa,lethal,0.97,1,100000,100000,0,shelter,2,0
lethal_risky_corridor-sarsa-s2-ebb179cb847d,2,sarsa,lethal,0.992,0.25,25000,25000,0,shelter,2,0
lethal_risky_corridor-sarsa-s2-ebb179cb847d,2,sarsa,lethal,0.992,0.5,50000,50000,0,shelter,2,0
lethal_risky_corridor-sarsa-s2-ebb179cb847d,2,sarsa,lethal,0.992,0.75,75000,75000,0,shelter,2,0
lethal_risky_corridor-sarsa-s2-ebb179cb847d,2,sarsa,lethal,0.992,1,100000,100000,0,shelter,2,0
lethal_risky_corridor-sarsa-s2-ee975c6d4243,2,sarsa,lethal,0.998,0.25,25000,25000,0,shelter,2,0
lethal_risky_corridor-sarsa-s2-ee975c6d4243,2,sarsa,lethal,0.998,0.5,50000,50000,0,shelter,2,0
lethal_risky_corridor-sarsa-s2-ee975c6d4243,2,sarsa,lethal,0.998,0.75,75000,75000,0,shelter,2,0
lethal_risky_corridor-sarsa-s2-ee975c6d4243,2,sarsa,lethal,0.998,1,100000,100000,0,shelter,2,0
lethal_risky_corridor-sarsa-s3-2445cc1767ae,3,sarsa,lethal,0.996,0.25,25000,25000,0,shelter,2,0
lethal_risky_corridor-sarsa-s3-2445cc1767ae,3,sarsa,lethal,0.996,0.5,50000,50000,0,shelter,2,0
lethal_risky_corridor-sarsa-s3-2445cc1767ae,3,sarsa,lethal,0.996,0.75,75000,75000,0,shelter,2,0
lethal_risky_corridor-sarsa-s3-2445cc1767ae,3,sarsa,lethal,0.996,1,100000,100000,0,shelter,2,0
lethal_risky_corridor-sarsa-s3-253b4bfd7b6f,3,sarsa,lethal,0.991,0.25,25000,25000,0,shelter,2,0
lethal_risky_corridor-sarsa-s3-253b4bfd7b6f,3,sarsa,lethal,0.991,0.5,50000,50000,0,shelter,2,0
lethal_risky_corridor-sarsa-s3-253b4bfd7b6f,3,sarsa,lethal,0.991,0.75,75000,75000,0,shelter,2,0
lethal_risky_corridor-sarsa-s3-253b4bfd7b6f,3,sarsa,lethal,0.991,1,100000,100000,0,shelter,2,0
lethal_risky_corridor-sarsa-s3-3bb252948cb9,3,sarsa,lethal,0.994,0.25,25000,25000,0,shelter,2,0
lethal_risky_corridor-sarsa-s3-3bb252948cb9,3,sarsa,lethal,0.994,0.5,50000,50000,0,shelter,2,0
lethal_risky_corridor-sarsa-s3-3bb252948cb9,3,sarsa,lethal,0.994,0.75,75000,75000,0,shelter,2,0
lethal_risky_corridor-sarsa-s3-3bb252948cb9,3,sarsa,lethal,0.994,1,100000,100000,0,shelter,2,0
lethal_risky_corridor-sarsa-s3-3cbb830bda43,3,sarsa,lethal,0.992,0.25,25000,25000,0,shelter,2,0
lethal_risky_corridor-sarsa-s3-3cbb830bda43,3,sarsa,lethal,0.992,0.5,50000,50000,0,shelter,2,0
lethal_risky_corridor-sarsa-s3-3cbb830bda43,3,sarsa,lethal,0.992,0.75,75000,75000,0,shelter,2,0
lethal_risky_corridor-sarsa-s3-3cbb830bda43,3,sarsa,lethal,0.992,1,100000,100000,0,shelter,2,0
lethal_risky_corridor-sarsa-s3-5dd497cf6e30,3,sarsa,lethal,1,0.25,25000,25000,0,shelter,2,0
lethal_risky_corridor-sarsa-s3-5dd497cf6e30,3,sarsa,lethal,1,0.5,50000,50000,0,shelter,2,0
lethal_risky_corridor-sarsa-s3-5dd497cf6e30,3,sarsa,lethal,1,0.75,75000,75000,0,shelter,2,0
lethal_risky_corridor-sarsa-s3-5dd497cf6e30,3,sarsa,lethal,1,1,100000,100000,0,shelter,2,0
lethal_risky_corridor-sarsa-s3-5e143318628f,3,sarsa,lethal,0.99,0.25,25000,25000,0,shelter,2,0
lethal_risky_corridor-sarsa-s3-5e143318628f,3,sarsa,lethal,0.99,0.5,50000,50000,0,shelter,2,0
lethal_risky_corridor-sarsa-s3-5e143318628f,3,sarsa,lethal,0.99,0.75,75000,75000,0,shelter,2,0
lethal_risky_corridor-sarsa-s3-5e143318628f,3,sarsa,lethal,0.99,1,100000,100000,0,shelter,2,0
lethal_risky_corridor-sarsa-s3-6618bde85e5e,3,sarsa,lethal,0.998,0.25,25000,25000,0,shelter,2,0
lethal_risky_corridor-sarsa-s3-6618bde85e5e,3,sarsa,lethal,0.998,0.5,50000,50000,0,shelter,2,0
lethal_risky_corridor-sarsa-s3-6618bde85e5e,3,sarsa,lethal,0.998,0.75,75000,75000,0,shelter,2,0
lethal_risky_corridor-sarsa-s3-6618bde85e5e,3,sarsa,lethal,0.998,1,100000,100000,0,shelter,2,0
lethal_risky_corridor-sarsa-s3-7842f61dd013,3,sarsa,lethal,0.9895,0.25,25000,25000,0,shelter,2,0
lethal_risky_corridor-sarsa-s3-7842f61dd013,3,sarsa,lethal,0.9895,0.5,50000,50000,0,shelter,2,0
lethal_risky_corridor-sarsa-s3-7842f61dd013,3,sarsa,lethal,0.9895,0.75,75000,75000,0,shelter,2,0
lethal_risky_corridor-sarsa-s3-7842f61dd013,3,sarsa,lethal,0.9895,1,100000,100000,0,shelter,2,0
lethal_risky_corridor-sarsa-s3-9a7c7100ef51,3,sarsa,lethal,0.97,0.25,25000,25000,0,shelter,2,0
lethal_risky_corridor-sarsa-s3-9a7c7100ef51,3,sarsa,lethal,0.97,0.5,50000,50000,0,shelter,2,0
lethal_risky_corridor-sarsa-s3-9a7c7100ef51,3,sarsa,lethal,0.97,0.75,75000,75000,0,shelter,2,0
lethal_risky_corridor-sarsa-s3-9a7c7100ef51,3,sarsa,lethal,0.97,1,100000,100000,0,shelter,2,0
lethal_risky_corridor-sarsa-s3-a05c1635f8f4,3,sarsa,lethal,0.986,0.25,25000,25000,0,shelter,2,0
lethal_risky_corridor-sarsa-s3-a05c1635f8f4,3,sarsa,lethal,0.986,0.5,50000,50000,0,shelter,2,0
lethal_risky_corridor-sarsa-s3-a05c1635f8f4,3,sarsa,lethal,0.986,0.75,75000,75000,0,shelter,2,0
lethal_risky_corridor-sarsa-s3-a05c1635f8f4,3,sarsa,lethal,0.986,1,100000,100000,0,shelter,2,0
lethal_risky_corridor-sarsa-s3-a4b2e9158b88,3,sarsa,lethal,0.984,0.25,25000,25000,0,shelter,2,0
lethal_risky_corridor-sarsa-s3-a4b2e9158b88,3,sarsa,lethal,0.984,0.5,50000,50000,0,shelter,2,0
lethal_risky_corridor-sarsa-s3-a4b2e9158b88,3,sarsa,lethal,0.984,0.75,75000,75000,0,shelter,2,0
lethal_risky_corridor-sarsa-s3-a4b2e9158b88,3,sarsa,lethal,0.984,1,100000,100000,0,shelter,2,0
lethal_risky_corridor-sarsa-s3-db502bb2cc85,3,sarsa,lethal,0.98,0.25,25000,25000,0,shelter,2,0
lethal_risky_corridor-sarsa-s3-db502bb2cc85,3,sarsa,lethal,0.98,0.5,50000,50000,0,shelter,2,0
lethal_risky_corridor-sarsa-s3-db502bb2cc85,3,sarsa,lethal,0.98,0.75,75000,75000,0,shelter,2,0
lethal_risky_corridor-sarsa-s3-db502bb2cc85,3,sarsa,lethal,0.98,1,100000,100000,0,shelter,2,0
lethal_risky_corridor-sarsa-s3-ef3d7df8be66,3,sarsa,lethal,0.988,0.25,25000,25000,0,shelter,2,0
lethal_risky_corridor-sarsa-s3-ef3d7df8be66,3,sarsa,lethal,0.988,0.5,50000,50000,0,shelter,2,0
lethal_risky_corridor-sarsa-s3-ef3d7df8be66,3,sarsa,lethal,0.988,0.75,75000,75000,0,shelter,2,0
lethal_risky_corridor-sarsa-s3-ef3d7df8be66,3,sarsa,lethal,0.988,1,100000,100000,0,shelter,2,0
lethal_risky_corridor-sarsa-s3-ff4e15932cb6,3,sarsa,lethal,0.989,0.25,25000,25000,0,shelter,2,0
lethal_risky_corridor-sarsa-s3-ff4e15932cb6,3,sarsa,lethal,0.989,0.5,50000,50000,0,shelter,2,0
lethal_risky_corridor-sarsa-s3-ff4e15932cb6,3,sarsa,lethal,0.989,0.75,75000,75000,0,shelter,2,0
lethal_risky_corridor-sarsa-s3-ff4e15932cb6,3,sarsa,lethal,0.989,1,100000,100000,0,shelter,2,0
lethal_risky_corridor-sarsa-s4-01a322390844,4,sarsa,lethal,0.994,0.25,25000,25000,0,shelter,2,0
lethal_risky_corridor-sarsa-s4-01a322390844,4,sarsa,lethal,0.994,0.5,50000,50000,0,shelter,2,0
lethal_risky_corridor-sarsa-s4-01a322390844,4,sarsa,lethal,0.994,0.75,75000,75000,0,shelter,2,0
lethal_risky_corridor-sarsa-s4-01a322390844,4,sarsa,lethal,0.994,1,100000,100000,0,shelter,2,0
lethal_risky_corridor-sarsa-s4-1492bf9d67bd,4,sarsa,lethal,0.996,0.25,25000,25000,0,shelter,2,0
lethal_risky_corridor-sarsa-s4-1492bf9d67bd,4,sarsa,lethal,0.996,0.5,50000,50000,0,shelter,2,0
lethal_risky_corridor-sarsa-s4-1492bf9d67bd,4,sarsa,lethal,0.996,0.75,75000,75000,0,shelter,2,0
lethal_risky_corridor-sarsa-s4-1492bf9d67bd,4,sarsa,lethal,0.996,1,100000,100000,0,shelter,2,0
lethal_risky_corridor-sarsa-s4-54dfb1e42dc5,4,sarsa,lethal,0.9895,0.25,25000,25000,0,shelter,2,0
lethal_risky_corridor-sarsa-s4-54dfb1e42dc5,4,sarsa,lethal,0.9895,0.5,50000,50000,0,shelter,2,0
lethal_risky_corridor-sarsa-s4-54dfb1e42dc5,4,sarsa,lethal,0.9895,0.75,75000,75000,0,shelter,2,0
lethal_risky_corridor-sarsa-s4-54dfb1e42dc5,4,sarsa,lethal,0.9895,1,100000,100000,0,shelter,2,0
lethal_risky_corridor-sarsa-s4-5b5208fa28f5,4,sarsa,lethal,0.97,0.25,25000,25000,0,shelter,2,0
lethal_risky_corridor-sarsa-s4-5b5208fa28f5,4,sarsa,lethal,0.97,0.5,50000,50000,0,shelter,2,0
lethal_risky_corridor-sarsa-s4-5b5208fa28f5,4,sarsa,lethal,0.97,0.75,75000,75000,0,shelter,2,0
lethal_risky_corridor-sarsa-s4-5b5208fa28f5,4,sarsa,lethal,0.97,1,100000,100000,0,shelter,2,0
lethal_risky_corridor-sarsa-s4-731d084ddff5,4,sarsa,lethal,0.989,0.25,25000,25000,0,shelter,2,0
lethal_risky_corridor-sarsa-s4-731d084ddff5,4,sarsa,lethal,0.989,0.5,50000,50000,0,shelter,2,0
lethal_risky_corridor-sarsa-s4-731d084ddff5,4,sarsa,lethal,0.989,0.75,75000,75000,0,shelter,2,0
lethal_risky_corridor-sarsa-s4-731d084ddff5,4,sarsa,lethal,0.989,1,100000,100000,0,shelter,2,0
lethal_risky_corridor-sarsa-s4-744ee084d6a4,4,sarsa,lethal,0.992,0.25,25000,25000,0,shelter,2,0
lethal_risky_corridor-sarsa-s4-744ee084d6a4,4,sarsa,lethal,0.992,0.5,50000,50000,0,shelter,2,0
lethal_risky_corridor-sarsa-s4-744ee084d6a4,4,sarsa,lethal,0.992,0.75,75000,75000,0,shelter,2,0
lethal_risky_corridor-sarsa-s4-744ee084d6a4,4,sarsa,lethal,0.992,1,100000,100000,0,shelter,2,0
lethal_risky_corridor-sarsa-s4-80861f6012e3,4,sarsa,lethal,0.98,0.25,25000,25000,0,shelter,2,0
lethal_risky_corridor-sarsa-s4-80861f6012e3,4,sarsa,lethal,0.98,0.5,50000,50000,0,shelter,2,0
lethal_risky_corridor-sarsa-s4-80861f6012e3,4,sarsa,lethal,0.98,0.75,75000,75000,0,shelter,2,0
lethal_risky_corridor-sarsa-s4-80861f6012e3,4,sarsa,lethal,0.98,1,100000,100000,0,shelter,2,0
lethal_risky_corridor-sarsa-s4-8a9875048111,4,sarsa,lethal,0.998,0.25,25000,25000,0,shelter,2,0
lethal_risky_corridor-sarsa-s4-8a9875048111,4,sarsa,lethal,0.998,0.5,50000,50000,0,shelter,2,0
lethal_risky_corridor-sarsa-s4-8a9875048111,4,sarsa,lethal,0.998,0.75,75000,75000,0,shelter,2,0
lethal_risky_corridor-sarsa-s4-8a9875048111,4,sarsa,lethal,0.998,1,100000,100000,0,shelter,2,0
lethal_risky_corridor-sarsa-s4-a912e4ca64cd,4,sarsa,lethal,0.984,0.25,25000,25000,0,shelter,2,0
lethal_risky_corridor-sarsa-s4-a912e4ca64cd,4,sarsa,lethal,0.984,0.5,50000,50000,0,shelter,2,0
lethal_risky_corridor-sarsa-s4-a912e4ca64cd,4,sarsa,lethal,0.984,0.75,75000,75000,0,shelter,2,0
lethal_risky_corridor-sarsa-s4-a912e4ca64cd,4,sarsa,lethal,0.984,1,100000,100000,0,shelter,2,0
lethal_risky_corridor-sarsa-s4-b3e7c737d7a8,4,sarsa,lethal,0.991,0.25,25000,25000,0,shelter,2,0
lethal_risky_corridor-sarsa-s4-b3e7c737d7a8,4,sarsa,lethal,0.991,0.5,50000,50000,0,shelter,2,0
lethal_risky_corridor-sarsa-s4-b3e7c737d7a8,4,sarsa,lethal,0.991,0.75,75000,75000,0,shelter,2,0
lethal_risky_corridor-sarsa-s4-b3e7c737d7a8,4,sarsa,lethal,0.991,1,100000,100000,0,shelter,2,0
lethal_risky_corridor-sarsa-s4-bdad78415dad,4,sarsa,lethal,0.988,0.25,25000,25000,0,shelter,2,0
lethal_risky_corridor-sarsa-s4-bdad78415dad,4,sarsa,lethal,0.988,0.5,50000,50000,0,shelter,2,0
lethal_risky_corridor-sarsa-s4-bdad78415dad,4,sarsa,lethal,0.988,0.75,75000,75000,0,shelter,2,0
lethal_risky_corridor-sarsa-s4-bdad78415dad,4,sarsa,lethal,0.988,1,100000,100000,0,shelter,2,0
lethal_risky_corridor-sarsa-s4-beb1aafe3302,4,sarsa,lethal,0.99,0.25,25000,25000,0,shelter,2,0
lethal_risky_corridor-sarsa-s4-beb1aafe3302,4,sarsa,lethal,0.99,0.5,50000,50000,0,shelter,2,0
lethal_risky_corridor-sarsa-s4-beb1aafe3302,4,sarsa,lethal,0.99,0.75,75000,75000,0,shelter,2,0
lethal_risky_corridor-sarsa-s4-beb1aafe3302,4,sarsa,lethal,0.99,1,100000,100000,0,shelter,2,0
lethal_risky_corridor-sarsa-s4-e46c9445eb6a,4,sarsa,lethal,0.986,0.25,25000,25000,0,shelter,2,0
lethal_risky_corridor-sarsa-s4-e46c9445eb6a,4,sarsa,lethal,0.986,0.5,50000,50000,0,shelter,2,0
lethal_risky_corridor-sarsa-s4-e46c9445eb6a,4,sarsa,lethal,0.986,0.75,75000,75000,0,shelter,2,0
lethal_risky_corridor-sarsa-s4-e46c9445eb6a,4,sarsa,lethal,0.986,1,100000,100000,0,shelter,2,0
lethal_risky_corridor-sarsa-s4-fbb0761833f4,4,sarsa,lethal,1,0.25,25000,25000,0,shelter,2,0
lethal_risky_corridor-sarsa-s4-fbb0761833f4,4,sarsa,lethal,1,0.5,50000,50000,0,shelter,2,0
lethal_risky_corridor-sarsa-s4-fbb0761833f4,4,sarsa,lethal,1,0.75,75000,75000,0,shelter,2,0
lethal_risky_corridor-sarsa-s4-fbb0761833f4,4,sarsa,lethal,1,1,100000,100000,0,shelter,2,0
lethal_risky_corridor-sarsa-s5-16c79589b8fc,5,sarsa,lethal,1,0.25,25000,25000,0,shelter,2,0
lethal_risky_corridor-sarsa-s5-16c79589b8fc,5,sarsa,lethal,1,0.5,50000,50000,0,shelter,2,0
lethal_risky_corridor-sarsa-s5-16c79589b8fc,5,sarsa,lethal,1,0.75,75000,75000,0,shelter,2,0
lethal_risky_corridor-sarsa-s5-16c79589b8fc,5,sarsa,lethal,1,1,100000,100000,0,shelter,2,0
lethal_risky_corridor-sarsa-s5-25fdce2e1792,5,sarsa,lethal,0.9895,0.25,25000,25000,0,shelter,2,0
lethal_risky_corridor-sarsa-s5-25fdce2e1792,5,sarsa,lethal,0.9895,0.5,50000,50000,0,shelter,2,0
lethal_risky_corridor-sarsa-s5-25fdce2e1792,5,sarsa,lethal,0.9895,0.75,75000,75000,0,shelter,2,0
lethal_risky_corridor-sarsa-s5-25fdce2e1792,5,sarsa,lethal,0.9895,1,100000,100000,0,shelter,2,0
lethal_risky_corridor-sarsa-s5-2ef5515871b7,5,sarsa,lethal,0.994,0.25,25000,25000,0,shelter,2,0
lethal_risky_corridor-sarsa-s5-2ef5515871b7,5,sarsa,lethal,0.994,0.5,50000,50000,0,shelter,2,0
lethal_risky_corridor-sarsa-s5-2ef5515871b7,5,sarsa,lethal,0.994,0.75,75000,75000,0,shelter,2,0
lethal_risky_corridor-sarsa-s5-2ef5515871b7,5,sarsa,lethal,0.994,1,100000,100000,0,shelter,2,0
lethal_risky_corridor-sarsa-s5-59115ef9df79,5,sarsa,lethal,0.992,0.25,25000,25000,0,shelter,2,0
lethal_risky_corridor-sarsa-s5-59115ef9df79,5,sarsa,lethal,0.992,0.5,50000,50000,0,shelter,2,0
lethal_risky_corridor-sarsa-s5-59115ef9df79,5,sarsa,lethal,0.992,0.75,75000,75000,0,shelter,2,0
lethal_risky_corridor-sarsa-s5-59115ef9df79,5,sarsa,lethal,0.992,1,100000,100000,0,shelter,2,0
lethal_risky_corridor-sarsa-s5-60662dffeeae,5,sarsa,lethal,0.988,0.25,25000,25000,0,shelter,2,0
lethal_risky_corridor-sarsa-s5-60662dffeeae,5,sarsa,lethal,0.988,0.5,50000,50000,0,shelter,2,0
lethal_risky_corridor-sarsa-s5-60662dffeeae,5,sarsa,lethal,0.988,0.75,75000,75000,0,shelter,2,0
lethal_risky_corridor-sarsa-s5-60662dffeeae,5,sarsa,lethal,0.988,1,100000,100000,0,shelter,2,0
lethal_risky_corridor-sarsa-s5-94f670628fcf,5,sarsa,lethal,0.97,0.25,25000,25000,0,shelter,2,0
lethal_risky_corridor-sarsa-s5-94f670628fcf,5,sarsa,lethal,0.97,0.5,50000,50000,0,shelter,2,0
lethal_risky_corridor-sarsa-s5-94f670628fcf,5,sarsa,lethal,0.97,0.75,75000,75000,0,shelter,2,0
lethal_risky_corridor-sarsa-s5-94f670628fcf,5,sarsa,lethal,0.97,1,100000,100000,0,shelter,2,0
lethal_risky_corridor-sarsa-s5-9ed10313c7c5,5,sarsa,lethal,0.998,0.25,25000,25000,0,shelter,2,0
lethal_risky_corridor-sarsa-s5-9ed10313c7c5,5,sarsa,lethal,0.998,0.5,50000,50000,0,shelter,2,0
lethal_risky_corridor-sarsa-s5-9ed10313c7c5,5,sarsa,lethal,0.998,0.75,75000,75000,0,shelter,2,0
lethal_risky_corridor-sarsa-s5-9ed10313c7c5,5,sarsa,lethal,0.998,1,100000,100000,0,shelter,2,0
lethal_risky_corridor-sarsa-s5-a645fe34b8ef,5,sarsa,lethal,0.99,0.25,25000,25000,0,corridor,1,1
lethal_risky_corridor-sarsa-s5-a645fe34b8ef,5,sarsa,lethal,0.99,0.5,50000,50000,0,shelter,2,0
lethal_risky_corridor-sarsa-s5-a645fe34b8ef,5,sarsa,lethal,0.99,0.75,75000,75000,0,shelter,2,0
lethal_risky_corridor-sarsa-s5-a645fe34b8ef,5,sarsa,lethal,0.99,1,100000,100000,0,shelter,2,0
lethal_risky_corridor-sarsa-s5-beda3d5d0c7e,5,sarsa,lethal,0.984,0.25,25000,25000,0,shelter,2,0
lethal_risky_corridor-sarsa-s5-beda3d5d0c7e,5,sarsa,lethal,0.984,0.5,50000,50000,0,shelter,2,0
lethal_risky_corridor-sarsa-s5-beda3d5d0c7e,5,sarsa,lethal,0.984,0.75,75000,75000,0,shelter,2,0
lethal_risky_corridor-sarsa-s5-beda3d5d0c7e,5,sarsa,lethal,0.984,1,100000,100000,0,shelter,2,0
lethal_risky_corridor-sarsa-s5-c7545b94599c,5,sarsa,lethal,0.991,0.25,25000,25000,0,shelter,2,0
lethal_risky_corridor-sarsa-s5-c7545b94599c,5,sarsa,lethal,0.991,0.5,50000,50000,0,shelter,2,0
lethal_risky_corridor-sarsa-s5-c7545b94599c,5,sarsa,lethal,0.991,0.75,75000,75000,0,shelter,2,0
lethal_risky_corridor-sarsa-s5-c7545b94599c,5,sarsa,lethal,0.991,1,100000,100000,0,shelter,2,0
lethal_risky_corridor-sarsa-s5-cc5662e2eb73,5,sarsa,lethal,0.98,0.25,25000,25000,0,shelter,2,0
lethal_risky_corridor-sarsa-s5-cc5662e2eb73,5,sarsa,lethal,0.98,0.5,50000,50000,0,shelter,2,0
lethal_risky_corridor-sarsa-s5-cc5662e2eb73,5,sarsa,lethal,0.98,0.75,75000,75000,0,shelter,2,0
lethal_risky_corridor-sarsa-s5-cc5662e2eb73,5,sarsa,lethal,0.98,1,100000,100000,0,shelter,2,0
lethal_risky_corridor-sarsa-s5-ed2098d5ced4,5,sarsa,lethal,0.989,0.25,25000,25000,0,shelter,2,0
lethal_risky_corridor-sarsa-s5-ed2098d5ced4,5,sarsa,lethal,0.989,0.5,50000,50000,0,shelter,2,0
lethal_risky_corridor-sarsa-s5-ed2098d5ced4,5,sarsa,lethal,0.989,0.75,75000,75000,0,shelter,2,0
lethal_risky_corridor-sarsa-s5-ed2098d5ced4,5,sarsa,lethal,0.989,1,100000,100000,0,shelter,2,0
lethal_risky_corridor-sarsa-s5-f7f63330674d,5,sarsa,lethal,0.996,0.25,25000,25000,0,shelter,2,0
lethal_risky_corridor-sarsa-s5-f7f63330674d,5,sarsa,lethal,0.996,0.5,50000,50000,0,shelter,2,0
lethal_risky_corridor-sarsa-s5-f7f63330674d,5,sarsa,lethal,0.996,0.75,75000,75000,0,shelter,2,0
lethal_risky_corridor-sarsa-s5-f7f63330674d,5,sarsa,lethal,0.996,1,100000,100000,0,shelter,2,0
lethal_risky_corridor-sarsa-s5-fa5081da6e03,5,sarsa,lethal,0.986,0.25,25000,25000,0,shelter,2,0
lethal_risky_corridor-sarsa-s5-fa5081da6e03,5,sarsa,lethal,0.986,0.5,50000,50000,0,shelter,2,0
lethal_risky_corridor-sarsa-s5-fa5081da6e03,5,sarsa,lethal,0.986,0.75,75000,75000,0,shelter,2,0
lethal_risky_corridor-sarsa-s5-fa5081da6e03,5,sarsa,lethal,0.986,1,100000,100000,0,shelter,2,0
lethal_risky_corridor-sarsa-s6-0fa703694b9b,6,sarsa,lethal,0.98,0.25,25000,25000,0,shelter,2,0
lethal_risky_corridor-sarsa-s6-0fa703694b9b,6,sarsa,lethal,0.98,0.5,50000,50000,0,shelter,2,0
lethal_risky_corridor-sarsa-s6-0fa703694b9b,6,sarsa,lethal,0.98,0.75,75000,75000,0,shelter,2,0
lethal_risky_corridor-sarsa-s6-0fa703694b9b,6,sarsa,lethal,0.98,1,100000,100000,0,shelter,2,0
lethal_risky_corridor-sarsa-s6-237aafb80a90,6,sarsa,lethal,0.994,0.25,25000,25000,0,shelter,2,0
lethal_risky_corridor-sarsa-s6-237aafb80a90,6,sarsa,lethal,0.994,0.5,50000,50000,0,shelter,2,0
lethal_risky_corridor-sarsa-s6-237aafb80a90,6,sarsa,lethal,0.994,0.75,75000,75000,0,shelter,2,0
lethal_risky_corridor-sarsa-s6-237aafb80a90,6,sarsa,lethal,0.994,1,100000,100000,0,shelter,2,0
lethal_risky_corridor-sarsa-s6-2864a194fb6d,6,sarsa,lethal,0.9895,0.25,25000,25000,0,shelter,2,0
lethal_risky_corridor-sarsa-s6-2864a194fb6d,6,sarsa,lethal,0.9895,0.5,50000,50000,0,shelter,2,0
lethal_risky_corridor-sarsa-s6-2864a194fb6d,6,sarsa,lethal,0.9895,0.75,75000,75000,0,shelter,2,0
lethal_risky_corridor-sarsa-s6-2864a194fb6d,6,sarsa,lethal,0.9895,1,100000,100000,0,shelter,2,0
lethal_risky_corridor-sarsa-s6-32613a33ce56,6,sarsa,lethal,0.996,0.25,25000,25000,0,shelter,2,0
lethal_risky_corridor-sarsa-s6-32613a33ce56,6,sarsa,lethal,0.996,0.5,50000,50000,0,shelter,2,0
lethal_risky_corridor-sarsa-s6-32613a33ce56,6,sarsa,lethal,0.996,0.75,75000,75000,0,shelter,2,0
lethal_risky_corridor-sarsa-s6-32613a33ce56,6,sarsa,lethal,0.996,1,100000,100000,0,shelter,2,0
lethal_risky_corridor-sarsa-s6-7060571d7920,6,sarsa,lethal,0.986,0.25,25000,25000,0,shelter,2,0
lethal_risky_corridor-sarsa-s6-7060571d7920,6,sarsa,lethal,0.986,0.5,50000,50000,0,shelter,2,0
lethal_risky_corridor-sarsa-s6-7060571d7920,6,sarsa,lethal,0.986,0.75,75000,75000,0,shelter,2,0
lethal_risky_corridor-sarsa-s6-7060571d7920,6,sarsa,lethal,0.986,1,100000,100000,0,shelter,2,0
lethal_risky_corridor-sarsa-s6-73645e6fedd9,6,sarsa,lethal,1,0.25,25000,25000,0,shelter,2,0
lethal_risky_corridor-sarsa-s6-73645e6fedd9,6,sarsa,lethal,1,0.5,50000,50000,0,shelter,2,0
lethal_risky_corridor-sarsa-s6-73645e6fedd9,6,sarsa,lethal,1,0.75,75000,75000,0,shelter,2,0
lethal_risky_corridor-sarsa-s6-73645e6fedd9,6,sarsa,lethal,1,1,100000,100000,0,shelter,2,0
lethal_risky_corridor-sarsa-s6-73a7e081f426,6,sarsa,lethal,0.989,0.25,25000,25000,0,shelter,2,0
lethal_risky_corridor-sarsa-s6-73a7e081f426,6,sarsa,lethal,0.989,0.5,50000,50000,0,shelter,2,0
lethal_risky_corridor-sarsa-s6-73a7e081f426,6,sarsa,lethal,0.989,0.75,75000,75000,0,shelter,2,0
lethal_risky_corridor-sarsa-s6-73a7e081f426,6,sarsa,lethal,0.989,1,100000,100000,0,shelter,2,0
lethal_risky_corridor-sarsa-s6-767a584555fd,6,sarsa,lethal,0.984,0.25,25000,25000,0,shelter,2,0
lethal_risky_corridor-sarsa-s6-767a584555fd,6,sarsa,lethal,0.984,0.5,50000,50000,0,shelter,2,0
lethal_risky_corridor-sarsa-s6-767a584555fd,6,sarsa,lethal,0.984,0.75,75000,75000,0,shelter,2,0
lethal_risky_corridor-sarsa-s6-767a584555fd,6,sarsa,lethal,0.984,1,100000,100000,0,shelter,2,0
lethal_risky_corridor-sarsa-s6-81ab13c3a054,6,sarsa,lethal,0.998,0.25,25000,25000,0,shelter,2,0
lethal_risky_corridor-sarsa-s6-81ab13c3a054,6,sarsa,lethal,0.998,0.5,50000,50000,0,shelter,2,0
lethal_risky_corridor-sarsa-s6-81ab13c3a054,6,sarsa,lethal,0.998,0.75,75000,75000,0,shelter,2,0
lethal_risky_corridor-sarsa-s6-81ab13c3a054,6,sarsa,lethal,0.998,1,100000,100000,0,shelter,2,0
lethal_risky_corridor-sarsa-s6-952abc315903,6,sarsa,lethal,0.988,0.25,25000,25000,0,shelter,2,0
lethal_risky_corridor-sarsa-s6-952abc315903,6,sarsa,lethal,0.988,0.5,50000,50000,0,shelter,2,0
lethal_risky_corridor-sarsa-s6-952abc315903,6,sarsa,lethal,0.988,0.75,75000,75000,0,shelter,2,0
lethal_risky_corridor-sarsa-s6-952abc315903,6,sarsa,lethal,0.988,1,100000,100000,0,shelter,2,0
lethal_risky_corridor-sarsa-s6-a6da684e01a2,6,sarsa,lethal,0.991,0.25,25000,25000,0,shelter,2,0
lethal_risky_corridor-sarsa-s6-a6da684e01a2,6,sarsa,lethal,0.991,0.5,50000,50000,0,shelter,2,0
lethal_risky_corridor-sarsa-s6-a6da684e01a2,6,sarsa,lethal,0.991,0.75,75000,75000,0,shelter,2,0
lethal_risky_corridor-sarsa-s6-a6da684e01a2,6,sarsa,lethal,0.991,1,100000,100000,0,shelter,2,0
lethal_risky_corridor-sarsa-s6-c8ef246ec911,6,sarsa,lethal,0.97,0.25,25000,25000,0,shelter,2,0
lethal_risky_corridor-sarsa-s6-c8ef246ec911,6,sarsa,lethal,0.97,0.5,50000,50000,0,shelter,2,0
lethal_risky_corridor-sarsa-s6-c8ef246ec911,6,sarsa,lethal,0.97,0.75,75000,75000,0,shelter,2,0
lethal_risky_corridor-sarsa-s6-c8ef246ec911,6,sarsa,lethal,0.97,1,100000,100000,0,shelter,2,0
lethal_risky_corridor-sarsa-s6-f32dc82fc3eb,6,sarsa,lethal,0.992,0.25,25000,25000,0,shelter,2,0
lethal_risky_corridor-sarsa-s6-f32dc82fc3eb,6,sarsa,lethal,0.992,0.5,50000,50000,0,shelter,2,0
lethal_risky_corridor-sarsa-s6-f32dc82fc3eb,6,sarsa,lethal,0.992,0.75,75000,75000,0,shelter,2,0
lethal_risky_corridor-sarsa-s6-f32dc82fc3eb,6,sarsa,lethal,0.992,1,100000,100000,0,shelter,2,0
lethal_risky_corridor-sarsa-s6-ff97742c078d,6,sarsa,lethal,0.99,0.25,25000,25000,0,shelter,2,0
lethal_risky_corridor-sarsa-s6-ff97742c078d,6,sarsa,lethal,0.99,0.5,50000,50000,0,shelter,2,0
lethal_risky_corridor-sarsa-s6-ff97742c078d,6,sarsa,lethal,0.99,0.75,75000,75000,0,shelter,2,0
lethal_risky_corridor-sarsa-s6-ff97742c078d,6,sarsa,lethal,0.99,1,100000,100000,0,shelter,2,0
lethal_risky_corridor-sarsa-s7-0c9614ff723e,7,sarsa,lethal,0.99,0.25,25000,25000,0,shelter,2,0
lethal_risky_corridor-sarsa-s7-0c9614ff723e,7,sarsa,lethal,0.99,0.5,50000,50000,0,shelter,2,0
lethal_risky_corridor-sarsa-s7-0c9614ff723e,7,sarsa,lethal,0.99,0.75,75000,75000,0,shelter,2,0
lethal_risky_corridor-sarsa-s7-0c9614ff723e,7,sarsa,lethal,0.99,1,100000,100000,0,shelter,2,0
lethal_risky_corridor-sarsa-s7-17711c4a4f3e,7,sarsa,lethal,0.97,0.25,25000,25000,0,shelter,2,0
lethal_risky_corridor-sarsa-s7-17711c4a4f3e,7,sarsa,lethal,0.97,0.5,50000,50000,0,shelter,2,0
lethal_risky_corridor-sarsa-s7-17711c4a4f3e,7,sarsa,lethal,0.97,0.75,75000,75000,0,shelter,2,0
lethal_risky_corridor-sarsa-s7-17711c4a4f3e,7,sarsa,lethal,0.97,1,100000,100000,0,shelter,2,0
lethal_risky_corridor-sarsa-s7-445a76e184b3,7,sarsa,lethal,0.994,0.25,25000,25000,0,shelter,2,0
lethal_risky_corridor-sarsa-s7-445a76e184b3,7,sarsa,lethal,0.994,0.5,50000,50000,0,shelter,2,0
lethal_risky_corridor-sarsa-s7-445a76e184b3,7,sarsa,lethal,0.994,0.75,75000,75000,0,shelter,2,0
lethal_risky_corridor-sarsa-s7-445a76e184b3,7,sarsa,lethal,0.994,1,100000,100000,0,shelter,2,0
lethal_risky_corridor-sarsa-s7-57cf4a1455c8,7,sarsa,lethal,0.992,0.25,25000,25000,0,shelter,2,0
lethal_risky_corridor-sarsa-s7-57cf4a1455c8,7,sarsa,lethal,0.992,0.5,50000,50000,0,shelter,2,0
lethal_risky_corridor-sarsa-s7-57cf4a1455c8,7,sarsa,lethal,0.992,0.75,75000,75000,0,shelter,2,0
lethal_risky_corridor-sarsa-s7-57cf4a1455c8,7,sarsa,lethal,0.992,1,100000,100000,0,shelter,2,0
lethal_risky_corridor-sarsa-s7-6ce8c2a63598,7,sarsa,lethal,0.996,0.25,25000,25000,0,shelter,2,0
lethal_risky_corridor-sarsa-s7-6ce8c2a63598,7,sarsa,lethal,0.996,0.5,50000,50000,0,shelter,2,0
lethal_risky_corridor-sarsa-s7-6ce8c2a63598,7,sarsa,lethal,0.996,0.75,75000,75000,0,shelter,2,0
lethal_risky_corridor-sarsa-s7-6ce8c2a63598,7,sarsa,lethal,0.996,1,100000,100000,0,shelter,2,0
lethal_risky_corridor-sarsa-s7-7296cfbc0efb,7,sarsa,lethal,0.98,0.25,25000,25000,0,shelter,2,0
lethal_risky_corridor-sarsa-s7-7296cfbc0efb,7,sarsa,lethal,0.98,0.5,50000,50000,0,shelter,2,0
lethal_risky_corridor-sarsa-s7-7296cfbc0efb,7,sarsa,lethal,0.98,0.75,75000,75000,0,shelter,2,0
lethal_risky_corridor-sarsa-s7-7296cfbc0efb,7,sarsa,lethal,0.98,1,100000,100000,0,shelter,2,0
lethal_risky_corridor-sarsa-s7-7941e46649d7,7,sarsa,lethal,0.991,0.25,25000,25000,0,shelter,2,0
lethal_risky_corridor-sarsa-s7-7941e46649d7,7,sarsa,lethal,0.991,0.5,50000,50000,0,shelter,2,0
lethal_risky_corridor-sarsa-s7-7941e46649d7,7,sarsa,lethal,0.991,0.75,75000,75000,0,shelter,2,0
lethal_risky_corridor-sarsa-s7-7941e46649d7,7,sarsa,lethal,0.991,1,100000,100000,0,shelter,2,0
lethal_risky_corridor-sarsa-s7-b7fc09e98739,7,sarsa,lethal,0.988,0.25,25000,25000,0,shelter,2,0
lethal_risky_corridor-sarsa-s7-b7fc09e98739,7,sarsa,lethal,0.988,0.5,50000,50000,0,shelter,2,0
lethal_risky_corridor-sarsa-s7-b7fc09e98739,7,sarsa,lethal,0.988,0.75,75000,75000,0,shelter,2,0
lethal_risky_corridor-sarsa-s7-b7fc09e98739,7,sarsa,lethal,0.988,1,100000,100000,0,shelter,2,0
lethal_risky_corridor-sarsa-s7-b9a14a0363b7,7,sarsa,lethal,0.998,0.25,25000,25000,0,corridor,1,1
lethal_risky_corridor-sarsa-s7-b9a14a0363b7,7,sarsa,lethal,0.998,0.5,50000,50000,0,shelter,2,0
lethal_risky_corridor-sarsa-s7-b9a14a0363b7,7,sarsa,lethal,0.998,0.75,75000,75000,0,shelter,2,0
lethal_risky_corridor-sarsa-s7-b9a14a0363b7,7,sarsa,lethal,0.998,1,100000,100000,0,shelter,2,0
lethal_risky_corridor-sarsa-s7-c45f54399b9c,7,sarsa,lethal,0.986,0.25,25000,25000,0,shelter,2,0
lethal_risky_corridor-sarsa-s7-c45f54399b9c,7,sarsa,lethal,0.986,0.5,50000,50000,0,shelter,2,0
lethal_risky_corridor-sarsa-s7-c45f54399b9c,7,sarsa,lethal,0.986,0.75,75000,75000,0,shelter,2,0
lethal_risky_corridor-sarsa-s7-c45f54399b9c,7,sarsa,lethal,0.986,1,100000,100000,0,shelter,2,0
lethal_risky_corridor-sarsa-s7-cec81904b89f,7,sarsa,lethal,0.9895,0.25,25000,25000,0,shelter,2,0
lethal_risky_corridor-sarsa-s7-cec81904b89f,7,sarsa,lethal,0.9895,0.5,50000,50000,0,shelter,2,0
lethal_risky_corridor-sarsa-s7-cec81904b89f,7,sarsa,lethal,0.9895,0.75,75000,75000,0,shelter,2,0
lethal_risky_corridor-sarsa-s7-cec81904b89f,7,sarsa,lethal,0.9895,1,100000,100000,0,shelter,2,0
lethal_risky_corridor-sarsa-s7-e5abc1405639,7,sarsa,lethal,0.984,0.25,25000,25000,0,shelter,2,0
lethal_risky_corridor-sarsa-s7-e5abc1405639,7,sarsa,lethal,0.984,0.5,50000,50000,0,shelter,2,0
lethal_risky_corridor-sarsa-s7-e5abc1405639,7,sarsa,lethal,0.984,0.75,75000,75000,0,shelter,2,0
lethal_risky_corridor-sarsa-s7-e5abc1405639,7,sarsa,lethal,0.984,1,100000,100000,0,shelter,2,0
lethal_risky_corridor-sarsa-s7-eb125e482daa,7,sarsa,lethal,0.989,0.25,25000,25000,0,shelter,2,0
lethal_risky_corridor-sarsa-s7-eb125e482daa,7,sarsa,lethal,0.989,0.5,50000,50000,0,shelter,2,0
lethal_risky_corridor-sarsa-s7-eb125e482daa,7,sarsa,lethal,0.989,0.75,75000,75000,0,shelter,2,0
lethal_risky_corridor-sarsa-s7-eb125e482daa,7,sarsa,lethal,0.989,1,100000,100000,0,shelter,2,0
lethal_risky_corridor-sarsa-s7-f4e5954ed9f2,7,sarsa,lethal,1,0.25,25000,25000,0,shelter,2,0
lethal_risky_corridor-sarsa-s7-f4e5954ed9f2,7,sarsa,lethal,1,0.5,50000,50000,0,shelter,2,0
lethal_risky_corridor-sarsa-s7-f4e5954ed9f2,7,sarsa,lethal,1,0.75,75000,75000,0,shelter,2,0
lethal_risky_corridor-sarsa-s7-f4e5954ed9f2,7,sarsa,lethal,1,1,100000,100000,0,shelter,2,0
lethal_risky_corridor-sarsa-s8-1033eb74ccfd,8,sarsa,lethal,0.988,0.25,25000,25000,0,shelter,2,0
lethal_risky_corridor-sarsa-s8-1033eb74ccfd,8,sarsa,lethal,0.988,0.5,50000,50000,0,shelter,2,0
lethal_risky_corridor-sarsa-s8-1033eb74ccfd,8,sarsa,lethal,0.988,0.75,75000,75000,0,shelter,2,0
lethal_risky_corridor-sarsa-s8-1033eb74ccfd,8,sarsa,lethal,0.988,1,100000,100000,0,shelter,2,0
lethal_risky_corridor-sarsa-s8-1a7e39944a2f,8,sarsa,lethal,0.994,0.25,25000,25000,0,shelter,2,0
lethal_risky_corridor-sarsa-s8-1a7e39944a2f,8,sarsa,lethal,0.994,0.5,50000,50000,0,shelter,2,0
lethal_risky_corridor-sarsa-s8-1a7e39944a2f,8,sarsa,lethal,0.994,0.75,75000,75000,0,shelter,2,0
lethal_risky_corridor-sarsa-s8-1a7e39944a2f,8,sarsa,lethal,0.994,1,100000,100000,0,shelter,2,0
lethal_risky_corridor-sarsa-s8-272487279f0f,8,sarsa,lethal,0.9895,0.25,25000,25000,0,shelter,2,0
lethal_risky_corridor-sarsa-s8-272487279f0f,8,sarsa,lethal,0.9895,0.5,50000,50000,0,shelter,2,0
lethal_risky_corridor-sarsa-s8-272487279f0f,8,sarsa,lethal,0.9895,0.75,75000,75000,0,shelter,2,0
lethal_risky_corridor-sarsa-s8-272487279f0f,8,sarsa,lethal,0.9895,1,100000,100000,0,shelter,2,0
lethal_risky_corridor-sarsa-s8-4fddab8ee425,8,sarsa,lethal,0.992,0.25,25000,25000,0,shelter,2,0
lethal_risky_corridor-sarsa-s8-4fddab8ee425,8,sarsa,lethal,0.992,0.5,50000,50000,0,shelter,2,0
lethal_risky_corridor-sarsa-s8-4fddab8ee425,8,sarsa,lethal,0.992,0.75,75000,75000,0,shelter,2,0
lethal_risky_corridor-sarsa-s8-4fddab8ee425,8,sarsa,lethal,0.992,1,100000,100000,0,shelter,2,0
lethal_risky_corridor-sarsa-s8-50575d85a323,8,sarsa,lethal,0.991,0.25,25000,25000,0,shelter,2,0
lethal_risky_corridor-sarsa-s8-50575d85a323,8,sarsa,lethal,0.991,0.5,50000,50000,0,shelter,2,0
lethal_risky_corridor-sarsa-s8-50575d85a323,8,sarsa,lethal,0.991,0.75,75000,75000,0,shelter,2,0
lethal_risky_corridor-sarsa-s8-50575d85a323,8,sarsa,lethal,0.991,1,100000,100000,0,shelter,2,0
lethal_risky_corridor-sarsa-s8-58bc2d1aa681,8,sarsa,lethal,0.984,0.25,25000,25000,0,shelter,2,0
lethal_risky_corridor-sarsa-s8-58bc2d1aa681,8,sarsa,lethal,0.984,0.5,50000,50000,0,shelter,2,0
lethal_risky_corridor-sarsa-s8-58bc2d1aa681,8,sarsa,lethal,0.984,0.75,75000,75000,0,shelter,2,0
lethal_risky_corridor-sarsa-s8-58bc2d1aa681,8,sarsa,lethal,0.984,1,100000,100000,0,shelter,2,0
lethal_risky_corridor-sarsa-s8-84a65a6bcb9f,8,sarsa,lethal,0.97,0.25,25000,25000,0,shelter,2,0
lethal_risky_corridor-sarsa-s8-84a65a6bcb9f,8,sarsa,lethal,0.97,0.5,50000,50000,0,shelter,2,0
lethal_risky_corridor-sarsa-s8-84a65a6bcb9f,8,sarsa,lethal,0.97,0.75,75000,75000,0,shelter,2,0
lethal_risky_corridor-sarsa-s8-84a65a6bcb9f,8,sarsa,lethal,0.97,1,100000,100000,0,shelter,2,0
lethal_risky_corridor-sarsa-s8-9edb9576cb5a,8,sarsa,lethal,0.998,0.25,25000,25000,0,shelter,2,0
lethal_risky_corridor-sarsa-s8-9edb9576cb5a,8,sarsa,lethal,0.998,0.5,50000,50000,0,shelter,2,0
lethal_risky_corridor-sarsa-s8-9edb9576cb5a,8,sarsa,lethal,0.998,0.75,75000,75000,0,shelter,2,0
lethal_risky_corridor-sarsa-s8-9edb9576cb5a,8,sarsa,lethal,0.998,1,100000,100000,0,shelter,2,0
lethal_risky_corridor-sarsa-s8-bf4208020477,8,sarsa,lethal,0.98,0.25,25000,25000,0,shelter,2,0
lethal_risky_corridor-sarsa-s8-bf4208020477,8,sarsa,lethal,0.98,0.5,50000,50000,0,shelter,2,0
lethal_risky_corridor-sarsa-s8-bf4208020477,8,sarsa,lethal,0.98,0.75,75000,75000,0,shelter,2,0
lethal_risky_corridor-sarsa-s8-bf4208020477,8,sarsa,lethal,0.98,1,100000,100000,0,shelter,2,0
lethal_risky_corridor-sarsa-s8-cbd7e76fa458,8,sarsa,lethal,0.99,0.25,25000,25000,0,shelter,2,0
lethal_risky_corridor-sarsa-s8-cbd7e76fa458,8,sarsa,lethal,0.99,0.5,50000,50000,0,shelter,2,0
lethal_risky_corridor-sarsa-s8-cbd7e76fa458,8,sarsa,lethal,0.99,0.75,75000,75000,0,shelter,2,0
lethal_risky_corridor-sarsa-s8-cbd7e76fa458,8,sarsa,lethal,0.99,1,100000,100000,0,shelter,2,0
lethal_risky_corridor-sarsa-s8-e8334543bec8,8,sarsa,lethal,1,0.25,25000,25000,0,shelter,2,0
lethal_risky_corridor-sarsa-s8-e8334543bec8,8,sarsa,lethal,1,0.5,50000,50000,0,shelter,2,0
lethal_risky_corridor-sarsa-s8-e8334543bec8,8,sarsa,lethal,1,0.75,75000,75000,0,shelter,2,0
lethal_risky_corridor-sarsa-s8-e8334543bec8,8,sarsa,lethal,1,1,100000,100000,0,shelter,2,0
lethal_risky_corridor-sarsa-s8-ee25a94274f8,8,sarsa,lethal,0.986,0.25,25000,25000,0,shelter,2,0
lethal_risky_corridor-sarsa-s8-ee25a94274f8,8,sarsa,lethal,0.986,0.5,50000,50000,0,shelter,2,0
lethal_risky_corridor-sarsa-s8-ee25a94274f8,8,sarsa,lethal,0.986,0.75,75000,75000,0,shelter,2,0
lethal_risky_corridor-sarsa-s8-ee25a94274f8,8,sarsa,lethal,0.986,1,100000,100000,0,shelter,2,0
lethal_risky_corridor-sarsa-s8-eee0c404774c,8,sarsa,lethal,0.989,0.25,25000,25000,0,shelter,2,0
lethal_risky_corridor-sarsa-s8-eee0c404774c,8,sarsa,lethal,0.989,0.5,50000,50000,0,shelter,2,0
lethal_risky_corridor-sarsa-s8-eee0c404774c,8,sarsa,lethal,0.989,0.75,75000,75000,0,shelter,2,0
lethal_risky_corridor-sarsa-s8-eee0c404774c,8,sarsa,lethal,0.989,1,100000,100000,0,shelter,2,0
lethal_risky_corridor-sarsa-s8-f32083370a68,8,sarsa,lethal,0.996,0.25,25000,25000,0,shelter,2,0
lethal_risky_corridor-sarsa-s8-f32083370a68,8,sarsa,lethal,0.996,0.5,50000,50000,0,shelter,2,0
lethal_risky_corridor-sarsa-s8-f32083370a68,8,sarsa,lethal,0.996,0.75,75000,75000,0,shelter,2,0
lethal_risky_corridor-sarsa-s8-f32083370a68,8,sarsa,lethal,0.996,1,100000,100000,0,shelter,2,0
lethal_risky_corridor-sarsa-s9-2bce528b9530,9,sarsa,lethal,0.991,0.25,25000,25000,0,shelter,2,0
lethal_risky_corridor-sarsa-s9-2bce528b9530,9,sarsa,lethal,0.991,0.5,50000,50000,0,shelter,2,0
lethal_risky_corridor-sarsa-s9-2bce528b9530,9,sarsa,lethal,0.991,0.75,75000,75000,0,shelter,2,0
lethal_risky_corridor-sarsa-s9-2bce528b9530,9,sarsa,lethal,0.991,1,100000,100000,0,shelter,2,0
lethal_risky_corridor-sarsa-s9-32b14160a1df,9,sarsa,lethal,1,0.25,25000,25000,0,shelter,2,0
lethal_risky_corridor-sarsa-s9-32b14160a1df,9,sarsa,lethal,1,0.5,50000,50000,0,shelter,2,0
lethal_risky_corridor-sarsa-s9-32b14160a1df,9,sarsa,lethal,1,0.75,75000,75000,0,shelter,2,0
lethal_risky_corridor-sarsa-s9-32b14160a1df,9,sarsa,lethal,1,1,100000,100000,0,shelter,2,0
lethal_risky_corridor-sarsa-s9-363e724eabd1,9,sarsa,lethal,0.9895,0.25,25000,25000,0,shelter,2,0
lethal_risky_corridor-sarsa-s9-363e724eabd1,9,sarsa,lethal,0.9895,0.5,50000,50000,0,shelter,2,0
lethal_risky_corridor-sarsa-s9-363e724eabd1,9,sarsa,lethal,0.9895,0.75,75000,75000,0,shelter,2,0
lethal_risky_corridor-sarsa-s9-363e724eabd1,9,sarsa,lethal,0.9895,1,100000,100000,0,shelter,2,0
lethal_risky_corridor-sarsa-s9-3c28ddca4bc1,9,sarsa,lethal,0.984,0.25,25000,25000,0,shelter,2,0
lethal_risky_corridor-sarsa-s9-3c28ddca4bc1,9,sarsa,lethal,0.984,0.5,50000,50000,0,shelter,2,0
lethal_risky_corridor-sarsa-s9-3c28ddca4bc1,9,sarsa,lethal,0.984,0.75,75000,75000,0,shelter,2,0
lethal_risky_corridor-sarsa-s9-3c28ddca4bc1,9,sarsa,lethal,0.984,1,100000,100000,0,shelter,2,0
lethal_risky_corridor-sarsa-s9-4d3db877894d,9,sarsa,lethal,0.99,0.25,25000,25000,0,shelter,2,0
lethal_risky_corridor-sarsa-s9-4d3db877894d,9,sarsa,lethal,0.99,0.5,50000,50000,0,shelter,2,0
lethal_risky_corridor-sarsa-s9-4d3db877894d,9,sarsa,lethal,0.99,0.75,75000,75000,0,shelter,2,0
lethal_risky_corridor-sarsa-s9-4d3db877894d,9,sarsa,lethal,0.99,1,100000,100000,0,shelter,2,0
lethal_risky_corridor-sarsa-s9-4ecdc3866a73,9,sarsa,lethal,0.996,0.25,25000,25000,0,shelter,2,0
lethal_risky_corridor-sarsa-s9-4ecdc3866a73,9,sarsa,lethal,0.996,0.5,50000,50000,0,shelter,2,0
lethal_risky_corridor-sarsa-s9-4ecdc3866a73,9,sarsa,lethal,0.996,0.75,75000,75000,0,shelter,2,0
lethal_risky_corridor-sarsa-s9-4ecdc3866a73,9,sarsa,lethal,0.996,1,100000,100000,0,shelter,2,0
lethal_risky_corridor-sarsa-s9-5af1aba70098,9,sarsa,lethal,0.98,0.25,25000,25000,0,shelter,2,0
lethal_risky_corridor-sarsa-s9-5af1aba70098,9,sarsa,lethal,0.98,0.5,50000,50000,0,shelter,2,0
lethal_risky_corridor-sarsa-s9-5af1aba70098,9,sarsa,lethal,0.98,0.75,75000,75000,0,shelter,2,0
lethal_risky_corridor-sarsa-s9-5af1aba70098,9,sarsa,lethal,0.98,1,100000,100000,0,shelter,2,0
lethal_risky_corridor-sarsa-s9-5f585101ad34,9,sarsa,lethal,0.994,0.25,25000,25000,0,shelter,2,0
lethal_risky_corridor-sarsa-s9-5f585101ad34,9,sarsa,lethal,0.994,0.5,50000,50000,0,shelter,2,0
lethal_risky_corridor-sarsa-s9-5f585101ad34,9,sarsa,lethal,0.994,0.75,75000,75000,0,shelter,2,0
lethal_risky_corridor-sarsa-s9-5f585101ad34,9,sarsa,lethal,0.994,1,100000,100000,0,shelter,2,0
lethal_risky_corridor-sarsa-s9-61f996f1c7c9,9,sarsa,lethal,0.97,0.25,25000,25000,0,shelter,2,0
lethal_risky_corridor-sarsa-s9-61f996f1c7c9,9,sarsa,lethal,0.97,0.5,50000,50000,0,shelter,2,0
lethal_risky_corridor-sarsa-s9-61f996f1c7c9,9,sarsa,lethal,0.97,0.75,75000,75000,0,shelter,2,0
lethal_risky_corridor-sarsa-s9-61f996f1c7c9,9,sarsa,lethal,0.97,1,100000,100000,0,shelter,2,0
lethal_risky_corridor-sarsa-s9-88cd3cefed5e,9,sarsa,lethal,0.989,0.25,25000,25000,0,shelter,2,0
lethal_risky_corridor-sarsa-s9-88cd3cefed5e,9,sarsa,lethal,0.989,0.5,50000,50000,0,shelter,2,0
lethal_risky_corridor-sarsa-s9-88cd3cefed5e,9,sarsa,lethal,0.989,0.75,75000,75000,0,shelter,2,0
lethal_risky_corridor-sarsa-s9-88cd3cefed5e,9,sarsa,lethal,0.989,1,100000,100000,0,shelter,2,0
lethal_risky_corridor-sarsa-s9-890ba52b6c7d,9,sarsa,lethal,0.986,0.25,25000,25000,0,shelter,2,0
lethal_risky_corridor-sarsa-s9-890ba52b6c7d,9,sarsa,lethal,0.986,0.5,50000,50000,0,shelter,2,0
lethal_risky_corridor-sarsa-s9-890ba52b6c7d,9,sarsa,lethal,0.986,0.75,75000,75000,0,shelter,2,0
lethal_risky_corridor-sarsa-s9-890ba52b6c7d,9,sarsa,lethal,0.986,1,100000,100000,0,shelter,2,0
lethal_risky_corridor-sarsa-s9-918ce6e38903,9,sarsa,lethal,0.988,0.25,25000,25000,0,shelter,2,0
lethal_risky_corridor-sarsa-s9-918ce6e38903,9,sarsa,lethal,0.988,0.5,50000,50000,0,shelter,2,0
lethal_risky_corridor-sarsa-s9-918ce6e38903,9,sarsa,lethal,0.988,0.75,75000,75000,0,shelter,2,0
lethal_risky_corridor-sarsa-s9-918ce6e38903,9,sarsa,lethal,0.988,1,100000,100000,0,shelter,2,0
lethal_risky_corridor-sarsa-s9-94193affa8cc,9,sarsa,lethal,0.998,0.25,25000,25000,0,shelter,2,0
lethal_risky_corridor-sarsa-s9-94193affa8cc,9,sarsa,lethal,0.998,0.5,50000,50000,0,shelter,2,0
lethal_risky_corridor-sarsa-s9-94193affa8cc,9,sarsa,lethal,0.998,0.75,75000,75000,0,shelter,2,0
lethal_risky_corridor-sarsa-s9-94193affa8cc,9,sarsa,lethal,0.998,1,100000,100000,0,shelter,2,0
lethal_risky_corridor-sarsa-s9-a7ffe5f46b93,9,sarsa,lethal,0.992,0.25,25000,25000,0,shelter,2,0
lethal_risky_corridor-sarsa-s9-a7ffe5f46b93,9,sarsa,lethal,0.992,0.5,50000,50000,0,shelter,2,0
lethal_risky_corridor-sarsa-s9-a7ffe5f46b93,9,sarsa,lethal,0.992,0.75,75000,75000,0,shelter,2,0
lethal_risky_corridor-sarsa-s9-a7ffe5f46b93,9,sarsa,lethal,0.992,1,100000,100000,0,shelter,2,0
