trial_id,seed,agent,hazard_mode,reliability,global_step,choice,greedy_action,corridor_selected,unresolved,start_action_gap,target_epsilon,target_oracle_gap,absolute_gap_error,exact_deployment_regret
recoverable_risky_corridor-expected_sarsa-s0-01e183b86b23,0,expected_sarsa,recoverable,0.84,100000,shelter,2,0,False,-0.0484293737465,0.1,-0.025266788294,0.0231625854525,0.127348210503
recoverable_risky_corridor-expected_sarsa-s0-067dc89f79f5,0,expected_sarsa,recoverable,0.835,100000,shelter,2,0,False,-0.0551910309405,0.1,-0.0412706073757,0.0139204235648,0.116995786155
recoverable_risky_corridor-expected_sarsa-s0-0fbce346af4c,0,expected_sarsa,recoverable,1,100000,corridor,1,1,False,0.330254619508,0.1,0.395318579314,0.0650639598057,1.7763568394e-15
recoverable_risky_corridor-expected_sarsa-s0-12be793723c1,0,expected_sarsa,recoverable,0.82,100000,shelter,2,0,False,-0.0776582192693,0.1,-0.0880753974699,0.0104171782006,0.0594715158555
recoverable_risky_corridor-expected_sarsa-s0-1a26f4508dd7,0,expected_sarsa,recoverable,0.7,100000,shelter,2,0,False,-0.208382481011,0.1,-0.284213191927,0.0758307109163,0.00824245216168
recoverable_risky_corridor-expected_sarsa-s0-1f722b89ddfd,0,expected_sarsa,recoverable,0.81,100000,shelter,2,0,False,-0.0741413329549,0.1,-0.118235099096,0.0440937661414,0.0520474079085
recoverable_risky_corridor-expected_sarsa-s0-241fdb704c21,0,expected_sarsa,recoverable,0.6,100000,shelter,2,0,False,-0.181851722642,0.1,-0.264526832747,0.0826751101049,0.00333431443463
recoverable_risky_corridor-expected_sarsa-s0-3858e5a5f44c,0,expected_sarsa,recoverable,0.855,100000,shelter,2,0,False,-0.0413259657601,0.1,0.0238588234957,0.0651847892558,0.198206438711
recoverable_risky_corridor-expected_sarsa-s0-3b68f71cb072,0,expected_sarsa,recoverable,0.86,100000,corridor,1,1,False,0.047992742615,0.1,0.0406089760621,0.00738376655295,0.0130401533003
recoverable_risky_corridor-expected_sarsa-s0-4379856877f5,0,expected_sarsa,recoverable,0.78,100000,shelter,2,0,False,-0.057355861469,0.1,-0.196011253092,0.138655391623,0.0088418093465
recoverable_risky_corridor-expected_sarsa-s0-4ad10ee12367,0,expected_sarsa,recoverable,0.845,100000,shelter,2,0,False,-0.0251546768927,0.1,-0.00906807797656,0.0160865989161,0.142023232108
recoverable_risky_corridor-expected_sarsa-s0-8429b4b363fd,0,expected_sarsa,recoverable,0.825,100000,shelter,2,0,False,-0.0351473444801,0.1,-0.0726786798347,0.0375313353546,0.0760677008947
recoverable_risky_corridor-expected_sarsa-s0-9d471ab34df9,0,expected_sarsa,recoverable,0.79,100000,shelter,2,0,False,-0.040481690801,0.1,-0.171922745115,0.131441054314,0.0406715703388
recoverable_risky_corridor-expected_sarsa-s0-9fd2fab535ee,0,expected_sarsa,recoverable,0.85,100000,corridor,1,1,False,0.0720593634779,0.1,0.00729888184311,0.0647604816348,0.0370865956836
recoverable_risky_corridor-expected_sarsa-s0-a025880180f4,0,expected_sarsa,recoverable,0.8,100000,shelter,2,0,False,-0.101366231129,0.1,-0.146798251667,0.0454320205377,0.00140195985613
recoverable_risky_corridor-expected_sarsa-s0-e2c83302ba54,0,expected_sarsa,recoverable,0.805,100000,shelter,2,0,False,-0.0692912226257,0.1,-0.132990346924,0.0636991242987,0.0193969495791
recoverable_risky_corridor-expected_sarsa-s0-ee4825fbb619,0,expected_sarsa,recoverable,0.88,100000,corridor,1,1,False,0.115276039841,0.1,0.109429583006,0.00584645683411,0
recoverable_risky_corridor-expected_sarsa-s0-f87bb167fd6f,0,expected_sarsa,recoverable,0.9,100000,corridor,1,1,False,0.0738648388021,0.1,0.180979631109,0.107114792307,0.000345434919606
recoverable_risky_corridor-expected_sarsa-s1-0adcaff12266,1,expected_sarsa,recoverable,0.86,100000,corridor,1,1,False,0.100787119627,0.1,0.0406089760621,0.0601781435652,0.0142522666162
recoverable_risky_corridor-expected_sarsa-s1-0be786c34f00,1,expected_sarsa,recoverable,0.835,100000,shelter,2,0,False,-0.0233332196552,0.1,-0.0412706073757,0.0179373877206,0.116044207997
recoverable_risky_corridor-expected_sarsa-s1-15dc31fe3977,1,expected_sarsa,recoverable,0.825,100000,shelter,2,0,False,-0.0394095118385,0.1,-0.0726786798347,0.0332691679962,0.0760677008947
recoverable_risky_corridor-expected_sarsa-s1-1fa87ce5c9b4,1,expected_sarsa,recoverable,0.84,100000,shelter,2,0,False,-0.0303641032206,0.1,-0.025266788294,0.00509731492663,0.136877979726
recoverable_risky_corridor-expected_sarsa-s1-53a7564d10ff,1,expected_sarsa,recoverable,0.855,100000,corridor,1,1,False,0.0630531232674,0.1,0.0238588234957,0.0391942997717,0
recoverable_risky_corridor-expected_sarsa-s1-6b66591a7ff1,1,expected_sarsa,recoverable,0.9,100000,corridor,1,1,False,0.138313400049,0.1,0.180979631109,0.0426662310593,0.000345434919606
recoverable_risky_corridor-expected_sarsa-s1-6decaf0f5add,1,expected_sarsa,recoverable,0.7,100000,shelter,2,0,False,-0.222850169558,0.1,-0.284213191927,0.0613630223686,0.0115892614488
recoverable_risky_corridor-expected_sarsa-s1-7ce9937e85f3,1,expected_sarsa,recoverable,1,100000,corridor,1,1,False,0.333315826097,0.1,0.395318579314,0.0620027532168,1.7763568394e-15
recoverable_risky_corridor-expected_sarsa-s1-889f8934bce3,1,expected_sarsa,recoverable,0.79,100000,shelter,2,0,False,-0.0942135508738,0.1,-0.171922745115,0.0777091942415,0.00428555859707
recoverable_risky_corridor-expected_sarsa-s1-901337f14800,1,expected_sarsa,recoverable,0.88,100000,corridor,1,1,False,0.116597178633,0.1,0.109429583006,0.00716759562652,0.0135504560955
recoverable_risky_corridor-expected_sarsa-s1-b169117bd391,1,expected_sarsa,recoverable,0.85,100000,corridor,1,1,False,0.0929234941923,0.1,0.00729888184311,0.0856246123492,0.150740658901
recoverable_risky_corridor-expected_sarsa-s1-b183f37472c4,1,expected_sarsa,recoverable,0.845,100000,shelter,2,0,False,-0.0292240499193,0.1,-0.00906807797656,0.0201559719427,0.165480253593
recoverable_risky_corridor-expected_sarsa-s1-b45fbd851b9d,1,expected_sarsa,recoverable,0.8,100000,shelter,2,0,False,-0.0670714791557,0.1,-0.146798251667,0.0797267725114,0.0169710613424
recoverable_risky_corridor-expected_sarsa-s1-c3e5168b6c54,1,expected_sarsa,recoverable,0.78,100000,shelter,2,0,False,-0.14354839152,0.1,-0.196011253092,0.0524628615719,0.00388731762963
recoverable_risky_corridor-expected_sarsa-s1-c402c0afb210,1,expected_sarsa,recoverable,0.81,100000,shelter,2,0,False,-0.0596594692277,0.1,-0.118235099096,0.0585756298685,0.0165457539536
recoverable_risky_corridor-expected_sarsa-s1-ceaa5d22b743,1,expected_sarsa,recoverable,0.805,100000,shelter,2,0,False,-0.0435168187994,0.1,-0.132990346924,0.089473528125,0.000844716924704
recoverable_risky_corridor-expected_sarsa-s1-dd55933e1d43,1,expected_sarsa,recoverable,0.6,100000,shelter,2,0,False,-0.255800561599,0.1,-0.264526832747,0.00872627114812,0.0125673931962
recoverable_risky_corridor-expected_sarsa-s1-ff7e7ba2d98e,1,expected_sarsa,recoverable,0.82,100000,shelter,2,0,False,-0.08100784482,0.1,-0.0880753974699,0.00706755264986,0.0568848258158
recoverable_risky_corridor-expected_sarsa-s10-0408482e7451,10,expected_sarsa,recoverable,0.79,100000,shelter,2,0,False,-0.0428951746634,0.1,-0.171922745115,0.129027570452,0.00428853617885
recoverable_risky_corridor-expected_sarsa-s10-11ac2cd3f90a,10,expected_sarsa,recoverable,1,100000,corridor,1,1,False,0.327137630979,0.1,0.395318579314,0.0681809483354,1.7763568394e-15
recoverable_risky_corridor-expected_sarsa-s10-17e2e827e47f,10,expected_sarsa,recoverable,0.85,100000,shelter,2,0,False,-0.0266643927404,0.1,0.00729888184311,0.0339632745835,0.176503174127
recoverable_risky_corridor-expected_sarsa-s10-353a7e627767,10,expected_sarsa,recoverable,0.845,100000,shelter,2,0,False,-0.00873935696925,0.1,-0.00906807797656,0.000328721007315,0.161493859446
recoverable_risky_corridor-expected_sarsa-s10-3aa16c92b36b,10,expected_sarsa,recoverable,0.81,100000,shelter,2,0,False,-0.0105786483136,0.1,-0.118235099096,0.107656450783,0.019379955124
recoverable_risky_corridor-expected_sarsa-s10-8f7ec3983b56,10,expected_sarsa,recoverable,0.825,100000,shelter,2,0,False,-0.0662986091403,0.1,-0.0726786798347,0.00638007069437,0.0784272764167
recoverable_risky_corridor-expected_sarsa-s10-991c5e1f3e4b,10,expected_sarsa,recoverable,0.805,100000,shelter,2,0,False,-0.0308342296624,0.1,-0.132990346924,0.102156117262,0.00430158075604
recoverable_risky_corridor-expected_sarsa-s10-993cb05504a4,10,expected_sarsa,recoverable,0.8,100000,shelter,2,0,False,-0.070817399203,0.1,-0.146798251667,0.0759808524641,0.00140195985613
recoverable_risky_corridor-expected_sarsa-s10-9ae5f813290f,10,expected_sarsa,recoverable,0.855,100000,shelter,2,0,False,-0.046902170057,0.1,0.0238588234957,0.0707609935527,0.195375045307
recoverable_risky_corridor-expected_sarsa-s10-a0b59650c3e1,10,expected_sarsa,recoverable,0.9,100000,corridor,1,1,False,0.100702652472,0.1,0.180979631109,0.0802769786367,0.00057930223572
recoverable_risky_corridor-expected_sarsa-s10-a10222716505,10,expected_sarsa,recoverable,0.6,100000,shelter,2,0,False,-0.345292493493,0.1,-0.264526832747,0.0807656607463,0.027769581278
recoverable_risky_corridor-expected_sarsa-s10-b2a5b94230da,10,expected_sarsa,recoverable,0.78,100000,shelter,2,0,False,-0.0783158483261,0.1,-0.196011253092,0.117695404765,0.0126336354307
recoverable_risky_corridor-expected_sarsa-s10-b95814116d46,10,expected_sarsa,recoverable,0.7,100000,shelter,2,0,False,-0.113366326106,0.1,-0.284213191927,0.170846865821,0.583222450539
recoverable_risky_corridor-expected_sarsa-s10-c94ad2d26191,10,expected_sarsa,recoverable,0.88,100000,corridor,1,1,False,0.0125157987728,0.1,0.109429583006,0.0969137842336,0.0135504560955
recoverable_risky_corridor-expected_sarsa-s10-df6b082966b8,10,expected_sarsa,recoverable,0.82,100000,shelter,2,0,False,-0.0661713836704,0.1,-0.0880753974699,0.0219040137995,0.0568848258158
recoverable_risky_corridor-expected_sarsa-s10-f1c00e7a024e,10,expected_sarsa,recoverable,0.84,100000,shelter,2,0,False,-0.0164497386528,0.1,-0.025266788294,0.00881704964119,0.135957946974
recoverable_risky_corridor-expected_sarsa-s10-f42112e38955,10,expected_sarsa,recoverable,0.86,100000,corridor,1,1,False,0.046153955672,0.1,0.0406089760621,0.00554497960988,0
recoverable_risky_corridor-expected_sarsa-s10-fd590462df2b,10,expected_sarsa,recoverable,0.835,100000,shelter,2,0,False,-0.054243154091,0.1,-0.0412706073757,0.0129725467152,0.10709588564
recoverable_risky_corridor-expected_sarsa-s11-262a051ff107,11,expected_sarsa,recoverable,0.9,100000,corridor,1,1,False,0.0450600332124,0.1,0.180979631109,0.135919597896,0.000345434919606
recoverable_risky_corridor-expected_sarsa-s11-2ebcce49c5c1,11,expected_sarsa,recoverable,0.81,100000,shelter,2,0,False,-0.0304345531493,0.1,-0.118235099096,0.087800545947,0.0157665380215
recoverable_risky_corridor-expected_sarsa-s11-311809940c8f,11,expected_sarsa,recoverable,0.7,100000,shelter,2,0,False,-0.223832012391,0.1,-0.284213191927,0.0603811795357,0.00206568145699
recoverable_risky_corridor-expected_sarsa-s11-4070fad50ac8,11,expected_sarsa,recoverable,0.845,100000,shelter,2,0,False,-0.049582888643,0.1,-0.00906807797656,0.0405148106665,0.156782961533
recoverable_risky_corridor-expected_sarsa-s11-455aecd1f67e,11,expected_sarsa,recoverable,0.85,100000,shelter,2,0,False,-0.0289405231646,0.1,0.00729888184311,0.0362394050077,0.16258398046
recoverable_risky_corridor-expected_sarsa-s11-62a43e8eac18,11,expected_sarsa,recoverable,0.82,100000,shelter,2,0,False,-0.049301973109,0.1,-0.0880753974699,0.0387734243609,0.0568848258158
recoverable_risky_corridor-expected_sarsa-s11-6c3e23ab1aaf,11,expected_sarsa,recoverable,1,100000,corridor,1,1,False,0.335251275333,0.1,0.395318579314,0.0600673039816,1.7763568394e-15
recoverable_risky_corridor-expected_sarsa-s11-7a7d0a0eacf1,11,expected_sarsa,recoverable,0.86,100000,corridor,1,1,False,0.0921382385587,0.1,0.0406089760621,0.0515292624966,0
recoverable_risky_corridor-expected_sarsa-s11-9430e2e17bfc,11,expected_sarsa,recoverable,0.835,100000,corridor,1,1,False,0.0285286435949,0.1,-0.0412706073757,0.0697992509706,0.0283970766325
recoverable_risky_corridor-expected_sarsa-s11-993527dc968b,11,expected_sarsa,recoverable,0.84,100000,corridor,1,1,False,0.099286474838,0.1,-0.025266788294,0.124553263132,0.0220727160458
recoverable_risky_corridor-expected_sarsa-s11-a27e72388a49,11,expected_sarsa,recoverable,0.79,100000,shelter,2,0,False,-0.0947384645208,0.1,-0.171922745115,0.0771842805945,0.00054653684221
recoverable_risky_corridor-expected_sarsa-s11-a49336a26363,11,expected_sarsa,recoverable,0.88,100000,corridor,1,1,False,0.0274779594181,0.1,0.109429583006,0.0819516235883,0
recoverable_risky_corridor-expected_sarsa-s11-ba1df1d19df4,11,expected_sarsa,recoverable,0.6,100000,shelter,2,0,False,-0.224151704588,0.1,-0.264526832747,0.0403751281589,0
recoverable_risky_corridor-expected_sarsa-s11-c35395e3989e,11,expected_sarsa,recoverable,0.805,100000,shelter,2,0,False,-0.0281770261994,0.1,-0.132990346924,0.104813320725,0.00627086754561
recoverable_risky_corridor-expected_sarsa-s11-c51d33b5a240,11,expected_sarsa,recoverable,0.855,100000,corridor,1,1,False,0.0398778894515,0.1,0.0238588234957,0.0160190659558,0.0149845471601
recoverable_risky_corridor-expected_sarsa-s11-f006eae3de77,11,expected_sarsa,recoverable,0.78,100000,shelter,2,0,False,-0.071680621049,0.1,-0.196011253092,0.124330632043,0.000268623192383
recoverable_risky_corridor-expected_sarsa-s11-f425814783fa,11,expected_sarsa,recoverable,0.825,100000,shelter,2,0,False,-0.0452488835775,0.1,-0.0726786798347,0.0274297962572,0.0869672452995
recoverable_risky_corridor-expected_sarsa-s11-fe7f6cd81336,11,expected_sarsa,recoverable,0.8,100000,shelter,2,0,False,-0.0646646467938,0.1,-0.146798251667,0.0821336048732,0.00289529664197
recoverable_risky_corridor-expected_sarsa-s12-04c292522822,12,expected_sarsa,recoverable,0.79,100000,shelter,2,0,False,-0.0627198105252,0.1,-0.171922745115,0.10920293459,0.00428853617885
recoverable_risky_corridor-expected_sarsa-s12-17525641f77b,12,expected_sarsa,recoverable,0.81,100000,shelter,2,0,False,-0.0257514191617,0.1,-0.118235099096,0.0924836799346,0.0211838083295
recoverable_risky_corridor-expected_sarsa-s12-2125937f884f,12,expected_sarsa,recoverable,0.825,100000,shelter,2,0,False,-0.0582569387482,0.1,-0.0726786798347,0.0144217410865,0.0703814408023
recoverable_risky_corridor-expected_sarsa-s12-219197aa1dbb,12,expected_sarsa,recoverable,0.84,100000,shelter,2,0,False,-0.046849333721,0.1,-0.025266788294,0.021582545427,0.142588348097
recoverable_risky_corridor-expected_sarsa-s12-23b8f3f95b04,12,expected_sarsa,recoverable,0.6,100000,shelter,2,0,False,-0.273763733746,0.1,-0.264526832747,0.00923690099937,0.0032448529107
recoverable_risky_corridor-expected_sarsa-s12-2df4f80c4581,12,expected_sarsa,recoverable,0.835,100000,shelter,2,0,False,-0.0310807828263,0.1,-0.0412706073757,0.0101898245495,0.116995786155
recoverable_risky_corridor-expected_sarsa-s12-3f09d42c3611,12,expected_sarsa,recoverable,0.9,100000,corridor,1,1,False,0.11391004479,0.1,0.180979631109,0.067069586319,0.000345434919606
recoverable_risky_corridor-expected_sarsa-s12-4189796d4738,12,expected_sarsa,recoverable,0.8,100000,shelter,2,0,False,-0.0643480018645,0.1,-0.146798251667,0.0824502498026,0.00140195985613
recoverable_risky_corridor-expected_sarsa-s12-4cd504e4d5b3,12,expected_sarsa,recoverable,0.85,100000,corridor,1,1,False,0.109953965769,0.1,0.00729888184311,0.102655083926,0.0254125721726
recoverable_risky_corridor-expected_sarsa-s12-511bf21c08db,12,expected_sarsa,recoverable,0.88,100000,corridor,1,1,False,0.0327652258804,0.1,0.109429583006,0.076664357126,0
recoverable_risky_corridor-expected_sarsa-s12-62aa8fd7b29f,12,expected_sarsa,recoverable,0.78,100000,shelter,2,0,False,-0.0703289301856,0.1,-0.196011253092,0.125682322906,0.00394094513742
recoverable_risky_corridor-expected_sarsa-s12-9340c7a97eb9,12,expected_sarsa,recoverable,1,100000,corridor,1,1,False,0.329416445544,0.1,0.395318579314,0.0659021337696,1.7763568394e-15
recoverable_risky_corridor-expected_sarsa-s12-9cbc67bf9ce5,12,expected_sarsa,recoverable,0.855,100000,shelter,2,0,False,-0.02362971246,0.1,0.0238588234957,0.0474885359557,0.18077409117
recoverable_risky_corridor-expected_sarsa-s12-ad8bbc73b939,12,expected_sarsa,recoverable,0.845,100000,shelter,2,0,False,-0.0718735816815,0.1,-0.00906807797656,0.062805503705,0.155819111491
recoverable_risky_corridor-expected_sarsa-s12-bfef9482d6d0,12,expected_sarsa,recoverable,0.82,100000,shelter,2,0,False,-0.0601333605393,0.1,-0.0880753974699,0.0279420369306,0.0560096386077
recoverable_risky_corridor-expected_sarsa-s12-d730c852965b,12,expected_sarsa,recoverable,0.86,100000,corridor,1,1,False,0.0212808396082,0.1,0.0406089760621,0.0193281364538,0.0242369717933
recoverable_risky_corridor-expected_sarsa-s12-ed42d550ec8c,12,expected_sarsa,recoverable,0.805,100000,shelter,2,0,False,-0.028081801586,0.1,-0.132990346924,0.104908545338,0
recoverable_risky_corridor-expected_sarsa-s12-f0afd26e745a,12,expected_sarsa,recoverable,0.7,100000,shelter,2,0,False,-0.211861537455,0.1,-0.284213191927,0.0723516544715,0.212989071211
recoverable_risky_corridor-expected_sarsa-s13-05612f78d125,13,expected_sarsa,recoverable,0.82,100000,shelter,2,0,False,-0.0734018191641,0.1,-0.0880753974699,0.0146735783059,0.0686852547346
recoverable_risky_corridor-expected_sarsa-s13-078bb3359e14,13,expected_sarsa,recoverable,0.79,100000,shelter,2,0,False,-0.00618518344956,0.1,-0.171922745115,0.165737561666,0.000546626672655
recoverable_risky_corridor-expected_sarsa-s13-4f5cd5752bce,13,expected_sarsa,recoverable,0.835,100000,shelter,2,0,False,-0.034802294139,0.1,-0.0412706073757,0.00646831323677,0.118144942339
recoverable_risky_corridor-expected_sarsa-s13-57284ded5d9b,13,expected_sarsa,recoverable,0.86,100000,corridor,1,1,False,0.0179327819963,0.1,0.0406089760621,0.0226761940658,0.0130401350529
recoverable_risky_corridor-expected_sarsa-s13-6dd7123c4290,13,expected_sarsa,recoverable,0.805,100000,shelter,2,0,False,-0.0962249697316,0.1,-0.132990346924,0.0367653771928,0.00561913055476
recoverable_risky_corridor-expected_sarsa-s13-7e20658427b9,13,expected_sarsa,recoverable,0.88,100000,corridor,1,1,False,0.0756708653772,0.1,0.109429583006,0.0337587176293,0.000588420270753
recoverable_risky_corridor-expected_sarsa-s13-8b53569983ca,13,expected_sarsa,recoverable,1,100000,corridor,1,1,False,0.330689534564,0.1,0.395318579314,0.0646290447506,1.7763568394e-15
recoverable_risky_corridor-expected_sarsa-s13-97074a6c2bd0,13,expected_sarsa,recoverable,0.84,100000,shelter,2,0,False,-0.0605344910223,0.1,-0.025266788294,0.0352677027283,0.128056164843
recoverable_risky_corridor-expected_sarsa-s13-a346e55a5cc2,13,expected_sarsa,recoverable,0.825,100000,shelter,2,0,False,-0.0664890323286,0.1,-0.0726786798347,0.00618964750604,0.0769767889492
recoverable_risky_corridor-expected_sarsa-s13-a512b5d48870,13,expected_sarsa,recoverable,0.85,100000,shelter,2,0,False,-0.0548257934812,0.1,0.00729888184311,0.0621246753243,0.184863754288
recoverable_risky_corridor-expected_sarsa-s13-a7b48fba8197,13,expected_sarsa,recoverable,0.7,100000,shelter,2,0,False,-0.203724597039,0.1,-0.284213191927,0.0804885948873,0.00113470913268
recoverable_risky_corridor-expected_sarsa-s13-a813e823cb3c,13,expected_sarsa,recoverable,0.9,100000,corridor,1,1,False,0.128357889809,0.1,0.180979631109,0.0526217412997,0.00057930223572
recoverable_risky_corridor-expected_sarsa-s13-b0901db3b102,13,expected_sarsa,recoverable,0.8,100000,shelter,2,0,False,-0.0617893644998,0.1,-0.146798251667,0.0850088871673,0.00511759447684
recoverable_risky_corridor-expected_sarsa-s13-b4b7f61f7aa5,13,expected_sarsa,recoverable,0.81,100000,shelter,2,0,False,-0.135908562694,0.1,-0.118235099096,0.0176734635973,0.0353998274173
recoverable_risky_corridor-expected_sarsa-s13-bc53443789fd,13,expected_sarsa,recoverable,0.6,100000,shelter,2,0,False,-0.157962572932,0.1,-0.264526832747,0.106564259815,0.00894541051558
recoverable_risky_corridor-expected_sarsa-s13-e961ef1e1301,13,expected_sarsa,recoverable,0.78,100000,shelter,2,0,False,-0.0674337569881,0.1,-0.196011253092,0.128577496104,0
recoverable_risky_corridor-expected_sarsa-s13-f7c410a0a7de,13,expected_sarsa,recoverable,0.845,100000,corridor,1,1,False,0.0368793902416,0.1,-0.00906807797656,0.0459474682182,0.0579130661575
recoverable_risky_corridor-expected_sarsa-s13-fc7558876d93,13,expected_sarsa,recoverable,0.855,100000,corridor,1,1,False,0.0521417936384,0.1,0.0238588234957,0.0282829701426,0
recoverable_risky_corridor-expected_sarsa-s14-16c170420e9a,14,expected_sarsa,recoverable,0.855,100000,corridor,1,1,False,0.0324621577036,0.1,0.0238588234957,0.00860333420789,0.0303755602514
recoverable_risky_corridor-expected_sarsa-s14-2184f56d6587,14,expected_sarsa,recoverable,0.8,100000,shelter,2,0,False,-0.0632359688135,0.1,-0.146798251667,0.0835622828535,0.0049000543986
recoverable_risky_corridor-expected_sarsa-s14-285aa6cd97a6,14,expected_sarsa,recoverable,0.78,100000,shelter,2,0,False,-0.0765729341753,0.1,-0.196011253092,0.119438318916,0.0100322907528
recoverable_risky_corridor-expected_sarsa-s14-2b239fae7944,14,expected_sarsa,recoverable,0.81,100000,shelter,2,0,False,-0.107800640333,0.1,-0.118235099096,0.0104344587633,0.0197208409811
recoverable_risky_corridor-expected_sarsa-s14-2eb9da56e0fa,14,expected_sarsa,recoverable,0.82,100000,shelter,2,0,False,-0.0281460287906,0.1,-0.0880753974699,0.0599293686793,0.0560097129799
recoverable_risky_corridor-expected_sarsa-s14-45520487f025,14,expected_sarsa,recoverable,0.88,100000,corridor,1,1,False,0.0880860056732,0.1,0.109429583006,0.0213435773332,0
recoverable_risky_corridor-expected_sarsa-s14-7a2f2020bd6e,14,expected_sarsa,recoverable,0.805,100000,shelter,2,0,False,-0.087440381662,0.1,-0.132990346924,0.0455499652624,0.000844716924704
recoverable_risky_corridor-expected_sarsa-s14-7e269a743771,14,expected_sarsa,recoverable,0.84,100000,corridor,1,1,False,0.0585397003088,0.1,-0.025266788294,0.0838064886028,0.0217969698097
recoverable_risky_corridor-expected_sarsa-s14-88aae1cdca05,14,expected_sarsa,recoverable,0.6,100000,shelter,2,0,False,-0.275796384316,0.1,-0.264526832747,0.0112695515693,0.0232322852104
recoverable_risky_corridor-expected_sarsa-s14-97362c073e6e,14,expected_sarsa,recoverable,0.85,100000,shelter,2,0,False,-0.0230830145891,0.1,0.00729888184311,0.0303818964322,0.175625470954
recoverable_risky_corridor-expected_sarsa-s14-99d7d1deff81,14,expected_sarsa,recoverable,0.9,100000,corridor,1,1,False,0.105659672865,0.1,0.180979631109,0.0753199582434,0.000345434919606
recoverable_risky_corridor-expected_sarsa-s14-afebe577997f,14,expected_sarsa,recoverable,0.86,100000,corridor,1,1,False,0.0393916534026,0.1,0.0406089760621,0.00121732265952,0.0399491414701
recoverable_risky_corridor-expected_sarsa-s14-b2f39382f9e4,14,expected_sarsa,recoverable,0.835,100000,shelter,2,0,False,-0.0137782513529,0.1,-0.0412706073757,0.0274923560228,0.116995786155
recoverable_risky_corridor-expected_sarsa-s14-d8d2fa961431,14,expected_sarsa,recoverable,0.7,100000,shelter,2,0,False,-0.173698507499,0.1,-0.284213191927,0.110514684428,0.236494043654
recoverable_risky_corridor-expected_sarsa-s14-db893f99943b,14,expected_sarsa,recoverable,1,100000,corridor,1,1,False,0.328186899573,0.1,0.395318579314,0.0671316797415,1.7763568394e-15
recoverable_risky_corridor-expected_sarsa-s14-e076555d5f66,14,expected_sarsa,recoverable,0.845,100000,corridor,1,1,False,0.0703888390955,0.1,-0.00906807797656,0.0794569170721,0.0255735050357
recoverable_risky_corridor-expected_sarsa-s14-e369a6084ba2,14,expected_sarsa,recoverable,0.79,100000,shelter,2,0,False,-0.10095482239,0.1,-0.171922745115,0.0709679227252,0.00054653684221
recoverable_risky_corridor-expected_sarsa-s14-fb86233ab227,14,expected_sarsa,recoverable,0.825,100000,corridor,1,1,False,0.0268557799504,0.1,-0.0726786798347,0.0995344597851,0.0156953355832
recoverable_risky_corridor-expected_sarsa-s15-04faad0fc3cf,15,expected_sarsa,recoverable,0.855,100000,corridor,1,1,False,0.0388833833802,0.1,0.0238588234957,0.0150245598845,0.0149845471601
recoverable_risky_corridor-expected_sarsa-s15-138f280d3217,15,expected_sarsa,recoverable,0.85,100000,shelter,2,0,False,-0.0165626854709,0.1,0.00729888184311,0.023861567314,0.17821861424
recoverable_risky_corridor-expected_sarsa-s15-174d7d971fec,15,expected_sarsa,recoverable,0.86,100000,corridor,1,1,False,0.0134619422143,0.1,0.0406089760621,0.0271470338478,0
recoverable_risky_corridor-expected_sarsa-s15-1dbd5c5f905a,15,expected_sarsa,recoverable,0.78,100000,shelter,2,0,False,-0.132589884892,0.1,-0.196011253092,0.0634213681994,0.0052938121625
recoverable_risky_corridor-expected_sarsa-s15-2d7f3bc3552f,15,expected_sarsa,recoverable,1,100000,corridor,1,1,False,0.3317413114,0.1,0.395318579314,0.0635772679137,1.7763568394e-15
recoverable_risky_corridor-expected_sarsa-s15-34568bc8c617,15,expected_sarsa,recoverable,0.79,100000,shelter,2,0,False,-0.108115140768,0.1,-0.171922745115,0.0638076043477,0.0174423191322
recoverable_risky_corridor-expected_sarsa-s15-505bc434e694,15,expected_sarsa,recoverable,0.81,100000,shelter,2,0,False,-0.0736562497098,0.1,-0.118235099096,0.0445788493865,0.0336721430537
recoverable_risky_corridor-expected_sarsa-s15-69a1fd486a27,15,expected_sarsa,recoverable,0.845,100000,shelter,2,0,False,-0.0413117977183,0.1,-0.00906807797656,0.0322437197418,0.155819111491
recoverable_risky_corridor-expected_sarsa-s15-7552ff6140d8,15,expected_sarsa,recoverable,0.835,100000,shelter,2,0,False,-0.0892153118038,0.1,-0.0412706073757,0.0479447044281,0.116044282312
recoverable_risky_corridor-expected_sarsa-s15-7b437e492f8f,15,expected_sarsa,recoverable,0.825,100000,shelter,2,0,False,-0.0735710294757,0.1,-0.0726786798347,0.000892349641033,0.0769767889492
recoverable_risky_corridor-expected_sarsa-s15-927d16f8161f,15,expected_sarsa,recoverable,0.82,100000,shelter,2,0,False,-0.0266571731818,0.1,-0.0880753974699,0.0614182242881,0.0593609588742
recoverable_risky_corridor-expected_sarsa-s15-a8a71f253c10,15,expected_sarsa,recoverable,0.805,100000,shelter,2,0,False,-0.0987400659063,0.1,-0.132990346924,0.034250281018,0.00565793663944
recoverable_risky_corridor-expected_sarsa-s15-aa22f94451c7,15,expected_sarsa,recoverable,0.9,100000,corridor,1,1,False,0.134560549007,0.1,0.180979631109,0.0464190821022,0.0135645375509
recoverable_risky_corridor-expected_sarsa-s15-ae707cc45495,15,expected_sarsa,recoverable,0.7,100000,shelter,2,0,False,-0.272723758209,0.1,-0.284213191927,0.0114894337181,0.0129360118854
recoverable_risky_corridor-expected_sarsa-s15-c3aafc60ecff,15,expected_sarsa,recoverable,0.88,100000,shelter,2,0,False,-0.00320964136281,0.1,0.109429583006,0.112639224369,0.273772490645
recoverable_risky_corridor-expected_sarsa-s15-df164e6e7a80,15,expected_sarsa,recoverable,0.8,100000,shelter,2,0,False,-0.0950075164368,0.1,-0.146798251667,0.0517907352303,0.00140195985613
recoverable_risky_corridor-expected_sarsa-s15-e9a4cf24a40c,15,expected_sarsa,recoverable,0.84,100000,shelter,2,0,False,-0.0601624140682,0.1,-0.025266788294,0.0348956257742,0.135958016852
recoverable_risky_corridor-expected_sarsa-s15-eefd5924ecb5,15,expected_sarsa,recoverable,0.6,100000,shelter,2,0,False,-0.237322947548,0.1,-0.264526832747,0.0272038851988,0.0532679663616
recoverable_risky_corridor-expected_sarsa-s16-090506fd0a24,16,expected_sarsa,recoverable,0.86,100000,shelter,2,0,False,-0.0224262494335,0.1,0.0406089760621,0.0630352254956,0.197969234339
recoverable_risky_corridor-expected_sarsa-s16-0d76c3d63a73,16,expected_sarsa,recoverable,0.84,100000,shelter,2,0,False,-0.0356363319649,0.1,-0.025266788294,0.0103695436709,0.135957946974
recoverable_risky_corridor-expected_sarsa-s16-30761b2e6581,16,expected_sarsa,recoverable,0.85,100000,shelter,2,0,False,-0.00191039519996,0.1,0.00729888184311,0.00920927704308,0.175625412791
recoverable_risky_corridor-expected_sarsa-s16-338664bdac09,16,expected_sarsa,recoverable,0.855,100000,shelter,2,0,False,-0.0354185774597,0.1,0.0238588234957,0.0592774009554,0.195375045307
recoverable_risky_corridor-expected_sarsa-s16-44572c112f8d,16,expected_sarsa,recoverable,0.88,100000,corridor,1,1,False,0.0629362691875,0.1,0.109429583006,0.046493313819,0.0257220869718
recoverable_risky_corridor-expected_sarsa-s16-4c36d2390b6d,16,expected_sarsa,recoverable,0.7,100000,shelter,2,0,False,-0.239705086992,0.1,-0.284213191927,0.0445081049343,0.00323137647763
recoverable_risky_corridor-expected_sarsa-s16-4e4f699d82f2,16,expected_sarsa,recoverable,0.835,100000,shelter,2,0,False,-0.0399287901851,0.1,-0.0412706073757,0.00134181719063,0.118638254086
recoverable_risky_corridor-expected_sarsa-s16-68947f25ecf8,16,expected_sarsa,recoverable,0.805,100000,shelter,2,0,False,-0.114328087606,0.1,-0.132990346924,0.0186622593183,0.00504623478421
recoverable_risky_corridor-expected_sarsa-s16-97d6602b8a48,16,expected_sarsa,recoverable,0.845,100000,shelter,2,0,False,-0.0178329754652,0.1,-0.00906807797656,0.00876489748866,0.143993224479
recoverable_risky_corridor-expected_sarsa-s16-9e1eb463d681,16,expected_sarsa,recoverable,0.78,100000,shelter,2,0,False,-0.054324132753,0.1,-0.196011253092,0.141687120339,0.00671473228494
recoverable_risky_corridor-expected_sarsa-s16-b706cb9a48af,16,expected_sarsa,recoverable,0.9,100000,corridor,1,1,False,0.0359646870733,0.1,0.180979631109,0.145014944035,0.00057930223572
recoverable_risky_corridor-expected_sarsa-s16-bde3834f83b0,16,expected_sarsa,recoverable,0.82,100000,shelter,2,0,False,-0.0519414186985,0.1,-0.0880753974699,0.0361339787714,0.0679012369011
recoverable_risky_corridor-expected_sarsa-s16-c01e8a47b841,16,expected_sarsa,recoverable,0.825,100000,shelter,2,0,False,-0.0258073898815,0.1,-0.0726786798347,0.0468712899531,0.0802870685469
recoverable_risky_corridor-expected_sarsa-s16-d3fe21c4d517,16,expected_sarsa,recoverable,0.8,100000,shelter,2,0,False,-0.0612079242949,0.1,-0.146798251667,0.0855903273722,0.000759990519132
recoverable_risky_corridor-expected_sarsa-s16-da2b6d3f3ff0,16,expected_sarsa,recoverable,0.79,100000,shelter,2,0,False,-0.0415326274918,0.1,-0.171922745115,0.130390117624,0.00100506261467
recoverable_risky_corridor-expected_sarsa-s16-eee5643677aa,16,expected_sarsa,recoverable,0.81,100000,shelter,2,0,False,-0.0209012762919,0.1,-0.118235099096,0.0973338228043,0.022132041366
recoverable_risky_corridor-expected_sarsa-s16-f5ee302bfd3d,16,expected_sarsa,recoverable,1,100000,corridor,1,1,False,0.304957607683,0.1,0.395318579314,0.0903609716308,1.7763568394e-15
recoverable_risky_corridor-expected_sarsa-s16-f88c612f4703,16,expected_sarsa,recoverable,0.6,100000,shelter,2,0,False,-0.303160277546,0.1,-0.264526832747,0.0386334447997,0.0650426087184
recoverable_risky_corridor-expected_sarsa-s17-0080841fde21,17,expected_sarsa,recoverable,0.8,100000,shelter,2,0,False,-0.0509092109418,0.1,-0.146798251667,0.0958890407253,0.00594685359193
recoverable_risky_corridor-expected_sarsa-s17-03df2fdb76ca,17,expected_sarsa,recoverable,0.78,100000,shelter,2,0,False,-0.0870495318582,0.1,-0.196011253092,0.108961721233,0.0139559448806
recoverable_risky_corridor-expected_sarsa-s17-1936937eea56,17,expected_sarsa,recoverable,0.85,100000,shelter,2,0,False,-0.0315525645886,0.1,0.00729888184311,0.0388514464317,0.160634721958
recoverable_risky_corridor-expected_sarsa-s17-459622a5c759,17,expected_sarsa,recoverable,0.84,100000,shelter,2,0,False,-0.0458691217422,0.1,-0.025266788294,0.0206023334482,0.136919198787
recoverable_risky_corridor-expected_sarsa-s17-55f50686dabb,17,expected_sarsa,recoverable,0.88,100000,corridor,1,1,False,0.0145770752725,0.1,0.109429583006,0.0948525077339,0.0135504519337
recoverable_risky_corridor-expected_sarsa-s17-5be7124c1385,17,expected_sarsa,recoverable,0.825,100000,corridor,1,1,False,0.0200258370004,0.1,-0.0726786798347,0.0927045168351,0.0376225614402
recoverable_risky_corridor-expected_sarsa-s17-5ec01aad443e,17,expected_sarsa,recoverable,0.7,100000,shelter,2,0,False,-0.147497051232,0.1,-0.284213191927,0.136716140694,0.0123707032566
recoverable_risky_corridor-expected_sarsa-s17-6fcf03ee91b6,17,expected_sarsa,recoverable,1,100000,corridor,1,1,False,0.337564674301,0.1,0.395318579314,0.0577539050133,1.7763568394e-15
recoverable_risky_corridor-expected_sarsa-s17-800d5f9e5b11,17,expected_sarsa,recoverable,0.82,100000,shelter,2,0,False,-0.0288685394474,0.1,-0.0880753974699,0.0592068580225,0.0568848258158
recoverable_risky_corridor-expected_sarsa-s17-8cc2c62cd399,17,expected_sarsa,recoverable,0.6,100000,shelter,2,0,False,-0.19331626,0.1,-0.264526832747,0.0712105727471,0.0032448529107
recoverable_risky_corridor-expected_sarsa-s17-8f3d891a35d1,17,expected_sarsa,recoverable,0.9,100000,corridor,1,1,False,0.0638433414187,0.1,0.180979631109,0.11713628969,0.00508517226931
recoverable_risky_corridor-expected_sarsa-s17-95f4480ae695,17,expected_sarsa,recoverable,0.81,100000,shelter,2,0,False,-0.0621209611553,0.1,-0.118235099096,0.056114137941,0.021743752835
recoverable_risky_corridor-expected_sarsa-s17-ab4bc99a897f,17,expected_sarsa,recoverable,0.79,100000,shelter,2,0,False,-0.0906056733967,0.1,-0.171922745115,0.0813170717187,0.0243260070198
recoverable_risky_corridor-expected_sarsa-s17-c26090b8eb9d,17,expected_sarsa,recoverable,0.845,100000,shelter,2,0,False,-0.0214197401411,0.1,-0.00906807797656,0.0123516621645,0.158304363232
recoverable_risky_corridor-expected_sarsa-s17-d4b82d36fa13,17,expected_sarsa,recoverable,0.805,100000,shelter,2,0,False,-0.0538829506718,0.1,-0.132990346924,0.0791073962526,0.00488619385783
recoverable_risky_corridor-expected_sarsa-s17-e380447c31ae,17,expected_sarsa,recoverable,0.855,100000,corridor,1,1,False,0.129295097072,0.1,0.0238588234957,0.105436273577,0
recoverable_risky_corridor-expected_sarsa-s17-e95f7858e986,17,expected_sarsa,recoverable,0.86,100000,shelter,2,0,False,-0.0372242173984,0.1,0.0406089760621,0.0778331934605,0.21400826645
recoverable_risky_corridor-expected_sarsa-s17-f4562b87b85a,17,expected_sarsa,recoverable,0.835,100000,shelter,2,0,False,-0.0327328260989,0.1,-0.0412706073757,0.00853778127683,0.116044207997
recoverable_risky_corridor-expected_sarsa-s18-0cdfd538a0b8,18,expected_sarsa,recoverable,0.78,100000,shelter,2,0,False,-0.112661212735,0.1,-0.196011253092,0.0833500403569,0.000492183225855
recoverable_risky_corridor-expected_sarsa-s18-0d220f0be54c,18,expected_sarsa,recoverable,0.6,100000,shelter,2,0,False,-0.256411320103,0.1,-0.264526832747,0.00811551264347,0.000230883737872
recoverable_risky_corridor-expected_sarsa-s18-3701900a697d,18,expected_sarsa,recoverable,1,100000,corridor,1,1,False,0.334037552445,0.1,0.395318579314,0.0612810268689,1.7763568394e-15
recoverable_risky_corridor-expected_sarsa-s18-4e8a0f877576,18,expected_sarsa,recoverable,0.835,100000,shelter,2,0,False,-0.00293502838417,0.1,-0.0412706073757,0.0383355789916,0.107096412989
recoverable_risky_corridor-expected_sarsa-s18-577b1beaa67c,18,expected_sarsa,recoverable,0.8,100000,shelter,2,0,False,-0.0902605908588,0.1,-0.146798251667,0.0565376608083,0.00140195985613
recoverable_risky_corridor-expected_sarsa-s18-5da85ac6c645,18,expected_sarsa,recoverable,0.88,100000,corridor,1,1,False,0.0311440113795,0.1,0.109429583006,0.078285571627,0
recoverable_risky_corridor-expected_sarsa-s18-5f8c54570a3c,18,expected_sarsa,recoverable,0.85,100000,shelter,2,0,False,-0.0483311661561,0.1,0.00729888184311,0.0556300479992,0.263186257429
recoverable_risky_corridor-expected_sarsa-s18-6afdf8017f8d,18,expected_sarsa,recoverable,0.9,100000,corridor,1,1,False,0.0738630382158,0.1,0.180979631109,0.107116592893,0.00057930223572
recoverable_risky_corridor-expected_sarsa-s18-78f183c8725a,18,expected_sarsa,recoverable,0.79,100000,shelter,2,0,False,-0.0452664810699,0.1,-0.171922745115,0.126656264045,0.00448624402782
recoverable_risky_corridor-expected_sarsa-s18-79f51cfad74c,18,expected_sarsa,recoverable,0.855,100000,corridor,1,1,False,0.0528929635412,0.1,0.0238588234957,0.0290341400455,0
recoverable_risky_corridor-expected_sarsa-s18-86d39888c09d,18,expected_sarsa,recoverable,0.805,100000,shelter,2,0,False,-0.0715814409517,0.1,-0.132990346924,0.0614089059727,0.000844716924704
recoverable_risky_corridor-expected_sarsa-s18-8e0bff07a0d7,18,expected_sarsa,recoverable,0.81,100000,shelter,2,0,False,-0.0359082129816,0.1,-0.118235099096,0.0823268861147,0.0249596895524
recoverable_risky_corridor-expected_sarsa-s18-a31c7183b54d,18,expected_sarsa,recoverable,0.845,100000,corridor,1,1,False,0.00939005581794,0.1,-0.00906807797656,0.0184581337945,0.00173954763519
recoverable_risky_corridor-expected_sarsa-s18-b0fa59f99b38,18,expected_sarsa,recoverable,0.82,100000,shelter,2,0,False,-0.0696511785342,0.1,-0.0880753974699,0.0184242189357,0.0594715158555
recoverable_risky_corridor-expected_sarsa-s18-be63a6c0ece2,18,expected_sarsa,recoverable,0.7,100000,shelter,2,0,False,-0.19835792555,0.1,-0.284213191927,0.0858552663766,0.00455404689609
recoverable_risky_corridor-expected_sarsa-s18-dd1b959b804b,18,expected_sarsa,recoverable,0.86,100000,shelter,2,0,False,-0.01856531431,0.1,0.0406089760621,0.0591742903721,0.198085554056
recoverable_risky_corridor-expected_sarsa-s18-e53f2d7e50b6,18,expected_sarsa,recoverable,0.84,100000,shelter,2,0,False,-0.0795410088377,0.1,-0.025266788294,0.0542742205437,0.136919198787
recoverable_risky_corridor-expected_sarsa-s18-ee50a5661c57,18,expected_sarsa,recoverable,0.825,100000,shelter,2,0,False,-0.0224612233739,0.1,-0.0726786798347,0.0502174564608,0.0769767889492
recoverable_risky_corridor-expected_sarsa-s19-252c22ddbf5a,19,expected_sarsa,recoverable,0.845,100000,shelter,2,0,False,-0.0444212182705,0.1,-0.00906807797656,0.0353531402939,0.144085961288
recoverable_risky_corridor-expected_sarsa-s19-44896bc0d4b7,19,expected_sarsa,recoverable,0.84,100000,shelter,2,0,False,-0.0326963473394,0.1,-0.025266788294,0.00742955904545,0.139077699254
recoverable_risky_corridor-expected_sarsa-s19-491b73f2a12f,19,expected_sarsa,recoverable,0.835,100000,shelter,2,0,False,-0.0425141982272,0.1,-0.0412706073757,0.00124359085149,0.122713341914
recoverable_risky_corridor-expected_sarsa-s19-4d6746595bc2,19,expected_sarsa,recoverable,0.81,100000,corridor,1,1,False,0.0237860640688,0.1,-0.118235099096,0.142021163165,0.0136604589851
recoverable_risky_corridor-expected_sarsa-s19-564db55b98b9,19,expected_sarsa,recoverable,1,100000,corridor,1,1,False,0.314769915082,0.1,0.395318579314,0.0805486642317,1.7763568394e-15
recoverable_risky_corridor-expected_sarsa-s19-591fec718e9b,19,expected_sarsa,recoverable,0.79,100000,shelter,2,0,False,-0.00637752357718,0.1,-0.171922745115,0.165545221538,0.00054653684221
recoverable_risky_corridor-expected_sarsa-s19-69183f7fc7b5,19,expected_sarsa,recoverable,0.9,100000,corridor,1,1,False,0.0582874898807,0.1,0.180979631109,0.122692141228,0.000345434919606
recoverable_risky_corridor-expected_sarsa-s19-6fd0ce1ffe8f,19,expected_sarsa,recoverable,0.805,100000,shelter,2,0,False,-0.0318792250923,0.1,-0.132990346924,0.101111121832,0.00156077602973
recoverable_risky_corridor-expected_sarsa-s19-7c9aca6b58ef,19,expected_sarsa,recoverable,0.88,100000,corridor,1,1,False,0.0893377569779,0.1,0.109429583006,0.0200918260285,0
recoverable_risky_corridor-expected_sarsa-s19-843d5b1b4c1a,19,expected_sarsa,recoverable,0.825,100000,shelter,2,0,False,-0.0690075787906,0.1,-0.0726786798347,0.00367110104407,0.0795140375023
recoverable_risky_corridor-expected_sarsa-s19-933f0e5a3eb1,19,expected_sarsa,recoverable,0.7,100000,shelter,2,0,False,-0.249408172016,0.1,-0.284213191927,0.0348050199111,0.00077287216662
recoverable_risky_corridor-expected_sarsa-s19-a5cff6819d7a,19,expected_sarsa,recoverable,0.85,100000,corridor,1,1,False,0.0501104921237,0.1,0.00729888184311,0.0428116102806,0
recoverable_risky_corridor-expected_sarsa-s19-abe5ea32cfb9,19,expected_sarsa,recoverable,0.82,100000,shelter,2,0,False,-0.0704458037081,0.1,-0.0880753974699,0.0176295937618,0.0568848258158
recoverable_risky_corridor-expected_sarsa-s19-ae0d468680c8,19,expected_sarsa,recoverable,0.855,100000,corridor,1,1,False,0.0866630328136,0.1,0.0238588234957,0.0628042093179,0.00133044434225
recoverable_risky_corridor-expected_sarsa-s19-c75b9e980e4a,19,expected_sarsa,recoverable,0.78,100000,shelter,2,0,False,-0.0870323917365,0.1,-0.196011253092,0.108978861355,0.0050857135696
recoverable_risky_corridor-expected_sarsa-s19-cb4c6d602af5,19,expected_sarsa,recoverable,0.86,100000,corridor,1,1,False,0.107059383932,0.1,0.0406089760621,0.0664504078697,0.0101339560377
recoverable_risky_corridor-expected_sarsa-s19-cceaaa0c73f4,19,expected_sarsa,recoverable,0.8,100000,shelter,2,0,False,-0.0677267393231,0.1,-0.146798251667,0.079071512344,0.00565084857107
recoverable_risky_corridor-expected_sarsa-s19-ec3362d9e5f8,19,expected_sarsa,recoverable,0.6,100000,shelter,2,0,False,-0.255844925238,0.1,-0.264526832747,0.00868190750906,0.0107688196292
recoverable_risky_corridor-expected_sarsa-s2-01c830df38f4,2,expected_sarsa,recoverable,0.78,100000,shelter,2,0,False,-0.100479699998,0.1,-0.196011253092,0.095531553094,0.0443950932811
recoverable_risky_corridor-expected_sarsa-s2-35210f116553,2,expected_sarsa,recoverable,0.805,100000,shelter,2,0,False,-0.0773193760845,0.1,-0.132990346924,0.0556709708398,0.000844683275418
recoverable_risky_corridor-expected_sarsa-s2-3690bfaee99c,2,expected_sarsa,recoverable,0.9,100000,corridor,1,1,False,0.207348347526,0.1,0.180979631109,0.0263687164168,0.000345434919606
recoverable_risky_corridor-expected_sarsa-s2-375567eca31a,2,expected_sarsa,recoverable,0.7,100000,shelter,2,0,False,-0.172540951086,0.1,-0.284213191927,0.111672240841,0.0613460967362
recoverable_risky_corridor-expected_sarsa-s2-4073a0759eba,2,expected_sarsa,recoverable,0.8,100000,shelter,2,0,False,-0.0877723485833,0.1,-0.146798251667,0.0590259030838,0.000759990519132
recoverable_risky_corridor-expected_sarsa-s2-4be5813dc38f,2,expected_sarsa,recoverable,0.82,100000,shelter,2,0,False,-0.0698195903835,0.1,-0.0880753974699,0.0182558070864,0.0601257074934
recoverable_risky_corridor-expected_sarsa-s2-50486ae265ac,2,expected_sarsa,recoverable,0.6,100000,shelter,2,0,False,-0.231335626669,0.1,-0.264526832747,0.0331912060781,0.00746692325579
recoverable_risky_corridor-expected_sarsa-s2-54be0055add5,2,expected_sarsa,recoverable,0.81,100000,shelter,2,0,False,-0.0640494932948,0.1,-0.118235099096,0.0541856058014,0.0157664841073
recoverable_risky_corridor-expected_sarsa-s2-7826c0e31bd4,2,expected_sarsa,recoverable,0.86,100000,corridor,1,1,False,0.00459212818051,0.1,0.0406089760621,0.0360168478816,0
recoverable_risky_corridor-expected_sarsa-s2-8a192e0eef33,2,expected_sarsa,recoverable,1,100000,corridor,1,1,False,0.340497724626,0.1,0.395318579314,0.0548208546878,1.7763568394e-15
recoverable_risky_corridor-expected_sarsa-s2-9950a6dfb843,2,expected_sarsa,recoverable,0.855,100000,shelter,2,0,False,-0.0127865482726,0.1,0.0238588234957,0.0366453717683,0.181242837083
recoverable_risky_corridor-expected_sarsa-s2-9a85376c331d,2,expected_sarsa,recoverable,0.84,100000,corridor,1,1,False,0.0769925727115,0.1,-0.025266788294,0.102259361006,0.0220734561117
recoverable_risky_corridor-expected_sarsa-s2-a3075aeb7b7b,2,expected_sarsa,recoverable,0.88,100000,corridor,1,1,False,0.178339973852,0.1,0.109429583006,0.0689103908454,0.000588420270753
recoverable_risky_corridor-expected_sarsa-s2-a4654b34e820,2,expected_sarsa,recoverable,0.85,100000,corridor,1,1,False,0.00833456472552,0.1,0.00729888184311,0.00103568288241,0.0139097381918
recoverable_risky_corridor-expected_sarsa-s2-e14ed69e25d8,2,expected_sarsa,recoverable,0.845,100000,shelter,2,0,False,-0.0383079870802,0.1,-0.00906807797656,0.0292399091036,0.155819111491
recoverable_risky_corridor-expected_sarsa-s2-e5c77951254f,2,expected_sarsa,recoverable,0.825,100000,shelter,2,0,False,-0.0494330562716,0.1,-0.0726786798347,0.0232456235631,0.0760677782675
recoverable_risky_corridor-expected_sarsa-s2-eb0f4a488969,2,expected_sarsa,recoverable,0.79,100000,shelter,2,0,False,-0.0686077373562,0.1,-0.171922745115,0.103315007759,0.00741849075817
recoverable_risky_corridor-expected_sarsa-s2-f3c59ea162cc,2,expected_sarsa,recoverable,0.835,100000,shelter,2,0,False,-0.0624897804919,0.1,-0.0412706073757,0.0212191731162,0.116044207997
recoverable_risky_corridor-expected_sarsa-s3-372f9ec569d9,3,expected_sarsa,recoverable,0.835,100000,shelter,2,0,False,-0.0448023821388,0.1,-0.0412706073757,0.00353177476301,0.127481207887
recoverable_risky_corridor-expected_sarsa-s3-39bfb49fd68b,3,expected_sarsa,recoverable,0.88,100000,corridor,1,1,False,0.0851050551679,0.1,0.109429583006,0.0243245278386,0.000588420270753
recoverable_risky_corridor-expected_sarsa-s3-3ef3ccf8bfc0,3,expected_sarsa,recoverable,0.86,100000,shelter,2,0,False,-0.0424055122613,0.1,0.0406089760621,0.0830144883234,0.197969234339
recoverable_risky_corridor-expected_sarsa-s3-45f8206d6eba,3,expected_sarsa,recoverable,0.9,100000,corridor,1,1,False,0.134695029353,0.1,0.180979631109,0.0462846017555,0.013564537922
recoverable_risky_corridor-expected_sarsa-s3-52feee4e80a7,3,expected_sarsa,recoverable,0.6,100000,shelter,2,0,False,-0.17911861505,0.1,-0.264526832747,0.0854082176966,0.0008296134644
recoverable_risky_corridor-expected_sarsa-s3-53e394481deb,3,expected_sarsa,recoverable,0.79,100000,shelter,2,0,False,-0.112173342978,0.1,-0.171922745115,0.0597494021372,0.0161899344037
recoverable_risky_corridor-expected_sarsa-s3-5d97fa407114,3,expected_sarsa,recoverable,0.8,100000,shelter,2,0,False,-0.123215386675,0.1,-0.146798251667,0.0235828649919,0.0073270286286
recoverable_risky_corridor-expected_sarsa-s3-709c9180eefe,3,expected_sarsa,recoverable,0.82,100000,shelter,2,0,False,-0.0399601197281,0.1,-0.0880753974699,0.0481152777418,0.0560097129799
recoverable_risky_corridor-expected_sarsa-s3-78b5adc960dd,3,expected_sarsa,recoverable,0.78,100000,shelter,2,0,False,-0.0526546462478,0.1,-0.196011253092,0.143356606844,0.00388731762963
recoverable_risky_corridor-expected_sarsa-s3-7d70601080cd,3,expected_sarsa,recoverable,1,100000,corridor,1,1,False,0.31679303718,0.1,0.395318579314,0.0785255421343,1.7763568394e-15
recoverable_risky_corridor-expected_sarsa-s3-b8ca61604f0b,3,expected_sarsa,recoverable,0.855,100000,shelter,2,0,False,-0.0509120731758,0.1,0.0238588234957,0.0747708966716,0.196180685772
recoverable_risky_corridor-expected_sarsa-s3-bc14b2eb3b03,3,expected_sarsa,recoverable,0.845,100000,shelter,2,0,False,-0.0326275315568,0.1,-0.00906807797656,0.0235594535802,0.16462185193
recoverable_risky_corridor-expected_sarsa-s3-c6ccf1365956,3,expected_sarsa,recoverable,0.7,100000,shelter,2,0,False,-0.256265983033,0.1,-0.284213191927,0.0279472088937,0.0040105020432
recoverable_risky_corridor-expected_sarsa-s3-c7e728cbe00f,3,expected_sarsa,recoverable,0.85,100000,shelter,2,0,False,-0.078876795737,0.1,0.00729888184311,0.0861756775801,0.1769196576
recoverable_risky_corridor-expected_sarsa-s3-e3f3d2f50d54,3,expected_sarsa,recoverable,0.84,100000,shelter,2,0,False,-0.0518571148192,0.1,-0.025266788294,0.0265903265252,0.139987543866
recoverable_risky_corridor-expected_sarsa-s3-ecf347688105,3,expected_sarsa,recoverable,0.805,100000,shelter,2,0,False,-0.00904286432827,0.1,-0.132990346924,0.123947482596,0.000844716924704
recoverable_risky_corridor-expected_sarsa-s3-f7a1ebf1ed9d,3,expected_sarsa,recoverable,0.825,100000,shelter,2,0,False,-0.0197011586095,0.1,-0.0726786798347,0.0529775212252,0.0769767889492
recoverable_risky_corridor-expected_sarsa-s3-f8cbfd5c4242,3,expected_sarsa,recoverable,0.81,100000,shelter,2,0,False,-0.0755071011306,0.1,-0.118235099096,0.0427279979657,0.0148506038219
recoverable_risky_corridor-expected_sarsa-s4-003388ecfbe0,4,expected_sarsa,recoverable,0.88,100000,corridor,1,1,False,0.151223979532,0.1,0.109429583006,0.0417943965259,0.019048680604
recoverable_risky_corridor-expected_sarsa-s4-00af88b2db9d,4,expected_sarsa,recoverable,0.805,100000,shelter,2,0,False,-0.0751998616585,0.1,-0.132990346924,0.0577904852659,0.0129822036114
recoverable_risky_corridor-expected_sarsa-s4-0e6b721d9435,4,expected_sarsa,recoverable,0.7,100000,shelter,2,0,False,-0.232443857479,0.1,-0.284213191927,0.0517693344479,0.00293818850814
recoverable_risky_corridor-expected_sarsa-s4-18e5d3e860d0,4,expected_sarsa,recoverable,0.6,100000,shelter,2,0,False,-0.207752123784,0.1,-0.264526832747,0.0567747089626,0.0444786458389
recoverable_risky_corridor-expected_sarsa-s4-1f0e4ec2c824,4,expected_sarsa,recoverable,0.81,100000,shelter,2,0,False,-0.0373075149051,0.1,-0.118235099096,0.0809275841912,0.0157664841073
recoverable_risky_corridor-expected_sarsa-s4-2f2262cb940c,4,expected_sarsa,recoverable,0.79,100000,shelter,2,0,False,-0.134285325351,0.1,-0.171922745115,0.0376374197642,0.00448624402782
recoverable_risky_corridor-expected_sarsa-s4-33004e1ac226,4,expected_sarsa,recoverable,0.845,100000,shelter,2,0,False,-0.00557258455845,0.1,-0.00906807797656,0.00349549341811,0.155819111491
recoverable_risky_corridor-expected_sarsa-s4-34576a270628,4,expected_sarsa,recoverable,0.855,100000,corridor,1,1,False,0.039793396152,0.1,0.0238588234957,0.0159345726563,0.0540144100128
recoverable_risky_corridor-expected_sarsa-s4-458b32982900,4,expected_sarsa,recoverable,0.9,100000,corridor,1,1,False,0.0863299265237,0.1,0.180979631109,0.0946497045851,0.013564537922
recoverable_risky_corridor-expected_sarsa-s4-6a48f6d4b626,4,expected_sarsa,recoverable,0.835,100000,shelter,2,0,False,-0.0186128111063,0.1,-0.0412706073757,0.0226577962694,0.128975255064
recoverable_risky_corridor-expected_sarsa-s4-874ceff9e509,4,expected_sarsa,recoverable,1,100000,corridor,1,1,False,0.34507479869,0.1,0.395318579314,0.0502437806238,1.7763568394e-15
recoverable_risky_corridor-expected_sarsa-s4-920271daca30,4,expected_sarsa,recoverable,0.82,100000,shelter,2,0,False,-0.02164641182,0.1,-0.0880753974699,0.0664289856499,0.0604662616113
recoverable_risky_corridor-expected_sarsa-s4-b1c325f4892d,4,expected_sarsa,recoverable,0.85,100000,corridor,1,1,False,0.141640038266,0.1,0.00729888184311,0.134341156422,0.012459235712
recoverable_risky_corridor-expected_sarsa-s4-bbc23ded9d69,4,expected_sarsa,recoverable,0.86,100000,corridor,1,1,False,0.113934417872,0.1,0.0406089760621,0.0733254418102,0.0387460262654
recoverable_risky_corridor-expected_sarsa-s4-c34911b3d4d7,4,expected_sarsa,recoverable,0.84,100000,corridor,1,1,False,0.0229400826655,0.1,-0.025266788294,0.0482068709595,0.0217969698097
recoverable_risky_corridor-expected_sarsa-s4-d23cfc7a3a00,4,expected_sarsa,recoverable,0.8,100000,shelter,2,0,False,-0.11020068983,0.1,-0.146798251667,0.0365975618373,0.00140195985613
recoverable_risky_corridor-expected_sarsa-s4-d2ff326d02b8,4,expected_sarsa,recoverable,0.825,100000,shelter,2,0,False,-0.0534899645732,0.1,-0.0726786798347,0.0191887152615,0.0802870685469
recoverable_risky_corridor-expected_sarsa-s4-e35a0a1772b8,4,expected_sarsa,recoverable,0.78,100000,shelter,2,0,False,-0.0717460897737,0.1,-0.196011253092,0.124265163318,0.000492183225855
recoverable_risky_corridor-expected_sarsa-s5-16a8ee1c14d5,5,expected_sarsa,recoverable,0.825,100000,shelter,2,0,False,-0.0732850465113,0.1,-0.0726786798347,0.00060636667664,0.0769661821428
recoverable_risky_corridor-expected_sarsa-s5-1e3b9573d8d9,5,expected_sarsa,recoverable,0.8,100000,shelter,2,0,False,-0.0753091147707,0.1,-0.146798251667,0.0714891368964,0.0007599861263
recoverable_risky_corridor-expected_sarsa-s5-2eba57cc61ca,5,expected_sarsa,recoverable,0.9,100000,corridor,1,1,False,0.153266086683,0.1,0.180979631109,0.0277135444257,0.000345434919606
recoverable_risky_corridor-expected_sarsa-s5-37a1e88c1f29,5,expected_sarsa,recoverable,0.835,100000,shelter,2,0,False,-0.0469884247075,0.1,-0.0412706073757,0.00571781733176,0.12013030102
recoverable_risky_corridor-expected_sarsa-s5-44753b3f7f03,5,expected_sarsa,recoverable,0.88,100000,shelter,2,0,False,-0.00422266550593,0.1,0.109429583006,0.113652248512,0.293152984942
recoverable_risky_corridor-expected_sarsa-s5-46c719a5a707,5,expected_sarsa,recoverable,0.82,100000,shelter,2,0,False,-0.100582127841,0.1,-0.0880753974699,0.0125067303708,0.0581796565683
recoverable_risky_corridor-expected_sarsa-s5-47f4315ca11e,5,expected_sarsa,recoverable,0.7,100000,shelter,2,0,False,-0.200523826578,0.1,-0.284213191927,0.0836893653484,0.0118886782447
recoverable_risky_corridor-expected_sarsa-s5-59592aeb1d40,5,expected_sarsa,recoverable,0.85,100000,shelter,2,0,False,-0.0490708056601,0.1,0.00729888184311,0.0563696875032,0.175625412791
recoverable_risky_corridor-expected_sarsa-s5-79baf3267b4b,5,expected_sarsa,recoverable,0.84,100000,shelter,2,0,False,-0.0687888785211,0.1,-0.025266788294,0.0435220902271,0.135911668745
recoverable_risky_corridor-expected_sarsa-s5-7b2341f84b68,5,expected_sarsa,recoverable,0.805,100000,shelter,2,0,False,-0.041156750346,0.1,-0.132990346924,0.0918335965783,0.00156077602973
recoverable_risky_corridor-expected_sarsa-s5-7ba1875aea8b,5,expected_sarsa,recoverable,0.855,100000,corridor,1,1,False,0.0711390642855,0.1,0.0238588234957,0.0472802407898,0.0268154343172
recoverable_risky_corridor-expected_sarsa-s5-94da93d5cc95,5,expected_sarsa,recoverable,0.79,100000,shelter,2,0,False,-0.0558716403255,0.1,-0.171922745115,0.11605110479,0.00100506261467
recoverable_risky_corridor-expected_sarsa-s5-95aa41921cf3,5,expected_sarsa,recoverable,0.6,100000,shelter,2,0,False,-0.299727625746,0.1,-0.264526832747,0.0352007929994,0.021810362455
recoverable_risky_corridor-expected_sarsa-s5-9698bc5ddaa1,5,expected_sarsa,recoverable,0.845,100000,corridor,1,1,False,0.00880469981619,0.1,-0.00906807797656,0.0178727777928,0.0226415710719
recoverable_risky_corridor-expected_sarsa-s5-a4e3dc66dd8a,5,expected_sarsa,recoverable,1,100000,corridor,1,1,False,0.33279587242,0.1,0.395318579314,0.0625227068936,1.7763568394e-15
recoverable_risky_corridor-expected_sarsa-s5-be5fd5ceb55f,5,expected_sarsa,recoverable,0.78,100000,shelter,2,0,False,-0.00995153808388,0.1,-0.196011253092,0.186059715008,0.00861175063861
recoverable_risky_corridor-expected_sarsa-s5-dee5bebeca01,5,expected_sarsa,recoverable,0.86,100000,corridor,1,1,False,0.0430936256492,0.1,0.0406089760621,0.00248464958716,0
recoverable_risky_corridor-expected_sarsa-s5-e8d643c0a664,5,expected_sarsa,recoverable,0.81,100000,shelter,2,0,False,-0.0557518485311,0.1,-0.118235099096,0.0624832505652,0.0204605452727
recoverable_risky_corridor-expected_sarsa-s6-293d680ed731,6,expected_sarsa,recoverable,0.6,100000,shelter,2,0,False,-0.172175674274,0.1,-0.264526832747,0.0923511584726,0.286492281038
recoverable_risky_corridor-expected_sarsa-s6-4118507c6968,6,expected_sarsa,recoverable,0.7,100000,shelter,2,0,False,-0.313256081018,0.1,-0.284213191927,0.0290428890913,0.0138924104192
recoverable_risky_corridor-expected_sarsa-s6-414393932a93,6,expected_sarsa,recoverable,0.78,100000,shelter,2,0,False,-0.108551799923,0.1,-0.196011253092,0.0874594531687,0.000492183225855
recoverable_risky_corridor-expected_sarsa-s6-4f9becba3500,6,expected_sarsa,recoverable,0.82,100000,shelter,2,0,False,-0.0535343011724,0.1,-0.0880753974699,0.0345410962975,0.0669614161741
recoverable_risky_corridor-expected_sarsa-s6-5369b4ed1f64,6,expected_sarsa,recoverable,0.825,100000,shelter,2,0,False,-0.0697742843853,0.1,-0.0726786798347,0.00290439544933,0.0760677008947
recoverable_risky_corridor-expected_sarsa-s6-53f5c574504c,6,expected_sarsa,recoverable,0.835,100000,shelter,2,0,False,-0.0587259679716,0.1,-0.0412706073757,0.0174553605958,0.114946418727
recoverable_risky_corridor-expected_sarsa-s6-63d8e44c321d,6,expected_sarsa,recoverable,0.855,100000,corridor,1,1,False,0.0137995238832,0.1,0.0238588234957,0.0100592996126,0.0149845471601
recoverable_risky_corridor-expected_sarsa-s6-65e2b695613b,6,expected_sarsa,recoverable,0.8,100000,shelter,2,0,False,-0.0243357055077,0.1,-0.146798251667,0.122462546159,0.00140195985613
recoverable_risky_corridor-expected_sarsa-s6-68a2d4d35b98,6,expected_sarsa,recoverable,0.86,100000,corridor,1,1,False,0.04225519485,0.1,0.0406089760621,0.00164621878793,0.0130401533003
recoverable_risky_corridor-expected_sarsa-s6-7a25b9bd7ef6,6,expected_sarsa,recoverable,1,100000,corridor,1,1,False,0.327475058576,0.1,0.395318579314,0.0678435207385,1.7763568394e-15
recoverable_risky_corridor-expected_sarsa-s6-826eecfc5b62,6,expected_sarsa,recoverable,0.845,100000,corridor,1,1,False,0.0127372705047,0.1,-0.00906807797656,0.0218053484813,0.0143754620524
recoverable_risky_corridor-expected_sarsa-s6-927f8bf93bcf,6,expected_sarsa,recoverable,0.84,100000,corridor,1,1,False,0.115368389129,0.1,-0.025266788294,0.140635177423,0.0217969698097
recoverable_risky_corridor-expected_sarsa-s6-b0e43f9c8a48,6,expected_sarsa,recoverable,0.88,100000,corridor,1,1,False,0.127749762316,0.1,0.109429583006,0.0183201793096,0.0141853500183
recoverable_risky_corridor-expected_sarsa-s6-b70a0a296b41,6,expected_sarsa,recoverable,0.805,100000,shelter,2,0,False,-0.0988712551184,0.1,-0.132990346924,0.034119091806,0.018056568518
recoverable_risky_corridor-expected_sarsa-s6-dd48c7366093,6,expected_sarsa,recoverable,0.85,100000,corridor,1,1,False,0.0518881905528,0.1,0.00729888184311,0.0445893087097,0
recoverable_risky_corridor-expected_sarsa-s6-e4d9f51da758,6,expected_sarsa,recoverable,0.81,100000,shelter,2,0,False,-0.0732596323679,0.1,-0.118235099096,0.0449754667284,0.0165457539536
recoverable_risky_corridor-expected_sarsa-s6-e7c285b6ca6d,6,expected_sarsa,recoverable,0.9,100000,corridor,1,1,False,0.127887011985,0.1,0.180979631109,0.0530926191233,0.013564537922
recoverable_risky_corridor-expected_sarsa-s6-fde91ab87aa2,6,expected_sarsa,recoverable,0.79,100000,shelter,2,0,False,-0.0923108441981,0.1,-0.171922745115,0.0796119009172,0.0395935475642
recoverable_risky_corridor-expected_sarsa-s7-161e07e53339,7,expected_sarsa,recoverable,0.7,100000,shelter,2,0,False,-0.19649671477,0.1,-0.284213191927,0.0877164771563,0.000825541597763
recoverable_risky_corridor-expected_sarsa-s7-1a1ae4f0d41f,7,expected_sarsa,recoverable,0.88,100000,corridor,1,1,False,0.0406279804889,0.1,0.109429583006,0.0688016025176,0.0312461422296
recoverable_risky_corridor-expected_sarsa-s7-24dbaaaa436e,7,expected_sarsa,recoverable,0.805,100000,shelter,2,0,False,-0.00201326180559,0.1,-0.132990346924,0.130977085119,0.00504892936808
recoverable_risky_corridor-expected_sarsa-s7-2d1e94e4d7b5,7,expected_sarsa,recoverable,0.78,100000,shelter,2,0,False,-0.176799481421,0.1,-0.196011253092,0.0192117716711,0.0101358381917
recoverable_risky_corridor-expected_sarsa-s7-2e2b94799809,7,expected_sarsa,recoverable,0.845,100000,shelter,2,0,False,-0.0607387302069,0.1,-0.00906807797656,0.0516706522304,0.155819111491
recoverable_risky_corridor-expected_sarsa-s7-321f1de213f2,7,expected_sarsa,recoverable,0.835,100000,shelter,2,0,False,-0.0458834107855,0.1,-0.0412706073757,0.00461280340971,0.117180584104
recoverable_risky_corridor-expected_sarsa-s7-4208320cbc85,7,expected_sarsa,recoverable,0.82,100000,shelter,2,0,False,-0.0461494076967,0.1,-0.0880753974699,0.0419259897732,0.0897208400478
recoverable_risky_corridor-expected_sarsa-s7-5d8792a010d6,7,expected_sarsa,recoverable,0.79,100000,shelter,2,0,False,-0.048811876749,0.1,-0.171922745115,0.123110868366,0.0172966649097
recoverable_risky_corridor-expected_sarsa-s7-5e8b31c756a9,7,expected_sarsa,recoverable,0.84,100000,shelter,2,0,False,-0.0526023520234,0.1,-0.025266788294,0.0273355637294,0.135958016852
recoverable_risky_corridor-expected_sarsa-s7-5e925f519912,7,expected_sarsa,recoverable,0.6,100000,shelter,2,0,False,-0.137407151249,0.1,-0.264526832747,0.127119681498,0.0182449073182
recoverable_risky_corridor-expected_sarsa-s7-6597ee24e32f,7,expected_sarsa,recoverable,0.81,100000,corridor,1,1,False,0.0960626592711,0.1,-0.118235099096,0.214297758367,0.00786714162592
recoverable_risky_corridor-expected_sarsa-s7-6948170c5a86,7,expected_sarsa,recoverable,0.825,100000,shelter,2,0,False,-0.0473320548206,0.1,-0.0726786798347,0.025346625014,0.0788702744053
recoverable_risky_corridor-expected_sarsa-s7-84d7aa29a285,7,expected_sarsa,recoverable,0.86,100000,shelter,2,0,False,-0.050932620475,0.1,0.0406089760621,0.0915415965371,0.217521371244
recoverable_risky_corridor-expected_sarsa-s7-943cae63895a,7,expected_sarsa,recoverable,0.8,100000,shelter,2,0,False,-0.0801319633377,0.1,-0.146798251667,0.0666662883294,0.00785785924729
recoverable_risky_corridor-expected_sarsa-s7-b2d755aa28b1,7,expected_sarsa,recoverable,1,100000,corridor,1,1,False,0.318539866394,0.1,0.395318579314,0.0767787129204,1.7763568394e-15
recoverable_risky_corridor-expected_sarsa-s7-d446ceec0b4c,7,expected_sarsa,recoverable,0.9,100000,corridor,1,1,False,0.125927177624,0.1,0.180979631109,0.0550524534849,0.000345434919606
recoverable_risky_corridor-expected_sarsa-s7-e6363330abc9,7,expected_sarsa,recoverable,0.85,100000,shelter,2,0,False,-0.0212679290219,0.1,0.00729888184311,0.028566810865,0.175625412791
recoverable_risky_corridor-expected_sarsa-s7-ed7e2f680316,7,expected_sarsa,recoverable,0.855,100000,shelter,2,0,False,-0.0298329181121,0.1,0.0238588234957,0.0536917416079,0.194295653453
recoverable_risky_corridor-expected_sarsa-s8-101ce297405d,8,expected_sarsa,recoverable,0.86,100000,corridor,1,1,False,0.00807481710438,0.1,0.0406089760621,0.0325341589577,0.0159337996063
recoverable_risky_corridor-expected_sarsa-s8-114e528557b3,8,expected_sarsa,recoverable,0.835,100000,corridor,1,1,False,0.0213715085788,0.1,-0.0412706073757,0.0626421159545,0.0201314054056
recoverable_risky_corridor-expected_sarsa-s8-2aadd2ed291a,8,expected_sarsa,recoverable,0.845,100000,corridor,1,1,False,0.0389022691386,0.1,-0.00906807797656,0.0479703471152,0.0238323875377
recoverable_risky_corridor-expected_sarsa-s8-323861c87017,8,expected_sarsa,recoverable,1,100000,corridor,1,1,False,0.320341349093,0.1,0.395318579314,0.074977230221,1.7763568394e-15
recoverable_risky_corridor-expected_sarsa-s8-4ff04e9a6fd5,8,expected_sarsa,recoverable,0.9,100000,corridor,1,1,False,0.0488386874786,0.1,0.180979631109,0.13214094363,0.000345434919606
recoverable_risky_corridor-expected_sarsa-s8-5e3084994a28,8,expected_sarsa,recoverable,0.6,100000,shelter,2,0,False,-0.318806750652,0.1,-0.264526832747,0.0542799179054,0.0148535455017
recoverable_risky_corridor-expected_sarsa-s8-7d7623d56158,8,expected_sarsa,recoverable,0.85,100000,shelter,2,0,False,-0.0103567382339,0.1,0.00729888184311,0.017655620077,0.162684929538
recoverable_risky_corridor-expected_sarsa-s8-87c5c6b6ca7a,8,expected_sarsa,recoverable,0.8,100000,shelter,2,0,False,-0.0767366116901,0.1,-0.146798251667,0.070061639977,0.00989987274762
recoverable_risky_corridor-expected_sarsa-s8-922019f34e31,8,expected_sarsa,recoverable,0.78,100000,shelter,2,0,False,-0.10912892739,0.1,-0.196011253092,0.0868823257018,0.0125433735966
recoverable_risky_corridor-expected_sarsa-s8-a5d851a33f64,8,expected_sarsa,recoverable,0.84,100000,corridor,1,1,False,0.0807132367726,0.1,-0.025266788294,0.105980025067,0.0313813533965
recoverable_risky_corridor-expected_sarsa-s8-bb8632d8738b,8,expected_sarsa,recoverable,0.81,100000,shelter,2,0,False,-0.0446413812535,0.1,-0.118235099096,0.0735937178428,0.0182663458958
recoverable_risky_corridor-expected_sarsa-s8-cf21ff9f044b,8,expected_sarsa,recoverable,0.825,100000,shelter,2,0,False,-0.0528907593306,0.1,-0.0726786798347,0.0197879205041,0.0760677008947
recoverable_risky_corridor-expected_sarsa-s8-d87de76fffb9,8,expected_sarsa,recoverable,0.805,100000,shelter,2,0,False,-0.0697467721413,0.1,-0.132990346924,0.063243574783,0.00491326230909
recoverable_risky_corridor-expected_sarsa-s8-d8861b9c1c12,8,expected_sarsa,recoverable,0.7,100000,shelter,2,0,False,-0.227651877553,0.1,-0.284213191927,0.0565613143742,0.0711541362416
recoverable_risky_corridor-expected_sarsa-s8-df1bd02c8cda,8,expected_sarsa,recoverable,0.82,100000,shelter,2,0,False,-0.00570043686698,0.1,-0.0880753974699,0.0823749606029,0.0681461118887
recoverable_risky_corridor-expected_sarsa-s8-e5fdb4b6b153,8,expected_sarsa,recoverable,0.79,100000,shelter,2,0,False,-0.120666474979,0.1,-0.171922745115,0.0512562701365,0.0137128421688
recoverable_risky_corridor-expected_sarsa-s8-ef165375bf7f,8,expected_sarsa,recoverable,0.855,100000,shelter,2,0,False,-0.0372692294937,0.1,0.0238588234957,0.0611280529895,0.181348552443
recoverable_risky_corridor-expected_sarsa-s8-f782a005f17a,8,expected_sarsa,recoverable,0.88,100000,corridor,1,1,False,0.104101970348,0.1,0.109429583006,0.0053276126585,0
recoverable_risky_corridor-expected_sarsa-s9-06aabbb7157e,9,expected_sarsa,recoverable,0.88,100000,corridor,1,1,False,0.0930427166349,0.1,0.109429583006,0.0163868663716,0
recoverable_risky_corridor-expected_sarsa-s9-0bbd84043be4,9,expected_sarsa,recoverable,0.86,100000,corridor,1,1,False,0.0945454946673,0.1,0.0406089760621,0.0539365186052,0.0419165106298
recoverable_risky_corridor-expected_sarsa-s9-18f54e5dd82d,9,expected_sarsa,recoverable,1,100000,corridor,1,1,False,0.321655973289,0.1,0.395318579314,0.0736626060247,1.7763568394e-15
recoverable_risky_corridor-expected_sarsa-s9-35437dcae0a6,9,expected_sarsa,recoverable,0.82,100000,shelter,2,0,False,-0.0173448047048,0.1,-0.0880753974699,0.0707305927651,0.0596176697873
recoverable_risky_corridor-expected_sarsa-s9-56ad59c3427a,9,expected_sarsa,recoverable,0.7,100000,shelter,2,0,False,-0.127602904528,0.1,-0.284213191927,0.156610287399,0.0393716747902
recoverable_risky_corridor-expected_sarsa-s9-5b49caa14b84,9,expected_sarsa,recoverable,0.835,100000,corridor,1,1,False,0.0227045043041,0.1,-0.0412706073757,0.0639751116799,0.0201314054056
recoverable_risky_corridor-expected_sarsa-s9-8cde451dcbe9,9,expected_sarsa,recoverable,0.855,100000,corridor,1,1,False,0.0136813619861,0.1,0.0238588234957,0.0101774615096,0.0268154343172
recoverable_risky_corridor-expected_sarsa-s9-9373095da01f,9,expected_sarsa,recoverable,0.81,100000,shelter,2,0,False,-0.0221235264979,0.1,-0.118235099096,0.0961115725984,0.0165457539536
recoverable_risky_corridor-expected_sarsa-s9-9ab30a7f954e,9,expected_sarsa,recoverable,0.825,100000,shelter,2,0,False,-0.0774185535575,0.1,-0.0726786798347,0.00473987372284,0.0760677008947
recoverable_risky_corridor-expected_sarsa-s9-9c5f9b636f44,9,expected_sarsa,recoverable,0.8,100000,shelter,2,0,False,-0.0224355785664,0.1,-0.146798251667,0.124362673101,0.0295129984242
recoverable_risky_corridor-expected_sarsa-s9-b1e281e64456,9,expected_sarsa,recoverable,0.9,100000,corridor,1,1,False,0.12435009137,0.1,0.180979631109,0.0566295397386,0.000345434919606
recoverable_risky_corridor-expected_sarsa-s9-b2f0f6b3f8be,9,expected_sarsa,recoverable,0.6,100000,shelter,2,0,False,-0.0896146611309,0.1,-0.264526832747,0.174912171616,0
recoverable_risky_corridor-expected_sarsa-s9-bb9c5dc7ee03,9,expected_sarsa,recoverable,0.78,100000,shelter,2,0,False,-0.0753787306093,0.1,-0.196011253092,0.120632522482,0.000492183225855
recoverable_risky_corridor-expected_sarsa-s9-c508bde3d307,9,expected_sarsa,recoverable,0.85,100000,corridor,1,1,False,0.0704109962349,0.1,0.00729888184311,0.0631121143918,0.0254125721726
recoverable_risky_corridor-expected_sarsa-s9-d1684c977a04,9,expected_sarsa,recoverable,0.845,100000,shelter,2,0,False,-0.00431989361418,0.1,-0.00906807797656,0.00474818436239,0.154715535013
recoverable_risky_corridor-expected_sarsa-s9-d5bdcbe6b57d,9,expected_sarsa,recoverable,0.84,100000,shelter,2,0,False,-0.0378376120137,0.1,-0.025266788294,0.0125708237197,0.135958016852
recoverable_risky_corridor-expected_sarsa-s9-f12637400fb9,9,expected_sarsa,recoverable,0.79,100000,shelter,2,0,False,-0.100509390796,0.1,-0.171922745115,0.0714133543189,0.00100506261467
recoverable_risky_corridor-expected_sarsa-s9-fcc6bb27bb1b,9,expected_sarsa,recoverable,0.805,100000,shelter,2,0,False,-0.0249055130238,0.1,-0.132990346924,0.108084833901,0.00156077602973
recoverable_risky_corridor-q_learning-s0-00dec8011b9f,0,q_learning,recoverable,0.86,100000,corridor,1,1,False,0.203275311017,0,0.184365863307,0.0189094477097,0
recoverable_risky_corridor-q_learning-s0-0dd1a265783f,0,q_learning,recoverable,0.9,100000,corridor,1,1,False,0.203866727889,0,0.327725034525,0.123858306637,0.000345434919606
recoverable_risky_corridor-q_learning-s0-105d757a2c76,0,q_learning,recoverable,0.81,100000,shelter,2,0,False,-0.045180580086,0,0.012967494804,0.0581480748899,0.0165457539536
recoverable_risky_corridor-q_learning-s0-2ba985a63416,0,q_learning,recoverable,0.6,100000,shelter,2,0,False,-0.261506934689,0,-0.240713795908,0.0207931387806,0
recoverable_risky_corridor-q_learning-s0-2ec6f77f35f9,0,q_learning,recoverable,0.8,100000,shelter,2,0,False,-0.0637063690472,0,-0.0191749004885,0.0445314685587,0.0481486309081
recoverable_risky_corridor-q_learning-s0-34cdea8e3b88,0,q_learning,recoverable,0.78,100000,shelter,2,0,False,-0.0566571851627,0,-0.0811604025052,0.0245032173425,0.00388545310601
recoverable_risky_corridor-q_learning-s0-365f9edba5d8,0,q_learning,recoverable,0.85,100000,corridor,1,1,False,0.18785388296,0,0.148696743802,0.0391571391577,0.00152621656602
recoverable_risky_corridor-q_learning-s0-78dad7413fe0,0,q_learning,recoverable,0.805,100000,corridor,1,1,False,0.0094049031986,0,-0.00316967018487,0.0125745733835,0.0098091330364
recoverable_risky_corridor-q_learning-s0-7d19ab14c6d3,0,q_learning,recoverable,0.79,100000,shelter,2,0,False,-0.0324319316043,0,-0.0505832353953,0.018151303791,0
recoverable_risky_corridor-q_learning-s0-854662ffbc7c,0,q_learning,recoverable,0.7,100000,shelter,2,0,False,-0.169703457942,0,-0.251001077779,0.0812976198366,0.0182269289678
recoverable_risky_corridor-q_learning-s0-a5ca29b58deb,0,q_learning,recoverable,1,100000,corridor,1,1,False,0.374387588186,0,0.376092816015,0.00170522782897,1.7763568394e-15
recoverable_risky_corridor-q_learning-s0-b3ad7a6772f7,0,q_learning,recoverable,0.855,100000,corridor,1,1,False,0.219474438353,0,0.166450656348,0.0530237820047,0
recoverable_risky_corridor-q_learning-s0-c675ea0b929a,0,q_learning,recoverable,0.84,100000,corridor,1,1,False,0.155109543629,0,0.113688920151,0.0414206234784,0.0116556693261
recoverable_risky_corridor-q_learning-s0-cd014a860296,0,q_learning,recoverable,0.845,100000,corridor,1,1,False,0.122540181283,0,0.131108138527,0.00856795724375,0
recoverable_risky_corridor-q_learning-s0-d525076e30c4,0,q_learning,recoverable,0.835,100000,corridor,1,1,False,0.121054759903,0,0.0964432347825,0.0246115251203,0.011169153641
recoverable_risky_corridor-q_learning-s0-f19b15027492,0,q_learning,recoverable,0.825,100000,corridor,1,1,False,0.136873991833,0,0.0624893765374,0.0743846152959,0.00278361444074
recoverable_risky_corridor-q_learning-s0-f72d5aea2538,0,q_learning,recoverable,0.82,100000,corridor,1,1,False,0.0674577288777,0,0.0457898229868,0.0216679058909,0
recoverable_risky_corridor-q_learning-s0-fc05fb9050a7,0,q_learning,recoverable,0.88,100000,corridor,1,1,False,0.265099470751,0,0.257561734545,0.00753773620539,0.000588420270753
recoverable_risky_corridor-q_learning-s1-01d5d5cd688b,1,q_learning,recoverable,0.835,100000,corridor,1,1,False,0.0415465255024,0,0.0964432347825,0.0548967092802,0
recoverable_risky_corridor-q_learning-s1-02f7ac98c010,1,q_learning,recoverable,0.805,100000,shelter,2,0,False,-0.0619197251196,0,-0.00316967018487,0.0587500549347,0.000844683275418
recoverable_risky_corridor-q_learning-s1-17f7ae4035a2,1,q_learning,recoverable,0.81,100000,shelter,2,0,False,-0.0919780984735,0,0.012967494804,0.104945593277,0.134019656771
recoverable_risky_corridor-q_learning-s1-35c14c77a04f,1,q_learning,recoverable,0.9,100000,corridor,1,1,False,0.394292732546,0,0.327725034525,0.066567698021,0.000282718323537
recoverable_risky_corridor-q_learning-s1-51a9f9df2374,1,q_learning,recoverable,0.85,100000,corridor,1,1,False,0.054087834595,0,0.148696743802,0.0946089092072,0
recoverable_risky_corridor-q_learning-s1-64b0bc6fc573,1,q_learning,recoverable,1,100000,corridor,1,1,False,0.37458694676,0,0.376092816015,0.00150586925513,1.7763568394e-15
recoverable_risky_corridor-q_learning-s1-7c7fab1f55fb,1,q_learning,recoverable,0.6,100000,shelter,2,0,False,-0.341629164047,0,-0.240713795908,0.100915368139,0
recoverable_risky_corridor-q_learning-s1-8f0fcf948ff8,1,q_learning,recoverable,0.7,100000,shelter,2,0,False,-0.278251221199,0,-0.251001077779,0.0272501434202,0.0185232684717
recoverable_risky_corridor-q_learning-s1-a9e88dcfbb3b,1,q_learning,recoverable,0.845,100000,corridor,1,1,False,0.0994352426853,0,0.131108138527,0.0316728958416,0
recoverable_risky_corridor-q_learning-s1-afb0cec00a9b,1,q_learning,recoverable,0.825,100000,corridor,1,1,False,0.00799792081747,0,0.0624893765374,0.0544914557199,0.00657711718261
recoverable_risky_corridor-q_learning-s1-afc074aa8d4a,1,q_learning,recoverable,0.855,100000,corridor,1,1,False,0.100713471945,0,0.166450656348,0.0657371844038,0
recoverable_risky_corridor-q_learning-s1-be4d04e1407b,1,q_learning,recoverable,0.82,100000,shelter,2,0,False,-0.0231166897106,0,0.0457898229868,0.0689065126974,0.0952445351156
recoverable_risky_corridor-q_learning-s1-c409b9032bc6,1,q_learning,recoverable,0.79,100000,shelter,2,0,False,-0.139807996206,0,-0.0505832353953,0.0892247608112,0.00428618652685
recoverable_risky_corridor-q_learning-s1-c591dd8eb88d,1,q_learning,recoverable,0.88,100000,corridor,1,1,False,0.294705306007,0,0.257561734545,0.0371435714617,0
recoverable_risky_corridor-q_learning-s1-d1be9125affc,1,q_learning,recoverable,0.86,100000,corridor,1,1,False,0.0677168528903,0,0.184365863307,0.116649010417,0.0142525302138
recoverable_risky_corridor-q_learning-s1-db8ca62b25bf,1,q_learning,recoverable,0.78,100000,shelter,2,0,False,-0.124284139589,0,-0.0811604025052,0.0431237370836,0.000268623192383
recoverable_risky_corridor-q_learning-s1-dbd03e07c818,1,q_learning,recoverable,0.8,100000,shelter,2,0,False,-0.0899327431338,0,-0.0191749004885,0.0707578426453,0.0007599861263
recoverable_risky_corridor-q_learning-s1-ecbc609026b1,1,q_learning,recoverable,0.84,100000,corridor,1,1,False,0.177470168377,0,0.113688920151,0.0637812482262,0.0116557273481
recoverable_risky_corridor-q_learning-s10-11e28f71b4cc,10,q_learning,recoverable,0.7,100000,shelter,2,0,False,-0.329835799924,0,-0.251001077779,0.0788347221453,0.000788527645287
recoverable_risky_corridor-q_learning-s10-17467fd5a77e,10,q_learning,recoverable,0.86,100000,corridor,1,1,False,0.160920796611,0,0.184365863307,0.0234450666968,0
recoverable_risky_corridor-q_learning-s10-1a4ebd9aaa53,10,q_learning,recoverable,0.8,100000,shelter,2,0,False,-0.0623207886098,0,-0.0191749004885,0.0431458881213,0.00140195985613
recoverable_risky_corridor-q_learning-s10-1cbdc5962e84,10,q_learning,recoverable,0.9,100000,corridor,1,1,False,0.246296272341,0,0.327725034525,0.0814287621845,0.000345434919606
recoverable_risky_corridor-q_learning-s10-1f81ee728ca9,10,q_learning,recoverable,0.78,100000,shelter,2,0,False,-0.0698646973619,0,-0.0811604025052,0.0112957051434,0.000738988586177
recoverable_risky_corridor-q_learning-s10-2d7ac87d9218,10,q_learning,recoverable,0.84,100000,corridor,1,1,False,0.0352214795231,0,0.113688920151,0.0784674406281,0
recoverable_risky_corridor-q_learning-s10-3988ce143f2c,10,q_learning,recoverable,0.82,100000,shelter,2,0,False,-0.00722048942718,0,0.0457898229868,0.053010312414,0.0568848258158
recoverable_risky_corridor-q_learning-s10-53ab30379adb,10,q_learning,recoverable,0.805,100000,corridor,1,1,False,0.0244022070964,0,-0.00316967018487,0.0275718772813,0.0098091330364
recoverable_risky_corridor-q_learning-s10-72b9ee67246e,10,q_learning,recoverable,0.855,100000,corridor,1,1,False,0.101576401709,0,0.166450656348,0.0648742546394,0
recoverable_risky_corridor-q_learning-s10-73891c3d5463,10,q_learning,recoverable,0.835,100000,corridor,1,1,False,0.17531916164,0,0.0964432347825,0.0788759268574,0
recoverable_risky_corridor-q_learning-s10-905f757c36b4,10,q_learning,recoverable,0.825,100000,corridor,1,1,False,0.0591338684186,0,0.0624893765374,0.0033555081188,0.00657711718261
recoverable_risky_corridor-q_learning-s10-926494a9849c,10,q_learning,recoverable,0.88,100000,corridor,1,1,False,0.282394582806,0,0.257561734545,0.0248328482602,0
recoverable_risky_corridor-q_learning-s10-9fc50fe21020,10,q_learning,recoverable,0.79,100000,shelter,2,0,False,-0.106897150585,0,-0.0505832353953,0.05631391519,0.00100506261467
recoverable_risky_corridor-q_learning-s10-bc539254218e,10,q_learning,recoverable,0.81,100000,corridor,1,1,False,0.0342456740218,0,0.012967494804,0.0212781792179,0.000534110246298
recoverable_risky_corridor-q_learning-s10-de861c9d16b7,10,q_learning,recoverable,0.6,100000,shelter,2,0,False,-0.256717205166,0,-0.240713795908,0.0160034092574,0
recoverable_risky_corridor-q_learning-s10-e79f6222b6d7,10,q_learning,recoverable,0.85,100000,corridor,1,1,False,0.158751633648,0,0.148696743802,0.0100548898453,0
recoverable_risky_corridor-q_learning-s10-e9734af28a91,10,q_learning,recoverable,0.845,100000,corridor,1,1,False,0.138827161505,0,0.131108138527,0.0077190229779,0
recoverable_risky_corridor-q_learning-s10-f493d4685f93,10,q_learning,recoverable,1,100000,corridor,1,1,False,0.374456399741,0,0.376092816015,0.00163641627418,1.7763568394e-15
recoverable_risky_corridor-q_learning-s11-1380d7e7f08b,11,q_learning,recoverable,0.805,100000,shelter,2,0,False,-0.0324445048499,0,-0.00316967018487,0.029274834665,0
recoverable_risky_corridor-q_learning-s11-1614cff58390,11,q_learning,recoverable,0.6,100000,shelter,2,0,False,-0.282743902812,0,-0.240713795908,0.0420301069037,0.0658064483005
recoverable_risky_corridor-q_learning-s11-1826821f6e19,11,q_learning,recoverable,0.9,100000,corridor,1,1,False,0.287826796537,0,0.327725034525,0.0398982379886,0.000345434919606
recoverable_risky_corridor-q_learning-s11-2429aaa6cb3d,11,q_learning,recoverable,0.81,100000,corridor,1,1,False,0.0332613048681,0,0.012967494804,0.0202938100641,0.0136604589851
recoverable_risky_corridor-q_learning-s11-4d88589b1d04,11,q_learning,recoverable,0.7,100000,shelter,2,0,False,-0.26115261919,0,-0.251001077779,0.0101515414114,0
recoverable_risky_corridor-q_learning-s11-5b88ab0e3e52,11,q_learning,recoverable,1,100000,corridor,1,1,False,0.373850297796,0,0.376092816015,0.00224251821899,1.7763568394e-15
recoverable_risky_corridor-q_learning-s11-618c95e1ce3f,11,q_learning,recoverable,0.8,100000,shelter,2,0,False,-0.035823757499,0,-0.0191749004885,0.0166488570105,0.000759990519132
recoverable_risky_corridor-q_learning-s11-8a5ba4df0290,11,q_learning,recoverable,0.825,100000,shelter,2,0,False,-0.0759581675643,0,0.0624893765374,0.138447544102,0.0750109919235
recoverable_risky_corridor-q_learning-s11-8bb1c2584244,11,q_learning,recoverable,0.79,100000,shelter,2,0,False,-0.046056341612,0,-0.0505832353953,0.0045268937833,0
recoverable_risky_corridor-q_learning-s11-93b7aabf1731,11,q_learning,recoverable,0.84,100000,corridor,1,1,False,0.105612623169,0,0.113688920151,0.00807629698237,0
recoverable_risky_corridor-q_learning-s11-b94b2891c518,11,q_learning,recoverable,0.88,100000,corridor,1,1,False,0.262985717559,0,0.257561734545,0.00542398301365,0
recoverable_risky_corridor-q_learning-s11-cfbd9969c946,11,q_learning,recoverable,0.85,100000,corridor,1,1,False,0.185796150149,0,0.148696743802,0.0370994063466,0
recoverable_risky_corridor-q_learning-s11-d0d90ae4137e,11,q_learning,recoverable,0.86,100000,corridor,1,1,False,0.237078134237,0,0.184365863307,0.0527122709292,0
recoverable_risky_corridor-q_learning-s11-d3ad330ac570,11,q_learning,recoverable,0.835,100000,corridor,1,1,False,0.102110344875,0,0.0964432347825,0.00566711009214,0
recoverable_risky_corridor-q_learning-s11-ebb94b75b47d,11,q_learning,recoverable,0.855,100000,corridor,1,1,False,0.0640607429681,0,0.166450656348,0.10238991338,0
recoverable_risky_corridor-q_learning-s11-f09b549a05bc,11,q_learning,recoverable,0.78,100000,shelter,2,0,False,-0.0592924440515,0,-0.0811604025052,0.0218679584537,0.000268623192383
recoverable_risky_corridor-q_learning-s11-fdb26ce53fcc,11,q_learning,recoverable,0.82,100000,shelter,2,0,False,-0.0213097470037,0,0.0457898229868,0.0670995699905,0.0628702336368
recoverable_risky_corridor-q_learning-s11-ffb80c9c52fc,11,q_learning,recoverable,0.845,100000,corridor,1,1,False,0.158328350053,0,0.131108138527,0.0272202115258,0
recoverable_risky_corridor-q_learning-s12-01492aea4a1b,12,q_learning,recoverable,0.86,100000,corridor,1,1,False,0.0683028286763,0,0.184365863307,0.116063034631,0
recoverable_risky_corridor-q_learning-s12-1c010031d87a,12,q_learning,recoverable,0.81,100000,shelter,2,0,False,-0.0138228734514,0,0.012967494804,0.0267903682553,0.0157664841073
recoverable_risky_corridor-q_learning-s12-51cd507027c3,12,q_learning,recoverable,0.845,100000,corridor,1,1,False,0.123540864216,0,0.131108138527,0.00756727431088,0
recoverable_risky_corridor-q_learning-s12-5b72ac863260,12,q_learning,recoverable,0.825,100000,shelter,2,0,False,-0.0610386079524,0,0.0624893765374,0.12352798449,0.0720956992667
recoverable_risky_corridor-q_learning-s12-5f29d9d69c51,12,q_learning,recoverable,0.79,100000,shelter,2,0,False,-0.0779862372608,0,-0.0505832353953,0.0274030018655,0.00508903662215
recoverable_risky_corridor-q_learning-s12-86b30fec855f,12,q_learning,recoverable,1,100000,corridor,1,1,False,0.374558576942,0,0.376092816015,0.00153423907316,1.7763568394e-15
recoverable_risky_corridor-q_learning-s12-92df9ea811a5,12,q_learning,recoverable,0.855,100000,corridor,1,1,False,0.203034420327,0,0.166450656348,0.0365837639788,0.0127772587091
recoverable_risky_corridor-q_learning-s12-94cbf53bbf0a,12,q_learning,recoverable,0.805,100000,shelter,2,0,False,-0.0313449919251,0,-0.00316967018487,0.0281753217402,0.000844683275418
recoverable_risky_corridor-q_learning-s12-985c88fa4456,12,q_learning,recoverable,0.84,100000,corridor,1,1,False,0.165918618706,0,0.113688920151,0.0522296985547,0.0113748371404
recoverable_risky_corridor-q_learning-s12-a241e49f45b4,12,q_learning,recoverable,0.88,100000,corridor,1,1,False,0.277999960442,0,0.257561734545,0.0204382258963,0
recoverable_risky_corridor-q_learning-s12-a5abaa034c05,12,q_learning,recoverable,0.85,100000,corridor,1,1,False,0.187190010492,0,0.148696743802,0.0384932666901,0
recoverable_risky_corridor-q_learning-s12-a7c00a285ec4,12,q_learning,recoverable,0.9,100000,corridor,1,1,False,0.324748535671,0,0.327725034525,0.00297649885449,0.00484056548223
recoverable_risky_corridor-q_learning-s12-ac7a19e65916,12,q_learning,recoverable,0.78,100000,shelter,2,0,False,-0.0495422266977,0,-0.0811604025052,0.0316181758075,0.00415467423316
recoverable_risky_corridor-q_learning-s12-b9833e900124,12,q_learning,recoverable,0.82,100000,shelter,2,0,False,-0.0548093373471,0,0.0457898229868,0.100599160334,0.0549885457154
recoverable_risky_corridor-q_learning-s12-c101d0ee70a2,12,q_learning,recoverable,0.835,100000,corridor,1,1,False,0.182114229375,0,0.0964432347825,0.0856709945923,0.00991044875485
recoverable_risky_corridor-q_learning-s12-c49b409d9cb0,12,q_learning,recoverable,0.6,100000,shelter,2,0,False,-0.35311382517,0,-0.240713795908,0.112400029262,0.0356113719505
recoverable_risky_corridor-q_learning-s12-ca04e26e08e5,12,q_learning,recoverable,0.8,100000,shelter,2,0,False,-0.047628551829,0,-0.0191749004885,0.0284536513405,0.0007599861263
recoverable_risky_corridor-q_learning-s12-f1ea049e275d,12,q_learning,recoverable,0.7,100000,shelter,2,0,False,-0.163707863448,0,-0.251001077779,0.0872932143314,0.00845792744541
recoverable_risky_corridor-q_learning-s13-072b907c2ebe,13,q_learning,recoverable,0.88,100000,corridor,1,1,False,0.211408833278,0,0.257561734545,0.0461529012679,0.000588420270753
recoverable_risky_corridor-q_learning-s13-14647b8aea90,13,q_learning,recoverable,0.835,100000,corridor,1,1,False,0.132322624753,0,0.0964432347825,0.0358793899706,0
recoverable_risky_corridor-q_learning-s13-1ae8e7964f14,13,q_learning,recoverable,0.7,100000,shelter,2,0,False,-0.247082158607,0,-0.251001077779,0.00391891917184,0.00219600733474
recoverable_risky_corridor-q_learning-s13-2ce390c25547,13,q_learning,recoverable,1,100000,corridor,1,1,False,0.37447597401,0,0.376092816015,0.00161684200512,1.7763568394e-15
recoverable_risky_corridor-q_learning-s13-5f5e69a79290,13,q_learning,recoverable,0.805,100000,shelter,2,0,False,-0.134112744099,0,-0.00316967018487,0.130943073915,0.000844716924704
recoverable_risky_corridor-q_learning-s13-60bee86f8821,13,q_learning,recoverable,0.845,100000,corridor,1,1,False,0.106759044286,0,0.131108138527,0.0243490942412,0
recoverable_risky_corridor-q_learning-s13-69e4f32b2533,13,q_learning,recoverable,0.84,100000,corridor,1,1,False,0.0798192022505,0,0.113688920151,0.0338697179007,0.0217969698097
recoverable_risky_corridor-q_learning-s13-7ed75d6aeda5,13,q_learning,recoverable,0.85,100000,corridor,1,1,False,0.148043666408,0,0.148696743802,0.000653077394547,0
recoverable_risky_corridor-q_learning-s13-7f3064cf3216,13,q_learning,recoverable,0.86,100000,corridor,1,1,False,0.161202517422,0,0.184365863307,0.0231633458855,0
recoverable_risky_corridor-q_learning-s13-8220fb419781,13,q_learning,recoverable,0.6,100000,shelter,2,0,False,-0.370288396391,0,-0.240713795908,0.129574600483,0.0222009857639
recoverable_risky_corridor-q_learning-s13-8df21a996d8b,13,q_learning,recoverable,0.82,100000,shelter,2,0,False,-0.0681901498092,0,0.0457898229868,0.113979972796,0.0560097129799
recoverable_risky_corridor-q_learning-s13-9ddb6e81c2d3,13,q_learning,recoverable,0.825,100000,shelter,2,0,False,-0.0268737244312,0,0.0624893765374,0.0893631009686,0.0769767889492
recoverable_risky_corridor-q_learning-s13-9ef8e37a6ba5,13,q_learning,recoverable,0.79,100000,shelter,2,0,False,-0.0767090065251,0,-0.0505832353953,0.0261257711298,0
recoverable_risky_corridor-q_learning-s13-b5e2c7477788,13,q_learning,recoverable,0.78,100000,shelter,2,0,False,-0.113011733234,0,-0.0811604025052,0.0318513307292,0.00388545310601
recoverable_risky_corridor-q_learning-s13-bca8fda17fc9,13,q_learning,recoverable,0.81,100000,shelter,2,0,False,-0.114547258068,0,0.012967494804,0.127514752872,0.0157664841073
recoverable_risky_corridor-q_learning-s13-bda0946b01bc,13,q_learning,recoverable,0.8,100000,shelter,2,0,False,-0.0921845344548,0,-0.0191749004885,0.0730096339663,0.00490274139243
recoverable_risky_corridor-q_learning-s13-c2f259e6df6a,13,q_learning,recoverable,0.9,100000,corridor,1,1,False,0.293458850174,0,0.327725034525,0.0342661843517,0
recoverable_risky_corridor-q_learning-s13-e3b781358d6f,13,q_learning,recoverable,0.855,100000,corridor,1,1,False,0.130787210658,0,0.166450656348,0.0356634456901,0
recoverable_risky_corridor-q_learning-s14-1208bcebc88e,14,q_learning,recoverable,0.7,100000,shelter,2,0,False,-0.227355612597,0,-0.251001077779,0.0236454651815,0.0147283435159
recoverable_risky_corridor-q_learning-s14-2ac302bb835b,14,q_learning,recoverable,1,100000,corridor,1,1,False,0.373303040153,0,0.376092816015,0.00278977586213,1.7763568394e-15
recoverable_risky_corridor-q_learning-s14-2b481b63bf79,14,q_learning,recoverable,0.825,100000,shelter,2,0,False,-0.0337123997943,0,0.0624893765374,0.0962017763317,0.0750109919235
recoverable_risky_corridor-q_learning-s14-3a074f920d61,14,q_learning,recoverable,0.82,100000,corridor,1,1,False,0.0499808179095,0,0.0457898229868,0.00419099492269,0.0047039397998
recoverable_risky_corridor-q_learning-s14-5e657efc7939,14,q_learning,recoverable,0.79,100000,shelter,2,0,False,-0.0638289926416,0,-0.0505832353953,0.0132457572463,0.00304762202912
recoverable_risky_corridor-q_learning-s14-6ab51cae057b,14,q_learning,recoverable,0.6,100000,shelter,2,0,False,-0.402396025071,0,-0.240713795908,0.161682229162,0.00237035360561
recoverable_risky_corridor-q_learning-s14-6e9f94372d47,14,q_learning,recoverable,0.8,100000,shelter,2,0,False,-0.0590161376759,0,-0.0191749004885,0.0398412371874,0.00140195985613
recoverable_risky_corridor-q_learning-s14-6f88fdbb5e16,14,q_learning,recoverable,0.81,100000,shelter,2,0,False,-0.081380390897,0,0.012967494804,0.0943478857009,0.0148506038219
recoverable_risky_corridor-q_learning-s14-764dca524493,14,q_learning,recoverable,0.84,100000,corridor,1,1,False,0.0933929165296,0,0.113688920151,0.0202960036216,0.01327585934
recoverable_risky_corridor-q_learning-s14-7735206a082f,14,q_learning,recoverable,0.835,100000,corridor,1,1,False,0.230314348807,0,0.0964432347825,0.133871114025,0
recoverable_risky_corridor-q_learning-s14-87196fa1d98c,14,q_learning,recoverable,0.855,100000,corridor,1,1,False,0.173844867384,0,0.166450656348,0.0073942110352,0
recoverable_risky_corridor-q_learning-s14-90c4d25aa0f2,14,q_learning,recoverable,0.86,100000,corridor,1,1,False,0.205462899594,0,0.184365863307,0.0210970362866,0.00894090168587
recoverable_risky_corridor-q_learning-s14-949d9c733fc4,14,q_learning,recoverable,0.85,100000,corridor,1,1,False,0.165037278346,0,0.148696743802,0.0163405345441,0.0139097381918
recoverable_risky_corridor-q_learning-s14-d455e04d0bc5,14,q_learning,recoverable,0.845,100000,corridor,1,1,False,0.118162722156,0,0.131108138527,0.0129454163706,0
recoverable_risky_corridor-q_learning-s14-e8df1e4ca25b,14,q_learning,recoverable,0.805,100000,shelter,2,0,False,-0.0258636171358,0,-0.00316967018487,0.0226939469509,0.00281240577066
recoverable_risky_corridor-q_learning-s14-f197069daab7,14,q_learning,recoverable,0.88,100000,corridor,1,1,False,0.301776208079,0,0.257561734545,0.0442144735335,0
recoverable_risky_corridor-q_learning-s14-f42078605638,14,q_learning,recoverable,0.78,100000,shelter,2,0,False,-0.0535008268387,0,-0.0811604025052,0.0276595756665,0.00388545310601
recoverable_risky_corridor-q_learning-s14-fae77700a04f,14,q_learning,recoverable,0.9,100000,corridor,1,1,False,0.377888830596,0,0.327725034525,0.0501637960702,0.000345434919606
recoverable_risky_corridor-q_learning-s15-0891b8d687b4,15,q_learning,recoverable,0.855,100000,corridor,1,1,False,0.148529998425,0,0.166450656348,0.0179206579239,0
recoverable_risky_corridor-q_learning-s15-0fbe37c9c124,15,q_learning,recoverable,1,100000,corridor,1,1,False,0.374369551818,0,0.376092816015,0.0017232641971,1.7763568394e-15
recoverable_risky_corridor-q_learning-s15-22afcc7e1fee,15,q_learning,recoverable,0.835,100000,shelter,2,0,False,-0.0945410158704,0,0.0964432347825,0.190984250653,0.114946418727
recoverable_risky_corridor-q_learning-s15-295814844a23,15,q_learning,recoverable,0.7,100000,shelter,2,0,False,-0.279647051848,0,-0.251001077779,0.0286459740687,0.00206273061393
recoverable_risky_corridor-q_learning-s15-2c882824b8a6,15,q_learning,recoverable,0.88,100000,corridor,1,1,False,0.17506381366,0,0.257561734545,0.0824979208853,0.00712982965263
recoverable_risky_corridor-q_learning-s15-2ca822c02414,15,q_learning,recoverable,0.79,100000,shelter,2,0,False,-0.0659918403701,0,-0.0505832353953,0.0154086049748,0.00100506261467
recoverable_risky_corridor-q_learning-s15-47bff3564e51,15,q_learning,recoverable,0.82,100000,shelter,2,0,False,-0.071103287797,0,0.0457898229868,0.116893110784,0.0560096386077
recoverable_risky_corridor-q_learning-s15-4cb149040f26,15,q_learning,recoverable,0.6,100000,shelter,2,0,False,-0.285390210625,0,-0.240713795908,0.0446764147167,0.105471076699
recoverable_risky_corridor-q_learning-s15-4f04780b16d4,15,q_learning,recoverable,0.9,100000,corridor,1,1,False,0.320136648557,0,0.327725034525,0.00758838596864,0.00057930223572
recoverable_risky_corridor-q_learning-s15-4f65d3fb11da,15,q_learning,recoverable,0.845,100000,corridor,1,1,False,0.0120174044225,0,0.131108138527,0.119090734104,0
recoverable_risky_corridor-q_learning-s15-5cd5278a7d19,15,q_learning,recoverable,0.81,100000,shelter,2,0,False,-0.123589130551,0,0.012967494804,0.136556625355,0.0249596895524
recoverable_risky_corridor-q_learning-s15-9fd3c0ad776f,15,q_learning,recoverable,0.825,100000,shelter,2,0,False,-0.00782921158369,0,0.0624893765374,0.0703185881211,0.0750109919235
recoverable_risky_corridor-q_learning-s15-a31958dd2461,15,q_learning,recoverable,0.78,100000,shelter,2,0,False,-0.1446668011,0,-0.0811604025052,0.0635063985944,0.140470108761
recoverable_risky_corridor-q_learning-s15-b59348e3c564,15,q_learning,recoverable,0.84,100000,corridor,1,1,False,0.02754007608,0,0.113688920151,0.0861488440712,0
recoverable_risky_corridor-q_learning-s15-c4ad4d9ab23c,15,q_learning,recoverable,0.85,100000,corridor,1,1,False,0.179884642032,0,0.148696743802,0.0311878982298,0.0140518481296
recoverable_risky_corridor-q_learning-s15-d4df84a30935,15,q_learning,recoverable,0.805,100000,shelter,2,0,False,-0.0358787380392,0,-0.00316967018487,0.0327090678543,0.00156077602973
recoverable_risky_corridor-q_learning-s15-e78c8078cdd4,15,q_learning,recoverable,0.86,100000,corridor,1,1,False,0.0881514695948,0,0.184365863307,0.0962143937125,0
recoverable_risky_corridor-q_learning-s15-ea009418187c,15,q_learning,recoverable,0.8,100000,shelter,2,0,False,-0.0967138667691,0,-0.0191749004885,0.0775389662806,0.0007599861263
recoverable_risky_corridor-q_learning-s16-02c7d7749d33,16,q_learning,recoverable,0.78,100000,shelter,2,0,False,-0.0335717547576,0,-0.0811604025052,0.0475886477476,0.000268623192383
recoverable_risky_corridor-q_learning-s16-02e6a5a251df,16,q_learning,recoverable,0.8,100000,shelter,2,0,False,-0.0333542585946,0,-0.0191749004885,0.0141793581061,0.0165467053439
recoverable_risky_corridor-q_learning-s16-07037245768d,16,q_learning,recoverable,0.79,100000,shelter,2,0,False,-0.0393956651522,0,-0.0505832353953,0.0111875702431,0.00100506261467
recoverable_risky_corridor-q_learning-s16-0d754e468733,16,q_learning,recoverable,0.84,100000,corridor,1,1,False,0.0592733399578,0,0.113688920151,0.0544155801933,0.0116556693261
recoverable_risky_corridor-q_learning-s16-0daf9bc7b1a6,16,q_learning,recoverable,0.845,100000,corridor,1,1,False,0.0742869046022,0,0.131108138527,0.0568212339247,0
recoverable_risky_corridor-q_learning-s16-13fb9b2f718b,16,q_learning,recoverable,0.7,100000,shelter,2,0,False,-0.3050066941,0,-0.251001077779,0.0540056163215,0.0178104088858
recoverable_risky_corridor-q_learning-s16-1a346912c794,16,q_learning,recoverable,0.86,100000,corridor,1,1,False,0.129739483384,0,0.184365863307,0.0546263799228,0.00115147140864
recoverable_risky_corridor-q_learning-s16-1c417d94de27,16,q_learning,recoverable,0.9,100000,corridor,1,1,False,0.330663811862,0,0.327725034525,0.00293877733707,0.00024993192822
recoverable_risky_corridor-q_learning-s16-88f57c18831f,16,q_learning,recoverable,0.855,100000,corridor,1,1,False,0.0322583990185,0,0.166450656348,0.13419225733,0
recoverable_risky_corridor-q_learning-s16-93b8c194efcd,16,q_learning,recoverable,0.825,100000,corridor,1,1,False,0.0471149342359,0,0.0624893765374,0.0153744423015,0.0156953355832
recoverable_risky_corridor-q_learning-s16-c16dac979121,16,q_learning,recoverable,0.82,100000,corridor,1,1,False,0.0786010151489,0,0.0457898229868,0.0328111921621,0.00936389678965
recoverable_risky_corridor-q_learning-s16-c8abac62e690,16,q_learning,recoverable,0.805,100000,corridor,1,1,False,0.140009470384,0,-0.00316967018487,0.143179140569,0.00349125851674
recoverable_risky_corridor-q_learning-s16-cc91f2e51401,16,q_learning,recoverable,0.88,100000,corridor,1,1,False,0.253329580954,0,0.257561734545,0.00423215359113,0
recoverable_risky_corridor-q_learning-s16-dd9d3b101d4b,16,q_learning,recoverable,1,100000,corridor,1,1,False,0.374301254331,0,0.376092816015,0.00179156168473,1.7763568394e-15
recoverable_risky_corridor-q_learning-s16-e551292e3c0c,16,q_learning,recoverable,0.81,100000,shelter,2,0,False,-0.0555610964848,0,0.012967494804,0.0685285912887,0.0148506038219
recoverable_risky_corridor-q_learning-s16-e80d870ebb65,16,q_learning,recoverable,0.85,100000,corridor,1,1,False,0.130657698726,0,0.148696743802,0.0180390450763,0
recoverable_risky_corridor-q_learning-s16-ec6b2918195c,16,q_learning,recoverable,0.6,100000,shelter,2,0,False,-0.341169619893,0,-0.240713795908,0.100455823985,0.055399572122
recoverable_risky_corridor-q_learning-s16-eefa9811b8d7,16,q_learning,recoverable,0.835,100000,corridor,1,1,False,0.128878426355,0,0.0964432347825,0.0324351915724,0
recoverable_risky_corridor-q_learning-s17-064b5adc4b31,17,q_learning,recoverable,1,100000,corridor,1,1,False,0.375024475041,0,0.376092816015,0.00106834097445,1.7763568394e-15
recoverable_risky_corridor-q_learning-s17-09671de2936e,17,q_learning,recoverable,0.86,100000,corridor,1,1,False,0.180287345428,0,0.184365863307,0.00407851787893,0.00115147140864
recoverable_risky_corridor-q_learning-s17-214ac779f305,17,q_learning,recoverable,0.88,100000,corridor,1,1,False,0.145275952788,0,0.257561734545,0.112285781757,0.000588420270753
recoverable_risky_corridor-q_learning-s17-2af0368950b3,17,q_learning,recoverable,0.82,100000,corridor,1,1,False,0.118759092868,0,0.0457898229868,0.0729692698817,0.00936374386905
recoverable_risky_corridor-q_learning-s17-3009adf22a0e,17,q_learning,recoverable,0.84,100000,corridor,1,1,False,0.148648118306,0,0.113688920151,0.0349591981546,0.00197119650552
recoverable_risky_corridor-q_learning-s17-38a9bea2888f,17,q_learning,recoverable,0.855,100000,corridor,1,1,False,0.144683761694,0,0.166450656348,0.0217668946543,0
recoverable_risky_corridor-q_learning-s17-4129408656e7,17,q_learning,recoverable,0.85,100000,corridor,1,1,False,0.143607650829,0,0.148696743802,0.00508909297304,0
recoverable_risky_corridor-q_learning-s17-471e35dd52e2,17,q_learning,recoverable,0.6,100000,shelter,2,0,False,-0.0289185872852,0,-0.240713795908,0.211795208623,0.00237035360561
recoverable_risky_corridor-q_learning-s17-4c95d4e2fcfa,17,q_learning,recoverable,0.78,100000,shelter,2,0,False,-0.0905013727458,0,-0.0811604025052,0.00934097024059,0.000268623192383
recoverable_risky_corridor-q_learning-s17-5687422d5af0,17,q_learning,recoverable,0.825,100000,shelter,2,0,False,-0.0432670770635,0,0.0624893765374,0.105756453601,0.0760677008947
recoverable_risky_corridor-q_learning-s17-94b1569bacf7,17,q_learning,recoverable,0.81,100000,shelter,2,0,False,-0.0294949043039,0,0.012967494804,0.0424623991079,0.0255292144377
recoverable_risky_corridor-q_learning-s17-96ad1296dc22,17,q_learning,recoverable,0.805,100000,shelter,2,0,False,-0.0954187959558,0,-0.00316967018487,0.0922491257709,0
recoverable_risky_corridor-q_learning-s17-96f7a30e7067,17,q_learning,recoverable,0.8,100000,shelter,2,0,False,-0.101052289778,0,-0.0191749004885,0.0818773892893,0.000759990519132
recoverable_risky_corridor-q_learning-s17-d252206f6c88,17,q_learning,recoverable,0.845,100000,corridor,1,1,False,0.145762995041,0,0.131108138527,0.0146548565144,0
recoverable_risky_corridor-q_learning-s17-d6aab8c8b820,17,q_learning,recoverable,0.79,100000,shelter,2,0,False,-0.150495197981,0,-0.0505832353953,0.0999119625862,0.0063319112974
recoverable_risky_corridor-q_learning-s17-dda86ed0f133,17,q_learning,recoverable,0.9,100000,corridor,1,1,False,0.25770628687,0,0.327725034525,0.0700187476558,0.000345434919606
recoverable_risky_corridor-q_learning-s17-ecbf9bf8d9e3,17,q_learning,recoverable,0.835,100000,corridor,1,1,False,0.0192488307938,0,0.0964432347825,0.0771944039887,0.012763472101
recoverable_risky_corridor-q_learning-s17-fa5b36dbafbb,17,q_learning,recoverable,0.7,100000,shelter,2,0,False,-0.282989083433,0,-0.251001077779,0.0319880056541,0.00130405604416
recoverable_risky_corridor-q_learning-s18-00803f3855d5,18,q_learning,recoverable,0.78,100000,shelter,2,0,False,-0.12831608379,0,-0.0811604025052,0.0471556812843,0.00510639738825
recoverable_risky_corridor-q_learning-s18-10216b6d961e,18,q_learning,recoverable,0.85,100000,corridor,1,1,False,0.148716972393,0,0.148696743802,2.02285902988e-05,0
recoverable_risky_corridor-q_learning-s18-12cfc31691d0,18,q_learning,recoverable,0.835,100000,shelter,2,0,False,-0.00906683261703,0,0.0964432347825,0.1055100674,0.105051840074
recoverable_risky_corridor-q_learning-s18-13cf9e545969,18,q_learning,recoverable,0.845,100000,corridor,1,1,False,0.0873007899863,0,0.131108138527,0.0438073485406,0
recoverable_risky_corridor-q_learning-s18-3786e1de4887,18,q_learning,recoverable,0.7,100000,shelter,2,0,False,-0.265495844003,0,-0.251001077779,0.0144947662245,0.00013968257345
recoverable_risky_corridor-q_learning-s18-3958e1af25ea,18,q_learning,recoverable,0.81,100000,corridor,1,1,False,0.0351450759506,0,0.012967494804,0.0221775811467,0.00762617154841
recoverable_risky_corridor-q_learning-s18-58906934d754,18,q_learning,recoverable,0.8,100000,shelter,2,0,False,-0.0331797828401,0,-0.0191749004885,0.0140048823516,0.000759990519132
recoverable_risky_corridor-q_learning-s18-67af9bebdcd4,18,q_learning,recoverable,1,100000,corridor,1,1,False,0.375290167587,0,0.376092816015,0.000802648428763,1.7763568394e-15
recoverable_risky_corridor-q_learning-s18-72468ebb1150,18,q_learning,recoverable,0.805,100000,shelter,2,0,False,-0.0916853725473,0,-0.00316967018487,0.0885157023624,0.00156077602973
recoverable_risky_corridor-q_learning-s18-7cdbf758c2ee,18,q_learning,recoverable,0.84,100000,corridor,1,1,False,0.0221043100514,0,0.113688920151,0.0915846100997,0.013697380341
recoverable_risky_corridor-q_learning-s18-938f0d29c7d2,18,q_learning,recoverable,0.855,100000,corridor,1,1,False,0.279334320637,0,0.166450656348,0.112883664288,0
recoverable_risky_corridor-q_learning-s18-9d9ae045bcdf,18,q_learning,recoverable,0.79,100000,shelter,2,0,False,-0.0582755858314,0,-0.0505832353953,0.00769235043613,0.00054653684221
recoverable_risky_corridor-q_learning-s18-ad821b8e20d2,18,q_learning,recoverable,0.82,100000,shelter,2,0,False,-0.0360147753093,0,0.0457898229868,0.0818045982961,0.0568848258158
recoverable_risky_corridor-q_learning-s18-b0b756ea3bf8,18,q_learning,recoverable,0.6,100000,shelter,2,0,False,-0.24937945767,0,-0.240713795908,0.00866566176198,0.00635137691701
recoverable_risky_corridor-q_learning-s18-b1308d228d64,18,q_learning,recoverable,0.825,100000,corridor,1,1,False,0.152706669955,0,0.0624893765374,0.0902172934175,0.0215646978667
recoverable_risky_corridor-q_learning-s18-d3e51f53aecc,18,q_learning,recoverable,0.86,100000,corridor,1,1,False,0.115970687466,0,0.184365863307,0.0683951758417,0
recoverable_risky_corridor-q_learning-s18-f632239e7dd4,18,q_learning,recoverable,0.88,100000,corridor,1,1,False,0.147769104107,0,0.257561734545,0.109792630439,0.000588420270753
recoverable_risky_corridor-q_learning-s18-fab915739a0d,18,q_learning,recoverable,0.9,100000,corridor,1,1,False,0.477203698667,0,0.327725034525,0.149478664141,0.000282718323537
recoverable_risky_corridor-q_learning-s19-00cc9ef4317a,19,q_learning,recoverable,0.8,100000,shelter,2,0,False,-0.0381489322423,0,-0.0191749004885,0.0189740317538,0.000759990519132
recoverable_risky_corridor-q_learning-s19-085f9f11edae,19,q_learning,recoverable,0.855,100000,corridor,1,1,False,0.165574302697,0,0.166450656348,0.000876353651065,0
recoverable_risky_corridor-q_learning-s19-188f40bcf73b,19,q_learning,recoverable,0.86,100000,corridor,1,1,False,0.192673128895,0,0.184365863307,0.00830726558743,0
recoverable_risky_corridor-q_learning-s19-1b9044686238,19,q_learning,recoverable,0.88,100000,corridor,1,1,False,0.315550969432,0,0.257561734545,0.0579892348869,0
recoverable_risky_corridor-q_learning-s19-3d6fda32da8b,19,q_learning,recoverable,0.81,100000,corridor,1,1,False,0.0539237775262,0,0.012967494804,0.0409562827223,0
recoverable_risky_corridor-q_learning-s19-41fa73cb8fd4,19,q_learning,recoverable,0.825,100000,corridor,1,1,False,0.0832334598006,0,0.0624893765374,0.0207440832632,0.0100237677788
recoverable_risky_corridor-q_learning-s19-4256c46bce66,19,q_learning,recoverable,1,100000,corridor,1,1,False,0.373654159704,0,0.376092816015,0.00243865631118,1.7763568394e-15
recoverable_risky_corridor-q_learning-s19-493ce8460155,19,q_learning,recoverable,0.845,100000,corridor,1,1,False,0.203402877915,0,0.131108138527,0.0722947393885,0
recoverable_risky_corridor-q_learning-s19-50e89b7aa312,19,q_learning,recoverable,0.85,100000,corridor,1,1,False,0.170004284104,0,0.148696743802,0.0213075403015,0.00152621656602
recoverable_risky_corridor-q_learning-s19-594bf0acfd5e,19,q_learning,recoverable,0.7,100000,shelter,2,0,False,-0.307863965433,0,-0.251001077779,0.056862887654,0.00227592527941
recoverable_risky_corridor-q_learning-s19-8c9af97d1cf7,19,q_learning,recoverable,0.82,100000,corridor,1,1,False,0.130532529852,0,0.0457898229868,0.084742706865,0.0124530342231
recoverable_risky_corridor-q_learning-s19-932fb95b3f68,19,q_learning,recoverable,0.805,100000,shelter,2,0,False,-0.00341578032663,0,-0.00316967018487,0.000246110141756,0.00156077602973
recoverable_risky_corridor-q_learning-s19-a83e1ab5d7ca,19,q_learning,recoverable,0.78,100000,shelter,2,0,False,-0.0816852034152,0,-0.0811604025052,0.00052480091,0.00415467423316
recoverable_risky_corridor-q_learning-s19-c4e70fcf3660,19,q_learning,recoverable,0.835,100000,corridor,1,1,False,0.109766418502,0,0.0964432347825,0.0133231837194,0.0111690786217
recoverable_risky_corridor-q_learning-s19-cde91e049b1d,19,q_learning,recoverable,0.79,100000,shelter,2,0,False,-0.0701344684542,0,-0.0505832353953,0.019551233059,0.000546626672655
recoverable_risky_corridor-q_learning-s19-d98323031783,19,q_learning,recoverable,0.84,100000,corridor,1,1,False,0.15433913568,0,0.113688920151,0.0406502155293,0
recoverable_risky_corridor-q_learning-s19-e29be7ddf2ab,19,q_learning,recoverable,0.6,100000,shelter,2,0,False,-0.409226155583,0,-0.240713795908,0.168512359675,0.0032448529107
recoverable_risky_corridor-q_learning-s19-ec17179df5e3,19,q_learning,recoverable,0.9,100000,corridor,1,1,False,0.345891335248,0,0.327725034525,0.0181663007223,0
recoverable_risky_corridor-q_learning-s2-1869800f99f1,2,q_learning,recoverable,0.805,100000,shelter,2,0,False,-0.128278600653,0,-0.00316967018487,0.125108930468,0.00495495778219
recoverable_risky_corridor-q_learning-s2-1a466cd48303,2,q_learning,recoverable,0.84,100000,corridor,1,1,False,0.0996237885249,0,0.113688920151,0.0140651316263,0.0116557273481
recoverable_risky_corridor-q_learning-s2-30a99de7350d,2,q_learning,recoverable,1,100000,corridor,1,1,False,0.375158356757,0,0.376092816015,0.000934459258167,1.7763568394e-15
recoverable_risky_corridor-q_learning-s2-3839577c2095,2,q_learning,recoverable,0.88,100000,corridor,1,1,False,0.229692801878,0,0.257561734545,0.0278689326672,0.000588420270753
recoverable_risky_corridor-q_learning-s2-576103b80653,2,q_learning,recoverable,0.855,100000,corridor,1,1,False,0.219248586516,0,0.166450656348,0.0527979301677,0.00133044434225
recoverable_risky_corridor-q_learning-s2-5c6759af721a,2,q_learning,recoverable,0.85,100000,corridor,1,1,False,0.165898282605,0,0.148696743802,0.0172015388031,0.00152621656602
recoverable_risky_corridor-q_learning-s2-5d92fea7a404,2,q_learning,recoverable,0.8,100000,shelter,2,0,False,-0.0671765142116,0,-0.0191749004885,0.0480016137231,0.00140195985613
recoverable_risky_corridor-q_learning-s2-7810fc4204c0,2,q_learning,recoverable,0.82,100000,shelter,2,0,False,-0.0178260091366,0,0.0457898229868,0.0636158321234,0.0560097129799
recoverable_risky_corridor-q_learning-s2-83b7cd1d0901,2,q_learning,recoverable,0.79,100000,shelter,2,0,False,-0.0603384356021,0,-0.0505832353953,0.00975520020687,0.00054653684221
recoverable_risky_corridor-q_learning-s2-869903cea437,2,q_learning,recoverable,0.81,100000,shelter,2,0,False,-0.0277869237422,0,0.012967494804,0.0407544185461,0.0157664841073
recoverable_risky_corridor-q_learning-s2-8b5db0ff4dd0,2,q_learning,recoverable,0.7,100000,shelter,2,0,False,-0.19634685769,0,-0.251001077779,0.0546542200887,0.000777489946612
recoverable_risky_corridor-q_learning-s2-a1f83a9bec21,2,q_learning,recoverable,0.86,100000,corridor,1,1,False,0.233593516219,0,0.184365863307,0.0492276529117,0.00115147140864
recoverable_risky_corridor-q_learning-s2-ada0ff2b83b2,2,q_learning,recoverable,0.6,100000,shelter,2,0,False,-0.233463428168,0,-0.240713795908,0.00725036774009,0.00965568177652
recoverable_risky_corridor-q_learning-s2-bf788e583ccc,2,q_learning,recoverable,0.845,100000,corridor,1,1,False,0.167381027076,0,0.131108138527,0.0362728885489,0
recoverable_risky_corridor-q_learning-s2-ca6fb81c12a7,2,q_learning,recoverable,0.835,100000,corridor,1,1,False,0.0724700874239,0,0.0964432347825,0.0239731473586,0
recoverable_risky_corridor-q_learning-s2-cbef930d2883,2,q_learning,recoverable,0.825,100000,corridor,1,1,False,0.0920964768727,0,0.0624893765374,0.0296071003352,0.0100237677788
recoverable_risky_corridor-q_learning-s2-e250120f5f5d,2,q_learning,recoverable,0.9,100000,corridor,1,1,False,0.432370094164,0,0.327725034525,0.104645059638,0.000282718323537
recoverable_risky_corridor-q_learning-s2-e8aab94864a6,2,q_learning,recoverable,0.78,100000,shelter,2,0,False,-0.0727551176494,0,-0.0811604025052,0.00840528485588,0.000492183225855
recoverable_risky_corridor-q_learning-s3-08d2a541256a,3,q_learning,recoverable,1,100000,corridor,1,1,False,0.374692046875,0,0.376092816015,0.00140076913987,1.7763568394e-15
recoverable_risky_corridor-q_learning-s3-0ba0516b693c,3,q_learning,recoverable,0.845,100000,corridor,1,1,False,0.145523350372,0,0.131108138527,0.0144152118456,0.0120855467251
recoverable_risky_corridor-q_learning-s3-12d242862aec,3,q_learning,recoverable,0.825,100000,corridor,1,1,False,0.0708255219084,0,0.0624893765374,0.00833614537095,0.00657711718261
recoverable_risky_corridor-q_learning-s3-1d1b14c9bda4,3,q_learning,recoverable,0.835,100000,corridor,1,1,False,0.0591036526568,0,0.0964432347825,0.0373395821257,0.00991044875485
recoverable_risky_corridor-q_learning-s3-4743e67e0344,3,q_learning,recoverable,0.86,100000,corridor,1,1,False,0.231107942559,0,0.184365863307,0.0467420792515,0
recoverable_risky_corridor-q_learning-s3-5e4bafe7a1b7,3,q_learning,recoverable,0.84,100000,corridor,1,1,False,0.177089214002,0,0.113688920151,0.0634002938513,0
recoverable_risky_corridor-q_learning-s3-9492c3701109,3,q_learning,recoverable,0.85,100000,corridor,1,1,False,0.0753924452174,0,0.148696743802,0.0733042985848,0
recoverable_risky_corridor-q_learning-s3-a1d98ed76bad,3,q_learning,recoverable,0.82,100000,shelter,2,0,False,-0.0449607849508,0,0.0457898229868,0.0907506079376,0.0549885457154
recoverable_risky_corridor-q_learning-s3-bb758883208e,3,q_learning,recoverable,0.805,100000,shelter,2,0,False,-0.0826931231546,0,-0.00316967018487,0.0795234529697,0.00156077602973
recoverable_risky_corridor-q_learning-s3-c5a84a5517b7,3,q_learning,recoverable,0.88,100000,corridor,1,1,False,0.320156147851,0,0.257561734545,0.062594413305,0.000588420270753
recoverable_risky_corridor-q_learning-s3-c9d368f9cc88,3,q_learning,recoverable,0.8,100000,shelter,2,0,False,-0.113089741552,0,-0.0191749004885,0.0939148410632,0.00261847267465
recoverable_risky_corridor-q_learning-s3-cc48bb8507b3,3,q_learning,recoverable,0.78,100000,shelter,2,0,False,-0.129564374927,0,-0.0811604025052,0.0484039724221,0.00388545310601
recoverable_risky_corridor-q_learning-s3-d067a3a7719b,3,q_learning,recoverable,0.6,100000,shelter,2,0,False,-0.270933736796,0,-0.240713795908,0.0302199408877,0.0470831344993
recoverable_risky_corridor-q_learning-s3-e3bb6c836e0f,3,q_learning,recoverable,0.9,100000,corridor,1,1,False,0.433032864185,0,0.327725034525,0.10530782966,0.000282718323537
recoverable_risky_corridor-q_learning-s3-ec284c8294f1,3,q_learning,recoverable,0.7,100000,shelter,2,0,False,-0.236391963814,0,-0.251001077779,0.0146091139647,0.00137724724994
recoverable_risky_corridor-q_learning-s3-f4cf564d6191,3,q_learning,recoverable,0.79,100000,shelter,2,0,False,-0.142390583448,0,-0.0505832353953,0.0918073480532,0.00428618652685
recoverable_risky_corridor-q_learning-s3-f7e98bcc6fe0,3,q_learning,recoverable,0.81,100000,corridor,1,1,False,0.0241265684429,0,0.012967494804,0.011159073639,0.00762617154841
recoverable_risky_corridor-q_learning-s3-f81564d0175d,3,q_learning,recoverable,0.855,100000,corridor,1,1,False,0.131689267854,0,0.166450656348,0.0347613884943,0
recoverable_risky_corridor-q_learning-s4-072a03e9082c,4,q_learning,recoverable,1,100000,corridor,1,1,False,0.374910414161,0,0.376092816015,0.00118240185457,1.7763568394e-15
recoverable_risky_corridor-q_learning-s4-11b1867d5da5,4,q_learning,recoverable,0.86,100000,corridor,1,1,False,0.256686590657,0,0.184365863307,0.0723207273493,0
recoverable_risky_corridor-q_learning-s4-1cdfdd0c3cab,4,q_learning,recoverable,0.845,100000,corridor,1,1,False,0.198357632212,0,0.131108138527,0.0672494936853,0
recoverable_risky_corridor-q_learning-s4-33e4676f15f6,4,q_learning,recoverable,0.6,100000,shelter,2,0,False,-0.325004160226,0,-0.240713795908,0.0842903643176,0.0516834521933
recoverable_risky_corridor-q_learning-s4-59efe24dd7f3,4,q_learning,recoverable,0.88,100000,corridor,1,1,False,0.317948982573,0,0.257561734545,0.0603872480272,0
recoverable_risky_corridor-q_learning-s4-6ef5fd93f0f6,4,q_learning,recoverable,0.82,100000,corridor,1,1,False,0.146537519693,0,0.0457898229868,0.100747696706,0.00936389678965
recoverable_risky_corridor-q_learning-s4-719e02008b31,4,q_learning,recoverable,0.8,100000,shelter,2,0,False,-0.0601549581299,0,-0.0191749004885,0.0409800576414,0.00987243800962
recoverable_risky_corridor-q_learning-s4-72e1ed7c4d8d,4,q_learning,recoverable,0.7,100000,shelter,2,0,False,-0.276151417388,0,-0.251001077779,0.0251503396095,0.0641077868188
recoverable_risky_corridor-q_learning-s4-77a8390fafbf,4,q_learning,recoverable,0.855,100000,corridor,1,1,False,0.265135623566,0,0.166450656348,0.0986849672178,0
recoverable_risky_corridor-q_learning-s4-7ddec3037ae1,4,q_learning,recoverable,0.79,100000,shelter,2,0,False,-0.0960216244979,0,-0.0505832353953,0.0454383891026,0.00054653684221
recoverable_risky_corridor-q_learning-s4-a3ac1576f605,4,q_learning,recoverable,0.835,100000,corridor,1,1,False,0.070754564708,0,0.0964432347825,0.0256886700745,0.00991044875485
recoverable_risky_corridor-q_learning-s4-b04639a97829,4,q_learning,recoverable,0.9,100000,corridor,1,1,False,0.214913471609,0,0.327725034525,0.112811562916,0.000345434919606
recoverable_risky_corridor-q_learning-s4-b42499435106,4,q_learning,recoverable,0.825,100000,corridor,1,1,False,0.0730645294872,0,0.0624893765374,0.0105751529498,0.0141754893049
recoverable_risky_corridor-q_learning-s4-b81fb82d2995,4,q_learning,recoverable,0.84,100000,corridor,1,1,False,0.142810190315,0,0.113688920151,0.029121270164,0.01327585934
recoverable_risky_corridor-q_learning-s4-d39bcc6ac0ce,4,q_learning,recoverable,0.805,100000,shelter,2,0,False,-0.0357654908478,0,-0.00316967018487,0.032595820663,0.00156077602973
recoverable_risky_corridor-q_learning-s4-dece53437b8d,4,q_learning,recoverable,0.81,100000,shelter,2,0,False,-0.0932084504905,0,0.012967494804,0.106175945294,0.0200076134492
recoverable_risky_corridor-q_learning-s4-e506238d791e,4,q_learning,recoverable,0.78,100000,shelter,2,0,False,-0.0619686598534,0,-0.0811604025052,0.0191917426519,0.0052938121625
recoverable_risky_corridor-q_learning-s4-e7a141703fd1,4,q_learning,recoverable,0.85,100000,corridor,1,1,False,0.186149963572,0,0.148696743802,0.0374532197693,0.00152621656602
recoverable_risky_corridor-q_learning-s5-0a33f351f1b2,5,q_learning,recoverable,1,100000,corridor,1,1,False,0.375068503243,0,0.376092816015,0.00102431277265,1.7763568394e-15
recoverable_risky_corridor-q_learning-s5-1d3ebe4db961,5,q_learning,recoverable,0.86,100000,corridor,1,1,False,0.183859451306,0,0.184365863307,0.000506412001794,0
recoverable_risky_corridor-q_learning-s5-212c776da911,5,q_learning,recoverable,0.82,100000,corridor,1,1,False,0.134857810701,0,0.0457898229868,0.0890679877142,0.00309608264847
recoverable_risky_corridor-q_learning-s5-392f7822137f,5,q_learning,recoverable,0.9,100000,corridor,1,1,False,0.311839974941,0,0.327725034525,0.0158850595842,0.00472060647169
recoverable_risky_corridor-q_learning-s5-41ea3dab1965,5,q_learning,recoverable,0.8,100000,shelter,2,0,False,-0.0636199564708,0,-0.0191749004885,0.0444450559823,0.0049000543986
recoverable_risky_corridor-q_learning-s5-444aa7f9ae2f,5,q_learning,recoverable,0.85,100000,corridor,1,1,False,0.0710845747284,0,0.148696743802,0.0776121690739,0.012459235712
recoverable_risky_corridor-q_learning-s5-4bed6b4bd4c4,5,q_learning,recoverable,0.855,100000,corridor,1,1,False,0.0739236819168,0,0.166450656348,0.0925269744316,0.00133044434225
recoverable_risky_corridor-q_learning-s5-52283776dff5,5,q_learning,recoverable,0.6,100000,shelter,2,0,False,-0.248890701084,0,-0.240713795908,0.00817690517622,0.0440991204662
recoverable_risky_corridor-q_learning-s5-5db642216f4d,5,q_learning,recoverable,0.845,100000,corridor,1,1,False,0.16128266225,0,0.131108138527,0.0301745237229,0.0120855467251
recoverable_risky_corridor-q_learning-s5-606654cfd51e,5,q_learning,recoverable,0.88,100000,corridor,1,1,False,0.296667909079,0,0.257561734545,0.0391061745331,0
recoverable_risky_corridor-q_learning-s5-6c895b0da328,5,q_learning,recoverable,0.84,100000,corridor,1,1,False,0.112903050063,0,0.113688920151,0.000785870088018,0
recoverable_risky_corridor-q_learning-s5-9038c3087b50,5,q_learning,recoverable,0.7,100000,shelter,2,0,False,-0.324573396686,0,-0.251001077779,0.0735723189069,0.00128015211043
recoverable_risky_corridor-q_learning-s5-a77a637a48ac,5,q_learning,recoverable,0.825,100000,corridor,1,1,False,0.0757687654615,0,0.0624893765374,0.0132793889241,0.0184973407131
recoverable_risky_corridor-q_learning-s5-ac913c38bfd9,5,q_learning,recoverable,0.835,100000,corridor,1,1,False,0.219926418705,0,0.0964432347825,0.123483183923,0
recoverable_risky_corridor-q_learning-s5-b6a4924e75dd,5,q_learning,recoverable,0.805,100000,shelter,2,0,False,-0.0669199806279,0,-0.00316967018487,0.063750310443,0.0141850195603
recoverable_risky_corridor-q_learning-s5-b76c1e5c18b6,5,q_learning,recoverable,0.79,100000,shelter,2,0,False,-0.0627492828487,0,-0.0505832353953,0.0121660474534,0
recoverable_risky_corridor-q_learning-s5-d0801fcd7a7d,5,q_learning,recoverable,0.78,100000,shelter,2,0,False,-0.0708819228656,0,-0.0811604025052,0.0102784796396,0.00388545310601
recoverable_risky_corridor-q_learning-s5-d3846a1078b4,5,q_learning,recoverable,0.81,100000,shelter,2,0,False,-0.0258068286825,0,0.012967494804,0.0387743234864,0.0157664841073
recoverable_risky_corridor-q_learning-s6-06519cea2b01,6,q_learning,recoverable,0.8,100000,shelter,2,0,False,-0.125460867738,0,-0.0191749004885,0.106285967249,0.0049000543986
recoverable_risky_corridor-q_learning-s6-08abe410f82d,6,q_learning,recoverable,0.805,100000,shelter,2,0,False,-0.0638021875121,0,-0.00316967018487,0.0606325173273,0.00529212322722
recoverable_risky_corridor-q_learning-s6-0dd18f8baf4d,6,q_learning,recoverable,0.6,100000,shelter,2,0,False,-0.235548586443,0,-0.240713795908,0.00516520946522,0.0785660552187
recoverable_risky_corridor-q_learning-s6-21fcd2bed90b,6,q_learning,recoverable,0.85,100000,corridor,1,1,False,0.13601299275,0,0.148696743802,0.0126837510518,0.00152621656602
recoverable_risky_corridor-q_learning-s6-226fa56b3433,6,q_learning,recoverable,0.825,100000,shelter,2,0,False,-0.03400823174,0,0.0624893765374,0.0964976082774,0.0760677782675
recoverable_risky_corridor-q_learning-s6-35a29983bfa0,6,q_learning,recoverable,0.84,100000,corridor,1,1,False,0.0647085588233,0,0.113688920151,0.0489803613279,0
recoverable_risky_corridor-q_learning-s6-459467980471,6,q_learning,recoverable,0.81,100000,shelter,2,0,False,-0.0644988576968,0,0.012967494804,0.0774663525008,0.0148506038219
recoverable_risky_corridor-q_learning-s6-5bbf36697090,6,q_learning,recoverable,0.86,100000,corridor,1,1,False,0.169152175768,0,0.184365863307,0.0152136875393,0.00115147140864
recoverable_risky_corridor-q_learning-s6-5fac96ee6764,6,q_learning,recoverable,0.88,100000,corridor,1,1,False,0.190612956229,0,0.257561734545,0.0669487783165,0.000588420270753
recoverable_risky_corridor-q_learning-s6-671d96f55421,6,q_learning,recoverable,0.855,100000,corridor,1,1,False,0.160644718375,0,0.166450656348,0.00580593797332,0
recoverable_risky_corridor-q_learning-s6-87301f55cfa8,6,q_learning,recoverable,0.9,100000,corridor,1,1,False,0.353364566757,0,0.327725034525,0.0256395322319,0.000345434919606
recoverable_risky_corridor-q_learning-s6-8db1605b2861,6,q_learning,recoverable,0.79,100000,shelter,2,0,False,-0.0962823935592,0,-0.0505832353953,0.0456991581639,0.00551775719929
recoverable_risky_corridor-q_learning-s6-9beada0a171a,6,q_learning,recoverable,0.845,100000,corridor,1,1,False,0.137496348299,0,0.131108138527,0.00638820977173,0
recoverable_risky_corridor-q_learning-s6-a6748a8619dd,6,q_learning,recoverable,1,100000,corridor,1,1,False,0.375007237446,0,0.376092816015,0.0010855785692,1.7763568394e-15
recoverable_risky_corridor-q_learning-s6-a95d5de650dd,6,q_learning,recoverable,0.82,100000,shelter,2,0,False,-0.0191209111064,0,0.0457898229868,0.0649107340932,0.0560097129799
recoverable_risky_corridor-q_learning-s6-d68f904be2b7,6,q_learning,recoverable,0.835,100000,shelter,2,0,False,-0.0120856249186,0,0.0964432347825,0.108528859701,0.108868044427
recoverable_risky_corridor-q_learning-s6-f2efa7897bfc,6,q_learning,recoverable,0.7,100000,shelter,2,0,False,-0.297355347496,0,-0.251001077779,0.046354269717,0.00171357660025
recoverable_risky_corridor-q_learning-s6-fa1a756a6425,6,q_learning,recoverable,0.78,100000,shelter,2,0,False,-0.143172902115,0,-0.0811604025052,0.06201249961,0.000492183225855
recoverable_risky_corridor-q_learning-s7-0440c544d1ba,7,q_learning,recoverable,0.81,100000,shelter,2,0,False,-0.0382061080786,0,0.012967494804,0.0511736028826,0.0157665380215
recoverable_risky_corridor-q_learning-s7-1710ceac9dce,7,q_learning,recoverable,1,100000,corridor,1,1,False,0.374419518219,0,0.376092816015,0.0016732977959,1.7763568394e-15
recoverable_risky_corridor-q_learning-s7-1ca93947b067,7,q_learning,recoverable,0.805,100000,shelter,2,0,False,-0.0705322817044,0,-0.00316967018487,0.0673626115195,0.000844683275418
recoverable_risky_corridor-q_learning-s7-2a97f968783c,7,q_learning,recoverable,0.7,100000,shelter,2,0,False,-0.297619044316,0,-0.251001077779,0.0466179665375,0.00268990874537
recoverable_risky_corridor-q_learning-s7-3806c86b9517,7,q_learning,recoverable,0.88,100000,corridor,1,1,False,0.265616819424,0,0.257561734545,0.00805508487819,0
recoverable_risky_corridor-q_learning-s7-3ce263339e31,7,q_learning,recoverable,0.835,100000,shelter,2,0,False,-0.0286151792687,0,0.0964432347825,0.125058414051,0.107028107007
recoverable_risky_corridor-q_learning-s7-422a09a17cb5,7,q_learning,recoverable,0.845,100000,corridor,1,1,False,0.182509698271,0,0.131108138527,0.051401559744,0.0120855910902
recoverable_risky_corridor-q_learning-s7-6b2fd12d4a06,7,q_learning,recoverable,0.79,100000,shelter,2,0,False,-0.0979465651007,0,-0.0505832353953,0.0473633297054,0.00774668513052
recoverable_risky_corridor-q_learning-s7-75ef41cb3883,7,q_learning,recoverable,0.82,100000,corridor,1,1,False,0.110284970928,0,0.0457898229868,0.064495147941,0.0204753509169
recoverable_risky_corridor-q_learning-s7-7923c97c8619,7,q_learning,recoverable,0.85,100000,corridor,1,1,False,0.0598207330387,0,0.148696743802,0.0888760107636,0.00152621656602
recoverable_risky_corridor-q_learning-s7-9afc0c3cd7b7,7,q_learning,recoverable,0.86,100000,corridor,1,1,False,0.165727754931,0,0.184365863307,0.0186381083762,0.0130401533003
recoverable_risky_corridor-q_learning-s7-9fc1363000ec,7,q_learning,recoverable,0.9,100000,corridor,1,1,False,0.210947653229,0,0.327725034525,0.116777381296,0.00432312116579
recoverable_risky_corridor-q_learning-s7-a1d442ca502e,7,q_learning,recoverable,0.6,100000,shelter,2,0,False,-0.180339443432,0,-0.240713795908,0.0603743524759,0
recoverable_risky_corridor-q_learning-s7-b67303e3eb6a,7,q_learning,recoverable,0.8,100000,shelter,2,0,False,-0.038648084002,0,-0.0191749004885,0.0194731835135,0.00140195985613
recoverable_risky_corridor-q_learning-s7-c5d4a73101c3,7,q_learning,recoverable,0.825,100000,shelter,2,0,False,-0.0421270939249,0,0.0624893765374,0.104616470462,0.0760677782675
recoverable_risky_corridor-q_learning-s7-da3007763608,7,q_learning,recoverable,0.78,100000,shelter,2,0,False,-0.160000621939,0,-0.0811604025052,0.0788402194334,0.00388545310601
recoverable_risky_corridor-q_learning-s7-ed6ebe91a7fe,7,q_learning,recoverable,0.84,100000,corridor,1,1,False,0.10075972942,0,0.113688920151,0.0129291907313,0.01327585934
recoverable_risky_corridor-q_learning-s7-ee4e14ed7993,7,q_learning,recoverable,0.855,100000,corridor,1,1,False,0.0907333322753,0,0.166450656348,0.0757173240731,0.00133044434225
recoverable_risky_corridor-q_learning-s8-1a8f40c67de2,8,q_learning,recoverable,0.88,100000,corridor,1,1,False,0.351459870519,0,0.257561734545,0.0938981359733,0
recoverable_risky_corridor-q_learning-s8-3742b15a8a9c,8,q_learning,recoverable,0.9,100000,corridor,1,1,False,0.356993470343,0,0.327725034525,0.0292684358172,0.000345434919606
recoverable_risky_corridor-q_learning-s8-4a831cc7aa13,8,q_learning,recoverable,0.84,100000,corridor,1,1,False,0.184116451431,0,0.113688920151,0.0704275312796,0
recoverable_risky_corridor-q_learning-s8-4f856ac40a24,8,q_learning,recoverable,0.805,100000,shelter,2,0,False,-0.0116936713895,0,-0.00316967018487,0.00852400120467,0.000844683275418
recoverable_risky_corridor-q_learning-s8-555b4a1f688f,8,q_learning,recoverable,0.8,100000,shelter,2,0,False,-0.0451513663975,0,-0.0191749004885,0.025976465909,0.00140195985613
recoverable_risky_corridor-q_learning-s8-64b6f9be83cf,8,q_learning,recoverable,0.845,100000,corridor,1,1,False,0.0226802919467,0,0.131108138527,0.10842784658,0
recoverable_risky_corridor-q_learning-s8-6a732851dd23,8,q_learning,recoverable,0.855,100000,corridor,1,1,False,0.147921649557,0,0.166450656348,0.0185290067916,0.00133044434225
recoverable_risky_corridor-q_learning-s8-77c3869a8103,8,q_learning,recoverable,0.7,100000,shelter,2,0,False,-0.238240308975,0,-0.251001077779,0.0127607688035,0.00349742998565
recoverable_risky_corridor-q_learning-s8-7a27351d76c3,8,q_learning,recoverable,0.82,100000,shelter,2,0,False,-0.0682905796552,0,0.0457898229868,0.114080402642,0.0668596524904
recoverable_risky_corridor-q_learning-s8-7cb0ed840d4c,8,q_learning,recoverable,0.86,100000,corridor,1,1,False,0.191909052084,0,0.184365863307,0.00754318877713,0
recoverable_risky_corridor-q_learning-s8-8177d048cc48,8,q_learning,recoverable,0.81,100000,shelter,2,0,False,-0.0529208606894,0,0.012967494804,0.0658883554933,0.0157665380215
recoverable_risky_corridor-q_learning-s8-a88936661689,8,q_learning,recoverable,0.85,100000,corridor,1,1,False,0.147818616088,0,0.148696743802,0.000878127714423,0.00152621656602
recoverable_risky_corridor-q_learning-s8-bddf010705f4,8,q_learning,recoverable,0.835,100000,corridor,1,1,False,0.163233544069,0,0.0964432347825,0.0667903092866,0
recoverable_risky_corridor-q_learning-s8-bee205b986c8,8,q_learning,recoverable,0.79,100000,shelter,2,0,False,-0.0722864489261,0,-0.0505832353953,0.0217032135308,0.0100362677834
recoverable_risky_corridor-q_learning-s8-dd220c65cb8b,8,q_learning,recoverable,0.78,100000,shelter,2,0,False,-0.184725165194,0,-0.0811604025052,0.103564762689,0.0166666235241
recoverable_risky_corridor-q_learning-s8-e50e07512a0a,8,q_learning,recoverable,0.6,100000,shelter,2,0,False,-0.378935368321,0,-0.240713795908,0.138221572413,0.0232322852104
recoverable_risky_corridor-q_learning-s8-eb25dfa0ceee,8,q_learning,recoverable,1,100000,corridor,1,1,False,0.3743372501,0,0.376092816015,0.00175556591575,1.7763568394e-15
recoverable_risky_corridor-q_learning-s8-ef29bce68f89,8,q_learning,recoverable,0.825,100000,corridor,1,1,False,0.12675853881,0,0.0624893765374,0.0642691622729,0
recoverable_risky_corridor-q_learning-s9-17c8037551a6,9,q_learning,recoverable,0.82,100000,corridor,1,1,False,0.161680710865,0,0.0457898229868,0.115890887878,0.00936374386905
recoverable_risky_corridor-q_learning-s9-2ec03a1647af,9,q_learning,recoverable,0.88,100000,corridor,1,1,False,0.329857048442,0,0.257561734545,0.0722953138965,0
recoverable_risky_corridor-q_learning-s9-308bf9ccc008,9,q_learning,recoverable,0.86,100000,corridor,1,1,False,0.22967261654,0,0.184365863307,0.0453067532325,0
recoverable_risky_corridor-q_learning-s9-30cde9efe6fa,9,q_learning,recoverable,0.855,100000,corridor,1,1,False,0.119416560205,0,0.166450656348,0.0470340961434,0
recoverable_risky_corridor-q_learning-s9-328e53b7aa21,9,q_learning,recoverable,0.84,100000,corridor,1,1,False,0.188444048521,0,0.113688920151,0.0747551283701,0
recoverable_risky_corridor-q_learning-s9-4295a204b935,9,q_learning,recoverable,0.85,100000,corridor,1,1,False,0.101141156814,0,0.148696743802,0.047555586988,0.00152621656602
recoverable_risky_corridor-q_learning-s9-520c2601ed23,9,q_learning,recoverable,0.7,100000,shelter,2,0,False,-0.234784283747,0,-0.251001077779,0.0162167940321,0.003299861651
recoverable_risky_corridor-q_learning-s9-57f5bc609c49,9,q_learning,recoverable,0.81,100000,shelter,2,0,False,-0.0644309510003,0,0.012967494804,0.0773984458042,0.0148506038219
recoverable_risky_corridor-q_learning-s9-5c34911639cd,9,q_learning,recoverable,1,100000,corridor,1,1,False,0.373563503947,0,0.376092816015,0.0025293120685,1.7763568394e-15
recoverable_risky_corridor-q_learning-s9-63ec322d05da,9,q_learning,recoverable,0.8,100000,shelter,2,0,False,-0.0611314071996,0,-0.0191749004885,0.0419565067111,0.0185036036016
recoverable_risky_corridor-q_learning-s9-65e9f1219396,9,q_learning,recoverable,0.9,100000,corridor,1,1,False,0.357181381971,0,0.327725034525,0.0294563474454,0.000345434919606
recoverable_risky_corridor-q_learning-s9-8e1b616d1455,9,q_learning,recoverable,0.805,100000,shelter,2,0,False,-0.0799401114511,0,-0.00316967018487,0.0767704412663,0
recoverable_risky_corridor-q_learning-s9-ba773a126abd,9,q_learning,recoverable,0.6,100000,shelter,2,0,False,-0.272175656925,0,-0.240713795908,0.0314618610172,0.0658064483005
recoverable_risky_corridor-q_learning-s9-c71603244d45,9,q_learning,recoverable,0.825,100000,shelter,2,0,False,-0.0594645424212,0,0.0624893765374,0.121953918959,0.0769767889492
recoverable_risky_corridor-q_learning-s9-e58bd3f6a2cb,9,q_learning,recoverable,0.835,100000,corridor,1,1,False,0.102569972725,0,0.0964432347825,0.00612673794236,0.0201314054056
recoverable_risky_corridor-q_learning-s9-f36c771ea92e,9,q_learning,recoverable,0.78,100000,shelter,2,0,False,-0.0919610738145,0,-0.0811604025052,0.0108006713093,0.0541930420969
recoverable_risky_corridor-q_learning-s9-f7900db9cf5b,9,q_learning,recoverable,0.79,100000,shelter,2,0,False,-0.147281013445,0,-0.0505832353953,0.0966977780498,0.00409950715026
recoverable_risky_corridor-q_learning-s9-f8ee66f7664f,9,q_learning,recoverable,0.845,100000,corridor,1,1,False,0.149148979731,0,0.131108138527,0.0180408412043,0.00173954763519
recoverable_risky_corridor-sarsa-s0-247ee7f2b8df,0,sarsa,recoverable,0.81,100000,shelter,2,0,False,-0.0447757813089,0.1,-0.118235099096,0.0734593177874,0.0157665380215
recoverable_risky_corridor-sarsa-s0-2ed928928a4d,0,sarsa,recoverable,0.79,100000,shelter,2,0,False,-0.0513722603529,0.1,-0.171922745115,0.120550484762,0.00473573345601
recoverable_risky_corridor-sarsa-s0-3210562d7a55,0,sarsa,recoverable,0.84,100000,shelter,2,0,False,-0.0765755327226,0.1,-0.025266788294,0.0513087444286,0.149939449257
recoverable_risky_corridor-sarsa-s0-4e4bb193c52f,0,sarsa,recoverable,0.7,100000,shelter,2,0,False,-0.172032580531,0.1,-0.284213191927,0.112180611396,0.00824245216168
recoverable_risky_corridor-sarsa-s0-5f506b331b7b,0,sarsa,recoverable,0.85,100000,shelter,2,0,False,-0.0203328754136,0.1,0.00729888184311,0.0276317572567,0.162684533263
recoverable_risky_corridor-sarsa-s0-603836e4b795,0,sarsa,recoverable,0.9,100000,corridor,1,1,False,0.0984156821286,0.1,0.180979631109,0.0825639489801,0.00057930223572
recoverable_risky_corridor-sarsa-s0-6b40466d99e7,0,sarsa,recoverable,0.835,100000,shelter,2,0,False,-0.0808552095894,0.1,-0.0412706073757,0.0395846022136,0.108868044427
recoverable_risky_corridor-sarsa-s0-81b92689a9ea,0,sarsa,recoverable,0.88,100000,corridor,1,1,False,0.111682938301,0.1,0.109429583006,0.00225335529487,0.0135504560955
recoverable_risky_corridor-sarsa-s0-91e98595dd54,0,sarsa,recoverable,1,100000,corridor,1,1,False,0.348926485677,0.1,0.395318579314,0.0463920936374,1.7763568394e-15
recoverable_risky_corridor-sarsa-s0-9cc05a14ec72,0,sarsa,recoverable,0.845,100000,corridor,1,1,False,0.0150523084851,0.1,-0.00906807797656,0.0241203864617,0.033550239163
recoverable_risky_corridor-sarsa-s0-9eabb75c92ce,0,sarsa,recoverable,0.855,100000,shelter,2,0,False,-0.0688077873951,0.1,0.0238588234957,0.0926666108908,0.194295653453
recoverable_risky_corridor-sarsa-s0-a4c41829f945,0,sarsa,recoverable,0.805,100000,shelter,2,0,False,-0.0371624593094,0.1,-0.132990346924,0.095827887615,0.0115076438007
recoverable_risky_corridor-sarsa-s0-ce0403cb3f48,0,sarsa,recoverable,0.82,100000,shelter,2,0,False,-0.0754483677989,0.1,-0.0880753974699,0.012627029671,0.0605075363119
recoverable_risky_corridor-sarsa-s0-d5dfc6ca5488,0,sarsa,recoverable,0.78,100000,shelter,2,0,False,-0.036534317783,0.1,-0.196011253092,0.159476935309,0.0138259201894
recoverable_risky_corridor-sarsa-s0-e0062798a92c,0,sarsa,recoverable,0.8,100000,shelter,2,0,False,-0.0925239233176,0.1,-0.146798251667,0.0542743283494,0.0109204484681
recoverable_risky_corridor-sarsa-s0-e186078d2231,0,sarsa,recoverable,0.86,100000,corridor,1,1,False,0.130454424203,0.1,0.0406089760621,0.089845448141,0.0258310922735
recoverable_risky_corridor-sarsa-s0-e51f68af4870,0,sarsa,recoverable,0.825,100000,shelter,2,0,False,-0.0756622108794,0.1,-0.0726786798347,0.00298353104478,0.0794524236861
recoverable_risky_corridor-sarsa-s0-e741b16c9176,0,sarsa,recoverable,0.6,100000,shelter,2,0,False,-0.248064166796,0.1,-0.264526832747,0.0164626659502,0.0640178186773
recoverable_risky_corridor-sarsa-s1-01ed95c72bff,1,sarsa,recoverable,0.79,100000,shelter,2,0,False,-0.133586980543,0.1,-0.171922745115,0.0383357645727,0.00682581077396
recoverable_risky_corridor-sarsa-s1-173894454dab,1,sarsa,recoverable,0.845,100000,corridor,1,1,False,0.0467871692633,0.1,-0.00906807797656,0.0558552472398,0
recoverable_risky_corridor-sarsa-s1-2291dbb7562d,1,sarsa,recoverable,0.7,100000,shelter,2,0,False,-0.163541282678,0.1,-0.284213191927,0.120671909249,0.0281818771689
recoverable_risky_corridor-sarsa-s1-30eb973f632b,1,sarsa,recoverable,0.835,100000,corridor,1,1,False,0.0710406770985,0.1,-0.0412706073757,0.112311284474,0.0390965567945
recoverable_risky_corridor-sarsa-s1-36312d5c98ed,1,sarsa,recoverable,0.81,100000,shelter,2,0,False,-0.0738558312407,0.1,-0.118235099096,0.0443792678556,0.0241276869687
recoverable_risky_corridor-sarsa-s1-4db19e677215,1,sarsa,recoverable,0.86,100000,shelter,2,0,False,-0.0368014527815,0.1,0.0406089760621,0.0774104288436,0.198085554056
recoverable_risky_corridor-sarsa-s1-50dab0a3a272,1,sarsa,recoverable,0.88,100000,shelter,2,0,False,-0.0319399434208,0.1,0.109429583006,0.141369526427,0.273772490645
recoverable_risky_corridor-sarsa-s1-5d076a1844ba,1,sarsa,recoverable,0.85,100000,corridor,1,1,False,0.0445041450369,0.1,0.00729888184311,0.0372052631938,0.0249372683354
recoverable_risky_corridor-sarsa-s1-8f3420a73a4f,1,sarsa,recoverable,0.8,100000,shelter,2,0,False,-0.0966162896376,0.1,-0.146798251667,0.0501819620295,0.0453715841255
recoverable_risky_corridor-sarsa-s1-9f5a9bacba6a,1,sarsa,recoverable,0.82,100000,shelter,2,0,False,-0.0486690640176,0.1,-0.0880753974699,0.0394063334523,0.0568848258158
recoverable_risky_corridor-sarsa-s1-b1f4044ea2fd,1,sarsa,recoverable,0.84,100000,shelter,2,0,False,-0.0361649698922,0.1,-0.025266788294,0.0108981815982,0.136877979726
recoverable_risky_corridor-sarsa-s1-b497d04a6739,1,sarsa,recoverable,0.78,100000,shelter,2,0,False,-0.058381908487,0.1,-0.196011253092,0.137629344605,0.000492183225855
recoverable_risky_corridor-sarsa-s1-c0ad69cafb1c,1,sarsa,recoverable,0.825,100000,shelter,2,0,False,-0.0409000364945,0.1,-0.0726786798347,0.0317786433402,0.0760677008947
recoverable_risky_corridor-sarsa-s1-d0a15bfa617f,1,sarsa,recoverable,0.6,100000,shelter,2,0,False,-0.324950979596,0.1,-0.264526832747,0.0604241468496,0.00743352289398
recoverable_risky_corridor-sarsa-s1-d48d6b02324f,1,sarsa,recoverable,1,100000,corridor,1,1,False,0.286266398866,0.1,0.395318579314,0.109052180448,1.7763568394e-15
recoverable_risky_corridor-sarsa-s1-dda9149b1965,1,sarsa,recoverable,0.805,100000,shelter,2,0,False,-0.0360600156822,0.1,-0.132990346924,0.0969303312422,0.0055108814254
recoverable_risky_corridor-sarsa-s1-e635cf8406da,1,sarsa,recoverable,0.9,100000,corridor,1,1,False,0.000546952842916,0.1,0.180979631109,0.180432678266,0.0196109331489
recoverable_risky_corridor-sarsa-s1-fcd8c914ab67,1,sarsa,recoverable,0.855,100000,shelter,2,0,False,-0.0257803201487,0.1,0.0238588234957,0.0496391436444,0.197811045658
recoverable_risky_corridor-sarsa-s10-030a5df0ab15,10,sarsa,recoverable,0.845,100000,shelter,2,0,False,-0.0364022297999,0.1,-0.00906807797656,0.0273341518233,0.155819047155
recoverable_risky_corridor-sarsa-s10-263f783fa61f,10,sarsa,recoverable,0.84,100000,corridor,1,1,False,0.0103307735652,0.1,-0.025266788294,0.0355975618592,0.0394463944774
recoverable_risky_corridor-sarsa-s10-2ea10a11f06f,10,sarsa,recoverable,0.805,100000,shelter,2,0,False,-0.0164999384002,0.1,-0.132990346924,0.116490408524,0.0448737613334
recoverable_risky_corridor-sarsa-s10-4d2af42a41d2,10,sarsa,recoverable,0.6,100000,shelter,2,0,False,-0.362912021805,0.1,-0.264526832747,0.0983851890586,0.584194117433
recoverable_risky_corridor-sarsa-s10-4f3842701acb,10,sarsa,recoverable,0.855,100000,shelter,2,0,False,-0.0658569980508,0.1,0.0238588234957,0.0897158215465,0.194295653453
recoverable_risky_corridor-sarsa-s10-5128fe4f0426,10,sarsa,recoverable,0.9,100000,corridor,1,1,False,0.11179863588,0.1,0.180979631109,0.0691809952291,0.000345434919606
recoverable_risky_corridor-sarsa-s10-52f410d37887,10,sarsa,recoverable,0.8,100000,shelter,2,0,False,-0.0305839220325,0.1,-0.146798251667,0.116214329635,0.000759990519132
recoverable_risky_corridor-sarsa-s10-53264ba9173e,10,sarsa,recoverable,0.835,100000,shelter,2,0,False,-0.0291059982858,0.1,-0.0412706073757,0.01216460909,0.1180080686
recoverable_risky_corridor-sarsa-s10-58f609a920a7,10,sarsa,recoverable,0.81,100000,corridor,1,1,False,0.0121897992166,0.1,-0.118235099096,0.130424898313,0.0184715051401
recoverable_risky_corridor-sarsa-s10-85ae8bc2d317,10,sarsa,recoverable,0.88,100000,corridor,1,1,False,0.0761241297106,0.1,0.109429583006,0.0333054532959,0.000588420270753
recoverable_risky_corridor-sarsa-s10-8a2fbd2450a9,10,sarsa,recoverable,0.7,100000,shelter,2,0,False,-0.233861879295,0.1,-0.284213191927,0.0503513126317,0.00013968257345
recoverable_risky_corridor-sarsa-s10-8dcdb05d021a,10,sarsa,recoverable,1,100000,corridor,1,1,False,0.354265002862,0.1,0.395318579314,0.0410535764516,1.7763568394e-15
recoverable_risky_corridor-sarsa-s10-9dd54ae2c7ef,10,sarsa,recoverable,0.86,100000,shelter,2,0,False,-0.084826023734,0.1,0.0406089760621,0.125434999796,0.198085554056
recoverable_risky_corridor-sarsa-s10-aae6e9c3c474,10,sarsa,recoverable,0.85,100000,shelter,2,0,False,-0.0397703740075,0.1,0.00729888184311,0.0470692558506,0.176585491787
recoverable_risky_corridor-sarsa-s10-bff387c79c93,10,sarsa,recoverable,0.78,100000,shelter,2,0,False,-0.0702169018245,0.1,-0.196011253092,0.125794351267,0.00906707473516
recoverable_risky_corridor-sarsa-s10-e23272f63347,10,sarsa,recoverable,0.82,100000,shelter,2,0,False,-0.0320376163039,0.1,-0.0880753974699,0.056037781166,0.0560097129799
recoverable_risky_corridor-sarsa-s10-f0333a30fda6,10,sarsa,recoverable,0.79,100000,shelter,2,0,False,-0.0335555095097,0.1,-0.171922745115,0.138367235606,0.0130299561342
recoverable_risky_corridor-sarsa-s10-fe3173bcdf47,10,sarsa,recoverable,0.825,100000,corridor,1,1,False,0.04533199269,0.1,-0.0726786798347,0.118010672525,0.0156953355832
recoverable_risky_corridor-sarsa-s11-09e3a65ceab3,11,sarsa,recoverable,0.79,100000,corridor,1,1,False,0.0303196666748,0.1,-0.171922745115,0.20224241179,0.0629384021523
recoverable_risky_corridor-sarsa-s11-14683f189fb7,11,sarsa,recoverable,0.9,100000,corridor,1,1,False,0.0833169900978,0.1,0.180979631109,0.097662641011,0.116044101842
recoverable_risky_corridor-sarsa-s11-1f363eacaa95,11,sarsa,recoverable,1,100000,corridor,1,1,False,0.281134564663,0.1,0.395318579314,0.114184014651,1.7763568394e-15
recoverable_risky_corridor-sarsa-s11-3a4c7d029f98,11,sarsa,recoverable,0.835,100000,shelter,2,0,False,-0.0154812586285,0.1,-0.0412706073757,0.0257893487472,0.114946418727
recoverable_risky_corridor-sarsa-s11-46a76ec32a34,11,sarsa,recoverable,0.78,100000,shelter,2,0,False,-0.0478216383245,0.1,-0.196011253092,0.148189614767,0.000738988586177
recoverable_risky_corridor-sarsa-s11-583f4e84349c,11,sarsa,recoverable,0.8,100000,shelter,2,0,False,-0.0612415815787,0.1,-0.146798251667,0.0855566700883,0.00289529664197
recoverable_risky_corridor-sarsa-s11-9ef35be25b43,11,sarsa,recoverable,0.6,100000,shelter,2,0,False,-0.232661038213,0.1,-0.264526832747,0.0318657945334,0.00218184955769
recoverable_risky_corridor-sarsa-s11-9f2dfb44dbc4,11,sarsa,recoverable,0.86,100000,corridor,1,1,False,0.0658118488067,0.1,0.0406089760621,0.0252028727446,0.0532924699988
recoverable_risky_corridor-sarsa-s11-b6b2a19d861a,11,sarsa,recoverable,0.88,100000,corridor,1,1,False,0.108901981188,0.1,0.109429583006,0.000527601818006,0.000588420270753
recoverable_risky_corridor-sarsa-s11-c5f12c1d2cda,11,sarsa,recoverable,0.81,100000,shelter,2,0,False,-0.0371361575494,0.1,-0.118235099096,0.0810989415468,0.0174520134367
recoverable_risky_corridor-sarsa-s11-ca4caa2f3119,11,sarsa,recoverable,0.82,100000,shelter,2,0,False,-0.0514165782183,0.1,-0.0880753974699,0.0366588192516,0.0560097129799
recoverable_risky_corridor-sarsa-s11-cc5d7e593c4c,11,sarsa,recoverable,0.805,100000,shelter,2,0,False,-0.0273390186354,0.1,-0.132990346924,0.105651328289,0.000844716924704
recoverable_risky_corridor-sarsa-s11-d3f1f88bb523,11,sarsa,recoverable,0.845,100000,shelter,2,0,False,-0.0219296920885,0.1,-0.00906807797656,0.0128616141119,0.156735592053
recoverable_risky_corridor-sarsa-s11-d69fb362f18e,11,sarsa,recoverable,0.855,100000,shelter,2,0,False,-0.0507701641284,0.1,0.0238588234957,0.0746289876242,0.181242837083
recoverable_risky_corridor-sarsa-s11-d731091bcd3e,11,sarsa,recoverable,0.84,100000,shelter,2,0,False,-0.0320083366032,0.1,-0.025266788294,0.00674154830916,0.139109357081
recoverable_risky_corridor-sarsa-s11-d9ef7e57f57d,11,sarsa,recoverable,0.825,100000,shelter,2,0,False,-0.0292789247835,0.1,-0.0726786798347,0.0433997550512,0.0720956992667
recoverable_risky_corridor-sarsa-s11-dd64b4b5a6ca,11,sarsa,recoverable,0.7,100000,shelter,2,0,False,-0.199016164217,0.1,-0.284213191927,0.08519702771,0.0196912773619
recoverable_risky_corridor-sarsa-s11-e26f18da06b1,11,sarsa,recoverable,0.85,100000,corridor,1,1,False,0.0482907959623,0.1,0.00729888184311,0.0409919141192,0.0271886760495
recoverable_risky_corridor-sarsa-s12-2679e3a8e67e,12,sarsa,recoverable,0.81,100000,shelter,2,0,False,-0.0663160566974,0.1,-0.118235099096,0.0519190423988,0.0203939976486
recoverable_risky_corridor-sarsa-s12-27420449c4f3,12,sarsa,recoverable,0.845,100000,shelter,2,0,False,-0.0955657385259,0.1,-0.00906807797656,0.0864976605493,0.158304363232
recoverable_risky_corridor-sarsa-s12-2fb97e9ec70e,12,sarsa,recoverable,0.6,100000,shelter,2,0,False,-0.294642450175,0.1,-0.264526832747,0.0301156174282,0.350123455381
recoverable_risky_corridor-sarsa-s12-4e2be0935b0a,12,sarsa,recoverable,0.835,100000,shelter,2,0,False,-0.0165176733737,0.1,-0.0412706073757,0.024752934002,0.107096412989
recoverable_risky_corridor-sarsa-s12-4e5310503342,12,sarsa,recoverable,1,100000,corridor,1,1,False,0.385519485275,0.1,0.395318579314,0.00979909403949,1.7763568394e-15
recoverable_risky_corridor-sarsa-s12-615f7cb169d1,12,sarsa,recoverable,0.7,100000,shelter,2,0,False,-0.124368480359,0.1,-0.284213191927,0.159844711568,0.103124543502
recoverable_risky_corridor-sarsa-s12-623f16cffe60,12,sarsa,recoverable,0.86,100000,shelter,2,0,False,-0.00394883646682,0.1,0.0406089760621,0.0445578125289,0.21400826645
recoverable_risky_corridor-sarsa-s12-6ef15d66c9be,12,sarsa,recoverable,0.88,100000,corridor,1,1,False,0.154032921632,0.1,0.109429583006,0.0446033386254,0.0057553133429
recoverable_risky_corridor-sarsa-s12-819a511fecdc,12,sarsa,recoverable,0.79,100000,shelter,2,0,False,-0.0633698313425,0.1,-0.171922745115,0.108552913773,0.00100506261467
recoverable_risky_corridor-sarsa-s12-8aae92094c6f,12,sarsa,recoverable,0.805,100000,shelter,2,0,False,-0.0326426581089,0.1,-0.132990346924,0.100347688815,0.00156077602973
recoverable_risky_corridor-sarsa-s12-995f31cd695c,12,sarsa,recoverable,0.85,100000,corridor,1,1,False,0.0887552341055,0.1,0.00729888184311,0.0814563522624,0.0139097381918
recoverable_risky_corridor-sarsa-s12-9ae3c40b393a,12,sarsa,recoverable,0.8,100000,shelter,2,0,False,-0.0750642688958,0.1,-0.146798251667,0.0717339827713,0.0478009882403
recoverable_risky_corridor-sarsa-s12-ae1c9d570a43,12,sarsa,recoverable,0.78,100000,shelter,2,0,False,-0.0743150934999,0.1,-0.196011253092,0.121696159592,0.0052938121625
recoverable_risky_corridor-sarsa-s12-e756cc8df629,12,sarsa,recoverable,0.9,100000,shelter,2,0,False,-0.0109878630952,0.1,0.180979631109,0.191967494204,0.352023527667
recoverable_risky_corridor-sarsa-s12-eb2bd39ccd5e,12,sarsa,recoverable,0.855,100000,shelter,2,0,False,-0.0218521307092,0.1,0.0238588234957,0.045710954205,0.194295653453
recoverable_risky_corridor-sarsa-s12-ef05c43a41dd,12,sarsa,recoverable,0.825,100000,shelter,2,0,False,-0.100814884991,0.1,-0.0726786798347,0.0281362051558,0.0750109919235
recoverable_risky_corridor-sarsa-s12-f7c9f92d5bf5,12,sarsa,recoverable,0.84,100000,corridor,1,1,False,0.0273481236148,0.1,-0.025266788294,0.0526149119088,0.0220734561117
recoverable_risky_corridor-sarsa-s12-fda168875633,12,sarsa,recoverable,0.82,100000,corridor,1,1,False,0.0536285229686,0.1,-0.0880753974699,0.141703920438,0.0204753509169
recoverable_risky_corridor-sarsa-s13-039764ff8e46,13,sarsa,recoverable,0.825,100000,corridor,1,1,False,0.0138391500133,0.1,-0.0726786798347,0.086517829848,0.0445957571489
recoverable_risky_corridor-sarsa-s13-212829ab1d5d,13,sarsa,recoverable,0.86,100000,corridor,1,1,False,0.192419186876,0.1,0.0406089760621,0.151810210814,0.0130401350529
recoverable_risky_corridor-sarsa-s13-3cc643c18993,13,sarsa,recoverable,0.82,100000,shelter,2,0,False,-0.0608836568365,0.1,-0.0880753974699,0.0271917406334,0.0596176697873
recoverable_risky_corridor-sarsa-s13-3e279c96673d,13,sarsa,recoverable,0.81,100000,shelter,2,0,False,-0.120417802098,0.1,-0.118235099096,0.00218270300174,0.0157665380215
recoverable_risky_corridor-sarsa-s13-4776129164ee,13,sarsa,recoverable,0.7,100000,shelter,2,0,False,-0.137757479542,0.1,-0.284213191927,0.146455712385,0.0169861049937
recoverable_risky_corridor-sarsa-s13-5663983024af,13,sarsa,recoverable,0.84,100000,corridor,1,1,False,0.0678785262107,0.1,-0.025266788294,0.0931453145047,0.00197119650552
recoverable_risky_corridor-sarsa-s13-59e35bb00158,13,sarsa,recoverable,0.855,100000,corridor,1,1,False,0.14965495525,0.1,0.0238588234957,0.125796131754,0.0281434095315
recoverable_risky_corridor-sarsa-s13-916044b083e5,13,sarsa,recoverable,0.78,100000,shelter,2,0,False,-0.0892907962506,0.1,-0.196011253092,0.106720456841,0.0450205143939
recoverable_risky_corridor-sarsa-s13-9ab7892bcba5,13,sarsa,recoverable,0.85,100000,corridor,1,1,False,0.0579268217872,0.1,0.00729888184311,0.0506279399441,0
recoverable_risky_corridor-sarsa-s13-9fdf971f9725,13,sarsa,recoverable,0.805,100000,shelter,2,0,False,-0.118010587398,0.1,-0.132990346924,0.0149797595264,0.00654788731585
recoverable_risky_corridor-sarsa-s13-a39086510c5a,13,sarsa,recoverable,0.9,100000,corridor,1,1,False,0.14450725476,0.1,0.180979631109,0.0364723763492,0.0138299822636
recoverable_risky_corridor-sarsa-s13-c053810b61b0,13,sarsa,recoverable,0.845,100000,corridor,1,1,False,0.10002229022,0.1,-0.00906807797656,0.109090368196,0.0226415710719
recoverable_risky_corridor-sarsa-s13-c98f89dab55c,13,sarsa,recoverable,0.88,100000,corridor,1,1,False,0.117450343003,0.1,0.109429583006,0.00802075999628,0.000588420270753
recoverable_risky_corridor-sarsa-s13-d777a3cf0238,13,sarsa,recoverable,0.6,100000,shelter,2,0,False,-0.271171489673,0.1,-0.264526832747,0.0066446569262,0.0239361468189
recoverable_risky_corridor-sarsa-s13-d7bd85391bff,13,sarsa,recoverable,0.835,100000,shelter,2,0,False,-0.0619862663642,0.1,-0.0412706073757,0.0207156589885,0.116995786155
recoverable_risky_corridor-sarsa-s13-db672dae0774,13,sarsa,recoverable,0.79,100000,shelter,2,0,False,-0.0660168424832,0.1,-0.171922745115,0.105905902632,0.0200885608815
recoverable_risky_corridor-sarsa-s13-f26871212e74,13,sarsa,recoverable,0.8,100000,shelter,2,0,False,-0.0171160439176,0.1,-0.146798251667,0.129682207749,0.048056184936
recoverable_risky_corridor-sarsa-s13-f5ccfe6c8426,13,sarsa,recoverable,1,100000,corridor,1,1,False,0.33990788684,0.1,0.395318579314,0.0554106924744,1.7763568394e-15
recoverable_risky_corridor-sarsa-s14-008add761bcd,14,sarsa,recoverable,0.7,100000,shelter,2,0,False,-0.203232432591,0.1,-0.284213191927,0.0809807593353,0.0308382367346
recoverable_risky_corridor-sarsa-s14-11fea55d5424,14,sarsa,recoverable,0.78,100000,shelter,2,0,False,-0.0705129263656,0.1,-0.196011253092,0.125498326726,0.0106846387085
recoverable_risky_corridor-sarsa-s14-1448c4fecb36,14,sarsa,recoverable,0.81,100000,shelter,2,0,False,-0.0590469461602,0.1,-0.118235099096,0.0591881529361,0.0165457539536
recoverable_risky_corridor-sarsa-s14-193b3118055b,14,sarsa,recoverable,0.88,100000,corridor,1,1,False,0.0640298440218,0.1,0.109429583006,0.0453997389847,0
recoverable_risky_corridor-sarsa-s14-22b8880c94ba,14,sarsa,recoverable,0.835,100000,corridor,1,1,False,0.0657073013051,0.1,-0.0412706073757,0.106977908681,0.0201314054056
recoverable_risky_corridor-sarsa-s14-2670e87d2b6f,14,sarsa,recoverable,1,100000,corridor,1,1,False,0.348625661992,0.1,0.395318579314,0.0466929173217,1.7763568394e-15
recoverable_risky_corridor-sarsa-s14-411dc88ce222,14,sarsa,recoverable,0.825,100000,shelter,2,0,False,-0.0903830469017,0.1,-0.0726786798347,0.0177043670671,0.0794671829232
recoverable_risky_corridor-sarsa-s14-43cf002bbaa1,14,sarsa,recoverable,0.9,100000,corridor,1,1,False,0.106887634739,0.1,0.180979631109,0.0740919963695,0.00057930223572
recoverable_risky_corridor-sarsa-s14-57cccc8097cb,14,sarsa,recoverable,0.85,100000,corridor,1,1,False,0.083529208145,0.1,0.00729888184311,0.0762303263019,0.00152621656602
recoverable_risky_corridor-sarsa-s14-61bc5039bf9b,14,sarsa,recoverable,0.84,100000,corridor,1,1,False,0.0581632014686,0.1,-0.025266788294,0.0834299897626,0.0530296233272
recoverable_risky_corridor-sarsa-s14-74bf91969770,14,sarsa,recoverable,0.845,100000,shelter,2,0,False,-0.0183102969947,0.1,-0.00906807797656,0.00924221901818,0.15088298311
recoverable_risky_corridor-sarsa-s14-81f1f59ecf05,14,sarsa,recoverable,0.79,100000,shelter,2,0,False,-0.0702536201942,0.1,-0.171922745115,0.101669124921,0.00448624402782
recoverable_risky_corridor-sarsa-s14-8579b1945485,14,sarsa,recoverable,0.8,100000,shelter,2,0,False,-0.122077372044,0.1,-0.146798251667,0.0247208796227,0.0418808246446
recoverable_risky_corridor-sarsa-s14-9645ad27ebe7,14,sarsa,recoverable,0.86,100000,corridor,1,1,False,0.107352312673,0.1,0.0406089760621,0.066743336611,0.0280431471601
recoverable_risky_corridor-sarsa-s14-99cddb5a9f63,14,sarsa,recoverable,0.82,100000,shelter,2,0,False,-0.00861045979204,0.1,-0.0880753974699,0.0794649376779,0.0560097129799
recoverable_risky_corridor-sarsa-s14-9a9dfbdcdf93,14,sarsa,recoverable,0.855,100000,shelter,2,0,False,-0.101212597709,0.1,0.0238588234957,0.125071421205,0.195375097033
recoverable_risky_corridor-sarsa-s14-a29d85250c15,14,sarsa,recoverable,0.805,100000,shelter,2,0,False,-0.0129923096502,0.1,-0.132990346924,0.119998037274,0.00488619385783
recoverable_risky_corridor-sarsa-s14-e35e059d4184,14,sarsa,recoverable,0.6,100000,shelter,2,0,False,-0.244794855801,0.1,-0.264526832747,0.0197319769455,0.00664458779272
recoverable_risky_corridor-sarsa-s15-0978dde5ce8a,15,sarsa,recoverable,0.84,100000,shelter,2,0,False,-0.0965317410398,0.1,-0.025266788294,0.0712649527458,0.13485322912
recoverable_risky_corridor-sarsa-s15-0c9dfc4aa25a,15,sarsa,recoverable,0.835,100000,shelter,2,0,False,-0.0652568532555,0.1,-0.0412706073757,0.0239862458797,0.10709588564
recoverable_risky_corridor-sarsa-s15-147a5556e017,15,sarsa,recoverable,0.6,100000,shelter,2,0,False,-0.259202412848,0.1,-0.264526832747,0.00532441989883,0.00688436373522
recoverable_risky_corridor-sarsa-s15-1672c273a222,15,sarsa,recoverable,1,100000,corridor,1,1,False,0.33840088836,0.1,0.395318579314,0.0569176909545,1.7763568394e-15
recoverable_risky_corridor-sarsa-s15-25dcb5fc77e6,15,sarsa,recoverable,0.82,100000,shelter,2,0,False,-0.159334078825,0.1,-0.0880753974699,0.0712586813549,0.0568848258158
recoverable_risky_corridor-sarsa-s15-413a540fbf76,15,sarsa,recoverable,0.79,100000,shelter,2,0,False,-0.0871251332637,0.1,-0.171922745115,0.0847976118517,0
recoverable_risky_corridor-sarsa-s15-5363e9d35287,15,sarsa,recoverable,0.7,100000,shelter,2,0,False,-0.161170403232,0.1,-0.284213191927,0.123042788695,0.00330775035488
recoverable_risky_corridor-sarsa-s15-61dc6b246665,15,sarsa,recoverable,0.81,100000,shelter,2,0,False,-0.0607502728511,0.1,-0.118235099096,0.0574848262452,0.0273837333792
recoverable_risky_corridor-sarsa-s15-810e538a24ef,15,sarsa,recoverable,0.78,100000,shelter,2,0,False,-0.117099393987,0.1,-0.196011253092,0.0789118591044,0.0052938121625
recoverable_risky_corridor-sarsa-s15-86be93d3ead6,15,sarsa,recoverable,0.805,100000,shelter,2,0,False,-0.0695321948778,0.1,-0.132990346924,0.0634581520465,0.0167800077391
recoverable_risky_corridor-sarsa-s15-9596601aa1f4,15,sarsa,recoverable,0.845,100000,shelter,2,0,False,-0.0324548044067,0.1,-0.00906807797656,0.0233867264301,0.155819047155
recoverable_risky_corridor-sarsa-s15-aa39cee52635,15,sarsa,recoverable,0.855,100000,corridor,1,1,False,0.0252047283202,0.1,0.0238588234957,0.00134590482443,0.0372308546533
recoverable_risky_corridor-sarsa-s15-ad4027af1139,15,sarsa,recoverable,0.8,100000,shelter,2,0,False,-0.13094537624,0.1,-0.146798251667,0.015852875427,0
recoverable_risky_corridor-sarsa-s15-b59bd95e0afc,15,sarsa,recoverable,0.85,100000,corridor,1,1,False,0.110878300522,0.1,0.00729888184311,0.103579418679,0.012459235712
recoverable_risky_corridor-sarsa-s15-bbc21a86aa55,15,sarsa,recoverable,0.825,100000,shelter,2,0,False,-0.102695697061,0.1,-0.0726786798347,0.0300170172259,0.0802847592771
recoverable_risky_corridor-sarsa-s15-e6ffcb3ab661,15,sarsa,recoverable,0.86,100000,shelter,2,0,False,-0.00767568592883,0.1,0.0406089760621,0.0482846619909,0.21400826645
recoverable_risky_corridor-sarsa-s15-e87864c00dca,15,sarsa,recoverable,0.9,100000,corridor,1,1,False,0.0997981114677,0.1,0.180979631109,0.081181519641,0.00057930223572
recoverable_risky_corridor-sarsa-s15-faad713d9d05,15,sarsa,recoverable,0.88,100000,corridor,1,1,False,0.132346608603,0.1,0.109429583006,0.0229170255962,0
recoverable_risky_corridor-sarsa-s16-084092566955,16,sarsa,recoverable,0.805,100000,shelter,2,0,False,-0.0555479257034,0.1,-0.132990346924,0.077442421221,0.0067976679046
recoverable_risky_corridor-sarsa-s16-134335948c68,16,sarsa,recoverable,0.85,100000,corridor,1,1,False,0.000419521503788,0.1,0.00729888184311,0.00687936033932,0.0139097381918
recoverable_risky_corridor-sarsa-s16-1faa62d64726,16,sarsa,recoverable,0.825,100000,shelter,2,0,False,-0.0390787592681,0.1,-0.0726786798347,0.0335999205666,0.0769767889492
recoverable_risky_corridor-sarsa-s16-2a7fa6269847,16,sarsa,recoverable,0.845,100000,corridor,1,1,False,0.00744329263148,0.1,-0.00906807797656,0.016511370608,0.0226415710719
recoverable_risky_corridor-sarsa-s16-43f34145ed9e,16,sarsa,recoverable,0.835,100000,corridor,1,1,False,0.0207569951397,0.1,-0.0412706073757,0.0620276025154,0.0289911256853
recoverable_risky_corridor-sarsa-s16-46f4a8bf9808,16,sarsa,recoverable,0.6,100000,shelter,2,0,False,-0.164052459362,0.1,-0.264526832747,0.100474373385,0.171903066023
recoverable_risky_corridor-sarsa-s16-510daabc06f9,16,sarsa,recoverable,0.88,100000,corridor,1,1,False,0.0912745082203,0.1,0.109429583006,0.0181550747861,0.00635297305865
recoverable_risky_corridor-sarsa-s16-5a8dda48ea17,16,sarsa,recoverable,0.78,100000,shelter,2,0,False,-0.0313006720597,0.1,-0.196011253092,0.164710581032,0.010560716986
recoverable_risky_corridor-sarsa-s16-76b56b4365c1,16,sarsa,recoverable,0.82,100000,shelter,2,0,False,-0.0662748615018,0.1,-0.0880753974699,0.0218005359681,0.0568848258158
recoverable_risky_corridor-sarsa-s16-80c0b7211002,16,sarsa,recoverable,1,100000,corridor,1,1,False,0.30905615041,0.1,0.395318579314,0.0862624289038,1.7763568394e-15
recoverable_risky_corridor-sarsa-s16-8a2452261864,16,sarsa,recoverable,0.86,100000,corridor,1,1,False,0.0595918161399,0.1,0.0406089760621,0.0189828400778,0.0142525302138
recoverable_risky_corridor-sarsa-s16-98cb88917378,16,sarsa,recoverable,0.8,100000,shelter,2,0,False,-0.0444721771663,0.1,-0.146798251667,0.102326074501,0.00844304971392
recoverable_risky_corridor-sarsa-s16-9b44ec0896a4,16,sarsa,recoverable,0.7,100000,shelter,2,0,False,-0.169701309577,0.1,-0.284213191927,0.11451188235,0.0354618213378
recoverable_risky_corridor-sarsa-s16-a47107a9dedb,16,sarsa,recoverable,0.84,100000,shelter,2,0,False,-0.00902669117565,0.1,-0.025266788294,0.0162400971184,0.125555233268
recoverable_risky_corridor-sarsa-s16-a6ea4d53eb0d,16,sarsa,recoverable,0.79,100000,shelter,2,0,False,-0.0383061757697,0.1,-0.171922745115,0.133616569346,0.00554292943341
recoverable_risky_corridor-sarsa-s16-ca4f5ac6e6ab,16,sarsa,recoverable,0.855,100000,shelter,2,0,False,-0.0208526988197,0.1,0.0238588234957,0.0447115223154,0.18077409117
recoverable_risky_corridor-sarsa-s16-e1b1dbcabc3c,16,sarsa,recoverable,0.9,100000,corridor,1,1,False,0.0549415433112,0.1,0.180979631109,0.126038087798,0.000345434919606
recoverable_risky_corridor-sarsa-s16-e37a8360c183,16,sarsa,recoverable,0.81,100000,shelter,2,0,False,-0.109618123743,0.1,-0.118235099096,0.0086169753532,0.0193140607009
recoverable_risky_corridor-sarsa-s17-0351eb05c4cf,17,sarsa,recoverable,0.835,100000,shelter,2,0,False,-0.0360099569838,0.1,-0.0412706073757,0.00526065039196,0.120613643068
recoverable_risky_corridor-sarsa-s17-0e968a84c62c,17,sarsa,recoverable,0.9,100000,corridor,1,1,False,0.1233013104,0.1,0.180979631109,0.057678320709,0.013564537922
recoverable_risky_corridor-sarsa-s17-15dbcd76e54d,17,sarsa,recoverable,0.81,100000,shelter,2,0,False,-0.0664846246373,0.1,-0.118235099096,0.0517504744589,0.0246021955969
recoverable_risky_corridor-sarsa-s17-21645b263c42,17,sarsa,recoverable,1,100000,corridor,1,1,False,0.290709008396,0.1,0.395318579314,0.104609570918,1.7763568394e-15
recoverable_risky_corridor-sarsa-s17-2999ab82966a,17,sarsa,recoverable,0.82,100000,shelter,2,0,False,-0.0900683213697,0.1,-0.0880753974699,0.0019929238998,0.071934425366
recoverable_risky_corridor-sarsa-s17-2d7d44c5d804,17,sarsa,recoverable,0.845,100000,shelter,2,0,False,-0.00503701336429,0.1,-0.00906807797656,0.00403106461227,0.164471415098
recoverable_risky_corridor-sarsa-s17-430079c1e7fb,17,sarsa,recoverable,0.88,100000,corridor,1,1,False,0.138712083521,0.1,0.109429583006,0.0292825005144,0.0263988779566
recoverable_risky_corridor-sarsa-s17-58fef5fd4972,17,sarsa,recoverable,0.8,100000,shelter,2,0,False,-0.0810063943596,0.1,-0.146798251667,0.0657918573075,0.000759990519132
recoverable_risky_corridor-sarsa-s17-5e1a0a2e5335,17,sarsa,recoverable,0.86,100000,corridor,1,1,False,0.0568529087149,0.1,0.0406089760621,0.0162439326528,0.00115147140864
recoverable_risky_corridor-sarsa-s17-60d22e9f9e74,17,sarsa,recoverable,0.79,100000,shelter,2,0,False,-0.116316693577,0.1,-0.171922745115,0.0556060515385,0.00448377891844
recoverable_risky_corridor-sarsa-s17-8928e057fba3,17,sarsa,recoverable,0.825,100000,shelter,2,0,False,-0.0617786141523,0.1,-0.0726786798347,0.0109000656824,0.0819997491807
recoverable_risky_corridor-sarsa-s17-8d15d9d4bc38,17,sarsa,recoverable,0.7,100000,shelter,2,0,False,-0.224979860333,0.1,-0.284213191927,0.0592333315943,0.00886131677214
recoverable_risky_corridor-sarsa-s17-8f8fd70e1c65,17,sarsa,recoverable,0.84,100000,shelter,2,0,False,-0.0239359011512,0.1,-0.025266788294,0.00133088714285,0.125473308644
recoverable_risky_corridor-sarsa-s17-9e7561571294,17,sarsa,recoverable,0.805,100000,shelter,2,0,False,-0.128357685742,0.1,-0.132990346924,0.00463266118266,0.00563078081781
recoverable_risky_corridor-sarsa-s17-ad3d66f9b132,17,sarsa,recoverable,0.855,100000,corridor,1,1,False,0.0667840386932,0.1,0.0238588234957,0.0429252151974,0.0372308546533
recoverable_risky_corridor-sarsa-s17-d277cc2ab70f,17,sarsa,recoverable,0.85,100000,shelter,2,0,False,-0.032331413617,0.1,0.00729888184311,0.0396302954601,0.176585491787
recoverable_risky_corridor-sarsa-s17-d2fa003e7fc7,17,sarsa,recoverable,0.6,100000,shelter,2,0,False,-0.227793690851,0.1,-0.264526832747,0.0367331418957,0.0139295258062
recoverable_risky_corridor-sarsa-s17-e9039da40a52,17,sarsa,recoverable,0.78,100000,shelter,2,0,False,-0.070724342308,0.1,-0.196011253092,0.125286910784,0.00371792712466
recoverable_risky_corridor-sarsa-s18-0a77bd8c00c9,18,sarsa,recoverable,0.79,100000,shelter,2,0,False,-0.101452665565,0.1,-0.171922745115,0.0704700795502,0.00554292943341
recoverable_risky_corridor-sarsa-s18-13b3a2f069d4,18,sarsa,recoverable,0.86,100000,shelter,2,0,False,-0.0184117739275,0.1,0.0406089760621,0.0590207499896,0.215944493537
recoverable_risky_corridor-sarsa-s18-152ffcd691c0,18,sarsa,recoverable,0.7,100000,shelter,2,0,False,-0.246591533467,0.1,-0.284213191927,0.0376216584601,0.01978255686
recoverable_risky_corridor-sarsa-s18-2f21edc5ee6a,18,sarsa,recoverable,0.78,100000,shelter,2,0,False,-0.202774139433,0.1,-0.196011253092,0.00676288634168,0.000268373283906
recoverable_risky_corridor-sarsa-s18-351a5680a283,18,sarsa,recoverable,0.85,100000,corridor,1,1,False,0.171253872305,0.1,0.00729888184311,0.163954990462,0.0254132348955
recoverable_risky_corridor-sarsa-s18-4f9cf31b889e,18,sarsa,recoverable,0.845,100000,corridor,1,1,False,0.0741212141903,0.1,-0.00906807797656,0.0831892921669,0.0238330937839
recoverable_risky_corridor-sarsa-s18-540b0fb31c22,18,sarsa,recoverable,0.8,100000,shelter,2,0,False,-0.104928135923,0.1,-0.146798251667,0.0418701157437,0.0191439140738
recoverable_risky_corridor-sarsa-s18-7ba2e9c2056e,18,sarsa,recoverable,0.835,100000,shelter,2,0,False,-0.0285458268637,0.1,-0.0412706073757,0.0127247805121,0.116005803105
recoverable_risky_corridor-sarsa-s18-8548283956d3,18,sarsa,recoverable,0.9,100000,corridor,1,1,False,0.0649424622679,0.1,0.180979631109,0.116037168841,0.000345434919606
recoverable_risky_corridor-sarsa-s18-8cfd85db3f02,18,sarsa,recoverable,0.81,100000,shelter,2,0,False,-0.0866830037162,0.1,-0.118235099096,0.0315520953801,0.0157665380215
recoverable_risky_corridor-sarsa-s18-9a072efed56f,18,sarsa,recoverable,1,100000,corridor,1,1,False,0.295223117272,0.1,0.395318579314,0.100095462042,1.7763568394e-15
recoverable_risky_corridor-sarsa-s18-aa5babb506a2,18,sarsa,recoverable,0.84,100000,shelter,2,0,False,-0.0688930837904,0.1,-0.025266788294,0.0436262954964,0.146974149858
recoverable_risky_corridor-sarsa-s18-af42597d7e36,18,sarsa,recoverable,0.82,100000,shelter,2,0,False,-0.0401694313379,0.1,-0.0880753974699,0.047905966132,0.0538094304982
recoverable_risky_corridor-sarsa-s18-b011db945bd4,18,sarsa,recoverable,0.805,100000,shelter,2,0,False,-0.142789231222,0.1,-0.132990346924,0.00979888429762,0.0390272370184
recoverable_risky_corridor-sarsa-s18-b48c829ab240,18,sarsa,recoverable,0.855,100000,shelter,2,0,False,-0.0639373471198,0.1,0.0238588234957,0.0877961706156,0.179209512418
recoverable_risky_corridor-sarsa-s18-c047e4b7df20,18,sarsa,recoverable,0.6,100000,shelter,2,0,False,-0.185953475299,0.1,-0.264526832747,0.0785733574477,0.093366177173
recoverable_risky_corridor-sarsa-s18-d83c104a29f5,18,sarsa,recoverable,0.825,100000,shelter,2,0,False,-0.031859969405,0.1,-0.0726786798347,0.0408187104296,0.079063246054
recoverable_risky_corridor-sarsa-s18-e8c5361ab6eb,18,sarsa,recoverable,0.88,100000,corridor,1,1,False,0.181957829067,0.1,0.109429583006,0.0725282460606,0
recoverable_risky_corridor-sarsa-s19-053e24113c22,19,sarsa,recoverable,0.84,100000,corridor,1,1,False,0.0341746445886,0.1,-0.025266788294,0.0594414328826,0.0573499937887
recoverable_risky_corridor-sarsa-s19-072892d3dd00,19,sarsa,recoverable,0.7,100000,shelter,2,0,False,-0.307032758938,0.1,-0.284213191927,0.0228195670112,0.0115892614488
recoverable_risky_corridor-sarsa-s19-0e65010108b5,19,sarsa,recoverable,0.6,100000,shelter,2,0,False,-0.3255031468,0.1,-0.264526832747,0.0609763140529,0.0741843345774
recoverable_risky_corridor-sarsa-s19-2661c16adc21,19,sarsa,recoverable,0.835,100000,shelter,2,0,False,-0.108647983807,0.1,-0.0412706073757,0.0673773764314,0.123871501547
recoverable_risky_corridor-sarsa-s19-4172dafd801d,19,sarsa,recoverable,0.78,100000,shelter,2,0,False,-0.130409417175,0.1,-0.196011253092,0.0656018359166,0.000492183225855
recoverable_risky_corridor-sarsa-s19-6b9e6427ee37,19,sarsa,recoverable,0.855,100000,corridor,1,1,False,0.248762293203,0.1,0.0238588234957,0.224903469708,0
recoverable_risky_corridor-sarsa-s19-7f470b551b30,19,sarsa,recoverable,1,100000,corridor,1,1,False,0.399279327405,0.1,0.395318579314,0.00396074809128,1.7763568394e-15
recoverable_risky_corridor-sarsa-s19-84bebc1523fe,19,sarsa,recoverable,0.88,100000,corridor,1,1,False,0.0951594520481,0.1,0.109429583006,0.0142701309583,0.0135504560955
recoverable_risky_corridor-sarsa-s19-8d22eaf1bcc4,19,sarsa,recoverable,0.81,100000,shelter,2,0,False,-0.056793907656,0.1,-0.118235099096,0.0614411914403,0.0233931304353
recoverable_risky_corridor-sarsa-s19-b1cb4019d59b,19,sarsa,recoverable,0.825,100000,shelter,2,0,False,-0.0364411002732,0.1,-0.0726786798347,0.0362375795615,0.0769767889492
recoverable_risky_corridor-sarsa-s19-ba65f2ea6e22,19,sarsa,recoverable,0.85,100000,corridor,1,1,False,0.164264847744,0.1,0.00729888184311,0.1569659659,0.012459269205
recoverable_risky_corridor-sarsa-s19-be96676d7ae9,19,sarsa,recoverable,0.845,100000,shelter,2,0,False,-0.0868760386413,0.1,-0.00906807797656,0.0778079606647,0.158833683621
recoverable_risky_corridor-sarsa-s19-cf2bca07e22f,19,sarsa,recoverable,0.9,100000,corridor,1,1,False,0.147931796651,0.1,0.180979631109,0.0330478344582,0.000345434919606
recoverable_risky_corridor-sarsa-s19-d2a4016012cb,19,sarsa,recoverable,0.805,100000,shelter,2,0,False,-0.0501648916637,0.1,-0.132990346924,0.0828254552606,0.00574541493419
recoverable_risky_corridor-sarsa-s19-d50900a061c5,19,sarsa,recoverable,0.8,100000,shelter,2,0,False,-0.123413333258,0.1,-0.146798251667,0.0233849184092,0.0056594154061
recoverable_risky_corridor-sarsa-s19-d7539a413d64,19,sarsa,recoverable,0.82,100000,shelter,2,0,False,-0.0377998035863,0.1,-0.0880753974699,0.0502755938836,0.059468920375
recoverable_risky_corridor-sarsa-s19-df77cb79cb53,19,sarsa,recoverable,0.86,100000,corridor,1,1,False,0.13134569331,0.1,0.0406089760621,0.0907367172476,0
recoverable_risky_corridor-sarsa-s19-fe5fb1c1ba76,19,sarsa,recoverable,0.79,100000,shelter,2,0,False,-0.0972091011147,0.1,-0.171922745115,0.0747136440006,0.000546626672655
recoverable_risky_corridor-sarsa-s2-099f41322a35,2,sarsa,recoverable,0.845,100000,corridor,1,1,False,0.0772494659937,0.1,-0.00906807797656,0.0863175439703,0.033550239163
recoverable_risky_corridor-sarsa-s2-15450abfda5c,2,sarsa,recoverable,1,100000,corridor,1,1,False,0.256911989758,0.1,0.395318579314,0.138406589556,1.7763568394e-15
recoverable_risky_corridor-sarsa-s2-247e5fa5b056,2,sarsa,recoverable,0.9,100000,corridor,1,1,False,0.150544287232,0.1,0.180979631109,0.0304353438765,0.000345434919606
recoverable_risky_corridor-sarsa-s2-330394c09ec0,2,sarsa,recoverable,0.85,100000,shelter,2,0,False,-0.0131079692778,0.1,0.00729888184311,0.0204068511209,0.179217667115
recoverable_risky_corridor-sarsa-s2-37dccb5a1c48,2,sarsa,recoverable,0.86,100000,shelter,2,0,False,-0.0252092266839,0.1,0.0406089760621,0.065818202746,0.21400826645
recoverable_risky_corridor-sarsa-s2-3e84d486fc49,2,sarsa,recoverable,0.805,100000,shelter,2,0,False,-0.114498752431,0.1,-0.132990346924,0.0184915944929,0.00946043072567
recoverable_risky_corridor-sarsa-s2-3f1f01fa7bf1,2,sarsa,recoverable,0.835,100000,corridor,1,1,False,0.0413072089152,0.1,-0.0412706073757,0.082577816291,0.020132165924
recoverable_risky_corridor-sarsa-s2-58ff5643e281,2,sarsa,recoverable,0.6,100000,shelter,2,0,False,-0.274875236138,0.1,-0.264526832747,0.0103484033913,0.00594904507909
recoverable_risky_corridor-sarsa-s2-62d9da23183e,2,sarsa,recoverable,0.88,100000,corridor,1,1,False,0.0204928757966,0.1,0.109429583006,0.0889367072099,0.0257220869718
recoverable_risky_corridor-sarsa-s2-7713fb51a66a,2,sarsa,recoverable,0.7,100000,shelter,2,0,False,-0.0885944654868,0.1,-0.284213191927,0.19561872644,0.0111235548079
recoverable_risky_corridor-sarsa-s2-7d8a69dd4ca8,2,sarsa,recoverable,0.79,100000,shelter,2,0,False,-0.0744518020994,0.1,-0.171922745115,0.097470943016,0.00448624402782
recoverable_risky_corridor-sarsa-s2-8b882bb158aa,2,sarsa,recoverable,0.81,100000,shelter,2,0,False,-0.0689751880655,0.1,-0.118235099096,0.0492599110308,0.0186813939334
recoverable_risky_corridor-sarsa-s2-904091e2e2bc,2,sarsa,recoverable,0.825,100000,shelter,2,0,False,-0.0661274639121,0.1,-0.0726786798347,0.00655121592259,0.0760677782675
recoverable_risky_corridor-sarsa-s2-90d7bca73336,2,sarsa,recoverable,0.855,100000,shelter,2,0,False,-0.0312465844323,0.1,0.0238588234957,0.055105407928,0.194295653453
recoverable_risky_corridor-sarsa-s2-96b8a8e785e5,2,sarsa,recoverable,0.84,100000,shelter,2,0,False,-0.020307180862,0.1,-0.025266788294,0.00495960743197,0.139987543866
recoverable_risky_corridor-sarsa-s2-ab3ec2a9f97a,2,sarsa,recoverable,0.78,100000,shelter,2,0,False,-0.068988897643,0.1,-0.196011253092,0.127022355449,0.0052938121625
recoverable_risky_corridor-sarsa-s2-bcb7bf0f4433,2,sarsa,recoverable,0.8,100000,shelter,2,0,False,-0.0278505389189,0.1,-0.146798251667,0.118947712748,0.0007599861263
recoverable_risky_corridor-sarsa-s2-ed87fa773d28,2,sarsa,recoverable,0.82,100000,shelter,2,0,False,-0.0601515239667,0.1,-0.0880753974699,0.0279238735032,0.0568848258158
recoverable_risky_corridor-sarsa-s3-006cdf3ac6b4,3,sarsa,recoverable,0.805,100000,shelter,2,0,False,-0.0760418442226,0.1,-0.132990346924,0.0569485027018,0.00551062598733
recoverable_risky_corridor-sarsa-s3-04b386da8081,3,sarsa,recoverable,0.8,100000,shelter,2,0,False,-0.0842796478166,0.1,-0.146798251667,0.0625186038504,0.00434078437439
recoverable_risky_corridor-sarsa-s3-2a44a03323c8,3,sarsa,recoverable,0.79,100000,shelter,2,0,False,-0.116560386646,0.1,-0.171922745115,0.055362358469,0.00722941016727
recoverable_risky_corridor-sarsa-s3-3073df484877,3,sarsa,recoverable,0.7,100000,shelter,2,0,False,-0.272698555274,0.1,-0.284213191927,0.0115146366531,0.00345410244082
recoverable_risky_corridor-sarsa-s3-3b15a361e9bd,3,sarsa,recoverable,0.825,100000,shelter,2,0,False,-0.0538730694017,0.1,-0.0726786798347,0.0188056104329,0.0760677008947
recoverable_risky_corridor-sarsa-s3-4e2c5b2ac682,3,sarsa,recoverable,0.84,100000,shelter,2,0,False,-0.0715241788627,0.1,-0.025266788294,0.0462573905687,0.135958016852
recoverable_risky_corridor-sarsa-s3-5631359e0e45,3,sarsa,recoverable,0.81,100000,shelter,2,0,False,-0.0998233621159,0.1,-0.118235099096,0.0184117369804,0.0200076134492
recoverable_risky_corridor-sarsa-s3-57208a312326,3,sarsa,recoverable,0.855,100000,shelter,2,0,False,-0.0431004615196,0.1,0.0238588234957,0.0669592850153,0.194295653453
recoverable_risky_corridor-sarsa-s3-5ca06b7b8b94,3,sarsa,recoverable,0.835,100000,shelter,2,0,False,-0.0976955955523,0.1,-0.0412706073757,0.0564249881765,0.116044207997
recoverable_risky_corridor-sarsa-s3-5efd0a3e43cc,3,sarsa,recoverable,1,100000,corridor,1,1,False,0.349905995974,0.1,0.395318579314,0.0454125833405,1.7763568394e-15
recoverable_risky_corridor-sarsa-s3-724168912838,3,sarsa,recoverable,0.845,100000,shelter,2,0,False,-0.082605611131,0.1,-0.00906807797656,0.0735375331545,0.157453277765
recoverable_risky_corridor-sarsa-s3-72c9e4e5c054,3,sarsa,recoverable,0.88,100000,corridor,1,1,False,0.133206279486,0.1,0.109429583006,0.0237766964791,0.0135504560955
recoverable_risky_corridor-sarsa-s3-811f32b7b6bd,3,sarsa,recoverable,0.6,100000,shelter,2,0,False,-0.157968089639,0.1,-0.264526832747,0.106558743107,0.0213143842707
recoverable_risky_corridor-sarsa-s3-83f12a3f26b5,3,sarsa,recoverable,0.9,100000,corridor,1,1,False,0.0758725978274,0.1,0.180979631109,0.105107033281,0.0138299822636
recoverable_risky_corridor-sarsa-s3-876878d4f811,3,sarsa,recoverable,0.82,100000,shelter,2,0,False,-0.109502397513,0.1,-0.0880753974699,0.0214270000434,0.0568848258158
recoverable_risky_corridor-sarsa-s3-8b5a5f376fb4,3,sarsa,recoverable,0.78,100000,shelter,2,0,False,-0.0931139462943,0.1,-0.196011253092,0.102897306797,0.0136431497299
recoverable_risky_corridor-sarsa-s3-99d5c5c0c0bb,3,sarsa,recoverable,0.85,100000,shelter,2,0,False,-0.0290730130055,0.1,0.00729888184311,0.0363718948486,0.179198599532
recoverable_risky_corridor-sarsa-s3-d02f0c90ad2a,3,sarsa,recoverable,0.86,100000,shelter,2,0,False,-0.0148764768672,0.1,0.0406089760621,0.0554854529293,0.21400826645
recoverable_risky_corridor-sarsa-s4-1134f2246a8f,4,sarsa,recoverable,0.79,100000,shelter,2,0,False,-0.11456454633,0.1,-0.171922745115,0.0573581987849,0.00428853617885
recoverable_risky_corridor-sarsa-s4-146a13031eb4,4,sarsa,recoverable,0.85,100000,shelter,2,0,False,-0.0169122733576,0.1,0.00729888184311,0.0242111552007,0.16448228473
recoverable_risky_corridor-sarsa-s4-14e6ff39a27e,4,sarsa,recoverable,0.825,100000,shelter,2,0,False,-0.0707134112306,0.1,-0.0726786798347,0.00196526860406,0.0769767889492
recoverable_risky_corridor-sarsa-s4-1fed0e12e1c5,4,sarsa,recoverable,0.6,100000,shelter,2,0,False,-0.218420344576,0.1,-0.264526832747,0.0461064881704,0.00408649216004
recoverable_risky_corridor-sarsa-s4-32a5158d9c3e,4,sarsa,recoverable,0.82,100000,shelter,2,0,False,-0.0651359781678,0.1,-0.0880753974699,0.0229394193021,0.0568848258158
recoverable_risky_corridor-sarsa-s4-3aff3e70e081,4,sarsa,recoverable,0.81,100000,shelter,2,0,False,-0.0591798674201,0.1,-0.118235099096,0.0590552316762,0.0195288712962
recoverable_risky_corridor-sarsa-s4-41132c6114d5,4,sarsa,recoverable,0.845,100000,shelter,2,0,False,-0.0621465840727,0.1,-0.00906807797656,0.0530785060962,0.15576696395
recoverable_risky_corridor-sarsa-s4-44eb5527f99a,4,sarsa,recoverable,0.8,100000,shelter,2,0,False,-0.0718844252599,0.1,-0.146798251667,0.0749138264072,0.00140195985613
recoverable_risky_corridor-sarsa-s4-516d510dad94,4,sarsa,recoverable,0.86,100000,corridor,1,1,False,0.0177719251019,0.1,0.0406089760621,0.0228370509602,0.0159337996063
recoverable_risky_corridor-sarsa-s4-5515203c1344,4,sarsa,recoverable,0.9,100000,corridor,1,1,False,0.114950396515,0.1,0.180979631109,0.066029234594,0.00057930223572
recoverable_risky_corridor-sarsa-s4-725cea1d7e2a,4,sarsa,recoverable,0.805,100000,shelter,2,0,False,-0.116462323128,0.1,-0.132990346924,0.0165280237967,0.0136844662356
recoverable_risky_corridor-sarsa-s4-8a942a2df437,4,sarsa,recoverable,1,100000,corridor,1,1,False,0.319536660226,0.1,0.395318579314,0.075781919088,1.7763568394e-15
recoverable_risky_corridor-sarsa-s4-8cdc3116e134,4,sarsa,recoverable,0.78,100000,shelter,2,0,False,-0.0761055332371,0.1,-0.196011253092,0.119905719855,0.000492183225855
recoverable_risky_corridor-sarsa-s4-9e0eef85a409,4,sarsa,recoverable,0.835,100000,shelter,2,0,False,-0.0533129305627,0.1,-0.0412706073757,0.0120423231869,0.118789061293
recoverable_risky_corridor-sarsa-s4-a5ab012ca51b,4,sarsa,recoverable,0.84,100000,shelter,2,0,False,-0.0681468960248,0.1,-0.025266788294,0.0428801077308,0.136919198787
recoverable_risky_corridor-sarsa-s4-c4368117a628,4,sarsa,recoverable,0.88,100000,corridor,1,1,False,0.132503159339,0.1,0.109429583006,0.0230735763326,0.0185183050217
recoverable_risky_corridor-sarsa-s4-cb4b4c2a83b1,4,sarsa,recoverable,0.7,100000,shelter,2,0,False,-0.219869766467,0.1,-0.284213191927,0.0643434254599,0.0134395903236
recoverable_risky_corridor-sarsa-s4-f25b38505414,4,sarsa,recoverable,0.855,100000,corridor,1,1,False,0.141602101966,0.1,0.0238588234957,0.11774327847,0.0149845471601
recoverable_risky_corridor-sarsa-s5-069e62e0e2b4,5,sarsa,recoverable,0.88,100000,corridor,1,1,False,0.0117256338666,0.1,0.109429583006,0.0977039491398,0.0057553133429
recoverable_risky_corridor-sarsa-s5-1028b6228ae3,5,sarsa,recoverable,0.79,100000,shelter,2,0,False,-0.0669087158155,0.1,-0.171922745115,0.1050140293,0.00100506261467
recoverable_risky_corridor-sarsa-s5-2d16d5ad4f5c,5,sarsa,recoverable,0.85,100000,shelter,2,0,False,-0.0191596073188,0.1,0.00729888184311,0.0264584891619,0.162330147615
recoverable_risky_corridor-sarsa-s5-316750102d73,5,sarsa,recoverable,0.805,100000,shelter,2,0,False,-0.0294922846445,0.1,-0.132990346924,0.10349806228,0.00318832059935
recoverable_risky_corridor-sarsa-s5-4090043c82cc,5,sarsa,recoverable,0.6,100000,shelter,2,0,False,-0.283612938541,0.1,-0.264526832747,0.0190861057945,0.0831748162285
recoverable_risky_corridor-sarsa-s5-4c9080cb9906,5,sarsa,recoverable,0.86,100000,shelter,2,0,False,-0.0480929179014,0.1,0.0406089760621,0.0887018939635,0.216000952463
recoverable_risky_corridor-sarsa-s5-5162dac2aa6c,5,sarsa,recoverable,0.855,100000,corridor,1,1,False,0.042793358811,0.1,0.0238588234957,0.0189345353152,0.0268160469283
recoverable_risky_corridor-sarsa-s5-6c80d07b59a2,5,sarsa,recoverable,0.845,100000,corridor,1,1,False,0.0643733403883,0.1,-0.00906807797656,0.0734414183649,0.0143754620524
recoverable_risky_corridor-sarsa-s5-6ce26129c69b,5,sarsa,recoverable,0.7,100000,shelter,2,0,False,-0.256999772299,0.1,-0.284213191927,0.0272134196275,0.0368235823986
recoverable_risky_corridor-sarsa-s5-817a9fa3edb2,5,sarsa,recoverable,0.81,100000,shelter,2,0,False,-0.0811032084456,0.1,-0.118235099096,0.0371318906507,0.02304002925
recoverable_risky_corridor-sarsa-s5-8538847ccf81,5,sarsa,recoverable,0.835,100000,shelter,2,0,False,-0.0145426337514,0.1,-0.0412706073757,0.0267279736244,0.140784683259
recoverable_risky_corridor-sarsa-s5-93b99d22b912,5,sarsa,recoverable,1,100000,corridor,1,1,False,0.268026325569,0.1,0.395318579314,0.127292253745,1.7763568394e-15
recoverable_risky_corridor-sarsa-s5-9a4d13270d1f,5,sarsa,recoverable,0.78,100000,shelter,2,0,False,-0.0813881732075,0.1,-0.196011253092,0.114623079884,0.0159194522611
recoverable_risky_corridor-sarsa-s5-a29ac8ae5531,5,sarsa,recoverable,0.82,100000,shelter,2,0,False,-0.0795059922846,0.1,-0.0880753974699,0.0085694051853,0.060254389944
recoverable_risky_corridor-sarsa-s5-a8b64157f234,5,sarsa,recoverable,0.84,100000,shelter,2,0,False,-0.0161719546949,0.1,-0.025266788294,0.00909483359908,0.139870523405
recoverable_risky_corridor-sarsa-s5-aff692e43012,5,sarsa,recoverable,0.825,100000,shelter,2,0,False,-0.0415040066102,0.1,-0.0726786798347,0.0311746732245,0.0795391142874
recoverable_risky_corridor-sarsa-s5-c1b39ffb6eff,5,sarsa,recoverable,0.9,100000,corridor,1,1,False,0.0798286655283,0.1,0.180979631109,0.10115096558,0.000345434919606
recoverable_risky_corridor-sarsa-s5-f6daa56935a2,5,sarsa,recoverable,0.8,100000,shelter,2,0,False,-0.142415949791,0.1,-0.146798251667,0.00438230187656,0.00140195985613
recoverable_risky_corridor-sarsa-s6-0237a08c70e7,6,sarsa,recoverable,0.81,100000,shelter,2,0,False,-0.0886370152734,0.1,-0.118235099096,0.0295980838229,0.0278395988185
recoverable_risky_corridor-sarsa-s6-2e107223fbf6,6,sarsa,recoverable,0.805,100000,shelter,2,0,False,-0.117928694961,0.1,-0.132990346924,0.0150616519635,0.0131244692315
recoverable_risky_corridor-sarsa-s6-2f178f1a6aa1,6,sarsa,recoverable,0.79,100000,shelter,2,0,False,-0.102282737728,0.1,-0.171922745115,0.0696400073878,0.0139879725317
recoverable_risky_corridor-sarsa-s6-48b84d75628b,6,sarsa,recoverable,0.9,100000,corridor,1,1,False,0.103942803139,0.1,0.180979631109,0.0770368279693,0.013564537922
recoverable_risky_corridor-sarsa-s6-53984542a1bf,6,sarsa,recoverable,0.84,100000,shelter,2,0,False,-0.0448102501216,0.1,-0.025266788294,0.0195434618276,0.135957946974
recoverable_risky_corridor-sarsa-s6-5719fc4abe44,6,sarsa,recoverable,0.78,100000,shelter,2,0,False,-0.145008802162,0.1,-0.196011253092,0.0510024509294,0.000492183225855
recoverable_risky_corridor-sarsa-s6-63420cda3499,6,sarsa,recoverable,0.845,100000,shelter,2,0,False,-0.0159514826128,0.1,-0.00906807797656,0.00688340463627,0.160991950598
recoverable_risky_corridor-sarsa-s6-6c5334e04ec3,6,sarsa,recoverable,0.825,100000,shelter,2,0,False,-0.0580581033096,0.1,-0.0726786798347,0.0146205765251,0.0704089728197
recoverable_risky_corridor-sarsa-s6-7c3963f63372,6,sarsa,recoverable,0.8,100000,shelter,2,0,False,-0.0894466265372,0.1,-0.146798251667,0.0573516251299,0.0122671419441
recoverable_risky_corridor-sarsa-s6-9927512e3656,6,sarsa,recoverable,0.88,100000,corridor,1,1,False,0.144580422827,0.1,0.109429583006,0.0351508398206,0
recoverable_risky_corridor-sarsa-s6-aa4e3ef9b5ad,6,sarsa,recoverable,0.855,100000,corridor,1,1,False,0.122575185722,0.1,0.0238588234957,0.0987163622259,0.0240251958657
recoverable_risky_corridor-sarsa-s6-aaa66129fb5a,6,sarsa,recoverable,0.835,100000,shelter,2,0,False,-0.0320803014693,0.1,-0.0412706073757,0.00919030590647,0.116005803105
recoverable_risky_corridor-sarsa-s6-b09d0d19322d,6,sarsa,recoverable,0.82,100000,shelter,2,0,False,-0.0804441325131,0.1,-0.0880753974699,0.0076312649568,0.0602568388102
recoverable_risky_corridor-sarsa-s6-b783109b7941,6,sarsa,recoverable,0.85,100000,corridor,1,1,False,0.127006495604,0.1,0.00729888184311,0.119707613761,0.0633528151129
recoverable_risky_corridor-sarsa-s6-e0dde744ba13,6,sarsa,recoverable,0.86,100000,corridor,1,1,False,0.101413395612,0.1,0.0406089760621,0.0608044195503,0.0280431471601
recoverable_risky_corridor-sarsa-s6-faf10ab565ef,6,sarsa,recoverable,0.7,100000,shelter,2,0,False,-0.25676842173,0.1,-0.284213191927,0.0274447701967,0.00759789231221
recoverable_risky_corridor-sarsa-s6-fdc072f2e22a,6,sarsa,recoverable,0.6,100000,shelter,2,0,False,-0.227573400872,0.1,-0.264526832747,0.0369534318748,0.0550619214267
recoverable_risky_corridor-sarsa-s6-fe1b3425ce4f,6,sarsa,recoverable,1,100000,corridor,1,1,False,0.399498864999,0.1,0.395318579314,0.00418028568487,1.7763568394e-15
recoverable_risky_corridor-sarsa-s7-0bfbe51fc415,7,sarsa,recoverable,0.78,100000,shelter,2,0,False,-0.151258636781,0.1,-0.196011253092,0.0447526163106,0.000268623192383
recoverable_risky_corridor-sarsa-s7-11fe80d9aad4,7,sarsa,recoverable,0.7,100000,shelter,2,0,False,-0.173203169505,0.1,-0.284213191927,0.111010022421,0.0134253066046
recoverable_risky_corridor-sarsa-s7-173497771c20,7,sarsa,recoverable,0.805,100000,shelter,2,0,False,-0.0509907361584,0.1,-0.132990346924,0.081999610766,0.0067976679046
recoverable_risky_corridor-sarsa-s7-39c8d3b6131f,7,sarsa,recoverable,0.81,100000,corridor,1,1,False,0.0425296289212,0.1,-0.118235099096,0.160764728018,0.0136604589851
recoverable_risky_corridor-sarsa-s7-6692aa157420,7,sarsa,recoverable,0.9,100000,corridor,1,1,False,0.130836368268,0.1,0.180979631109,0.0501432628408,0.000345434919606
recoverable_risky_corridor-sarsa-s7-6be40b77db2e,7,sarsa,recoverable,0.84,100000,corridor,1,1,False,0.00752913542859,0.1,-0.025266788294,0.0327959237226,0.065249793302
recoverable_risky_corridor-sarsa-s7-6dfc0e010e94,7,sarsa,recoverable,0.8,100000,shelter,2,0,False,-0.0896011336943,0.1,-0.146798251667,0.0571971179728,0.021205231462
recoverable_risky_corridor-sarsa-s7-6f881b464cdd,7,sarsa,recoverable,0.86,100000,corridor,1,1,False,0.0750516600833,0.1,0.0406089760621,0.0344426840212,0.0411971554751
recoverable_risky_corridor-sarsa-s7-8578b9ec71d5,7,sarsa,recoverable,0.6,100000,shelter,2,0,False,-0.134418156981,0.1,-0.264526832747,0.130108675766,0.0164966887725
recoverable_risky_corridor-sarsa-s7-8dcfc24e7126,7,sarsa,recoverable,0.85,100000,shelter,2,0,False,-0.0371449564958,0.1,0.00729888184311,0.0444438383389,0.172459493692
recoverable_risky_corridor-sarsa-s7-8e2df8cc3d70,7,sarsa,recoverable,0.825,100000,shelter,2,0,False,-0.0972631565526,0.1,-0.0726786798347,0.0245844767179,0.0844014258994
recoverable_risky_corridor-sarsa-s7-c970935dbae8,7,sarsa,recoverable,0.855,100000,corridor,1,1,False,0.075323632807,0.1,0.0238588234957,0.0514648093113,0.00846060068059
recoverable_risky_corridor-sarsa-s7-d59cb5beb2a5,7,sarsa,recoverable,0.79,100000,shelter,2,0,False,-0.0799447037026,0.1,-0.171922745115,0.0919780414127,0.0459237935105
recoverable_risky_corridor-sarsa-s7-d8ed5366eb89,7,sarsa,recoverable,0.845,100000,shelter,2,0,False,-0.112615511348,0.1,-0.00906807797656,0.103547433372,0.159752912062
recoverable_risky_corridor-sarsa-s7-df7c3bdb8dd5,7,sarsa,recoverable,0.88,100000,corridor,1,1,False,0.0930540129756,0.1,0.109429583006,0.0163755700309,0.0312464823299
recoverable_risky_corridor-sarsa-s7-f69899e0cdb7,7,sarsa,recoverable,0.82,100000,shelter,2,0,False,-0.0614999219212,0.1,-0.0880753974699,0.0265754755487,0.0635881132425
recoverable_risky_corridor-sarsa-s7-f92c2182e419,7,sarsa,recoverable,0.835,100000,shelter,2,0,False,-0.111895815037,0.1,-0.0412706073757,0.0706252076614,0.120696073004
recoverable_risky_corridor-sarsa-s7-f99fe9a32109,7,sarsa,recoverable,1,100000,corridor,1,1,False,0.379339981107,0.1,0.395318579314,0.0159785982074,1.7763568394e-15
recoverable_risky_corridor-sarsa-s8-0b0c89a1befa,8,sarsa,recoverable,0.81,100000,shelter,2,0,False,-0.0284139462926,0.1,-0.118235099096,0.0898211528037,0.0204874630594
recoverable_risky_corridor-sarsa-s8-185caa900137,8,sarsa,recoverable,0.825,100000,shelter,2,0,False,-0.101009103077,0.1,-0.0726786798347,0.0283304232426,0.0796810657512
recoverable_risky_corridor-sarsa-s8-2037b00f09a6,8,sarsa,recoverable,1,100000,corridor,1,1,False,0.277287230775,0.1,0.395318579314,0.118031348539,1.7763568394e-15
recoverable_risky_corridor-sarsa-s8-2987ef1fba59,8,sarsa,recoverable,0.78,100000,shelter,2,0,False,-0.101310751855,0.1,-0.196011253092,0.0947005012366,0.000492183225855
recoverable_risky_corridor-sarsa-s8-402423c58573,8,sarsa,recoverable,0.8,100000,shelter,2,0,False,-0.161185875969,0.1,-0.146798251667,0.0143876243023,0.00659444934967
recoverable_risky_corridor-sarsa-s8-4f2b18c423c2,8,sarsa,recoverable,0.86,100000,corridor,1,1,False,0.0872904360063,0.1,0.0406089760621,0.0466814599442,0
recoverable_risky_corridor-sarsa-s8-5870862a0bc5,8,sarsa,recoverable,0.805,100000,corridor,1,1,False,0.0187714507068,0.1,-0.132990346924,0.151761797631,0.0098091330364
recoverable_risky_corridor-sarsa-s8-6c3f7a49020d,8,sarsa,recoverable,0.835,100000,shelter,2,0,False,-0.0216750928851,0.1,-0.0412706073757,0.0195955144907,0.114946418727
recoverable_risky_corridor-sarsa-s8-89842e1e1deb,8,sarsa,recoverable,0.845,100000,shelter,2,0,False,-0.0728746986802,0.1,-0.00906807797656,0.0638066207036,0.158567976815
recoverable_risky_corridor-sarsa-s8-9c4b748dd2ab,8,sarsa,recoverable,0.6,100000,shelter,2,0,False,-0.449422961771,0.1,-0.264526832747,0.184896129024,0.0921493434619
recoverable_risky_corridor-sarsa-s8-a00e80ea3b09,8,sarsa,recoverable,0.9,100000,corridor,1,1,False,0.0628046529518,0.1,0.180979631109,0.118174978157,0.00421467396345
recoverable_risky_corridor-sarsa-s8-a2996567958f,8,sarsa,recoverable,0.85,100000,corridor,1,1,False,0.0389390536495,0.1,0.00729888184311,0.0316401718064,0.0139097381918
recoverable_risky_corridor-sarsa-s8-b91f9a86943a,8,sarsa,recoverable,0.79,100000,shelter,2,0,False,-0.0089495006769,0.1,-0.171922745115,0.162973244438,0.00100506261467
recoverable_risky_corridor-sarsa-s8-c048c7d291a8,8,sarsa,recoverable,0.855,100000,shelter,2,0,False,-0.0104030755527,0.1,0.0238588234957,0.0342618990484,0.179323708666
recoverable_risky_corridor-sarsa-s8-c222d1052bca,8,sarsa,recoverable,0.84,100000,shelter,2,0,False,-0.00218020168757,0.1,-0.025266788294,0.0230865866064,0.135911668745
recoverable_risky_corridor-sarsa-s8-c31a4609c44c,8,sarsa,recoverable,0.88,100000,corridor,1,1,False,0.0389057014402,0.1,0.109429583006,0.0705238815662,0.0185183050217
recoverable_risky_corridor-sarsa-s8-c388f62654b3,8,sarsa,recoverable,0.7,100000,shelter,2,0,False,-0.169656181512,0.1,-0.284213191927,0.114557010414,0.0109614286919
recoverable_risky_corridor-sarsa-s8-d79c376e8e58,8,sarsa,recoverable,0.82,100000,shelter,2,0,False,-0.021633161083,0.1,-0.0880753974699,0.0664422363869,0.0667099070675
recoverable_risky_corridor-sarsa-s9-0b1d85f92632,9,sarsa,recoverable,0.855,100000,corridor,1,1,False,0.107222604825,0.1,0.0238588234957,0.083363781329,0.0268154343172
recoverable_risky_corridor-sarsa-s9-0bd203100069,9,sarsa,recoverable,0.6,100000,shelter,2,0,False,-0.276881173592,0.1,-0.264526832747,0.012354340845,0.110478422389
recoverable_risky_corridor-sarsa-s9-1ee053778068,9,sarsa,recoverable,0.825,100000,shelter,2,0,False,-0.0839972599253,0.1,-0.0726786798347,0.0113185800907,0.079052079949
recoverable_risky_corridor-sarsa-s9-2c0f5e4f6386,9,sarsa,recoverable,0.79,100000,shelter,2,0,False,-0.171329100963,0.1,-0.171922745115,0.000593644152634,0.00428853617885
recoverable_risky_corridor-sarsa-s9-3aa42f8ec0cd,9,sarsa,recoverable,0.845,100000,shelter,2,0,False,-0.0593717229177,0.1,-0.00906807797656,0.0503036449411,0.155819047155
recoverable_risky_corridor-sarsa-s9-40d0595ba2f1,9,sarsa,recoverable,0.805,100000,shelter,2,0,False,-0.0638332594301,0.1,-0.132990346924,0.0691570874942,0.00156077602973
recoverable_risky_corridor-sarsa-s9-68a2d7f47794,9,sarsa,recoverable,0.78,100000,shelter,2,0,False,-0.111470881475,0.1,-0.196011253092,0.0845403716162,0.00696778496698
recoverable_risky_corridor-sarsa-s9-7830b6631c9e,9,sarsa,recoverable,0.9,100000,corridor,1,1,False,0.217881437492,0.1,0.180979631109,0.0369018063829,0.00432312116579
recoverable_risky_corridor-sarsa-s9-7f509caf269d,9,sarsa,recoverable,1,100000,corridor,1,1,False,0.413197928265,0.1,0.395318579314,0.0178793489507,1.7763568394e-15
recoverable_risky_corridor-sarsa-s9-93141073e274,9,sarsa,recoverable,0.88,100000,corridor,1,1,False,0.1704675149,0.1,0.109429583006,0.0610379318934,0.0185183050217
recoverable_risky_corridor-sarsa-s9-9b16ba22f347,9,sarsa,recoverable,0.86,100000,corridor,1,1,False,0.221354241256,0.1,0.0406089760621,0.180745265193,0.0280431471601
recoverable_risky_corridor-sarsa-s9-a58d42b128c5,9,sarsa,recoverable,0.8,100000,shelter,2,0,False,-0.0605384453041,0.1,-0.146798251667,0.086259806363,0.00140195985613
recoverable_risky_corridor-sarsa-s9-b62715822ce6,9,sarsa,recoverable,0.7,100000,shelter,2,0,False,-0.277848260915,0.1,-0.284213191927,0.00636493101162,0.0176198549634
recoverable_risky_corridor-sarsa-s9-bb627252cb9a,9,sarsa,recoverable,0.835,100000,shelter,2,0,False,-0.0937216237637,0.1,-0.0412706073757,0.0524510163879,0.116995786155
recoverable_risky_corridor-sarsa-s9-d4b5325a4b34,9,sarsa,recoverable,0.85,100000,corridor,1,1,False,0.154432936663,0.1,0.00729888184311,0.14713405482,0.0254125721726
recoverable_risky_corridor-sarsa-s9-eee9850ae153,9,sarsa,recoverable,0.84,100000,shelter,2,0,False,-0.0483465300502,0.1,-0.025266788294,0.0230797417562,0.13485322912
recoverable_risky_corridor-sarsa-s9-f0758f131501,9,sarsa,recoverable,0.81,100000,corridor,1,1,False,0.0878963016696,0.1,-0.118235099096,0.206131400766,0.037658601773
recoverable_risky_corridor-sarsa-s9-f3b8bff0550d,9,sarsa,recoverable,0.82,100000,shelter,2,0,False,-0.0402358212141,0.1,-0.0880753974699,0.0478395762558,0.0595846634422
lethal_risky_corridor-expected_sarsa-s0-1362b0833414,0,expected_sarsa,lethal,0.998,100000,shelter,2,0,False,-0.327112118968,0.1,-0.41315441539,0.0860422964221,0.599024603375
lethal_risky_corridor-expected_sarsa-s0-163ec5233b6e,0,expected_sarsa,lethal,0.986,100000,shelter,2,0,False,-0.360202243928,0.1,-0.418525213075,0.0583229691474,0.00166403732592
lethal_risky_corridor-expected_sarsa-s0-545779613dbb,0,expected_sarsa,lethal,0.996,100000,shelter,2,0,False,-0.341062001305,0.1,-0.414064261659,0.0730022603541,0.461964864346
lethal_risky_corridor-expected_sarsa-s0-611670abe033,0,expected_sarsa,lethal,0.97,100000,shelter,2,0,False,-0.360653102003,0.1,-0.425276869375,0.0646237673718,1.59544982683e-05
lethal_risky_corridor-expected_sarsa-s0-6d3c95693b58,0,expected_sarsa,lethal,0.988,100000,shelter,2,0,False,-0.361602581597,0.1,-0.417644836972,0.0560422553749,0.00262741385249
lethal_risky_corridor-expected_sarsa-s0-81d019fa76ac,0,expected_sarsa,lethal,0.991,100000,shelter,2,0,False,-0.353505250872,0.1,-0.416313176337,0.0628079254658,0.125191083882
lethal_risky_corridor-expected_sarsa-s0-a1d6fdc711f2,0,expected_sarsa,lethal,0.99,100000,shelter,2,0,False,-0.349518629281,0.1,-0.416758540513,0.0672399112317,0.0592017390922
lethal_risky_corridor-expected_sarsa-s0-b00fcf5d78e5,0,expected_sarsa,lethal,0.9895,100000,shelter,2,0,False,-0.267667973989,0.1,-0.416980668926,0.149312694936,0.0258369411482
lethal_risky_corridor-expected_sarsa-s0-bcea58efa8a1,0,expected_sarsa,lethal,0.994,100000,shelter,2,0,False,-0.356682498815,0.1,-0.414968239796,0.0582857409813,0.326123959069
lethal_risky_corridor-expected_sarsa-s0-cc7ce33c15ea,0,expected_sarsa,lethal,0.989,100000,shelter,2,0,False,-0.359139119252,0.1,-0.417202427945,0.0580633086935,0.00213599464153
lethal_risky_corridor-expected_sarsa-s0-d7a4f5113986,0,expected_sarsa,lethal,1,100000,shelter,2,0,False,-0.27565095206,0.1,-0.412238713567,0.136587761507,0.737292356516
lethal_risky_corridor-expected_sarsa-s0-edfdcfe309c4,0,expected_sarsa,lethal,0.992,100000,shelter,2,0,False,-0.312673232003,0.1,-0.41586633707,0.103193105067,0.191915037826
lethal_risky_corridor-expected_sarsa-s0-f5d8ebfd89ef,0,expected_sarsa,lethal,0.98,100000,shelter,2,0,False,-0.376191181205,0.1,-0.421130682774,0.0449395015692,3.08699909199e-05
lethal_risky_corridor-expected_sarsa-s0-fdc1b855c990,0,expected_sarsa,lethal,0.984,100000,shelter,2,0,False,-0.367894820056,0.1,-0.419399655293,0.0515048352367,0.000962730567839
lethal_risky_corridor-expected_sarsa-s1-07fd1496cef9,1,expected_sarsa,lethal,0.98,100000,shelter,2,0,False,-0.353144511178,0.1,-0.421130682774,0.0679861715955,1.06204608255e-05
lethal_risky_corridor-expected_sarsa-s1-08aba59dcbf2,1,expected_sarsa,lethal,0.992,100000,shelter,2,0,False,-0.330323339454,0.1,-0.41586633707,0.0855429976158,0.225800801247
lethal_risky_corridor-expected_sarsa-s1-1bb35484bd49,1,expected_sarsa,lethal,0.998,100000,shelter,2,0,False,-0.329758324159,0.1,-0.41315441539,0.0833960912317,0.598068683223
lethal_risky_corridor-expected_sarsa-s1-327c23887a48,1,expected_sarsa,lethal,0.986,100000,shelter,2,0,False,-0.331975356039,0.1,-0.418525213075,0.086549857036,0.00105174655193
lethal_risky_corridor-expected_sarsa-s1-501d7453700f,1,expected_sarsa,lethal,0.984,100000,shelter,2,0,False,-0.346125399307,0.1,-0.419399655293,0.0732742559857,0.000975519495407
lethal_risky_corridor-expected_sarsa-s1-767c4b06288c,1,expected_sarsa,lethal,0.988,100000,shelter,2,0,False,-0.357974682286,0.1,-0.417644836972,0.0596701546857,0.00168747614385
lethal_risky_corridor-expected_sarsa-s1-a8dd8d510c3a,1,expected_sarsa,lethal,0.989,100000,shelter,2,0,False,-0.365978488708,0.1,-0.417202427945,0.0512239392376,0.00213618406923
lethal_risky_corridor-expected_sarsa-s1-a90874e3b7e4,1,expected_sarsa,lethal,0.991,100000,shelter,2,0,False,-0.319231824081,0.1,-0.416313176337,0.0970813522568,0.124939647376
lethal_risky_corridor-expected_sarsa-s1-b54bcc4c86b1,1,expected_sarsa,lethal,0.996,100000,shelter,2,0,False,-0.270015397141,0.1,-0.414064261659,0.144048864517,0.461931559518
lethal_risky_corridor-expected_sarsa-s1-b71d6f1305f2,1,expected_sarsa,lethal,0.9895,100000,shelter,2,0,False,-0.355748991073,0.1,-0.416980668926,0.0612316778526,0.0258377241461
lethal_risky_corridor-expected_sarsa-s1-b8c59afc7818,1,expected_sarsa,lethal,1,100000,shelter,2,0,False,-0.290421216484,0.1,-0.412238713567,0.121817497084,0.737292356516
lethal_risky_corridor-expected_sarsa-s1-bc7902589eff,1,expected_sarsa,lethal,0.99,100000,shelter,2,0,False,-0.359873627071,0.1,-0.416758540513,0.0568849134415,0.0586790032156
lethal_risky_corridor-expected_sarsa-s1-dd7b00270c69,1,expected_sarsa,lethal,0.994,100000,shelter,2,0,False,-0.361064947121,0.1,-0.414968239796,0.0539032926753,0.326123550414
lethal_risky_corridor-expected_sarsa-s1-eaa03a09580f,1,expected_sarsa,lethal,0.97,100000,shelter,2,0,False,-0.341371487398,0.1,-0.425276869375,0.0839053819772,1.57821145912e-05
lethal_risky_corridor-expected_sarsa-s10-119fbdaf778d,10,expected_sarsa,lethal,1,100000,shelter,2,0,False,-0.316632506025,0.1,-0.412238713567,0.0956062075425,0.737292356516
lethal_risky_corridor-expected_sarsa-s10-173535f4e90c,10,expected_sarsa,lethal,0.998,100000,shelter,2,0,False,-0.356403960554,0.1,-0.41315441539,0.0567504548359,0.599024590715
lethal_risky_corridor-expected_sarsa-s10-25a22901951d,10,expected_sarsa,lethal,0.989,100000,shelter,2,0,False,-0.362885365726,0.1,-0.417202427945,0.0543170622194,0.00213477140636
lethal_risky_corridor-expected_sarsa-s10-31c16d79952f,10,expected_sarsa,lethal,0.991,100000,shelter,2,0,False,-0.352627624429,0.1,-0.416313176337,0.0636855519088,0.124938479619
lethal_risky_corridor-expected_sarsa-s10-461a0593599a,10,expected_sarsa,lethal,0.9895,100000,shelter,2,0,False,-0.358222542616,0.1,-0.416980668926,0.0587581263092,0.0261813574114
lethal_risky_corridor-expected_sarsa-s10-622edd03144a,10,expected_sarsa,lethal,0.992,100000,shelter,2,0,False,-0.345628339773,0.1,-0.41586633707,0.0702379972966,0.191911183536
lethal_risky_corridor-expected_sarsa-s10-6510dc67e298,10,expected_sarsa,lethal,0.988,100000,shelter,2,0,False,-0.362778702983,0.1,-0.417644836972,0.0548661339887,0.00235354632166
lethal_risky_corridor-expected_sarsa-s10-82258a2f6f96,10,expected_sarsa,lethal,0.99,100000,shelter,2,0,False,-0.348317718993,0.1,-0.416758540513,0.0684408215193,0.0586790032156
lethal_risky_corridor-expected_sarsa-s10-a82c88bacd61,10,expected_sarsa,lethal,0.986,100000,shelter,2,0,False,-0.357919539336,0.1,-0.418525213075,0.0606056737396,0.00105174556445
lethal_risky_corridor-expected_sarsa-s10-b3a857143b82,10,expected_sarsa,lethal,0.98,100000,shelter,2,0,False,-0.365875928429,0.1,-0.421130682774,0.0552547543449,1.06204608255e-05
lethal_risky_corridor-expected_sarsa-s10-bf9cfe1983b3,10,expected_sarsa,lethal,0.994,100000,shelter,2,0,False,-0.360473955912,0.1,-0.414968239796,0.0544942838842,0.326115101315
lethal_risky_corridor-expected_sarsa-s10-c50d19181443,10,expected_sarsa,lethal,0.996,100000,shelter,2,0,False,-0.363057647053,0.1,-0.414064261659,0.0510066146053,0.461850514749
lethal_risky_corridor-expected_sarsa-s10-d8cb89b043dd,10,expected_sarsa,lethal,0.97,100000,shelter,2,0,False,-0.335647197775,0.1,-0.425276869375,0.0896296715997,7.2400521308e-05
lethal_risky_corridor-expected_sarsa-s10-f8f0821c5afd,10,expected_sarsa,lethal,0.984,100000,shelter,2,0,False,-0.380348320144,0.1,-0.419399655293,0.0390513351486,0.000171543649807
lethal_risky_corridor-expected_sarsa-s11-0732ee9531b4,11,expected_sarsa,lethal,0.97,100000,shelter,2,0,False,-0.358613337185,0.1,-0.425276869375,0.0666635321903,7.34582151338e-05
lethal_risky_corridor-expected_sarsa-s11-0edeeef402bf,11,expected_sarsa,lethal,0.986,100000,shelter,2,0,False,-0.35311930908,0.1,-0.418525213075,0.0654059039953,0.0023805974058
lethal_risky_corridor-expected_sarsa-s11-0eebc0cac798,11,expected_sarsa,lethal,0.988,100000,shelter,2,0,False,-0.352218114963,0.1,-0.417644836972,0.0654267220085,0.00168589680876
lethal_risky_corridor-expected_sarsa-s11-177dd6e8dbe0,11,expected_sarsa,lethal,0.992,100000,shelter,2,0,False,-0.347021729889,0.1,-0.41586633707,0.0688446071807,0.191593300381
lethal_risky_corridor-expected_sarsa-s11-281eb19fd0ca,11,expected_sarsa,lethal,0.984,100000,shelter,2,0,False,-0.371506505397,0.1,-0.419399655293,0.0478931498952,0.0014235773994
lethal_risky_corridor-expected_sarsa-s11-453e932685c8,11,expected_sarsa,lethal,0.9895,100000,shelter,2,0,False,-0.357409836547,0.1,-0.416980668926,0.0595708323782,0.0261794982491
lethal_risky_corridor-expected_sarsa-s11-46b06e925f2e,11,expected_sarsa,lethal,0.998,100000,shelter,2,0,False,-0.312348433844,0.1,-0.41315441539,0.100805981546,0.598065088335
lethal_risky_corridor-expected_sarsa-s11-8112676fec06,11,expected_sarsa,lethal,0.98,100000,shelter,2,0,False,-0.325098927565,0.1,-0.421130682774,0.096031755209,0.0035102243842
lethal_risky_corridor-expected_sarsa-s11-815b4770c772,11,expected_sarsa,lethal,0.989,100000,shelter,2,0,False,-0.355496892414,0.1,-0.417202427945,0.0617055355315,0.00190584082435
lethal_risky_corridor-expected_sarsa-s11-838feb697e72,11,expected_sarsa,lethal,0.99,100000,shelter,2,0,False,-0.354531975566,0.1,-0.416758540513,0.0622265649464,0.0591732870432
lethal_risky_corridor-expected_sarsa-s11-8816306b24c2,11,expected_sarsa,lethal,0.991,100000,shelter,2,0,False,-0.359950083967,0.1,-0.416313176337,0.0563630923709,0.125192281518
lethal_risky_corridor-expected_sarsa-s11-92ab7779a8a3,11,expected_sarsa,lethal,0.994,100000,shelter,2,0,False,-0.348787218242,0.1,-0.414968239796,0.0661810215541,0.326047612768
lethal_risky_corridor-expected_sarsa-s11-d198782b9dff,11,expected_sarsa,lethal,0.996,100000,shelter,2,0,False,-0.281770373728,0.1,-0.414064261659,0.13229388793,0.460259222809
lethal_risky_corridor-expected_sarsa-s11-f6c325e558af,11,expected_sarsa,lethal,1,100000,shelter,2,0,False,-0.311101836194,0.1,-0.412238713567,0.101136877373,0.737292356516
lethal_risky_corridor-expected_sarsa-s12-0c8384a28b3f,12,expected_sarsa,lethal,1,100000,shelter,2,0,False,-0.293508047628,0.1,-0.412238713567,0.11873066594,0.737292356516
lethal_risky_corridor-expected_sarsa-s12-303015126f7d,12,expected_sarsa,lethal,0.988,100000,shelter,2,0,False,-0.348225881929,0.1,-0.417644836972,0.0694189550431,0.0024054263092
lethal_risky_corridor-expected_sarsa-s12-36d327ec4cb2,12,expected_sarsa,lethal,0.98,100000,shelter,2,0,False,-0.337383481585,0.1,-0.421130682774,0.083747201189,0.000756556104649
lethal_risky_corridor-expected_sarsa-s12-41b27f1bcd32,12,expected_sarsa,lethal,0.991,100000,shelter,2,0,False,-0.358392162268,0.1,-0.416313176337,0.0579210140694,0.125092850651
lethal_risky_corridor-expected_sarsa-s12-5414339900a8,12,expected_sarsa,lethal,0.986,100000,shelter,2,0,False,-0.372275404773,0.1,-0.418525213075,0.046249808302,0.00141696766347
lethal_risky_corridor-expected_sarsa-s12-79797860f221,12,expected_sarsa,lethal,0.989,100000,shelter,2,0,False,-0.370455202218,0.1,-0.417202427945,0.0467472257277,0.00213477140636
lethal_risky_corridor-expected_sarsa-s12-885264f26858,12,expected_sarsa,lethal,0.994,100000,shelter,2,0,False,-0.363834288107,0.1,-0.414968239796,0.0511339516891,0.326047268569
lethal_risky_corridor-expected_sarsa-s12-8a0df7f32ccc,12,expected_sarsa,lethal,0.97,100000,shelter,2,0,False,-0.363518739887,0.1,-0.425276869375,0.0617581294875,7.34582151338e-05
lethal_risky_corridor-expected_sarsa-s12-996e34a3e8dd,12,expected_sarsa,lethal,0.992,100000,shelter,2,0,False,-0.356533946086,0.1,-0.41586633707,0.059332390984,0.191593300381
lethal_risky_corridor-expected_sarsa-s12-9b5436198e21,12,expected_sarsa,lethal,0.998,100000,shelter,2,0,False,-0.2062073626,0.1,-0.41315441539,0.20694705279,0.599004325568
lethal_risky_corridor-expected_sarsa-s12-b82df4f6bfb0,12,expected_sarsa,lethal,0.984,100000,shelter,2,0,False,-0.355400413585,0.1,-0.419399655293,0.0639992417079,0.000168599252142
lethal_risky_corridor-expected_sarsa-s12-cede09d5afca,12,expected_sarsa,lethal,0.99,100000,shelter,2,0,False,-0.363743303097,0.1,-0.416758540513,0.0530152374161,0.0586796758156
lethal_risky_corridor-expected_sarsa-s12-d3a5815774d4,12,expected_sarsa,lethal,0.9895,100000,shelter,2,0,False,-0.365217699819,0.1,-0.416980668926,0.0517629691064,0.0258369411482
lethal_risky_corridor-expected_sarsa-s12-e9f59fb24af9,12,expected_sarsa,lethal,0.996,100000,shelter,2,0,False,-0.316258059247,0.1,-0.414064261659,0.0978062024118,0.461900169127
lethal_risky_corridor-expected_sarsa-s13-08e60984b2de,13,expected_sarsa,lethal,0.984,100000,shelter,2,0,False,-0.369383993135,0.1,-0.419399655293,0.0500156621576,0.0015450833888
lethal_risky_corridor-expected_sarsa-s13-0c208d856933,13,expected_sarsa,lethal,1,100000,shelter,2,0,False,-0.224802281468,0.1,-0.412238713567,0.187436432099,0.737292356516
lethal_risky_corridor-expected_sarsa-s13-15a85e8413ee,13,expected_sarsa,lethal,0.97,100000,shelter,2,0,False,-0.366653336344,0.1,-0.425276869375,0.0586235330314,6.32380515952e-07
lethal_risky_corridor-expected_sarsa-s13-20784b5788e7,13,expected_sarsa,lethal,0.998,100000,shelter,2,0,False,-0.186458701202,0.1,-0.41315441539,0.226695714188,0.598073919878
lethal_risky_corridor-expected_sarsa-s13-446d387cebdb,13,expected_sarsa,lethal,0.9895,100000,shelter,2,0,False,-0.354333085715,0.1,-0.416980668926,0.062647583211,0.0260470893445
lethal_risky_corridor-expected_sarsa-s13-672a4fe63b12,13,expected_sarsa,lethal,0.98,100000,shelter,2,0,False,-0.344050328829,0.1,-0.421130682774,0.077080353945,2.38071510248e-05
lethal_risky_corridor-expected_sarsa-s13-9ac32d629577,13,expected_sarsa,lethal,0.994,100000,shelter,2,0,False,-0.348981796027,0.1,-0.414968239796,0.0659864437692,0.326115445512
lethal_risky_corridor-expected_sarsa-s13-b8c1d85cf13f,13,expected_sarsa,lethal,0.986,100000,shelter,2,0,False,-0.363685983233,0.1,-0.418525213075,0.0548392298418,0.00105171635212
lethal_risky_corridor-expected_sarsa-s13-bd3b12ddef13,13,expected_sarsa,lethal,0.991,100000,shelter,2,0,False,-0.356033475038,0.1,-0.416313176337,0.0602797012996,0.125093533802
lethal_risky_corridor-expected_sarsa-s13-bfcf6fcb6575,13,expected_sarsa,lethal,0.996,100000,shelter,2,0,False,-0.338669344828,0.1,-0.414064261659,0.0753949168307,0.461931127648
lethal_risky_corridor-expected_sarsa-s13-c6d36881f584,13,expected_sarsa,lethal,0.988,100000,shelter,2,0,False,-0.348013708758,0.1,-0.417644836972,0.0696311282137,0.00239346187421
lethal_risky_corridor-expected_sarsa-s13-d5bfafd5402a,13,expected_sarsa,lethal,0.992,100000,shelter,2,0,False,-0.334443676155,0.1,-0.41586633707,0.0814226609144,0.191915037826
lethal_risky_corridor-expected_sarsa-s13-f2a150265b39,13,expected_sarsa,lethal,0.99,100000,shelter,2,0,False,-0.369278231107,0.1,-0.416758540513,0.0474803094061,0.0592090579104
lethal_risky_corridor-expected_sarsa-s13-fa5c3d56dd7a,13,expected_sarsa,lethal,0.989,100000,shelter,2,0,False,-0.368737036653,0.1,-0.417202427945,0.0484653912927,0.00251400776032
lethal_risky_corridor-expected_sarsa-s14-0d0de4d6b4d5,14,expected_sarsa,lethal,1,100000,shelter,2,0,False,-0.280833751856,0.1,-0.412238713567,0.131404961712,0.737292356516
lethal_risky_corridor-expected_sarsa-s14-10c1ba793634,14,expected_sarsa,lethal,0.994,100000,shelter,2,0,False,-0.299607897538,0.1,-0.414968239796,0.115360342258,0.326124303267
lethal_risky_corridor-expected_sarsa-s14-1d7a8eb9cb7d,14,expected_sarsa,lethal,0.992,100000,shelter,2,0,False,-0.220625669634,0.1,-0.41586633707,0.195240667435,0.18942140635
lethal_risky_corridor-expected_sarsa-s14-388d032832b8,14,expected_sarsa,lethal,0.99,100000,shelter,2,0,False,-0.365392123126,0.1,-0.416758540513,0.0513664173872,0.0589896533066
lethal_risky_corridor-expected_sarsa-s14-58e18ed9b72e,14,expected_sarsa,lethal,0.97,100000,shelter,2,0,False,-0.349924545721,0.1,-0.425276869375,0.075352323654,0
lethal_risky_corridor-expected_sarsa-s14-5fa963c87d17,14,expected_sarsa,lethal,0.998,100000,shelter,2,0,False,-0.304433737184,0.1,-0.41315441539,0.108720678207,0.599032917217
lethal_risky_corridor-expected_sarsa-s14-6e1473172acb,14,expected_sarsa,lethal,0.986,100000,shelter,2,0,False,-0.363026212405,0.1,-0.418525213075,0.05549900067,0.00142007580934
lethal_risky_corridor-expected_sarsa-s14-969f60f6bfda,14,expected_sarsa,lethal,0.98,100000,shelter,2,0,False,-0.355922512264,0.1,-0.421130682774,0.06520817051,3.08699909199e-05
lethal_risky_corridor-expected_sarsa-s14-97e6c6016685,14,expected_sarsa,lethal,0.991,100000,shelter,2,0,False,-0.367452321335,0.1,-0.416313176337,0.0488608550028,0.124938385321
lethal_risky_corridor-expected_sarsa-s14-99d4b5713699,14,expected_sarsa,lethal,0.984,100000,shelter,2,0,False,-0.361517534327,0.1,-0.419399655293,0.057882120966,0.000646764125243
lethal_risky_corridor-expected_sarsa-s14-9e32c3cb1111,14,expected_sarsa,lethal,0.988,100000,shelter,2,0,False,-0.36457034258,0.1,-0.417644836972,0.053074494392,0.00240801352686
lethal_risky_corridor-expected_sarsa-s14-a107ba403157,14,expected_sarsa,lethal,0.989,100000,shelter,2,0,False,-0.296246507401,0.1,-0.417202427945,0.120955920544,0.00250261924014
lethal_risky_corridor-expected_sarsa-s14-d7f7993dea14,14,expected_sarsa,lethal,0.996,100000,shelter,2,0,False,-0.359978115312,0.1,-0.414064261659,0.0540861463467,0.461929580721
lethal_risky_corridor-expected_sarsa-s14-f5cc7a301132,14,expected_sarsa,lethal,0.9895,100000,shelter,2,0,False,-0.232298943762,0.1,-0.416980668926,0.184681725164,0.0263812839191
lethal_risky_corridor-expected_sarsa-s15-02feed393527,15,expected_sarsa,lethal,0.992,100000,shelter,2,0,False,-0.323435573864,0.1,-0.41586633707,0.0924307632052,0.191716375241
lethal_risky_corridor-expected_sarsa-s15-08cfee9a023f,15,expected_sarsa,lethal,0.98,100000,shelter,2,0,False,-0.363976480424,0.1,-0.421130682774,0.05715420235,0.00201105165267
lethal_risky_corridor-expected_sarsa-s15-11e8540e220c,15,expected_sarsa,lethal,0.994,100000,shelter,2,0,False,-0.359278848644,0.1,-0.414968239796,0.0556893911523,0.326047612768
lethal_risky_corridor-expected_sarsa-s15-3ef1831c708a,15,expected_sarsa,lethal,0.998,100000,shelter,2,0,False,-0.34899106267,0.1,-0.41315441539,0.0641633527203,0.599024661521
lethal_risky_corridor-expected_sarsa-s15-4ce43253edab,15,expected_sarsa,lethal,0.984,100000,shelter,2,0,False,-0.347054858001,0.1,-0.419399655293,0.0723447972912,0.000834212268132
lethal_risky_corridor-expected_sarsa-s15-4d120aeaef6d,15,expected_sarsa,lethal,1,100000,shelter,2,0,False,-0.235241720496,0.1,-0.412238713567,0.176996993072,0.737292356516
lethal_risky_corridor-expected_sarsa-s15-5041e588b33e,15,expected_sarsa,lethal,0.986,100000,shelter,2,0,False,-0.324784948688,0.1,-0.418525213075,0.0937402643874,0.00231979948568
lethal_risky_corridor-expected_sarsa-s15-52347895f2a6,15,expected_sarsa,lethal,0.988,100000,shelter,2,0,False,-0.353263856595,0.1,-0.417644836972,0.0643809803763,0.00235354632166
lethal_risky_corridor-expected_sarsa-s15-5e21d80f41cd,15,expected_sarsa,lethal,0.991,100000,shelter,2,0,False,-0.341910758297,0.1,-0.416313176337,0.0744024180408,0.125102766768
lethal_risky_corridor-expected_sarsa-s15-7ac852a8ca24,15,expected_sarsa,lethal,0.99,100000,shelter,2,0,False,-0.359189878361,0.1,-0.416758540513,0.0575686621516,0.0586790032156
lethal_risky_corridor-expected_sarsa-s15-8b3e753f2230,15,expected_sarsa,lethal,0.996,100000,shelter,2,0,False,-0.329821195784,0.1,-0.414064261659,0.0842430658745,0.461850675289
lethal_risky_corridor-expected_sarsa-s15-8dd21e3a1e1b,15,expected_sarsa,lethal,0.989,100000,shelter,2,0,False,-0.348394840338,0.1,-0.417202427945,0.0688075876072,0.00228187107426
lethal_risky_corridor-expected_sarsa-s15-b3bd06e37508,15,expected_sarsa,lethal,0.97,100000,shelter,2,0,False,-0.364985752774,0.1,-0.425276869375,0.0602911166014,0
lethal_risky_corridor-expected_sarsa-s15-ef9a703c3817,15,expected_sarsa,lethal,0.9895,100000,shelter,2,0,False,-0.329995492354,0.1,-0.416980668926,0.086985176572,0.0258377241461
lethal_risky_corridor-expected_sarsa-s16-06a8e071184d,16,expected_sarsa,lethal,0.9895,100000,shelter,2,0,False,-0.171277356532,0.1,-0.416980668926,0.245703312393,0.0246469655255
lethal_risky_corridor-expected_sarsa-s16-0e80b2a5ce7b,16,expected_sarsa,lethal,0.99,100000,shelter,2,0,False,-0.343681714582,0.1,-0.416758540513,0.0730768259312,0.0586796758156
lethal_risky_corridor-expected_sarsa-s16-1e59acfa5a22,16,expected_sarsa,lethal,0.984,100000,shelter,2,0,False,-0.266390625512,0.1,-0.419399655293,0.153009029781,5.37677523216e-06
lethal_risky_corridor-expected_sarsa-s16-240eda28ecca,16,expected_sarsa,lethal,0.97,100000,shelter,2,0,False,-0.331113432978,0.1,-0.425276869375,0.0941634363965,2.38222806157e-05
lethal_risky_corridor-expected_sarsa-s16-3ebe2e910860,16,expected_sarsa,lethal,0.989,100000,shelter,2,0,False,-0.357382718866,0.1,-0.417202427945,0.0598197090791,0.00213477730349
lethal_risky_corridor-expected_sarsa-s16-4ec23d7a7e31,16,expected_sarsa,lethal,1,100000,shelter,2,0,False,-0.262981860203,0.1,-0.412238713567,0.149256853364,0.737292356516
lethal_risky_corridor-expected_sarsa-s16-58bb48203358,16,expected_sarsa,lethal,0.991,100000,shelter,2,0,False,-0.355712723131,0.1,-0.416313176337,0.0606004532068,0.124938874865
lethal_risky_corridor-expected_sarsa-s16-70234e1b2737,16,expected_sarsa,lethal,0.98,100000,shelter,2,0,False,-0.36471535375,0.1,-0.421130682774,0.0564153290237,0.000763741314278
lethal_risky_corridor-expected_sarsa-s16-86387801c870,16,expected_sarsa,lethal,0.994,100000,shelter,2,0,False,-0.354727269642,0.1,-0.414968239796,0.0602409701542,0.326047290532
lethal_risky_corridor-expected_sarsa-s16-c6eccb098433,16,expected_sarsa,lethal,0.988,100000,shelter,2,0,False,-0.355236628911,0.1,-0.417644836972,0.0624082080607,0.00239346187421
lethal_risky_corridor-expected_sarsa-s16-cf8a124d96e3,16,expected_sarsa,lethal,0.992,100000,shelter,2,0,False,-0.357999085927,0.1,-0.41586633707,0.0578672511428,0.191793980116
lethal_risky_corridor-expected_sarsa-s16-d541b91be934,16,expected_sarsa,lethal,0.996,100000,shelter,2,0,False,-0.309706241892,0.1,-0.414064261659,0.104358019766,0.461929447357
lethal_risky_corridor-expected_sarsa-s16-da1e18fe9d87,16,expected_sarsa,lethal,0.998,100000,shelter,2,0,False,-0.345494658184,0.1,-0.41315441539,0.0676597572063,0.599032542315
lethal_risky_corridor-expected_sarsa-s16-e21487194cff,16,expected_sarsa,lethal,0.986,100000,shelter,2,0,False,-0.360579586772,0.1,-0.418525213075,0.0579456263032,0.00141699687474
lethal_risky_corridor-expected_sarsa-s17-1526662ceb93,17,expected_sarsa,lethal,0.986,100000,shelter,2,0,False,-0.364214112568,0.1,-0.418525213075,0.0543111005071,0.00104728233357
lethal_risky_corridor-expected_sarsa-s17-1eecfa54995a,17,expected_sarsa,lethal,0.992,100000,shelter,2,0,False,-0.347214759186,0.1,-0.41586633707,0.0686515778841,0.191594069392
lethal_risky_corridor-expected_sarsa-s17-30e8a9588504,17,expected_sarsa,lethal,0.98,100000,shelter,2,0,False,-0.358600070059,0.1,-0.421130682774,0.0625306127148,1.60955959654e-05
lethal_risky_corridor-expected_sarsa-s17-3b172000e7ab,17,expected_sarsa,lethal,0.9895,100000,shelter,2,0,False,-0.362504041316,0.1,-0.416980668926,0.0544766276095,0.0263546978609
lethal_risky_corridor-expected_sarsa-s17-3b6dd44b303b,17,expected_sarsa,lethal,0.988,100000,shelter,2,0,False,-0.372871751835,0.1,-0.417644836972,0.0447730851371,0.0016831142784
lethal_risky_corridor-expected_sarsa-s17-6cbef1eaf567,17,expected_sarsa,lethal,0.984,100000,shelter,2,0,False,-0.37065861955,0.1,-0.419399655293,0.0487410357424,0.000171543649807
lethal_risky_corridor-expected_sarsa-s17-94184489d4ea,17,expected_sarsa,lethal,0.989,100000,shelter,2,0,False,-0.359282587186,0.1,-0.417202427945,0.0579198407595,0.00251201613063
lethal_risky_corridor-expected_sarsa-s17-ada248d98fef,17,expected_sarsa,lethal,1,100000,shelter,2,0,False,-0.289892514277,0.1,-0.412238713567,0.122346199291,0.737292356516
lethal_risky_corridor-expected_sarsa-s17-b41d0e48d1e7,17,expected_sarsa,lethal,0.996,100000,shelter,2,0,False,-0.222528714129,0.1,-0.414064261659,0.19153554753,0.478884834579
lethal_risky_corridor-expected_sarsa-s17-c2ac90d244e8,17,expected_sarsa,lethal,0.97,100000,shelter,2,0,False,-0.35614349208,0.1,-0.425276869375,0.0691333772949,3.28793381081e-05
lethal_risky_corridor-expected_sarsa-s17-d38e2f1843ac,17,expected_sarsa,lethal,0.991,100000,shelter,2,0,False,-0.358165420986,0.1,-0.416313176337,0.0581477553516,0.125322361302
lethal_risky_corridor-expected_sarsa-s17-e15291450906,17,expected_sarsa,lethal,0.994,100000,shelter,2,0,False,-0.351513572033,0.1,-0.414968239796,0.0634546677637,0.325935075771
lethal_risky_corridor-expected_sarsa-s17-e3fbbb1d9f70,17,expected_sarsa,lethal,0.99,100000,shelter,2,0,False,-0.364275369973,0.1,-0.416758540513,0.0524831705394,0.0586790032156
lethal_risky_corridor-expected_sarsa-s17-ec98bf556745,17,expected_sarsa,lethal,0.998,100000,shelter,2,0,False,-0.346384989466,0.1,-0.41315441539,0.0667694259242,0.599016734812
lethal_risky_corridor-expected_sarsa-s18-150a787a8171,18,expected_sarsa,lethal,0.992,100000,shelter,2,0,False,-0.35047990403,0.1,-0.41586633707,0.06538643304,0.191791965507
lethal_risky_corridor-expected_sarsa-s18-1ede06c47c66,18,expected_sarsa,lethal,0.994,100000,shelter,2,0,False,-0.235678613942,0.1,-0.414968239796,0.179289625855,0.323983050866
lethal_risky_corridor-expected_sarsa-s18-2a5842156181,18,expected_sarsa,lethal,0.991,100000,shelter,2,0,False,-0.34603161621,0.1,-0.416313176337,0.0702815601278,0.125288359796
lethal_risky_corridor-expected_sarsa-s18-512e3dcf5bce,18,expected_sarsa,lethal,0.986,100000,shelter,2,0,False,-0.347412926623,0.1,-0.418525213075,0.0711122864524,0.00141947936202
lethal_risky_corridor-expected_sarsa-s18-517e92853240,18,expected_sarsa,lethal,0.98,100000,shelter,2,0,False,-0.366010612949,0.1,-0.421130682774,0.055120069825,1.07987914788e-05
lethal_risky_corridor-expected_sarsa-s18-57eceeb9fc24,18,expected_sarsa,lethal,1,100000,shelter,2,0,False,-0.302779163196,0.1,-0.412238713567,0.109459550372,0.737292356516
lethal_risky_corridor-expected_sarsa-s18-62867f9afbd2,18,expected_sarsa,lethal,0.99,100000,shelter,2,0,False,-0.357422187883,0.1,-0.416758540513,0.0593363526297,0.0588698484349
lethal_risky_corridor-expected_sarsa-s18-79a5252584c7,18,expected_sarsa,lethal,0.984,100000,shelter,2,0,False,-0.35487793289,0.1,-0.419399655293,0.064521722403,0.00149832075199
lethal_risky_corridor-expected_sarsa-s18-b2f3e0dd25cf,18,expected_sarsa,lethal,0.9895,100000,shelter,2,0,False,-0.356218256774,0.1,-0.416980668926,0.0607624121511,0.0263831430549
lethal_risky_corridor-expected_sarsa-s18-c01cad3d3031,18,expected_sarsa,lethal,0.988,100000,shelter,2,0,False,-0.342114162377,0.1,-0.417644836972,0.0755306745952,0.00213515468729
lethal_risky_corridor-expected_sarsa-s18-d6a3987fb008,18,expected_sarsa,lethal,0.97,100000,shelter,2,0,False,-0.347279597323,0.1,-0.425276869375,0.0779972720516,2.38222806157e-05
lethal_risky_corridor-expected_sarsa-s18-e33513c5fc37,18,expected_sarsa,lethal,0.989,100000,shelter,2,0,False,-0.360286581451,0.1,-0.417202427945,0.0569158464942,0.00228187107426
lethal_risky_corridor-expected_sarsa-s18-e491428a6642,18,expected_sarsa,lethal,0.998,100000,shelter,2,0,False,-0.356160474235,0.1,-0.41315441539,0.0569939411551,0.599024673427
lethal_risky_corridor-expected_sarsa-s18-f67b99593c65,18,expected_sarsa,lethal,0.996,100000,shelter,2,0,False,-0.345955128144,0.1,-0.414064261659,0.068109133515,0.461962416303
lethal_risky_corridor-expected_sarsa-s19-059305ea99cd,19,expected_sarsa,lethal,0.988,100000,shelter,2,0,False,-0.360363966732,0.1,-0.417644836972,0.0572808702392,0.0021377419754
lethal_risky_corridor-expected_sarsa-s19-19190368629f,19,expected_sarsa,lethal,0.994,100000,shelter,2,0,False,-0.331076949357,0.1,-0.414968239796,0.083891290439,0.326119615586
lethal_risky_corridor-expected_sarsa-s19-2c3f673f3e80,19,expected_sarsa,lethal,0.984,100000,shelter,2,0,False,-0.35096035642,0.1,-0.419399655293,0.0684392988725,0.000642645988789
lethal_risky_corridor-expected_sarsa-s19-2d5c5cdc286a,19,expected_sarsa,lethal,1,100000,shelter,2,0,False,-0.282826731728,0.1,-0.412238713567,0.129411981839,0.737292356516
lethal_risky_corridor-expected_sarsa-s19-47ffa23401ec,19,expected_sarsa,lethal,0.97,100000,shelter,2,0,False,-0.361508943213,0.1,-0.425276869375,0.0637679261621,2.38222806157e-05
lethal_risky_corridor-expected_sarsa-s19-4f02de0ac829,19,expected_sarsa,lethal,0.998,100000,shelter,2,0,False,-0.322252587424,0.1,-0.41315441539,0.0909018279663,0.599024673427
lethal_risky_corridor-expected_sarsa-s19-61b8dd6be908,19,expected_sarsa,lethal,0.992,100000,shelter,2,0,False,-0.346533645642,0.1,-0.41586633707,0.0693326914273,0.191593362568
lethal_risky_corridor-expected_sarsa-s19-7ac83c694bcf,19,expected_sarsa,lethal,0.98,100000,shelter,2,0,False,-0.36315324913,0.1,-0.421130682774,0.0579774336436,0.00127826788491
lethal_risky_corridor-expected_sarsa-s19-7ec73a30ecef,19,expected_sarsa,lethal,0.996,100000,shelter,2,0,False,-0.296054585139,0.1,-0.414064261659,0.11800967652,0.461931127648
lethal_risky_corridor-expected_sarsa-s19-891b6d5e1472,19,expected_sarsa,lethal,0.99,100000,shelter,2,0,False,-0.360742187477,0.1,-0.416758540513,0.0560163530355,0.0586790866524
lethal_risky_corridor-expected_sarsa-s19-98fe269def77,19,expected_sarsa,lethal,0.991,100000,shelter,2,0,False,-0.350759342306,0.1,-0.416313176337,0.065553834031,0.124939553079
lethal_risky_corridor-expected_sarsa-s19-aabe51bc15f3,19,expected_sarsa,lethal,0.989,100000,shelter,2,0,False,-0.332274914524,0.1,-0.417202427945,0.0849275134216,0.00255200333034
lethal_risky_corridor-expected_sarsa-s19-beac7ca74ec8,19,expected_sarsa,lethal,0.986,100000,shelter,2,0,False,-0.36302402083,0.1,-0.418525213075,0.0555011922452,0.0016681507405
lethal_risky_corridor-expected_sarsa-s19-fa208ca9eba0,19,expected_sarsa,lethal,0.9895,100000,shelter,2,0,False,-0.340034207457,0.1,-0.416980668926,0.0769464614684,0.0263812839191
lethal_risky_corridor-expected_sarsa-s2-03dcfadb946c,2,expected_sarsa,lethal,0.986,100000,shelter,2,0,False,-0.333400499261,0.1,-0.418525213075,0.0851247138146,0.00141947936202
lethal_risky_corridor-expected_sarsa-s2-0be28525aa47,2,expected_sarsa,lethal,0.984,100000,shelter,2,0,False,-0.338506883465,0.1,-0.419399655293,0.0808927718274,0.000646318177817
lethal_risky_corridor-expected_sarsa-s2-296fea4aa2a8,2,expected_sarsa,lethal,0.992,100000,shelter,2,0,False,-0.336642747246,0.1,-0.41586633707,0.0792235898234,0.191792784223
lethal_risky_corridor-expected_sarsa-s2-35057fdfcb92,2,expected_sarsa,lethal,1,100000,shelter,2,0,False,-0.245533223951,0.1,-0.412238713567,0.166705489616,0.737292356516
lethal_risky_corridor-expected_sarsa-s2-547c83401426,2,expected_sarsa,lethal,0.9895,100000,shelter,2,0,False,-0.359278492868,0.1,-0.416980668926,0.0577021760577,0.0263560024276
lethal_risky_corridor-expected_sarsa-s2-79b46ab11b45,2,expected_sarsa,lethal,0.98,100000,shelter,2,0,False,-0.337987819986,0.1,-0.421130682774,0.0831428627875,0.0032952874729
lethal_risky_corridor-expected_sarsa-s2-8cb8c1a0909b,2,expected_sarsa,lethal,0.97,100000,shelter,2,0,False,-0.361898002358,0.1,-0.425276869375,0.0633788670173,0
lethal_risky_corridor-expected_sarsa-s2-9654a48462c1,2,expected_sarsa,lethal,0.988,100000,shelter,2,0,False,-0.354530346417,0.1,-0.417644836972,0.0631144905549,0.00239346187421
lethal_risky_corridor-expected_sarsa-s2-979ea8a50ec9,2,expected_sarsa,lethal,0.998,100000,shelter,2,0,False,-0.352965463332,0.1,-0.41315441539,0.060188952058,0.599024661521
lethal_risky_corridor-expected_sarsa-s2-ac122f2c6451,2,expected_sarsa,lethal,0.989,100000,shelter,2,0,False,-0.233889192516,0.1,-0.417202427945,0.183313235429,7.72479723299e-06
lethal_risky_corridor-expected_sarsa-s2-ba68a72fe4e3,2,expected_sarsa,lethal,0.996,100000,shelter,2,0,False,-0.35052050611,0.1,-0.414064261659,0.0635437555491,0.461931026016
lethal_risky_corridor-expected_sarsa-s2-ec69366be4b4,2,expected_sarsa,lethal,0.991,100000,shelter,2,0,False,-0.350627508582,0.1,-0.416313176337,0.0656856677558,0.124937707108
lethal_risky_corridor-expected_sarsa-s2-f33fb8a07674,2,expected_sarsa,lethal,0.994,100000,shelter,2,0,False,-0.248798625702,0.1,-0.414968239796,0.166169614094,0.323975518314
lethal_risky_corridor-expected_sarsa-s2-f98747345b5b,2,expected_sarsa,lethal,0.99,100000,shelter,2,0,False,-0.331890633718,0.1,-0.416758540513,0.0848679067943,0.0593405655979
lethal_risky_corridor-expected_sarsa-s3-04c595f3a5f8,3,expected_sarsa,lethal,0.99,100000,shelter,2,0,False,-0.353808641869,0.1,-0.416758540513,0.062949898644,0.058678082871
lethal_risky_corridor-expected_sarsa-s3-224cf902814f,3,expected_sarsa,lethal,0.988,100000,shelter,2,0,False,-0.352315286789,0.1,-0.417644836972,0.0653295501823,0.00168494870358
lethal_risky_corridor-expected_sarsa-s3-29b6c01933ba,3,expected_sarsa,lethal,0.984,100000,shelter,2,0,False,-0.373869422369,0.1,-0.419399655293,0.045530232924,0.000646318177817
lethal_risky_corridor-expected_sarsa-s3-38f74c870df5,3,expected_sarsa,lethal,0.97,100000,shelter,2,0,False,-0.360640978233,0.1,-0.425276869375,0.0646358911418,0.00166477862982
lethal_risky_corridor-expected_sarsa-s3-664fba003b35,3,expected_sarsa,lethal,0.9895,100000,shelter,2,0,False,-0.359523066282,0.1,-0.416980668926,0.0574576026436,0.025835864939
lethal_risky_corridor-expected_sarsa-s3-7691a8166394,3,expected_sarsa,lethal,0.986,100000,shelter,2,0,False,-0.372543782982,0.1,-0.418525213075,0.0459814300927,0.00104979412401
lethal_risky_corridor-expected_sarsa-s3-81587cec2a43,3,expected_sarsa,lethal,0.98,100000,shelter,2,0,False,-0.382682717189,0.1,-0.421130682774,0.0384479655846,0.000756556104649
lethal_risky_corridor-expected_sarsa-s3-b43253c155e7,3,expected_sarsa,lethal,0.994,100000,shelter,2,0,False,-0.268057717056,0.1,-0.414968239796,0.14691052274,0.324017839997
lethal_risky_corridor-expected_sarsa-s3-bed2e85e4e65,3,expected_sarsa,lethal,0.989,100000,shelter,2,0,False,-0.37145779647,0.1,-0.417202427945,0.045744631475,0.00190781024834
lethal_risky_corridor-expected_sarsa-s3-d4c9d71163bb,3,expected_sarsa,lethal,0.991,100000,shelter,2,0,False,-0.370923173396,0.1,-0.416313176337,0.0453900029411,0.125093651082
lethal_risky_corridor-expected_sarsa-s3-e5946930e39e,3,expected_sarsa,lethal,1,100000,shelter,2,0,False,-0.293089135323,0.1,-0.412238713567,0.119149578244,0.737292356516
lethal_risky_corridor-expected_sarsa-s3-e6d92f4fd69e,3,expected_sarsa,lethal,0.996,100000,shelter,2,0,False,-0.347424359537,0.1,-0.414064261659,0.0666399021215,0.461931654877
lethal_risky_corridor-expected_sarsa-s3-efa8f65e50d7,3,expected_sarsa,lethal,0.992,100000,shelter,2,0,False,-0.359447753214,0.1,-0.41586633707,0.0564185838554,0.191594119108
lethal_risky_corridor-expected_sarsa-s3-f04cec6fc25b,3,expected_sarsa,lethal,0.998,100000,shelter,2,0,False,-0.339642824357,0.1,-0.41315441539,0.0735115910329,0.599032542315
lethal_risky_corridor-expected_sarsa-s4-05244359443b,4,expected_sarsa,lethal,0.986,100000,shelter,2,0,False,-0.347657410572,0.1,-0.418525213075,0.0708678025029,0.00142007580934
lethal_risky_corridor-expected_sarsa-s4-10c1bbc23d5f,4,expected_sarsa,lethal,0.98,100000,shelter,2,0,False,-0.332145268156,0.1,-0.421130682774,0.0889854146182,1.99649337524e-05
lethal_risky_corridor-expected_sarsa-s4-160ac5a5a810,4,expected_sarsa,lethal,0.988,100000,shelter,2,0,False,-0.368968853445,0.1,-0.417644836972,0.0486759835265,0.00168494870358
lethal_risky_corridor-expected_sarsa-s4-173b18152d58,4,expected_sarsa,lethal,0.99,100000,shelter,2,0,False,-0.363262869085,0.1,-0.416758540513,0.0534956714278,0.0591819879198
lethal_risky_corridor-expected_sarsa-s4-1d1036f9c1fe,4,expected_sarsa,lethal,0.97,100000,shelter,2,0,False,-0.360036283084,0.1,-0.425276869375,0.0652405862912,2.38222806157e-05
lethal_risky_corridor-expected_sarsa-s4-1dad5915b8ca,4,expected_sarsa,lethal,0.992,100000,shelter,2,0,False,-0.355758479427,0.1,-0.41586633707,0.0601078576427,0.191920283983
lethal_risky_corridor-expected_sarsa-s4-1e79729fc22d,4,expected_sarsa,lethal,0.989,100000,shelter,2,0,False,-0.375358485345,0.1,-0.417202427945,0.0418439426004,0.00228491743767
lethal_risky_corridor-expected_sarsa-s4-3be4f16490bb,4,expected_sarsa,lethal,0.991,100000,shelter,2,0,False,-0.34140878864,0.1,-0.416313176337,0.0749043876978,0.125507290932
lethal_risky_corridor-expected_sarsa-s4-62d58f0d9a77,4,expected_sarsa,lethal,0.984,100000,shelter,2,0,False,-0.35860926031,0.1,-0.419399655293,0.0607903949822,0.00155172465347
lethal_risky_corridor-expected_sarsa-s4-82f7e2a903fa,4,expected_sarsa,lethal,0.996,100000,shelter,2,0,False,-0.350771213289,0.1,-0.414064261659,0.0632930483698,0.461850683904
lethal_risky_corridor-expected_sarsa-s4-8a8245127b86,4,expected_sarsa,lethal,1,100000,shelter,2,0,False,-0.295769379791,0.1,-0.412238713567,0.116469333777,0.737292356516
lethal_risky_corridor-expected_sarsa-s4-b23e6fbb8ddd,4,expected_sarsa,lethal,0.994,100000,shelter,2,0,False,-0.359219878016,0.1,-0.414968239796,0.0557483617801,0.326117319879
lethal_risky_corridor-expected_sarsa-s4-bee138d8f625,4,expected_sarsa,lethal,0.9895,100000,shelter,2,0,False,-0.358875043707,0.1,-0.416980668926,0.0581056252186,0.0260459135654
lethal_risky_corridor-expected_sarsa-s4-f52bfe0848a9,4,expected_sarsa,lethal,0.998,100000,shelter,2,0,False,-0.231711874658,0.1,-0.41315441539,0.181442540732,0.598085360519
lethal_risky_corridor-expected_sarsa-s5-0c57f8cfacf2,5,expected_sarsa,lethal,0.998,100000,shelter,2,0,False,-0.344638297461,0.1,-0.41315441539,0.0685161179292,0.599004333277
lethal_risky_corridor-expected_sarsa-s5-33c0059d8b86,5,expected_sarsa,lethal,0.986,100000,shelter,2,0,False,-0.355902918176,0.1,-0.418525213075,0.0626222948992,0.00141696766347
lethal_risky_corridor-expected_sarsa-s5-33c6447dd8be,5,expected_sarsa,lethal,0.994,100000,shelter,2,0,False,-0.35334438557,0.1,-0.414968239796,0.0616238542261,0.326004937143
lethal_risky_corridor-expected_sarsa-s5-4e04998acc4b,5,expected_sarsa,lethal,0.97,100000,shelter,2,0,False,-0.375562193585,0.1,-0.425276869375,0.0497146757896,0.00166414634487
lethal_risky_corridor-expected_sarsa-s5-50b0cd64f822,5,expected_sarsa,lethal,0.991,100000,shelter,2,0,False,-0.358205603508,0.1,-0.416313176337,0.0581075728292,0.125093533802
lethal_risky_corridor-expected_sarsa-s5-65b1f76ad9af,5,expected_sarsa,lethal,0.992,100000,shelter,2,0,False,-0.34909435959,0.1,-0.41586633707,0.0667719774791,0.191593636484
lethal_risky_corridor-expected_sarsa-s5-79022349d33d,5,expected_sarsa,lethal,0.984,100000,shelter,2,0,False,-0.328412330946,0.1,-0.419399655293,0.0909873243469,0.000969372104703
lethal_risky_corridor-expected_sarsa-s5-942a3e6b8c41,5,expected_sarsa,lethal,0.98,100000,shelter,2,0,False,-0.366869816924,0.1,-0.421130682774,0.0542608658496,1.6059023813e-05
lethal_risky_corridor-expected_sarsa-s5-a6ddf04afa41,5,expected_sarsa,lethal,1,100000,shelter,2,0,False,-0.246416311395,0.1,-0.412238713567,0.165822402172,0.737292356516
lethal_risky_corridor-expected_sarsa-s5-ba02e744e9a4,5,expected_sarsa,lethal,0.99,100000,shelter,2,0,False,-0.355970873873,0.1,-0.416758540513,0.0607876666395,0.0586806078696
lethal_risky_corridor-expected_sarsa-s5-cb0717933a05,5,expected_sarsa,lethal,0.9895,100000,shelter,2,0,False,-0.349626583738,0.1,-0.416980668926,0.0673540851877,0.0261794982491
lethal_risky_corridor-expected_sarsa-s5-cb257676249b,5,expected_sarsa,lethal,0.989,100000,shelter,2,0,False,-0.364532031745,0.1,-0.417202427945,0.0526703962003,0.0024722010616
lethal_risky_corridor-expected_sarsa-s5-d9fda3faefb2,5,expected_sarsa,lethal,0.988,100000,shelter,2,0,False,-0.357711089191,0.1,-0.417644836972,0.059933747781,0.00195809952111
lethal_risky_corridor-expected_sarsa-s5-e259e08b7035,5,expected_sarsa,lethal,0.996,100000,shelter,2,0,False,-0.342128440233,0.1,-0.414064261659,0.0719358214254,0.461900264486
lethal_risky_corridor-expected_sarsa-s6-101000cd1abf,6,expected_sarsa,lethal,0.98,100000,shelter,2,0,False,-0.356265569576,0.1,-0.421130682774,0.0648651131979,1.6059023813e-05
lethal_risky_corridor-expected_sarsa-s6-3ca82a82f3cb,6,expected_sarsa,lethal,0.991,100000,shelter,2,0,False,-0.183465535648,0.1,-0.416313176337,0.23284764069,0.123201585456
lethal_risky_corridor-expected_sarsa-s6-441dbcbdb3e5,6,expected_sarsa,lethal,0.9895,100000,shelter,2,0,False,-0.34127644923,0.1,-0.416980668926,0.075704219696,0.0258369411482
lethal_risky_corridor-expected_sarsa-s6-4562bb52c784,6,expected_sarsa,lethal,0.998,100000,shelter,2,0,False,-0.271813519103,0.1,-0.41315441539,0.141340896287,0.60787552157
lethal_risky_corridor-expected_sarsa-s6-48212cdca485,6,expected_sarsa,lethal,0.986,100000,shelter,2,0,False,-0.36308989461,0.1,-0.418525213075,0.0554353184651,0.00105176024012
lethal_risky_corridor-expected_sarsa-s6-49b8d17efb5b,6,expected_sarsa,lethal,0.994,100000,shelter,2,0,False,-0.36723455575,0.1,-0.414968239796,0.0477336840463,0.326046946333
lethal_risky_corridor-expected_sarsa-s6-5cfd8da8de97,6,expected_sarsa,lethal,0.97,100000,shelter,2,0,False,-0.366707639862,0.1,-0.425276869375,0.058569229513,0
lethal_risky_corridor-expected_sarsa-s6-5eea0f8b9851,6,expected_sarsa,lethal,0.984,100000,shelter,2,0,False,-0.366180875095,0.1,-0.419399655293,0.0532187801973,0.000165629702374
lethal_risky_corridor-expected_sarsa-s6-5f53b9121d67,6,expected_sarsa,lethal,1,100000,shelter,2,0,False,-0.284800303278,0.1,-0.412238713567,0.12743841029,0.737292356516
lethal_risky_corridor-expected_sarsa-s6-6d0f369fcafa,6,expected_sarsa,lethal,0.992,100000,shelter,2,0,False,-0.3564367377,0.1,-0.41586633707,0.0594295993697,0.191899151717
lethal_risky_corridor-expected_sarsa-s6-6d3222ced4db,6,expected_sarsa,lethal,0.988,100000,shelter,2,0,False,-0.348355755104,0.1,-0.417644836972,0.0692890818676,0.00168589680876
lethal_risky_corridor-expected_sarsa-s6-bbb3eaa6aa15,6,expected_sarsa,lethal,0.996,100000,shelter,2,0,False,-0.341810845739,0.1,-0.414064261659,0.0722534159194,0.461962416303
lethal_risky_corridor-expected_sarsa-s6-c29c41135124,6,expected_sarsa,lethal,0.99,100000,shelter,2,0,False,-0.357316609735,0.1,-0.416758540513,0.0594419307774,0.0586806078696
lethal_risky_corridor-expected_sarsa-s6-d2becffa2cfe,6,expected_sarsa,lethal,0.989,100000,shelter,2,0,False,-0.36131114134,0.1,-0.417202427945,0.0558912866048,0.00250475867116
lethal_risky_corridor-expected_sarsa-s7-30d14bfb1052,7,expected_sarsa,lethal,0.996,100000,shelter,2,0,False,-0.301011076903,0.1,-0.414064261659,0.113053184756,0.460293495828
lethal_risky_corridor-expected_sarsa-s7-3ed5f6f1ee0c,7,expected_sarsa,lethal,0.98,100000,shelter,2,0,False,-0.367657145168,0.1,-0.421130682774,0.0534735376056,1.78061814342e-05
lethal_risky_corridor-expected_sarsa-s7-552dfd5b303a,7,expected_sarsa,lethal,0.991,100000,shelter,2,0,False,-0.360639210128,0.1,-0.416313176337,0.055673966209,0.124938869916
lethal_risky_corridor-expected_sarsa-s7-936c82ef65ec,7,expected_sarsa,lethal,0.994,100000,shelter,2,0,False,-0.355415669417,0.1,-0.414968239796,0.0595525703792,0.326116807849
lethal_risky_corridor-expected_sarsa-s7-9aa0643ff439,7,expected_sarsa,lethal,0.9895,100000,shelter,2,0,False,-0.354157518855,0.1,-0.416980668926,0.0628231500706,0.0263922102361
lethal_risky_corridor-expected_sarsa-s7-9f28fc7725d2,7,expected_sarsa,lethal,0.998,100000,shelter,2,0,False,-0.294596776097,0.1,-0.41315441539,0.118557639293,0.59806955226
lethal_risky_corridor-expected_sarsa-s7-b1e0582b207b,7,expected_sarsa,lethal,0.989,100000,shelter,2,0,False,-0.356880194734,0.1,-0.417202427945,0.0603222332116,0.00228600221427
lethal_risky_corridor-expected_sarsa-s7-b1f4d38936df,7,expected_sarsa,lethal,0.988,100000,shelter,2,0,False,-0.365580229279,0.1,-0.417644836972,0.0520646076927,0.0016878157187
lethal_risky_corridor-expected_sarsa-s7-d0c7237a9dc1,7,expected_sarsa,lethal,0.992,100000,shelter,2,0,False,-0.357587348735,0.1,-0.41586633707,0.0582789883343,0.191716412081
lethal_risky_corridor-expected_sarsa-s7-d2aa5b33e332,7,expected_sarsa,lethal,1,100000,shelter,2,0,False,-0.265437847823,0.1,-0.412238713567,0.146800865744,0.737292356516
lethal_risky_corridor-expected_sarsa-s7-d41a2eeee46e,7,expected_sarsa,lethal,0.986,100000,shelter,2,0,False,-0.364111301367,0.1,-0.418525213075,0.0544139117086,0.00105171635212
lethal_risky_corridor-expected_sarsa-s7-dcd3726f2dbb,7,expected_sarsa,lethal,0.97,100000,shelter,2,0,False,-0.36583468234,0.1,-0.425276869375,0.0594421870348,1.57821145912e-05
lethal_risky_corridor-expected_sarsa-s7-de1a7cfd1790,7,expected_sarsa,lethal,0.984,100000,shelter,2,0,False,-0.35450445125,0.1,-0.419399655293,0.0648952040428,0.000161907341861
lethal_risky_corridor-expected_sarsa-s7-f78f5d4a4d68,7,expected_sarsa,lethal,0.99,100000,shelter,2,0,False,-0.319449079738,0.1,-0.416758540513,0.0973094607748,0.0586780711615
lethal_risky_corridor-expected_sarsa-s8-0505d5c2887f,8,expected_sarsa,lethal,0.99,100000,shelter,2,0,False,-0.343858181963,0.1,-0.416758540513,0.0729003585501,0.0586796758156
lethal_risky_corridor-expected_sarsa-s8-09b147ddee13,8,expected_sarsa,lethal,0.98,100000,shelter,2,0,False,-0.366716107882,0.1,-0.421130682774,0.0544145748923,0.00075668348555
lethal_risky_corridor-expected_sarsa-s8-0aa7076769d6,8,expected_sarsa,lethal,0.9895,100000,shelter,2,0,False,-0.343951257529,0.1,-0.416980668926,0.0730294113968,0.0258371488534
lethal_risky_corridor-expected_sarsa-s8-1011f08d1846,8,expected_sarsa,lethal,0.992,100000,shelter,2,0,False,-0.349875859975,0.1,-0.41586633707,0.0659904770951,0.191593250665
lethal_risky_corridor-expected_sarsa-s8-15a6248f5de7,8,expected_sarsa,lethal,0.998,100000,shelter,2,0,False,-0.341307189608,0.1,-0.41315441539,0.0718472257822,0.599024408587
lethal_risky_corridor-expected_sarsa-s8-20fb0d10d6a1,8,expected_sarsa,lethal,0.994,100000,shelter,2,0,False,-0.349892989487,0.1,-0.414968239796,0.0650752503095,0.325935420002
lethal_risky_corridor-expected_sarsa-s8-2a28baf244e6,8,expected_sarsa,lethal,0.991,100000,shelter,2,0,False,-0.351607943868,0.1,-0.416313176337,0.0647052324693,0.125093533802
lethal_risky_corridor-expected_sarsa-s8-32e86b8e0ebe,8,expected_sarsa,lethal,0.989,100000,shelter,2,0,False,-0.354305311261,0.1,-0.417202427945,0.062897116684,0.00190824451975
lethal_risky_corridor-expected_sarsa-s8-3e3e5f93ce67,8,expected_sarsa,lethal,0.996,100000,shelter,2,0,False,-0.361322571066,0.1,-0.414064261659,0.0527416905922,0.461931127648
lethal_risky_corridor-expected_sarsa-s8-4c9c10b428c8,8,expected_sarsa,lethal,0.988,100000,shelter,2,0,False,-0.346334196816,0.1,-0.417644836972,0.0713106401559,0.00168444976052
lethal_risky_corridor-expected_sarsa-s8-7311291df986,8,expected_sarsa,lethal,0.986,100000,shelter,2,0,False,-0.350065552999,0.1,-0.418525213075,0.0684596600764,0.00104732650729
lethal_risky_corridor-expected_sarsa-s8-8fb096990279,8,expected_sarsa,lethal,0.984,100000,shelter,2,0,False,-0.348744252027,0.1,-0.419399655293,0.0706554032653,0.000645590249649
lethal_risky_corridor-expected_sarsa-s8-a69bf4458731,8,expected_sarsa,lethal,0.97,100000,shelter,2,0,False,-0.34376412989,0.1,-0.425276869375,0.081512739485,0.001691667657
lethal_risky_corridor-expected_sarsa-s8-c8802ca89a6a,8,expected_sarsa,lethal,1,100000,shelter,2,0,False,-0.300869051782,0.1,-0.412238713567,0.111369661786,0.737292356516
lethal_risky_corridor-expected_sarsa-s9-06d130ab4281,9,expected_sarsa,lethal,0.989,100000,shelter,2,0,False,-0.350084130723,0.1,-0.417202427945,0.067118297222,0.00228187107426
lethal_risky_corridor-expected_sarsa-s9-252a88bc5109,9,expected_sarsa,lethal,0.996,100000,shelter,2,0,False,-0.34357239027,0.1,-0.414064261659,0.0704918713892,0.461933474068
lethal_risky_corridor-expected_sarsa-s9-36161dac00b3,9,expected_sarsa,lethal,0.994,100000,shelter,2,0,False,-0.356130538232,0.1,-0.414968239796,0.0588377015641,0.325935419
lethal_risky_corridor-expected_sarsa-s9-3ab5be254c85,9,expected_sarsa,lethal,0.991,100000,shelter,2,0,False,-0.368519669559,0.1,-0.416313176337,0.0477935067783,0.124938307867
lethal_risky_corridor-expected_sarsa-s9-44bb2104be73,9,expected_sarsa,lethal,0.988,100000,shelter,2,0,False,-0.363964819385,0.1,-0.417644836972,0.0536800175866,0.00168747614385
lethal_risky_corridor-expected_sarsa-s9-54f726730c97,9,expected_sarsa,lethal,0.986,100000,shelter,2,0,False,-0.364157503097,0.1,-0.418525213075,0.054367709978,0.00141947936202
lethal_risky_corridor-expected_sarsa-s9-623b92fbf49c,9,expected_sarsa,lethal,1,100000,shelter,2,0,False,-0.242788123165,0.1,-0.412238713567,0.169450590402,0.737292356516
lethal_risky_corridor-expected_sarsa-s9-65e37f924149,9,expected_sarsa,lethal,0.99,100000,shelter,2,0,False,-0.35819132345,0.1,-0.416758540513,0.0585672170628,0.0594005976038
lethal_risky_corridor-expected_sarsa-s9-7a145c832985,9,expected_sarsa,lethal,0.97,100000,shelter,2,0,False,-0.368697184071,0.1,-0.425276869375,0.0565796853043,4.55075040815e-05
lethal_risky_corridor-expected_sarsa-s9-8810a409d7d2,9,expected_sarsa,lethal,0.984,100000,shelter,2,0,False,-0.370140498781,0.1,-0.419399655293,0.0492591565117,0.0015450833888
lethal_risky_corridor-expected_sarsa-s9-a1b87fef3c11,9,expected_sarsa,lethal,0.992,100000,shelter,2,0,False,-0.361251703568,0.1,-0.41586633707,0.0546146335013,0.192041005425
lethal_risky_corridor-expected_sarsa-s9-a91d9b7d5f55,9,expected_sarsa,lethal,0.998,100000,shelter,2,0,False,-0.352457839358,0.1,-0.41315441539,0.0606965760322,0.599024603375
lethal_risky_corridor-expected_sarsa-s9-d1dc01066946,9,expected_sarsa,lethal,0.9895,100000,shelter,2,0,False,-0.359240331013,0.1,-0.416980668926,0.0577403379129,0.0261812299699
lethal_risky_corridor-expected_sarsa-s9-e9a77259eaf6,9,expected_sarsa,lethal,0.98,100000,shelter,2,0,False,-0.374911472301,0.1,-0.421130682774,0.0462192104727,1.60955959654e-05
lethal_risky_corridor-q_learning-s0-0cea72d0077e,0,q_learning,lethal,0.989,100000,shelter,2,0,False,-0.234493535193,0,-0.00876224719305,0.225731288,0.0019100009769
lethal_risky_corridor-q_learning-s0-19e4b1b4c912,0,q_learning,lethal,0.996,100000,shelter,2,0,False,-0.330758699712,0,0.364095526914,0.694854226627,0.461850678465
lethal_risky_corridor-q_learning-s0-401e967149a2,0,q_learning,lethal,0.994,100000,shelter,2,0,False,-0.11637939863,0,0.322131049942,0.438510448572,0.324172624555
lethal_risky_corridor-q_learning-s0-5bee16c72d87,0,q_learning,lethal,1,100000,corridor,1,1,False,0.375559150068,0,0.376092816015,0.000533665947136,1.7763568394e-15
lethal_risky_corridor-q_learning-s0-6a7780a45fd7,0,q_learning,lethal,0.984,100000,shelter,2,0,False,-0.337988528927,0,-0.325707941308,0.0122805876188,0.000831218050786
lethal_risky_corridor-q_learning-s0-986c40061e4a,0,q_learning,lethal,0.991,100000,shelter,2,0,False,-0.352375892829,0,0.121975129071,0.4743510219,0.125322713844
lethal_risky_corridor-q_learning-s0-9e49125803c4,0,q_learning,lethal,0.988,100000,shelter,2,0,False,-0.266657048603,0,-0.0733366580323,0.19332039057,0.00169069476734
lethal_risky_corridor-q_learning-s0-b54296175b21,0,q_learning,lethal,0.9895,100000,shelter,2,0,False,-0.337803693858,0,0.0237220605628,0.361525754421,0.0260472118851
lethal_risky_corridor-q_learning-s0-bae171ff4845,0,q_learning,lethal,0.98,100000,shelter,2,0,False,-0.353126384777,0,-0.343697546503,0.00942883827322,3.70809014214e-05
lethal_risky_corridor-q_learning-s0-c04454f30f81,0,q_learning,lethal,0.99,100000,shelter,2,0,False,-0.342348471025,0,0.0563392235254,0.39868769455,0.059176537314
lethal_risky_corridor-q_learning-s0-d60f296424c0,0,q_learning,lethal,0.97,100000,shelter,2,0,False,-0.350791158741,0,-0.343577483971,0.00721367477043,2.75254828734e-05
lethal_risky_corridor-q_learning-s0-d610ac7d65da,0,q_learning,lethal,0.992,100000,shelter,2,0,False,-0.348809798566,0,0.188150584256,0.536960382822,0.191594958803
lethal_risky_corridor-q_learning-s0-ddb0ab55327d,0,q_learning,lethal,0.998,100000,shelter,2,0,False,-0.0809914793387,0,0.370054156664,0.451045636002,0.598056281016
lethal_risky_corridor-q_learning-s0-eaf22d111c1e,0,q_learning,lethal,0.986,100000,shelter,2,0,False,-0.35203761697,0,-0.200897730411,0.151139886559,0.00105482461074
lethal_risky_corridor-q_learning-s1-23963b813dca,1,q_learning,lethal,0.986,100000,shelter,2,0,False,-0.343902368671,0,-0.200897730411,0.14300463826,0.00105626371318
lethal_risky_corridor-q_learning-s1-343a2e2005e5,1,q_learning,lethal,0.99,100000,shelter,2,0,False,-0.342301814956,0,0.0563392235254,0.398641038482,0.0586822536002
lethal_risky_corridor-q_learning-s1-51209170e6f3,1,q_learning,lethal,0.994,100000,shelter,2,0,False,-0.24647400652,0,0.322131049942,0.568605056462,0.324017164126
lethal_risky_corridor-q_learning-s1-5a150b3780cd,1,q_learning,lethal,0.9895,100000,shelter,2,0,False,-0.321284768919,0,0.0237220605628,0.345006829481,0.0258396309393
lethal_risky_corridor-q_learning-s1-64f0866e48fa,1,q_learning,lethal,0.989,100000,shelter,2,0,False,-0.344040448004,0,-0.00876224719305,0.335278200811,0.00191017461821
lethal_risky_corridor-q_learning-s1-7bf497297d86,1,q_learning,lethal,0.97,100000,shelter,2,0,False,-0.341409350228,0,-0.343577483971,0.00216813374268,0.000185557319488
lethal_risky_corridor-q_learning-s1-92c72f0e5bf7,1,q_learning,lethal,0.991,100000,shelter,2,0,False,-0.336858915139,0,0.121975129071,0.45883404421,0.124921041758
lethal_risky_corridor-q_learning-s1-998d27470219,1,q_learning,lethal,0.98,100000,shelter,2,0,False,-0.340291299047,0,-0.343697546503,0.00340624745649,1.07478507863e-05
lethal_risky_corridor-q_learning-s1-a0a5c932fe84,1,q_learning,lethal,0.998,100000,shelter,2,0,False,-0.3397139663,0,0.370054156664,0.709768122964,0.599012854901
lethal_risky_corridor-q_learning-s1-aa5ae5ae2254,1,q_learning,lethal,0.992,100000,shelter,2,0,False,-0.333267879607,0,0.188150584256,0.521418463863,0.19179438866
lethal_risky_corridor-q_learning-s1-caa4262b6ef4,1,q_learning,lethal,0.988,100000,shelter,2,0,False,-0.336791886073,0,-0.0733366580323,0.263455228041,0.00269288276115
lethal_risky_corridor-q_learning-s1-cd1812d85428,1,q_learning,lethal,0.984,100000,shelter,2,0,False,-0.344674400412,0,-0.325707941308,0.0189664591046,0.00148480658627
lethal_risky_corridor-q_learning-s1-eadfcf982ab9,1,q_learning,lethal,1,100000,corridor,1,1,False,0.375708202922,0,0.376092816015,0.000384613093535,1.7763568394e-15
lethal_risky_corridor-q_learning-s1-f0796b0285c9,1,q_learning,lethal,0.996,100000,shelter,2,0,False,-0.342503801029,0,0.364095526914,0.706599327943,0.461962416303
lethal_risky_corridor-q_learning-s10-058d92882ed3,10,q_learning,lethal,0.994,100000,shelter,2,0,False,-0.349529241913,0,0.322131049942,0.671660291854,0.326047290532
lethal_risky_corridor-q_learning-s10-12b6a4d5bc1d,10,q_learning,lethal,0.989,100000,shelter,2,0,False,-0.106859795449,0,-0.00876224719305,0.0980975482564,0.00038511984346
lethal_risky_corridor-q_learning-s10-18793842d74b,10,q_learning,lethal,0.98,100000,shelter,2,0,False,-0.332273020772,0,-0.343697546503,0.0114245257311,3.70809014214e-05
lethal_risky_corridor-q_learning-s10-20d1eb9e03ad,10,q_learning,lethal,0.9895,100000,shelter,2,0,False,-0.33716804636,0,0.0237220605628,0.360890106923,0.0264266999414
lethal_risky_corridor-q_learning-s10-2a64d542e61f,10,q_learning,lethal,0.97,100000,shelter,2,0,False,-0.356907586623,0,-0.343577483971,0.0133301026515,0.000121800244777
lethal_risky_corridor-q_learning-s10-394028fd1e7d,10,q_learning,lethal,0.998,100000,shelter,2,0,False,-0.0752687557999,0,0.370054156664,0.445322912463,0.598065088335
lethal_risky_corridor-q_learning-s10-3c5ca8845281,10,q_learning,lethal,0.996,100000,shelter,2,0,False,-0.349324494912,0,0.364095526914,0.713420021827,0.461845906231
lethal_risky_corridor-q_learning-s10-5d52dbfea35d,10,q_learning,lethal,0.988,100000,shelter,2,0,False,-0.338691809084,0,-0.0733366580323,0.265355151051,0.00195616494752
lethal_risky_corridor-q_learning-s10-86bbfe0bca24,10,q_learning,lethal,1,100000,corridor,1,1,False,0.375522203485,0,0.376092816015,0.000570612530371,1.7763568394e-15
lethal_risky_corridor-q_learning-s10-9a069a5223c9,10,q_learning,lethal,0.99,100000,shelter,2,0,False,-0.334094020292,0,0.0563392235254,0.390433243817,0.0593958524332
lethal_risky_corridor-q_learning-s10-9d3cd895ab1d,10,q_learning,lethal,0.986,100000,shelter,2,0,False,-0.340037306695,0,-0.200897730411,0.139139576284,0.00105626371318
lethal_risky_corridor-q_learning-s10-a6edd581e449,10,q_learning,lethal,0.984,100000,shelter,2,0,False,-0.334966988844,0,-0.325707941308,0.00925904753617,0.000969372104703
lethal_risky_corridor-q_learning-s10-c571c7c749d9,10,q_learning,lethal,0.991,100000,shelter,2,0,False,-0.340248244153,0,0.121975129071,0.462223373224,0.124940807543
lethal_risky_corridor-q_learning-s10-cddd79343fe8,10,q_learning,lethal,0.992,100000,shelter,2,0,False,-0.344645862318,0,0.188150584256,0.532796446574,0.191592817757
lethal_risky_corridor-q_learning-s11-0e0fcc6b3f11,11,q_learning,lethal,0.994,100000,shelter,2,0,False,-0.225986476725,0,0.322131049942,0.548117526667,0.324012388884
lethal_risky_corridor-q_learning-s11-0ed533ab22ec,11,q_learning,lethal,0.984,100000,shelter,2,0,False,-0.35675959418,0,-0.325707941308,0.0310516528726,0.00152668980724
lethal_risky_corridor-q_learning-s11-160bee91c27a,11,q_learning,lethal,0.986,100000,shelter,2,0,False,-0.129244101433,0,-0.200897730411,0.0716536289782,0.00201538104852
lethal_risky_corridor-q_learning-s11-458b0daf4888,11,q_learning,lethal,0.998,100000,shelter,2,0,False,-0.230796882137,0,0.370054156664,0.6008510388,0.598073919878
lethal_risky_corridor-q_learning-s11-52907eba47e6,11,q_learning,lethal,0.989,100000,shelter,2,0,False,-0.343326913647,0,-0.00876224719305,0.334564666454,0.00258470284043
lethal_risky_corridor-q_learning-s11-751cd23c6bd4,11,q_learning,lethal,0.99,100000,shelter,2,0,False,-0.342040982154,0,0.0563392235254,0.398380205679,0.0586790032156
lethal_risky_corridor-q_learning-s11-85036938af9c,11,q_learning,lethal,0.9895,100000,shelter,2,0,False,-0.337132209175,0,0.0237220605628,0.360854269738,0.0258369411482
lethal_risky_corridor-q_learning-s11-8d97fbd0f51e,11,q_learning,lethal,0.992,100000,shelter,2,0,False,-0.347251074836,0,0.188150584256,0.535401659092,0.191594476179
lethal_risky_corridor-q_learning-s11-8f58546ad332,11,q_learning,lethal,0.98,100000,shelter,2,0,False,-0.349878178002,0,-0.343697546503,0.00618063149886,3.70809014214e-05
lethal_risky_corridor-q_learning-s11-986701ff5f19,11,q_learning,lethal,0.988,100000,shelter,2,0,False,-0.325875524218,0,-0.0733366580323,0.252538866186,0.00168784105376
lethal_risky_corridor-q_learning-s11-9a9e558687d3,11,q_learning,lethal,0.97,100000,shelter,2,0,False,-0.323733887241,0,-0.343577483971,0.0198435967301,9.08830873447e-05
lethal_risky_corridor-q_learning-s11-a385c10634cb,11,q_learning,lethal,0.991,100000,shelter,2,0,False,-0.321666952551,0,0.121975129071,0.443642081622,0.125360368465
lethal_risky_corridor-q_learning-s11-b9675190391e,11,q_learning,lethal,1,100000,corridor,1,1,False,0.37556052307,0,0.376092816015,0.000532292945168,1.7763568394e-15
lethal_risky_corridor-q_learning-s11-cfc9db326976,11,q_learning,lethal,0.996,100000,shelter,2,0,False,-0.309885830218,0,0.364095526914,0.673981357133,0.460264870551
lethal_risky_corridor-q_learning-s12-004889e2fc52,12,q_learning,lethal,0.996,100000,shelter,2,0,False,-0.216688607237,0,0.364095526914,0.580784134151,0.480396131004
lethal_risky_corridor-q_learning-s12-17ab3d98e4fa,12,q_learning,lethal,0.991,100000,shelter,2,0,False,-0.356793792859,0,0.121975129071,0.47876892193,0.125367040233
lethal_risky_corridor-q_learning-s12-17f86de214b1,12,q_learning,lethal,1,100000,corridor,1,1,False,0.374971634272,0,0.376092816015,0.00112118174305,1.7763568394e-15
lethal_risky_corridor-q_learning-s12-664ab32c69ec,12,q_learning,lethal,0.99,100000,shelter,2,0,False,-0.352396080778,0,0.0563392235254,0.408735304304,0.0591748916414
lethal_risky_corridor-q_learning-s12-781a7e4aa9a4,12,q_learning,lethal,0.9895,100000,shelter,2,0,False,-0.357921353316,0,0.0237220605628,0.381643413878,0.0265913209007
lethal_risky_corridor-q_learning-s12-7e4216fd4368,12,q_learning,lethal,0.988,100000,shelter,2,0,False,-0.356767559075,0,-0.0733366580323,0.283430901042,0.0016831142784
lethal_risky_corridor-q_learning-s12-8dedb8195913,12,q_learning,lethal,0.986,100000,shelter,2,0,False,-0.352290286887,0,-0.200897730411,0.151392556476,0.00141947936202
lethal_risky_corridor-q_learning-s12-a50939453a22,12,q_learning,lethal,0.984,100000,shelter,2,0,False,-0.338363601766,0,-0.325707941308,0.0126556604577,0.000831218050786
lethal_risky_corridor-q_learning-s12-a5252b35919e,12,q_learning,lethal,0.989,100000,shelter,2,0,False,-0.238416191694,0,-0.00876224719305,0.229653944501,0.000906326890163
lethal_risky_corridor-q_learning-s12-c62c5330cd12,12,q_learning,lethal,0.994,100000,shelter,2,0,False,-0.347452747758,0,0.322131049942,0.669583797699,0.325935419
lethal_risky_corridor-q_learning-s12-d15fb0688da6,12,q_learning,lethal,0.97,100000,shelter,2,0,False,-0.339997516469,0,-0.343577483971,0.00357996750252,3.28793381081e-05
lethal_risky_corridor-q_learning-s12-f90f74a6ef14,12,q_learning,lethal,0.998,100000,shelter,2,0,False,-0.344280428876,0,0.370054156664,0.71433458554,0.599016709915
lethal_risky_corridor-q_learning-s12-fcf2081f6793,12,q_learning,lethal,0.98,100000,shelter,2,0,False,-0.348116529914,0,-0.343697546503,0.00441898341067,1.06204608255e-05
lethal_risky_corridor-q_learning-s12-fe3d8190003f,12,q_learning,lethal,0.992,100000,shelter,2,0,False,-0.327227867484,0,0.188150584256,0.51537845174,0.189836508561
lethal_risky_corridor-q_learning-s13-0bfdc3e75edd,13,q_learning,lethal,0.991,100000,shelter,2,0,False,-0.338210187858,0,0.121975129071,0.460185316929,0.12493967036
lethal_risky_corridor-q_learning-s13-1bdba626569c,13,q_learning,lethal,1,100000,corridor,1,1,False,0.3754906285,0,0.376092816015,0.000602187515731,1.7763568394e-15
lethal_risky_corridor-q_learning-s13-1eeb9e732b0d,13,q_learning,lethal,0.97,100000,shelter,2,0,False,-0.339906994528,0,-0.343577483971,0.00367048944343,6.86973307742e-05
lethal_risky_corridor-q_learning-s13-4a2241761316,13,q_learning,lethal,0.9895,100000,shelter,2,0,False,-0.354068578958,0,0.0237220605628,0.377790639521,0.0258408067432
lethal_risky_corridor-q_learning-s13-609a8b276a7f,13,q_learning,lethal,0.989,100000,shelter,2,0,False,-0.346817230288,0,-0.00876224719305,0.338054983095,0.00213547352095
lethal_risky_corridor-q_learning-s13-744cac271866,13,q_learning,lethal,0.98,100000,shelter,2,0,False,-0.32862851873,0,-0.343697546503,0.0150690277739,3.08699909199e-05
lethal_risky_corridor-q_learning-s13-78d5e9eac6ef,13,q_learning,lethal,0.988,100000,shelter,2,0,False,-0.319281353797,0,-0.0733366580323,0.245944695765,0.00166055466506
lethal_risky_corridor-q_learning-s13-7ce6e9f06e5a,13,q_learning,lethal,0.986,100000,shelter,2,0,False,-0.348647325335,0,-0.200897730411,0.147749594924,0.00201992809646
lethal_risky_corridor-q_learning-s13-86d40cb3aaf4,13,q_learning,lethal,0.99,100000,shelter,2,0,False,-0.358675636051,0,0.0563392235254,0.415014859577,0.0588697313023
lethal_risky_corridor-q_learning-s13-8777f90c7dc9,13,q_learning,lethal,0.994,100000,shelter,2,0,False,-0.294816778864,0,0.322131049942,0.616947828806,0.325926326631
lethal_risky_corridor-q_learning-s13-a096837010d5,13,q_learning,lethal,0.992,100000,shelter,2,0,False,-0.333109344222,0,0.188150584256,0.521259928479,0.191593251672
lethal_risky_corridor-q_learning-s13-d08ff15e8c70,13,q_learning,lethal,0.998,100000,shelter,2,0,False,-0.0116284427553,0,0.370054156664,0.381682599419,0.607167705163
lethal_risky_corridor-q_learning-s13-d5cc670b0c74,13,q_learning,lethal,0.984,100000,shelter,2,0,False,-0.3277012716,0,-0.325707941308,0.00199333029205,0.000175360781963
lethal_risky_corridor-q_learning-s13-eb97294dec4e,13,q_learning,lethal,0.996,100000,shelter,2,0,False,-0.331923309175,0,0.364095526914,0.696018836089,0.461900270759
lethal_risky_corridor-q_learning-s14-004141782792,14,q_learning,lethal,0.992,100000,shelter,2,0,False,-0.350397858386,0,0.188150584256,0.538548442643,0.191579609984
lethal_risky_corridor-q_learning-s14-1c3a1e93860e,14,q_learning,lethal,0.994,100000,shelter,2,0,False,-0.345860391941,0,0.322131049942,0.667991441882,0.326047965785
lethal_risky_corridor-q_learning-s14-25bf06fe505a,14,q_learning,lethal,0.984,100000,shelter,2,0,False,-0.345456086537,0,-0.325707941308,0.0197481452297,0.000968877961417
lethal_risky_corridor-q_learning-s14-47aaf1b4922a,14,q_learning,lethal,0.9895,100000,shelter,2,0,False,-0.353060671291,0,0.0237220605628,0.376782731854,0.0263895395389
lethal_risky_corridor-q_learning-s14-5a3ac3f0396c,14,q_learning,lethal,0.989,100000,shelter,2,0,False,-0.355547512794,0,-0.00876224719305,0.346785265601,0.00228620475263
lethal_risky_corridor-q_learning-s14-5f5c928247b5,14,q_learning,lethal,0.988,100000,shelter,2,0,False,-0.315966778617,0,-0.0733366580323,0.242630120585,0.00168503318871
lethal_risky_corridor-q_learning-s14-67c43ad8f287,14,q_learning,lethal,0.99,100000,shelter,2,0,False,-0.351510883462,0,0.0563392235254,0.407850106987,0.0586790032156
lethal_risky_corridor-q_learning-s14-87ca6c73cc85,14,q_learning,lethal,0.991,100000,shelter,2,0,False,-0.232333559137,0,0.121975129071,0.354308688208,0.124940072522
lethal_risky_corridor-q_learning-s14-9128a3f5fe67,14,q_learning,lethal,0.97,100000,shelter,2,0,False,-0.32894447813,0,-0.343577483971,0.0146330058413,3.28793381081e-05
lethal_risky_corridor-q_learning-s14-9a298c079c8e,14,q_learning,lethal,0.98,100000,shelter,2,0,False,-0.332166919693,0,-0.343697546503,0.0115306268105,4.66217560531e-05
lethal_risky_corridor-q_learning-s14-b66381d758c5,14,q_learning,lethal,0.998,100000,shelter,2,0,False,-0.346343929162,0,0.370054156664,0.716398085826,0.599004320813
lethal_risky_corridor-q_learning-s14-bf5556554d9e,14,q_learning,lethal,0.996,100000,shelter,2,0,False,-0.344473977249,0,0.364095526914,0.708569504164,0.461895656208
lethal_risky_corridor-q_learning-s14-dcd1a1afeee7,14,q_learning,lethal,0.986,100000,shelter,2,0,False,-0.340693058241,0,-0.200897730411,0.139795327829,0.00104979412401
lethal_risky_corridor-q_learning-s14-e826df0bcec5,14,q_learning,lethal,1,100000,corridor,1,1,False,0.375373519495,0,0.376092816015,0.000719296519941,1.7763568394e-15
lethal_risky_corridor-q_learning-s15-0c468c6d56fc,15,q_learning,lethal,0.9895,100000,shelter,2,0,False,-0.326297614937,0,0.0237220605628,0.3500196755,0.0263999577391
lethal_risky_corridor-q_learning-s15-203bde3535e4,15,q_learning,lethal,0.984,100000,shelter,2,0,False,-0.322897557552,0,-0.325707941308,0.00281038375551,0.000968877961417
lethal_risky_corridor-q_learning-s15-3c84ad5763fa,15,q_learning,lethal,0.994,100000,shelter,2,0,False,-0.330669819733,0,0.322131049942,0.652800869674,0.325926326631
lethal_risky_corridor-q_learning-s15-4be9db6687e1,15,q_learning,lethal,0.998,100000,corridor,1,1,False,0.539465399446,0,0.370054156664,0.169411242783,0.000241013975907
lethal_risky_corridor-q_learning-s15-58c4d3356588,15,q_learning,lethal,0.99,100000,shelter,2,0,False,-0.331636507921,0,0.0563392235254,0.387975731446,0.058868916399
lethal_risky_corridor-q_learning-s15-8e70d5453164,15,q_learning,lethal,0.989,100000,shelter,2,0,False,-0.283816171568,0,-0.00876224719305,0.275053924375,0.00258271122079
lethal_risky_corridor-q_learning-s15-91fef8abe65f,15,q_learning,lethal,0.991,100000,shelter,2,0,False,-0.342398169557,0,0.121975129071,0.464373298628,0.125494836484
lethal_risky_corridor-q_learning-s15-9e13cbffff7a,15,q_learning,lethal,0.996,100000,shelter,2,0,False,-0.305682234433,0,0.364095526914,0.669777761347,0.461931231884
lethal_risky_corridor-q_learning-s15-a83eabd00898,15,q_learning,lethal,0.988,100000,shelter,2,0,False,-0.339137544271,0,-0.0733366580323,0.265800886238,0.00214059559727
lethal_risky_corridor-q_learning-s15-b05dadd45462,15,q_learning,lethal,0.992,100000,shelter,2,0,False,-0.329990138561,0,0.188150584256,0.518140722817,0.191594958803
lethal_risky_corridor-q_learning-s15-cb1fec1646af,15,q_learning,lethal,0.986,100000,shelter,2,0,False,-0.314024112329,0,-0.200897730411,0.113126381918,0.00104979412401
lethal_risky_corridor-q_learning-s15-cf259b88c616,15,q_learning,lethal,0.98,100000,shelter,2,0,False,-0.349706621857,0,-0.343697546503,0.0060090753537,0
lethal_risky_corridor-q_learning-s15-f6529ab1cdbd,15,q_learning,lethal,0.97,100000,shelter,2,0,False,-0.349275756868,0,-0.343577483971,0.00569827289653,0.000118408392601
lethal_risky_corridor-q_learning-s15-f66cd65fc81c,15,q_learning,lethal,1,100000,corridor,1,1,False,0.375929549636,0,0.376092816015,0.000163266379768,1.7763568394e-15
lethal_risky_corridor-q_learning-s16-02c6adab89d2,16,q_learning,lethal,0.98,100000,shelter,2,0,False,-0.354421356222,0,-0.343697546503,0.0107238097188,1.6059023813e-05
lethal_risky_corridor-q_learning-s16-22aa50b28dde,16,q_learning,lethal,0.984,100000,shelter,2,0,False,-0.350673419105,0,-0.325707941308,0.0249654777972,0.000642595991994
lethal_risky_corridor-q_learning-s16-245f0dad2bdf,16,q_learning,lethal,0.989,100000,shelter,2,0,False,-0.353198858811,0,-0.00876224719305,0.344436611618,0.0019102924534
lethal_risky_corridor-q_learning-s16-4c278d188e23,16,q_learning,lethal,0.996,100000,shelter,2,0,False,-0.343515961085,0,0.364095526914,0.707611487999,0.461850720928
lethal_risky_corridor-q_learning-s16-8f80c8036ff2,16,q_learning,lethal,0.99,100000,shelter,2,0,False,-0.327777963038,0,0.0563392235254,0.384117186564,0.059364122634
lethal_risky_corridor-q_learning-s16-abfa68b5ad9a,16,q_learning,lethal,0.998,100000,shelter,2,0,False,-0.321814075096,0,0.370054156664,0.69186823176,0.599015437287
lethal_risky_corridor-q_learning-s16-ae441d71602b,16,q_learning,lethal,0.994,100000,shelter,2,0,False,-0.333900228371,0,0.322131049942,0.656031278313,0.326117321211
lethal_risky_corridor-q_learning-s16-af9efee88dad,16,q_learning,lethal,1,100000,corridor,1,1,False,0.375705574686,0,0.376092816015,0.000387241328871,1.7763568394e-15
lethal_risky_corridor-q_learning-s16-b17b6809555a,16,q_learning,lethal,0.991,100000,shelter,2,0,False,-0.329198370749,0,0.121975129071,0.45117349982,0.124940807543
lethal_risky_corridor-q_learning-s16-c6af67e01c2b,16,q_learning,lethal,0.9895,100000,shelter,2,0,False,-0.343126112862,0,0.0237220605628,0.366848173424,0.0258371488534
lethal_risky_corridor-q_learning-s16-c725ae8edd98,16,q_learning,lethal,0.986,100000,shelter,2,0,False,-0.344726327914,0,-0.200897730411,0.143828597503,0.00104979412401
lethal_risky_corridor-q_learning-s16-dd9577509554,16,q_learning,lethal,0.992,100000,shelter,2,0,False,-0.342497502039,0,0.188150584256,0.530648086296,0.191715892623
lethal_risky_corridor-q_learning-s16-f1c047835b7e,16,q_learning,lethal,0.97,100000,shelter,2,0,False,-0.329200700321,0,-0.343577483971,0.0143767836502,0.00259093147331
lethal_risky_corridor-q_learning-s16-ff46b880ac5d,16,q_learning,lethal,0.988,100000,shelter,2,0,False,-0.351800871393,0,-0.0733366580323,0.278464213361,0.00168747614385
lethal_risky_corridor-q_learning-s17-1dd45403e2ff,17,q_learning,lethal,0.992,100000,shelter,2,0,False,-0.194506865158,0,0.188150584256,0.382657449415,0.191593380404
lethal_risky_corridor-q_learning-s17-223c7cba52ba,17,q_learning,lethal,0.991,100000,shelter,2,0,False,-0.345801049308,0,0.121975129071,0.467776178379,0.124938502603
lethal_risky_corridor-q_learning-s17-3cbb1ea574e0,17,q_learning,lethal,0.97,100000,shelter,2,0,False,-0.330448580135,0,-0.343577483971,0.0131289038364,2.38222806157e-05
lethal_risky_corridor-q_learning-s17-3f00d50a0026,17,q_learning,lethal,0.989,100000,shelter,2,0,False,-0.34699668439,0,-0.00876224719305,0.338234437197,0.001910421214
lethal_risky_corridor-q_learning-s17-5b0ac1141a62,17,q_learning,lethal,0.996,100000,shelter,2,0,False,-0.278284851774,0,0.364095526914,0.642380378689,0.461846048541
lethal_risky_corridor-q_learning-s17-8729b210fed3,17,q_learning,lethal,0.998,100000,shelter,2,0,False,-0.198557604811,0,0.370054156664,0.568611761475,0.599023315009
lethal_risky_corridor-q_learning-s17-a77e77c6d3ba,17,q_learning,lethal,0.984,100000,shelter,2,0,False,-0.301575850214,0,-0.325707941308,0.0241320910937,0.000173321818966
lethal_risky_corridor-q_learning-s17-aa17cc20c44a,17,q_learning,lethal,0.986,100000,shelter,2,0,False,-0.346431136794,0,-0.200897730411,0.145533406382,0.00104979412401
lethal_risky_corridor-q_learning-s17-b2ccda0c34f2,17,q_learning,lethal,0.9895,100000,shelter,2,0,False,-0.328231887139,0,0.0237220605628,0.351953947702,0.0266537702345
lethal_risky_corridor-q_learning-s17-bd7e5e211421,17,q_learning,lethal,0.98,100000,shelter,2,0,False,-0.348954606908,0,-0.343697546503,0.00525706040472,1.06204608255e-05
lethal_risky_corridor-q_learning-s17-d3491b93097d,17,q_learning,lethal,0.99,100000,shelter,2,0,False,-0.344865243541,0,0.0563392235254,0.401204467066,0.0589943990937
lethal_risky_corridor-q_learning-s17-d6a9b9a3b94a,17,q_learning,lethal,0.988,100000,shelter,2,0,False,-0.34894167418,0,-0.0733366580323,0.275605016148,0.00204705525737
lethal_risky_corridor-q_learning-s17-de2cc556da4e,17,q_learning,lethal,0.994,100000,shelter,2,0,False,-0.332560729209,0,0.322131049942,0.65469177915,0.326116807849
lethal_risky_corridor-q_learning-s17-f7bd0ad5cb2f,17,q_learning,lethal,1,100000,corridor,1,1,False,0.37565920237,0,0.376092816015,0.000433613645755,1.7763568394e-15
lethal_risky_corridor-q_learning-s18-208301f8e5cb,18,q_learning,lethal,0.991,100000,shelter,2,0,False,-0.34119636324,0,0.121975129071,0.463171492311,0.125192281518
lethal_risky_corridor-q_learning-s18-2a9f8e92b603,18,q_learning,lethal,0.98,100000,shelter,2,0,False,-0.339125269468,0,-0.343697546503,0.00457227703572,0.00129166330719
lethal_risky_corridor-q_learning-s18-3fb2ee71960d,18,q_learning,lethal,1,100000,corridor,1,1,False,0.375389626529,0,0.376092816015,0.00070318948644,1.7763568394e-15
lethal_risky_corridor-q_learning-s18-474e7b4fc0c9,18,q_learning,lethal,0.998,100000,shelter,2,0,False,-0.347661904782,0,0.370054156664,0.717716061446,0.59902461636
lethal_risky_corridor-q_learning-s18-60adde675379,18,q_learning,lethal,0.986,100000,shelter,2,0,False,-0.351627260773,0,-0.200897730411,0.150729530362,0.00102305458462
lethal_risky_corridor-q_learning-s18-67300aedb04d,18,q_learning,lethal,0.989,100000,shelter,2,0,False,-0.337875671243,0,-0.00876224719305,0.32911342405,0.00248302137084
lethal_risky_corridor-q_learning-s18-760cfd42a888,18,q_learning,lethal,0.9895,100000,shelter,2,0,False,-0.339482188712,0,0.0237220605628,0.363204249275,0.0263624754943
lethal_risky_corridor-q_learning-s18-7b841b51565a,18,q_learning,lethal,0.988,100000,shelter,2,0,False,-0.340026547406,0,-0.0733366580323,0.266689889373,0.00168873480642
lethal_risky_corridor-q_learning-s18-c4fb51522130,18,q_learning,lethal,0.996,100000,shelter,2,0,False,-0.301925043935,0,0.364095526914,0.666020570849,0.478858177353
lethal_risky_corridor-q_learning-s18-d6756fa69ce5,18,q_learning,lethal,0.992,100000,shelter,2,0,False,-0.330955324195,0,0.188150584256,0.519105908451,0.191593639568
lethal_risky_corridor-q_learning-s18-dbcecb4c3099,18,q_learning,lethal,0.99,100000,shelter,2,0,False,-0.344155546158,0,0.0563392235254,0.400494769684,0.058868916399
lethal_risky_corridor-q_learning-s18-de22d370b61d,18,q_learning,lethal,0.97,100000,shelter,2,0,False,-0.343088160177,0,-0.343577483971,0.000489323794063,2.75254828734e-05
lethal_risky_corridor-q_learning-s18-f6cdd87dcee1,18,q_learning,lethal,0.984,100000,shelter,2,0,False,-0.346034309729,0,-0.325707941308,0.0203263684215,0.00013851627248
lethal_risky_corridor-q_learning-s18-fda4bca92f89,18,q_learning,lethal,0.994,100000,shelter,2,0,False,-0.338619950672,0,0.322131049942,0.660751000614,0.326117130083
lethal_risky_corridor-q_learning-s19-0e8acf2c5574,19,q_learning,lethal,0.98,100000,shelter,2,0,False,-0.3402445051,0,-0.343697546503,0.00345304140372,4.66217560531e-05
lethal_risky_corridor-q_learning-s19-41e071f10a62,19,q_learning,lethal,1,100000,corridor,1,1,False,0.375170751029,0,0.376092816015,0.000922064986332,1.7763568394e-15
lethal_risky_corridor-q_learning-s19-4c368228addf,19,q_learning,lethal,0.984,100000,shelter,2,0,False,-0.36469968336,0,-0.325707941308,0.0389917420517,0.000179083138926
lethal_risky_corridor-q_learning-s19-55312a918925,19,q_learning,lethal,0.991,100000,shelter,2,0,False,-0.313360406489,0,0.121975129071,0.435335535559,0.124921041758
lethal_risky_corridor-q_learning-s19-5c8baff88681,19,q_learning,lethal,0.99,100000,shelter,2,0,False,-0.332659019104,0,0.0563392235254,0.388998242629,0.0591913304783
lethal_risky_corridor-q_learning-s19-6661a9d4691b,19,q_learning,lethal,0.97,100000,shelter,2,0,False,-0.346428234701,0,-0.343577483971,0.00285075072958,0
lethal_risky_corridor-q_learning-s19-82ab90678577,19,q_learning,lethal,0.992,100000,shelter,2,0,False,-0.299582771182,0,0.188150584256,0.487733355438,0.191912841921
lethal_risky_corridor-q_learning-s19-8553ae2431ee,19,q_learning,lethal,0.988,100000,shelter,2,0,False,-0.354432321483,0,-0.0733366580323,0.281095663451,0.00169032985751
lethal_risky_corridor-q_learning-s19-8558626faa07,19,q_learning,lethal,0.989,100000,shelter,2,0,False,-0.267936846464,0,-0.00876224719305,0.259174599271,0.00084244830891
lethal_risky_corridor-q_learning-s19-89e13c7bca7d,19,q_learning,lethal,0.998,100000,shelter,2,0,False,-0.312111947004,0,0.370054156664,0.682166103667,0.599004325568
lethal_risky_corridor-q_learning-s19-905c88903bdd,19,q_learning,lethal,0.994,100000,shelter,2,0,False,-0.14345095282,0,0.322131049942,0.465582002762,0.325926326631
lethal_risky_corridor-q_learning-s19-b477837d24f7,19,q_learning,lethal,0.996,100000,shelter,2,0,False,-0.335436261054,0,0.364095526914,0.699531787969,0.461900473103
lethal_risky_corridor-q_learning-s19-d6b531ad7aa6,19,q_learning,lethal,0.986,100000,shelter,2,0,False,-0.338481379924,0,-0.200897730411,0.137583649512,0.00102815832453
lethal_risky_corridor-q_learning-s19-dd14f15b7fbc,19,q_learning,lethal,0.9895,100000,shelter,2,0,False,-0.332972133699,0,0.0237220605628,0.356694194262,0.0263912712227
lethal_risky_corridor-q_learning-s2-035eaf066bb2,2,q_learning,lethal,0.97,100000,shelter,2,0,False,-0.336771456293,0,-0.343577483971,0.00680602767787,0.000123762213238
lethal_risky_corridor-q_learning-s2-2ac7a80c5622,2,q_learning,lethal,0.98,100000,shelter,2,0,False,-0.326185329331,0,-0.343697546503,0.0175122171729,3.72037754079e-05
lethal_risky_corridor-q_learning-s2-31030a8dd33a,2,q_learning,lethal,0.99,100000,shelter,2,0,False,-0.340344427176,0,0.0563392235254,0.396683650701,0.0586780787159
lethal_risky_corridor-q_learning-s2-3c45ad9c7ace,2,q_learning,lethal,0.991,100000,shelter,2,0,False,-0.351287714077,0,0.121975129071,0.473262843148,0.124937702159
lethal_risky_corridor-q_learning-s2-848514a0eb8a,2,q_learning,lethal,0.988,100000,shelter,2,0,False,-0.335318849075,0,-0.0733366580323,0.261982191043,0.00169032985751
lethal_risky_corridor-q_learning-s2-86e721fe6ebb,2,q_learning,lethal,1,100000,corridor,1,1,False,0.375185027003,0,0.376092816015,0.000907789012226,1.7763568394e-15
lethal_risky_corridor-q_learning-s2-8eb05b04fc5d,2,q_learning,lethal,0.989,100000,shelter,2,0,False,-0.332868213197,0,-0.00876224719305,0.324105966004,0.00214228347164
lethal_risky_corridor-q_learning-s2-914969e34524,2,q_learning,lethal,0.998,100000,corridor,1,1,False,0.407156989159,0,0.370054156664,0.0371028324949,0.000241031938694
lethal_risky_corridor-q_learning-s2-af8a70115ab7,2,q_learning,lethal,0.994,100000,shelter,2,0,False,-0.3214981461,0,0.322131049942,0.643629196041,0.325935978329
lethal_risky_corridor-q_learning-s2-b6bff06cbc32,2,q_learning,lethal,0.984,100000,shelter,2,0,False,-0.331550448207,0,-0.325707941308,0.00584250689944,0.000175360781963
lethal_risky_corridor-q_learning-s2-bdacfa72120b,2,q_learning,lethal,0.996,100000,shelter,2,0,False,-0.337915927248,0,0.364095526914,0.702011454162,0.461932581127
lethal_risky_corridor-q_learning-s2-c5e2b18ee257,2,q_learning,lethal,0.9895,100000,shelter,2,0,False,-0.32483051408,0,0.0237220605628,0.348552574643,0.0261096492098
lethal_risky_corridor-q_learning-s2-d20fe8dd9855,2,q_learning,lethal,0.986,100000,shelter,2,0,False,-0.321552657146,0,-0.200897730411,0.120654926735,0.00104728233357
lethal_risky_corridor-q_learning-s2-efc22318d759,2,q_learning,lethal,0.992,100000,shelter,2,0,False,-0.227061461368,0,0.188150584256,0.415212045624,0.189868606296
lethal_risky_corridor-q_learning-s3-227af800be40,3,q_learning,lethal,0.99,100000,shelter,2,0,False,-0.347753808822,0,0.0563392235254,0.404093032347,0.0589929036197
lethal_risky_corridor-q_learning-s3-3966236f0bf8,3,q_learning,lethal,0.97,100000,shelter,2,0,False,-0.361139561214,0,-0.343577483971,0.0175620772427,6.86973307742e-05
lethal_risky_corridor-q_learning-s3-4e880fd6749f,3,q_learning,lethal,0.986,100000,shelter,2,0,False,-0.35405688953,0,-0.200897730411,0.153159159119,0.00201538104852
lethal_risky_corridor-q_learning-s3-500a2b78acc1,3,q_learning,lethal,0.984,100000,shelter,2,0,False,-0.340200821473,0,-0.325707941308,0.0144928801656,0.000179083138926
lethal_risky_corridor-q_learning-s3-61c35cb9a35c,3,q_learning,lethal,0.988,100000,shelter,2,0,False,-0.357146518524,0,-0.0733366580323,0.283809860491,0.00169066943229
lethal_risky_corridor-q_learning-s3-6d84c2880b8e,3,q_learning,lethal,0.989,100000,shelter,2,0,False,-0.345460455606,0,-0.00876224719305,0.336698208413,0.00190895135492
lethal_risky_corridor-q_learning-s3-840a2f43c3dd,3,q_learning,lethal,0.991,100000,shelter,2,0,False,-0.338715545223,0,0.121975129071,0.460690674293,0.124940067574
lethal_risky_corridor-q_learning-s3-94e707fc8895,3,q_learning,lethal,0.998,100000,shelter,2,0,False,-0.316049632637,0,0.370054156664,0.686103789301,0.599004338565
lethal_risky_corridor-q_learning-s3-ac35c315057b,3,q_learning,lethal,0.994,100000,shelter,2,0,False,-0.33411752372,0,0.322131049942,0.656248573662,0.325935307921
lethal_risky_corridor-q_learning-s3-b994e280ec51,3,q_learning,lethal,0.992,100000,shelter,2,0,False,-0.325309437244,0,0.188150584256,0.5134600215,0.191715895707
lethal_risky_corridor-q_learning-s3-c6386adb137a,3,q_learning,lethal,1,100000,corridor,1,1,False,0.375541632158,0,0.376092816015,0.000551183857041,1.7763568394e-15
lethal_risky_corridor-q_learning-s3-d19c5d6101b3,3,q_learning,lethal,0.98,100000,shelter,2,0,False,-0.349816582901,0,-0.343697546503,0.00611903639791,1.06204608255e-05
lethal_risky_corridor-q_learning-s3-f25dfb795388,3,q_learning,lethal,0.996,100000,shelter,2,0,False,-0.341611245078,0,0.364095526914,0.705706771992,0.461935903813
lethal_risky_corridor-q_learning-s3-f9dabf1c71ec,3,q_learning,lethal,0.9895,100000,shelter,2,0,False,-0.349510451802,0,0.0237220605628,0.373232512365,0.0258409148534
lethal_risky_corridor-q_learning-s4-02e529674109,4,q_learning,lethal,0.98,100000,shelter,2,0,False,-0.315340781208,0,-0.343697546503,0.0283567652958,1.91761159636e-05
lethal_risky_corridor-q_learning-s4-03c09add1593,4,q_learning,lethal,0.988,100000,shelter,2,0,False,-0.348836323109,0,-0.0733366580323,0.275499665077,0.00266650877833
lethal_risky_corridor-q_learning-s4-0c5c19f44f76,4,q_learning,lethal,0.991,100000,shelter,2,0,False,-0.345055896938,0,0.121975129071,0.467031026009,0.124938385321
lethal_risky_corridor-q_learning-s4-4f27b2402537,4,q_learning,lethal,0.99,100000,shelter,2,0,False,-0.338815587211,0,0.0563392235254,0.395154810736,0.0589237361948
lethal_risky_corridor-q_learning-s4-57394a5cdfe0,4,q_learning,lethal,0.9895,100000,shelter,2,0,False,-0.351091168591,0,0.0237220605628,0.374813229154,0.0260459227552
lethal_risky_corridor-q_learning-s4-74aa136db0e7,4,q_learning,lethal,0.996,100000,shelter,2,0,False,-0.0324020472766,0,0.364095526914,0.396497574191,0.461900270759
lethal_risky_corridor-q_learning-s4-aeee3be40736,4,q_learning,lethal,0.998,100000,corridor,1,1,False,0.436264208869,0,0.370054156664,0.0662100522059,0.000227746435592
lethal_risky_corridor-q_learning-s4-bc75d55fc22f,4,q_learning,lethal,0.986,100000,shelter,2,0,False,-0.351436242421,0,-0.200897730411,0.15053851201,0.00105877550202
lethal_risky_corridor-q_learning-s4-d330b28534f6,4,q_learning,lethal,0.989,100000,shelter,2,0,False,-0.347502329212,0,-0.00876224719305,0.338740082019,0.00213624123165
lethal_risky_corridor-q_learning-s4-e07e95b63863,4,q_learning,lethal,0.994,100000,shelter,2,0,False,-0.345016920008,0,0.322131049942,0.66714796995,0.326115101315
lethal_risky_corridor-q_learning-s4-e25a5ed370df,4,q_learning,lethal,1,100000,corridor,1,1,False,0.375772880178,0,0.376092816015,0.000319935837336,1.7763568394e-15
lethal_risky_corridor-q_learning-s4-ea8cd5d5ceca,4,q_learning,lethal,0.992,100000,shelter,2,0,False,-0.33521997086,0,0.188150584256,0.523370555116,0.191921942366
lethal_risky_corridor-q_learning-s4-f1c3b429a333,4,q_learning,lethal,0.984,100000,shelter,2,0,False,-0.341402848412,0,-0.325707941308,0.0156949071037,0.00013851627248
lethal_risky_corridor-q_learning-s4-f8d22d74b0e3,4,q_learning,lethal,0.97,100000,shelter,2,0,False,-0.369098492576,0,-0.343577483971,0.0255210086047,0.000106665100208
lethal_risky_corridor-q_learning-s5-0322523b7852,5,q_learning,lethal,0.9895,100000,shelter,2,0,False,-0.351406157901,0,0.0237220605628,0.375128218464,0.0258396309393
lethal_risky_corridor-q_learning-s5-2cddffa3b475,5,q_learning,lethal,0.99,100000,shelter,2,0,False,-0.336636479205,0,0.0563392235254,0.392975702731,0.059364122634
lethal_risky_corridor-q_learning-s5-2e4d08367f3b,5,q_learning,lethal,1,100000,corridor,1,1,False,0.375477267771,0,0.376092816015,0.00061554824453,1.7763568394e-15
lethal_risky_corridor-q_learning-s5-3d3e8910e82c,5,q_learning,lethal,0.98,100000,shelter,2,0,False,-0.338091124871,0,-0.343697546503,0.00560642163265,0.00218487839934
lethal_risky_corridor-q_learning-s5-55baa784cee5,5,q_learning,lethal,0.984,100000,shelter,2,0,False,-0.344091229648,0,-0.325707941308,0.0183832883407,0.000147495589782
lethal_risky_corridor-q_learning-s5-5a1ddf5a43bd,5,q_learning,lethal,0.989,100000,shelter,2,0,False,-0.303051697028,0,-0.00876224719305,0.294289449835,0.00188624109681
lethal_risky_corridor-q_learning-s5-74c657e23037,5,q_learning,lethal,0.996,100000,shelter,2,0,False,-0.0896430642253,0,0.364095526914,0.45373859114,0.477749556844
lethal_risky_corridor-q_learning-s5-87e75600b88f,5,q_learning,lethal,0.992,100000,shelter,2,0,False,-0.272108036504,0,0.188150584256,0.460258620761,0.192949391225
lethal_risky_corridor-q_learning-s5-9f3f86b0e534,5,q_learning,lethal,0.988,100000,shelter,2,0,False,-0.345942615178,0,-0.0733366580323,0.272605957146,0.00169066943229
lethal_risky_corridor-q_learning-s5-9fe68fe1ceb9,5,q_learning,lethal,0.986,100000,shelter,2,0,False,-0.331333317483,0,-0.200897730411,0.130435587072,0.00104728233357
lethal_risky_corridor-q_learning-s5-b9f9aeab0319,5,q_learning,lethal,0.998,100000,corridor,1,1,False,0.628134608391,0,0.370054156664,0.258080451727,0.00058447605326
lethal_risky_corridor-q_learning-s5-bcfd0e363f7c,5,q_learning,lethal,0.994,100000,shelter,2,0,False,-0.339433645277,0,0.322131049942,0.661564695218,0.326130897872
lethal_risky_corridor-q_learning-s5-c1a704b9ff53,5,q_learning,lethal,0.991,100000,shelter,2,0,False,-0.270445982203,0,0.121975129071,0.392421111274,0.125093533802
lethal_risky_corridor-q_learning-s5-dc078cd8d079,5,q_learning,lethal,0.97,100000,shelter,2,0,False,-0.345795930836,0,-0.343577483971,0.00221844686487,0.00545651555138
lethal_risky_corridor-q_learning-s6-014ee32be0b3,6,q_learning,lethal,1,100000,corridor,1,1,False,0.375888884756,0,0.376092816015,0.000203931258805,1.7763568394e-15
lethal_risky_corridor-q_learning-s6-0681c691ec5f,6,q_learning,lethal,0.986,100000,shelter,2,0,False,-0.338787738429,0,-0.200897730411,0.137890008017,0.0537059868913
lethal_risky_corridor-q_learning-s6-20156f9eb717,6,q_learning,lethal,0.996,100000,shelter,2,0,False,-0.348418980338,0,0.364095526914,0.712514507252,0.461933935146
lethal_risky_corridor-q_learning-s6-2b3451f7b44e,6,q_learning,lethal,0.99,100000,shelter,2,0,False,-0.336693067992,0,0.0563392235254,0.393032291518,0.0586813215464
lethal_risky_corridor-q_learning-s6-3ffd1035dfb4,6,q_learning,lethal,0.989,100000,shelter,2,0,False,-0.340529190142,0,-0.00876224719305,0.331766942949,0.00190894027637
lethal_risky_corridor-q_learning-s6-6f69992c2365,6,q_learning,lethal,0.97,100000,shelter,2,0,False,-0.328558814815,0,-0.343577483971,0.0150186691566,0
lethal_risky_corridor-q_learning-s6-7492381c1711,6,q_learning,lethal,0.998,100000,shelter,2,0,False,-0.158015551308,0,0.370054156664,0.528069707972,0.607155319537
lethal_risky_corridor-q_learning-s6-77a89661469f,6,q_learning,lethal,0.98,100000,shelter,2,0,False,-0.325834025173,0,-0.343697546503,0.0178635213303,1.8929407827e-05
lethal_risky_corridor-q_learning-s6-84359eeb6b4f,6,q_learning,lethal,0.984,100000,shelter,2,0,False,-0.317954526014,0,-0.325707941308,0.00775341529367,0.000166597845351
lethal_risky_corridor-q_learning-s6-84a1311e7c6a,6,q_learning,lethal,0.9895,100000,shelter,2,0,False,-0.125378534033,0,0.0237220605628,0.149100594596,0.0258369411482
lethal_risky_corridor-q_learning-s6-9dfb7db22edf,6,q_learning,lethal,0.992,100000,shelter,2,0,False,-0.28807291231,0,0.188150584256,0.476223496566,0.191578613036
lethal_risky_corridor-q_learning-s6-ce1bba7955a6,6,q_learning,lethal,0.994,100000,shelter,2,0,False,-0.289211758275,0,0.322131049942,0.611342808217,0.325935990952
lethal_risky_corridor-q_learning-s6-dbd18faff8df,6,q_learning,lethal,0.991,100000,shelter,2,0,False,-0.203280794056,0,0.121975129071,0.325255923126,0.123044766987
lethal_risky_corridor-q_learning-s6-e25a5dc297d9,6,q_learning,lethal,0.988,100000,shelter,2,0,False,-0.33734110713,0,-0.0733366580323,0.264004449098,0.00168875052274
lethal_risky_corridor-q_learning-s7-031816fdef2a,7,q_learning,lethal,0.97,100000,shelter,2,0,False,-0.351263650438,0,-0.343577483971,0.00768616646692,6.32380515952e-07
lethal_risky_corridor-q_learning-s7-12da579b7dec,7,q_learning,lethal,0.984,100000,shelter,2,0,False,-0.327051191984,0,-0.325707941308,0.00134325067654,0.000147043477475
lethal_risky_corridor-q_learning-s7-1c825dda8661,7,q_learning,lethal,0.986,100000,shelter,2,0,False,-0.318249743954,0,-0.200897730411,0.117352013543,0.00105937197079
lethal_risky_corridor-q_learning-s7-235911db3a09,7,q_learning,lethal,0.98,100000,shelter,2,0,False,-0.352307797922,0,-0.343697546503,0.00861025141904,0.00125459174284
lethal_risky_corridor-q_learning-s7-394481e10e08,7,q_learning,lethal,0.992,100000,shelter,2,0,False,-0.344427282927,0,0.188150584256,0.532577867183,0.191594476179
lethal_risky_corridor-q_learning-s7-427564b1f9db,7,q_learning,lethal,0.99,100000,shelter,2,0,False,-0.34452193724,0,0.0563392235254,0.400861160766,0.0586813215464
lethal_risky_corridor-q_learning-s7-6786c2fe90f0,7,q_learning,lethal,0.988,100000,shelter,2,0,False,-0.327536431063,0,-0.0733366580323,0.254199773031,0.0016638500614
lethal_risky_corridor-q_learning-s7-6b3a04677059,7,q_learning,lethal,0.989,100000,shelter,2,0,False,-0.337823981551,0,-0.00876224719305,0.329061734358,0.00190595865958
lethal_risky_corridor-q_learning-s7-83dcf44fbd01,7,q_learning,lethal,0.994,100000,shelter,2,0,False,-0.344804024581,0,0.322131049942,0.666935074522,0.326047643549
lethal_risky_corridor-q_learning-s7-b70ac0d60558,7,q_learning,lethal,0.998,100000,shelter,2,0,False,-0.103664770876,0,0.370054156664,0.47371892754,0.598077523196
lethal_risky_corridor-q_learning-s7-bb8807ded4ae,7,q_learning,lethal,1,100000,corridor,1,1,False,0.375668178545,0,0.376092816015,0.000424637470263,1.7763568394e-15
lethal_risky_corridor-q_learning-s7-cc14abc9e3c9,7,q_learning,lethal,0.996,100000,shelter,2,0,False,-0.335486310454,0,0.364095526914,0.699581837368,0.461931127648
lethal_risky_corridor-q_learning-s7-eba45026c64a,7,q_learning,lethal,0.9895,100000,shelter,2,0,False,-0.316814490418,0,0.0237220605628,0.34053655098,0.0261083653285
lethal_risky_corridor-q_learning-s7-efdceb1bd6cd,7,q_learning,lethal,0.991,100000,shelter,2,0,False,-0.311626214164,0,0.121975129071,0.433601343235,0.124922581966
lethal_risky_corridor-q_learning-s8-0b63c0b6048f,8,q_learning,lethal,0.9895,100000,shelter,2,0,False,-0.348900457974,0,0.0237220605628,0.372622518536,0.0261832641578
lethal_risky_corridor-q_learning-s8-15f4e425c06f,8,q_learning,lethal,0.991,100000,shelter,2,0,False,-0.338434337012,0,0.121975129071,0.460409466083,0.124940750736
lethal_risky_corridor-q_learning-s8-3e8782a66cf5,8,q_learning,lethal,0.986,100000,shelter,2,0,False,-0.345488335607,0,-0.200897730411,0.144590605195,0.0016681507405
lethal_risky_corridor-q_learning-s8-4691f88df8d3,8,q_learning,lethal,0.996,100000,shelter,2,0,False,-0.344786522242,0,0.364095526914,0.708882049156,0.461850675353
lethal_risky_corridor-q_learning-s8-7f1dd149382d,8,q_learning,lethal,0.994,100000,shelter,2,0,False,-0.346959993499,0,0.322131049942,0.669091043441,0.326123550414
lethal_risky_corridor-q_learning-s8-846962f26580,8,q_learning,lethal,0.992,100000,shelter,2,0,False,-0.343048300006,0,0.188150584256,0.531198884262,0.191921942366
lethal_risky_corridor-q_learning-s8-96f7a41d1b8e,8,q_learning,lethal,0.988,100000,shelter,2,0,False,-0.339321913468,0,-0.0733366580323,0.265985255436,0.0019577599555
lethal_risky_corridor-q_learning-s8-9e7099071f5c,8,q_learning,lethal,0.984,100000,shelter,2,0,False,-0.346557572225,0,-0.325707941308,0.0208496309171,0.000165629702374
lethal_risky_corridor-q_learning-s8-c137a484bae2,8,q_learning,lethal,0.998,100000,shelter,2,0,False,-0.0510999378968,0,0.370054156664,0.42115409456,0.598068657991
lethal_risky_corridor-q_learning-s8-c6330c1f7ca0,8,q_learning,lethal,0.989,100000,shelter,2,0,False,-0.334014361473,0,-0.00876224719305,0.32525211428,0.00190460648213
lethal_risky_corridor-q_learning-s8-d2f344603dba,8,q_learning,lethal,0.97,100000,shelter,2,0,False,-0.346367995673,0,-0.343577483971,0.00279051170175,0.00174408620731
lethal_risky_corridor-q_learning-s8-eb9c21821f08,8,q_learning,lethal,0.99,100000,shelter,2,0,False,-0.343578033053,0,0.0563392235254,0.399917256579,0.0588700218464
lethal_risky_corridor-q_learning-s8-eec20836106d,8,q_learning,lethal,1,100000,corridor,1,1,False,0.375769517815,0,0.376092816015,0.000323298200332,1.7763568394e-15
lethal_risky_corridor-q_learning-s8-f6e46aa21a1b,8,q_learning,lethal,0.98,100000,shelter,2,0,False,-0.334405639413,0,-0.343697546503,0.00929190709043,5.69168839428e-05
lethal_risky_corridor-q_learning-s9-0519b1812efc,9,q_learning,lethal,0.989,100000,shelter,2,0,False,-0.356034572307,0,-0.00876224719305,0.347272325114,0.00250695285071
lethal_risky_corridor-q_learning-s9-13676757d51e,9,q_learning,lethal,0.988,100000,shelter,2,0,False,-0.356411654717,0,-0.0733366580323,0.283074996685,0.0019577599555
lethal_risky_corridor-q_learning-s9-2fb55196a78b,9,q_learning,lethal,0.9895,100000,shelter,2,0,False,-0.344382117086,0,0.0237220605628,0.368104177649,0.0258408067432
lethal_risky_corridor-q_learning-s9-40ae5f87a33c,9,q_learning,lethal,0.996,100000,shelter,2,0,False,-0.324316827337,0,0.364095526914,0.688412354252,0.461850683904
lethal_risky_corridor-q_learning-s9-464f6ce72872,9,q_learning,lethal,0.998,100000,shelter,2,0,False,-0.332946709477,0,0.370054156664,0.703000866141,0.599024673427
lethal_risky_corridor-q_learning-s9-66c9ddf6e643,9,q_learning,lethal,0.984,100000,shelter,2,0,False,-0.353711776333,0,-0.325707941308,0.0280038350253,0.000161907341861
lethal_risky_corridor-q_learning-s9-6f8b15ae281b,9,q_learning,lethal,1,100000,corridor,1,1,False,0.374901863763,0,0.376092816015,0.00119095225196,1.7763568394e-15
lethal_risky_corridor-q_learning-s9-740aa392de65,9,q_learning,lethal,0.99,100000,shelter,2,0,False,-0.360801902374,0,0.0563392235254,0.417141125899,0.059176537314
lethal_risky_corridor-q_learning-s9-8fd99a174048,9,q_learning,lethal,0.97,100000,shelter,2,0,False,-0.352557970337,0,-0.343577483971,0.00898048636606,0
lethal_risky_corridor-q_learning-s9-c21a60a0ad81,9,q_learning,lethal,0.992,100000,shelter,2,0,False,-0.27292001061,0,0.188150584256,0.461070594866,0.192034254331
lethal_risky_corridor-q_learning-s9-c91ca720b771,9,q_learning,lethal,0.994,100000,shelter,2,0,False,-0.294264648437,0,0.322131049942,0.616395698378,0.326100973188
lethal_risky_corridor-q_learning-s9-fa003f347319,9,q_learning,lethal,0.991,100000,shelter,2,0,False,-0.349094840959,0,0.121975129071,0.47106997003,0.125134900985
lethal_risky_corridor-q_learning-s9-fd219fb1532e,9,q_learning,lethal,0.98,100000,shelter,2,0,False,-0.367310663767,0,-0.343697546503,0.0236131172632,1.99649337524e-05
lethal_risky_corridor-q_learning-s9-fd2877e6674f,9,q_learning,lethal,0.986,100000,shelter,2,0,False,-0.364722597458,0,-0.200897730411,0.163824867047,0.00203337969252
lethal_risky_corridor-sarsa-s0-1da2bd291681,0,sarsa,lethal,0.986,100000,shelter,2,0,False,-0.362038219795,0.1,-0.418525213075,0.0564869932802,0.00166385523156
lethal_risky_corridor-sarsa-s0-3362e28b0162,0,sarsa,lethal,0.998,100000,shelter,2,0,False,-0.26393991391,0.1,-0.41315441539,0.149214501481,0.599004346643
lethal_risky_corridor-sarsa-s0-78aa072e34ba,0,sarsa,lethal,0.97,100000,shelter,2,0,False,-0.333077105408,0.1,-0.425276869375,0.0921997639674,7.2400521308e-05
lethal_risky_corridor-sarsa-s0-989e80bf3bb4,0,sarsa,lethal,1,100000,shelter,2,0,False,-0.338038112533,0.1,-0.412238713567,0.0742006010343,0.737292356516
lethal_risky_corridor-sarsa-s0-aab4976a41d6,0,sarsa,lethal,0.994,100000,shelter,2,0,False,-0.349532014836,0.1,-0.414968239796,0.0654362249607,0.32593507635
lethal_risky_corridor-sarsa-s0-aec7bf284651,0,sarsa,lethal,0.98,100000,shelter,2,0,False,-0.358467215296,0.1,-0.421130682774,0.0626634674775,1.87695438889e-05
lethal_risky_corridor-sarsa-s0-b73161f85aa4,0,sarsa,lethal,0.992,100000,shelter,2,0,False,-0.356101459285,0.1,-0.41586633707,0.0597648777847,0.191592820936
lethal_risky_corridor-sarsa-s0-c90ce36cbc2d,0,sarsa,lethal,0.9895,100000,shelter,2,0,False,-0.341852593999,0.1,-0.416980668926,0.075128074927,0.0261794982491
lethal_risky_corridor-sarsa-s0-d00eee58dbb4,0,sarsa,lethal,0.991,100000,shelter,2,0,False,-0.368787630181,0.1,-0.416313176337,0.0475255461562,0.12532388157
lethal_risky_corridor-sarsa-s0-d0205e36b2d5,0,sarsa,lethal,0.996,100000,shelter,2,0,False,-0.367502842518,0.1,-0.414064261659,0.0465614191408,0.461850616381
lethal_risky_corridor-sarsa-s0-dc16b58edb93,0,sarsa,lethal,0.988,100000,shelter,2,0,False,-0.352547405949,0.1,-0.417644836972,0.065097431023,0.00168763727127
lethal_risky_corridor-sarsa-s0-e9547b8b7fa5,0,sarsa,lethal,0.984,100000,shelter,2,0,False,-0.360147554565,0.1,-0.419399655293,0.059252100728,0.000165629702374
lethal_risky_corridor-sarsa-s0-f37ef5613e08,0,sarsa,lethal,0.99,100000,shelter,2,0,False,-0.348442955138,0.1,-0.416758540513,0.0683155853747,0.0586796758156
lethal_risky_corridor-sarsa-s0-ff7ef49d17b2,0,sarsa,lethal,0.989,100000,shelter,2,0,False,-0.325463587718,0.1,-0.417202427945,0.0917388402275,0.00190461791883
lethal_risky_corridor-sarsa-s1-049274fde927,1,sarsa,lethal,0.986,100000,shelter,2,0,False,-0.371302038726,0.1,-0.418525213075,0.0472231743491,0.00104731154591
lethal_risky_corridor-sarsa-s1-052171a3b832,1,sarsa,lethal,0.992,100000,shelter,2,0,False,-0.355726352274,0.1,-0.41586633707,0.0601399847957,0.191778519172
lethal_risky_corridor-sarsa-s1-0c08f695ed77,1,sarsa,lethal,0.99,100000,shelter,2,0,False,-0.327553799185,0.1,-0.416758540513,0.0892047413282,0.0586780711615
lethal_risky_corridor-sarsa-s1-20517844ec50,1,sarsa,lethal,0.98,100000,shelter,2,0,False,-0.353949879772,0.1,-0.421130682774,0.0671808030018,1.06204608255e-05
lethal_risky_corridor-sarsa-s1-230a7b91b5e3,1,sarsa,lethal,0.9895,100000,shelter,2,0,False,-0.380584485622,0.1,-0.416980668926,0.0363961833036,0.0258377383442
lethal_risky_corridor-sarsa-s1-359d8710fdb5,1,sarsa,lethal,0.991,100000,shelter,2,0,False,-0.326346393699,0.1,-0.416313176337,0.0899667826382,0.124938307867
lethal_risky_corridor-sarsa-s1-3b73a0c831eb,1,sarsa,lethal,0.989,100000,shelter,2,0,False,-0.367462854081,0.1,-0.417202427945,0.0497395738647,0.00190595865958
lethal_risky_corridor-sarsa-s1-520c2f2b8fc3,1,sarsa,lethal,0.996,100000,shelter,2,0,False,-0.36388804809,0.1,-0.414064261659,0.0501762135683,0.461850573657
lethal_risky_corridor-sarsa-s1-6aa39398dfef,1,sarsa,lethal,0.994,100000,shelter,2,0,False,-0.322578880211,0.1,-0.414968239796,0.0923893595853,0.326115445512
lethal_risky_corridor-sarsa-s1-8172509521ef,1,sarsa,lethal,1,100000,shelter,2,0,False,-0.339861637305,0.1,-0.412238713567,0.0723770762622,0.737292356516
lethal_risky_corridor-sarsa-s1-a77764f6f3c8,1,sarsa,lethal,0.998,100000,shelter,2,0,False,-0.363490844503,0.1,-0.41315441539,0.0496635708869,0.599004325568
lethal_risky_corridor-sarsa-s1-c04a468655d4,1,sarsa,lethal,0.97,100000,shelter,2,0,False,-0.338682897928,0.1,-0.425276869375,0.0865939714465,2.85831800459e-05
lethal_risky_corridor-sarsa-s1-cd2526b37d1e,1,sarsa,lethal,0.988,100000,shelter,2,0,False,-0.32114829365,0.1,-0.417644836972,0.0964965433214,0.00168590514361
lethal_risky_corridor-sarsa-s1-f231988a24f6,1,sarsa,lethal,0.984,100000,shelter,2,0,False,-0.322881789203,0.1,-0.419399655293,0.0965178660895,0.000161907341861
lethal_risky_corridor-sarsa-s10-0d91530b2e6a,10,sarsa,lethal,0.97,100000,shelter,2,0,False,-0.412305262674,0.1,-0.425276869375,0.012971606701,0
lethal_risky_corridor-sarsa-s10-167de9382bca,10,sarsa,lethal,0.984,100000,shelter,2,0,False,-0.358859689631,0.1,-0.419399655293,0.0605399656616,0.000173321818966
lethal_risky_corridor-sarsa-s10-628983aa41a4,10,sarsa,lethal,0.996,100000,shelter,2,0,False,-0.373021885974,0.1,-0.414064261659,0.0410423756851,0.461850743492
lethal_risky_corridor-sarsa-s10-63885316a759,10,sarsa,lethal,0.986,100000,shelter,2,0,False,-0.343635965701,0.1,-0.418525213075,0.0748892473745,0.00104728233357
lethal_risky_corridor-sarsa-s10-65350bcb473d,10,sarsa,lethal,0.994,100000,shelter,2,0,False,-0.318842977601,0.1,-0.414968239796,0.096125262195,0.325935419
lethal_risky_corridor-sarsa-s10-7404d6ccddb5,10,sarsa,lethal,0.992,100000,shelter,2,0,False,-0.327935782349,0.1,-0.41586633707,0.0879305547205,0.191841423379
lethal_risky_corridor-sarsa-s10-7f0d45131986,10,sarsa,lethal,0.99,100000,other,3,0,True,-0.133261978381,0.1,-0.416758540513,0.283496562131,7.04786047093
lethal_risky_corridor-sarsa-s10-88422f26a241,10,sarsa,lethal,0.989,100000,shelter,2,0,False,-0.363844015109,0.1,-0.417202427945,0.0533584128358,0.00213477140636
lethal_risky_corridor-sarsa-s10-8cf5562aaf93,10,sarsa,lethal,0.9895,100000,shelter,2,0,False,-0.40020772383,0.1,-0.416980668926,0.0167729450955,0.026161275349
lethal_risky_corridor-sarsa-s10-97d2c6ac790a,10,sarsa,lethal,0.98,100000,shelter,2,0,False,-0.335769846811,0.1,-0.421130682774,0.0853608359623,1.78061814342e-05
lethal_risky_corridor-sarsa-s10-b082628614d0,10,sarsa,lethal,0.991,100000,shelter,2,0,False,-0.314468633713,0.1,-0.416313176337,0.101844542625,0.125189916146
lethal_risky_corridor-sarsa-s10-bce4799d59c0,10,sarsa,lethal,0.988,100000,shelter,2,0,False,-0.375689455244,0.1,-0.417644836972,0.0419553817279,0.00168723728239
lethal_risky_corridor-sarsa-s10-d1fe8280d483,10,sarsa,lethal,0.998,100000,shelter,2,0,False,-0.320660821103,0.1,-0.41315441539,0.0924935942874,0.599016722575
lethal_risky_corridor-sarsa-s10-f4deeafa4784,10,sarsa,lethal,1,100000,shelter,2,0,False,-0.355070991824,0.1,-0.412238713567,0.0571677217434,0.737292356516
lethal_risky_corridor-sarsa-s11-3b81d9d5aff7,11,sarsa,lethal,0.98,100000,shelter,2,0,False,-0.371636145128,0.1,-0.421130682774,0.0494945376461,0.000756556104649
lethal_risky_corridor-sarsa-s11-3c52880e722f,11,sarsa,lethal,0.986,100000,shelter,2,0,False,-0.344345997506,0.1,-0.418525213075,0.074179215569,0.00203337969252
lethal_risky_corridor-sarsa-s11-3feee4d11bc5,11,sarsa,lethal,0.991,100000,shelter,2,0,False,-0.361721278885,0.1,-0.416313176337,0.0545918974527,0.124940067574
lethal_risky_corridor-sarsa-s11-5a6e056b3e9b,11,sarsa,lethal,1,100000,shelter,2,0,False,-0.347749467866,0.1,-0.412238713567,0.0644892457015,0.737292356516
lethal_risky_corridor-sarsa-s11-6bd6f1215013,11,sarsa,lethal,0.994,100000,shelter,2,0,False,-0.392956766992,0.1,-0.414968239796,0.0220114728039,0.326110182595
lethal_risky_corridor-sarsa-s11-98d8a5db8b35,11,sarsa,lethal,0.998,100000,shelter,2,0,False,-0.366132530827,0.1,-0.41315441539,0.0470218845632,0.599004320813
lethal_risky_corridor-sarsa-s11-a384c602c394,11,sarsa,lethal,0.984,100000,shelter,2,0,False,-0.352922319966,0.1,-0.419399655293,0.0664773353265,0.000642595991994
lethal_risky_corridor-sarsa-s11-ab61f5143ccb,11,sarsa,lethal,0.992,100000,shelter,2,0,False,-0.354152254129,0.1,-0.41586633707,0.0617140829403,0.191592817757
lethal_risky_corridor-sarsa-s11-b23e2fa93300,11,sarsa,lethal,0.97,100000,shelter,2,0,False,-0.387903512115,0.1,-0.425276869375,0.0373733572597,4.48751253037e-05
lethal_risky_corridor-sarsa-s11-b5bc2b586cb7,11,sarsa,lethal,0.996,100000,shelter,2,0,False,-0.349815494882,0.1,-0.414064261659,0.0642487667764,0.461900264486
lethal_risky_corridor-sarsa-s11-bc9a02b7855e,11,sarsa,lethal,0.9895,100000,shelter,2,0,False,-0.369573673665,0.1,-0.416980668926,0.0474069952606,0.0260469897517
lethal_risky_corridor-sarsa-s11-c9a662ac84e8,11,sarsa,lethal,0.988,100000,shelter,2,0,False,-0.361016805425,0.1,-0.417644836972,0.056628031547,0.00204522089415
lethal_risky_corridor-sarsa-s11-dd0d5b0b7f61,11,sarsa,lethal,0.989,100000,shelter,2,0,False,-0.240527633533,0.1,-0.417202427945,0.176674794413,0.001906104999
lethal_risky_corridor-sarsa-s11-f0b36edb3099,11,sarsa,lethal,0.99,100000,shelter,2,0,False,-0.371544432018,0.1,-0.416758540513,0.0452141084946,0.0586790866524
lethal_risky_corridor-sarsa-s12-0903be0f73b0,12,sarsa,lethal,1,100000,shelter,2,0,False,-0.313585143706,0.1,-0.412238713567,0.0986535698614,0.737292356516
lethal_risky_corridor-sarsa-s12-1534a20ac01b,12,sarsa,lethal,0.99,100000,shelter,2,0,False,-0.341310599146,0.1,-0.416758540513,0.0754479413672,0.0586790866524
lethal_risky_corridor-sarsa-s12-21ea3d0291c3,12,sarsa,lethal,0.991,100000,shelter,2,0,False,-0.178987266801,0.1,-0.416313176337,0.237325909536,0.124940067574
lethal_risky_corridor-sarsa-s12-41f4f5315f94,12,sarsa,lethal,0.986,100000,shelter,2,0,False,-0.350631156948,0.1,-0.418525213075,0.0678940561274,0.00204975504598
lethal_risky_corridor-sarsa-s12-863a9527f1a8,12,sarsa,lethal,0.9895,100000,shelter,2,0,False,-0.35281470572,0.1,-0.416980668926,0.0641659632055,0.0258377241461
lethal_risky_corridor-sarsa-s12-93feffac7c81,12,sarsa,lethal,0.998,100000,shelter,2,0,False,-0.32153219329,0.1,-0.41315441539,0.0916222221004,0.599024408587
lethal_risky_corridor-sarsa-s12-981f160ce364,12,sarsa,lethal,0.994,100000,shelter,2,0,False,-0.332146046783,0.1,-0.414968239796,0.082822193013,0.326047803897
lethal_risky_corridor-sarsa-s12-a24cb122b1fd,12,sarsa,lethal,0.992,100000,shelter,2,0,False,-0.301549987716,0.1,-0.41586633707,0.114316349353,0.191592822587
lethal_risky_corridor-sarsa-s12-a4459d3f86bb,12,sarsa,lethal,0.98,100000,shelter,2,0,False,-0.326392863227,0.1,-0.421130682774,0.0947378195465,0.000684714633286
lethal_risky_corridor-sarsa-s12-b5bf07783c06,12,sarsa,lethal,0.984,100000,shelter,2,0,False,-0.341508187176,0.1,-0.419399655293,0.0778914681165,0.000164901740042
lethal_risky_corridor-sarsa-s12-c0fc1152d482,12,sarsa,lethal,0.989,100000,shelter,2,0,False,-0.34740734102,0.1,-0.417202427945,0.0697950869252,0.00190676306384
lethal_risky_corridor-sarsa-s12-d2f81139fee2,12,sarsa,lethal,0.996,100000,shelter,2,0,False,-0.342706110081,0.1,-0.414064261659,0.0713581515774,0.46193237526
lethal_risky_corridor-sarsa-s12-df0f75548dec,12,sarsa,lethal,0.988,100000,shelter,2,0,False,-0.305856208051,0.1,-0.417644836972,0.11178862892,0.00169008600433
lethal_risky_corridor-sarsa-s12-edfe6c34e1fb,12,sarsa,lethal,0.97,100000,shelter,2,0,False,-0.297724639473,0.1,-0.425276869375,0.127552229902,6.32380515952e-07
lethal_risky_corridor-sarsa-s13-13c7eab2db5a,13,sarsa,lethal,0.984,100000,shelter,2,0,False,-0.377504258349,0.1,-0.419399655293,0.0418953969438,0.000168549253026
lethal_risky_corridor-sarsa-s13-43ffb84e3926,13,sarsa,lethal,0.988,100000,shelter,2,0,False,-0.362800669013,0.1,-0.417644836972,0.054844167959,0.0016846936138
lethal_risky_corridor-sarsa-s13-516ae05ad236,13,sarsa,lethal,0.97,100000,shelter,2,0,False,-0.388178253002,0.1,-0.425276869375,0.0370986163726,1.57821145912e-05
lethal_risky_corridor-sarsa-s13-6cdcab4fa19a,13,sarsa,lethal,0.989,100000,shelter,2,0,False,-0.389065279917,0.1,-0.417202427945,0.0281371480284,0.00190674600311
lethal_risky_corridor-sarsa-s13-70f665db9ca4,13,sarsa,lethal,0.992,100000,shelter,2,0,False,-0.356126462732,0.1,-0.41586633707,0.0597398743379,0.191906634239
lethal_risky_corridor-sarsa-s13-7a653fe40d8c,13,sarsa,lethal,0.99,100000,shelter,2,0,False,-0.380446948405,0.1,-0.416758540513,0.0363115921076,0.0589912579255
lethal_risky_corridor-sarsa-s13-8e577f0a0796,13,sarsa,lethal,0.9895,100000,shelter,2,0,False,-0.352560938381,0.1,-0.416980668926,0.064419730545,0.025835864939
lethal_risky_corridor-sarsa-s13-92f03c89d946,13,sarsa,lethal,0.986,100000,shelter,2,0,False,-0.352630700696,0.1,-0.418525213075,0.0658945123793,0.00195014718613
lethal_risky_corridor-sarsa-s13-aa746a671ac2,13,sarsa,lethal,0.994,100000,shelter,2,0,False,-0.366486872266,0.1,-0.414968239796,0.0484813675305,0.32593507635
lethal_risky_corridor-sarsa-s13-d1f579179daf,13,sarsa,lethal,0.998,100000,shelter,2,0,False,-0.350713905741,0.1,-0.41315441539,0.0624405096491,0.598086246349
lethal_risky_corridor-sarsa-s13-d546127b6c72,13,sarsa,lethal,0.98,100000,shelter,2,0,False,-0.283232765798,0.1,-0.421130682774,0.137897916976,1.65078670245e-05
lethal_risky_corridor-sarsa-s13-d9a090aa52e4,13,sarsa,lethal,0.991,100000,shelter,2,0,False,-0.391131507785,0.1,-0.416313176337,0.0251816685522,0.124938869916
lethal_risky_corridor-sarsa-s13-e5320774f531,13,sarsa,lethal,0.996,100000,shelter,2,0,False,-0.325741783612,0.1,-0.414064261659,0.088322478047,0.462572327173
lethal_risky_corridor-sarsa-s13-f57cf7b131d1,13,sarsa,lethal,1,100000,shelter,2,0,False,-0.252192797957,0.1,-0.412238713567,0.16004591561,0.737292356516
lethal_risky_corridor-sarsa-s14-1a2f83741126,14,sarsa,lethal,0.992,100000,shelter,2,0,False,-0.363792235894,0.1,-0.41586633707,0.0520741011756,0.191593636484
lethal_risky_corridor-sarsa-s14-25a4a394d41e,14,sarsa,lethal,0.994,100000,shelter,2,0,False,-0.314313496767,0.1,-0.414968239796,0.100654743029,0.325935772993
lethal_risky_corridor-sarsa-s14-2f9564edbbed,14,sarsa,lethal,0.989,100000,shelter,2,0,False,-0.3695640198,0.1,-0.417202427945,0.0476384081449,0.00228401053849
lethal_risky_corridor-sarsa-s14-356e95bb0b7e,14,sarsa,lethal,0.984,100000,shelter,2,0,False,-0.381825826621,0.1,-0.419399655293,0.0375738286719,0.000165629702374
lethal_risky_corridor-sarsa-s14-508cf9787101,14,sarsa,lethal,0.98,100000,shelter,2,0,False,-0.358536150415,0.1,-0.421130682774,0.0625945323589,1.07433350429e-05
lethal_risky_corridor-sarsa-s14-5901e5439033,14,sarsa,lethal,0.988,100000,shelter,2,0,False,-0.340330570795,0.1,-0.417644836972,0.077314266177,0.0016831142784
lethal_risky_corridor-sarsa-s14-70c07b43f913,14,sarsa,lethal,0.99,100000,shelter,2,0,False,-0.33968461993,0.1,-0.416758540513,0.0770739205829,0.0586591427186
lethal_risky_corridor-sarsa-s14-791852b76238,14,sarsa,lethal,0.986,100000,shelter,2,0,False,-0.357707752411,0.1,-0.418525213075,0.0608174606642,0.00105174556445
lethal_risky_corridor-sarsa-s14-80425ec64f6c,14,sarsa,lethal,0.97,100000,shelter,2,0,False,-0.352601634728,0.1,-0.425276869375,0.0726752346468,0
lethal_risky_corridor-sarsa-s14-a3b1ad08ce42,14,sarsa,lethal,0.998,100000,shelter,2,0,False,-0.197546172786,0.1,-0.41315441539,0.215608242604,0.598084947685
lethal_risky_corridor-sarsa-s14-aca4d6dc2560,14,sarsa,lethal,1,100000,shelter,2,0,False,-0.351825961237,0.1,-0.412238713567,0.0604127523303,0.737292356516
lethal_risky_corridor-sarsa-s14-cb709fc5411f,14,sarsa,lethal,0.991,100000,shelter,2,0,False,-0.0419863888154,0.1,-0.416313176337,0.374326787522,0.160699362513
lethal_risky_corridor-sarsa-s14-d4d0cb36edec,14,sarsa,lethal,0.996,100000,shelter,2,0,False,-0.171976764589,0.1,-0.414064261659,0.242087497069,0.460277778897
lethal_risky_corridor-sarsa-s14-fe8a9ee99f92,14,sarsa,lethal,0.9895,100000,shelter,2,0,False,-0.383508274727,0.1,-0.416980668926,0.0334723941984,0.0261830891319
lethal_risky_corridor-sarsa-s15-1200d9e2523e,15,sarsa,lethal,0.989,100000,shelter,2,0,False,-0.380668227847,0.1,-0.417202427945,0.0365342000985,0.00190461756068
lethal_risky_corridor-sarsa-s15-2d981d8c9324,15,sarsa,lethal,0.988,100000,shelter,2,0,False,-0.330004869995,0.1,-0.417644836972,0.0876399669764,0.00168494870358
lethal_risky_corridor-sarsa-s15-54655ad3deb0,15,sarsa,lethal,0.991,100000,shelter,2,0,False,-0.365005587605,0.1,-0.416313176337,0.0513075887329,0.125191083882
lethal_risky_corridor-sarsa-s15-5d66b5eec0f9,15,sarsa,lethal,0.98,100000,shelter,2,0,False,-0.369823824812,0.1,-0.421130682774,0.0513068579618,2.3684276921e-05
lethal_risky_corridor-sarsa-s15-8f12dd526c11,15,sarsa,lethal,0.992,100000,shelter,2,0,False,-0.377789257725,0.1,-0.41586633707,0.0380770793449,0.191715895707
lethal_risky_corridor-sarsa-s15-9b7ad9b116e0,15,sarsa,lethal,0.9895,100000,shelter,2,0,False,-0.364560353688,0.1,-0.416980668926,0.0524203152371,0.0260459227552
lethal_risky_corridor-sarsa-s15-ba9749d81bdc,15,sarsa,lethal,0.97,100000,shelter,2,0,False,-0.367614615078,0.1,-0.425276869375,0.0576622542968,4.48751253037e-05
lethal_risky_corridor-sarsa-s15-d02c8649958c,15,sarsa,lethal,0.996,100000,shelter,2,0,False,-0.363245032667,0.1,-0.414064261659,0.050819228992,0.461850515059
lethal_risky_corridor-sarsa-s15-d48f0e4a844e,15,sarsa,lethal,0.986,100000,shelter,2,0,False,-0.35363987792,0.1,-0.418525213075,0.0648853351556,0.00104979412401
lethal_risky_corridor-sarsa-s15-e2fdbdf885b8,15,sarsa,lethal,0.998,100000,shelter,2,0,False,-0.324792717736,0.1,-0.41315441539,0.0883616976545,0.599024590715
lethal_risky_corridor-sarsa-s15-e35b664a537f,15,sarsa,lethal,0.99,100000,shelter,2,0,False,-0.32696131967,0.1,-0.416758540513,0.0897972208425,0.0589912579255
lethal_risky_corridor-sarsa-s15-ea2aa7feb0ac,15,sarsa,lethal,0.984,100000,shelter,2,0,False,-0.284216211868,0.1,-0.419399655293,0.135183443425,0.00134157169486
lethal_risky_corridor-sarsa-s15-eeb54422f5c7,15,sarsa,lethal,1,100000,shelter,2,0,False,-0.356191921575,0.1,-0.412238713567,0.056046791992,0.737292356516
lethal_risky_corridor-sarsa-s15-fe5ae1cacce1,15,sarsa,lethal,0.994,100000,shelter,2,0,False,-0.328960051779,0.1,-0.414968239796,0.0860081880175,0.326018743619
lethal_risky_corridor-sarsa-s16-2549537a080c,16,sarsa,lethal,0.988,100000,shelter,2,0,False,-0.454159767117,0.1,-0.417644836972,0.0365149301452,0.00369797524426
lethal_risky_corridor-sarsa-s16-2bb0ac9b383f,16,sarsa,lethal,0.989,100000,shelter,2,0,False,-0.386745954446,0.1,-0.417202427945,0.0304564734991,0.00190809818035
lethal_risky_corridor-sarsa-s16-4196360e9a24,16,sarsa,lethal,0.996,100000,shelter,2,0,False,-0.413674417001,0.1,-0.414064261659,0.000389844657912,0.461850514749
lethal_risky_corridor-sarsa-s16-4a450c74a08d,16,sarsa,lethal,0.97,100000,shelter,2,0,False,-0.313067237169,0.1,-0.425276869375,0.112209632206,0
lethal_risky_corridor-sarsa-s16-8864e65872cb,16,sarsa,lethal,1,100000,shelter,2,0,False,-0.245897100581,0.1,-0.412238713567,0.166341612986,0.737292356516
lethal_risky_corridor-sarsa-s16-918605eca142,16,sarsa,lethal,0.984,100000,shelter,2,0,False,-0.378790468019,0.1,-0.419399655293,0.0406091872735,0.000161957341001
lethal_risky_corridor-sarsa-s16-9e2c6e20cc92,16,sarsa,lethal,0.986,100000,shelter,2,0,False,-0.384295808345,0.1,-0.418525213075,0.0342294047301,0.00105007306338
lethal_risky_corridor-sarsa-s16-a7f5f74e085f,16,sarsa,lethal,0.992,100000,shelter,2,0,False,-0.325072695615,0.1,-0.41586633707,0.0907936414551,0.191794819799
lethal_risky_corridor-sarsa-s16-a8626b2b8409,16,sarsa,lethal,0.9895,100000,shelter,2,0,False,-0.395402147178,0.1,-0.416980668926,0.0215785217471,0.0258377241461
lethal_risky_corridor-sarsa-s16-c5707033865b,16,sarsa,lethal,0.994,100000,shelter,2,0,False,-0.375759233178,0.1,-0.414968239796,0.0392090066184,0.326115445512
lethal_risky_corridor-sarsa-s16-d0cfbd96b71f,16,sarsa,lethal,0.991,100000,shelter,2,0,False,-0.339374385569,0.1,-0.416313176337,0.0769387907681,0.125192173423
lethal_risky_corridor-sarsa-s16-d8fd04072364,16,sarsa,lethal,0.99,100000,shelter,2,0,False,-0.406800058353,0.1,-0.416758540513,0.00995848215932,0.0593805611525
lethal_risky_corridor-sarsa-s16-db76374a409c,16,sarsa,lethal,0.998,100000,shelter,2,0,False,-0.371740554359,0.1,-0.41315441539,0.0414138610315,0.599016709915
lethal_risky_corridor-sarsa-s16-fd6585fb26bf,16,sarsa,lethal,0.98,100000,shelter,2,0,False,-0.34881868019,0.1,-0.421130682774,0.0723120025836,2.3684276921e-05
lethal_risky_corridor-sarsa-s17-03398f6fd2b5,17,sarsa,lethal,0.9895,100000,shelter,2,0,False,-0.364231294459,0.1,-0.416980668926,0.0527493744664,0.0258370407432
lethal_risky_corridor-sarsa-s17-04df31609ebc,17,sarsa,lethal,0.97,100000,shelter,2,0,False,-0.322948712319,0.1,-0.425276869375,0.102328157056,6.32380515952e-07
lethal_risky_corridor-sarsa-s17-05bbbd4924eb,17,sarsa,lethal,0.996,100000,shelter,2,0,False,-0.330302091296,0.1,-0.414064261659,0.0837621703624,0.461900366118
lethal_risky_corridor-sarsa-s17-32797acd8fc8,17,sarsa,lethal,0.989,100000,shelter,2,0,False,-0.366600609952,0.1,-0.417202427945,0.0506018179937,0.00190816977723
lethal_risky_corridor-sarsa-s17-3a1adea85ffb,17,sarsa,lethal,0.994,100000,shelter,2,0,False,-0.342267315046,0.1,-0.414968239796,0.0727009247504,0.325935773567
lethal_risky_corridor-sarsa-s17-40c7b31c73f1,17,sarsa,lethal,0.984,100000,shelter,2,0,False,-0.381585590569,0.1,-0.419399655293,0.0378140647238,0.000138618556376
lethal_risky_corridor-sarsa-s17-4eb5b86848d3,17,sarsa,lethal,0.992,100000,shelter,2,0,False,-0.27978468805,0.1,-0.41586633707,0.13608164902,0.191579739745
lethal_risky_corridor-sarsa-s17-5f6111054f17,17,sarsa,lethal,0.998,100000,shelter,2,0,False,-0.333608712547,0.1,-0.41315441539,0.0795457028437,0.599024971096
lethal_risky_corridor-sarsa-s17-9582b0293af4,17,sarsa,lethal,0.98,100000,shelter,2,0,False,-0.365273989003,0.1,-0.421130682774,0.0558566937712,3.08699909199e-05
lethal_risky_corridor-sarsa-s17-9a6417ff3512,17,sarsa,lethal,0.986,100000,shelter,2,0,False,-0.359801419231,0.1,-0.418525213075,0.0587237938437,0.00195014718613
lethal_risky_corridor-sarsa-s17-b7554b82dd13,17,sarsa,lethal,1,100000,shelter,2,0,False,-0.337566179418,0.1,-0.412238713567,0.0746725341493,0.737292356516
lethal_risky_corridor-sarsa-s17-d8269c0b9a3e,17,sarsa,lethal,0.991,100000,shelter,2,0,False,-0.305353557262,0.1,-0.416313176337,0.110959619075,0.125193371059
lethal_risky_corridor-sarsa-s17-eec14d439cd9,17,sarsa,lethal,0.99,100000,shelter,2,0,False,-0.345484268202,0.1,-0.416758540513,0.0712742723105,0.0589911487809
lethal_risky_corridor-sarsa-s17-f923487c04f6,17,sarsa,lethal,0.988,100000,shelter,2,0,False,-0.304612615303,0.1,-0.417644836972,0.113032221669,0.0021124340749
lethal_risky_corridor-sarsa-s18-0030ca14f293,18,sarsa,lethal,0.988,100000,shelter,2,0,False,-0.336502931284,0.1,-0.417644836972,0.0811419056878,0.00168312248168
lethal_risky_corridor-sarsa-s18-2733a5267916,18,sarsa,lethal,0.98,100000,shelter,2,0,False,-0.354283511062,0.1,-0.421130682774,0.0668471717116,2.38643254882e-05
lethal_risky_corridor-sarsa-s18-2cafbc030a02,18,sarsa,lethal,1,100000,shelter,2,0,False,-0.41126911054,0.1,-0.412238713567,0.000969603027549,0.737292356516
lethal_risky_corridor-sarsa-s18-6c30ed1674ca,18,sarsa,lethal,0.994,100000,shelter,2,0,False,-0.405653410135,0.1,-0.414968239796,0.00931482966149,0.326047965785
lethal_risky_corridor-sarsa-s18-6c46ccb42745,18,sarsa,lethal,0.986,100000,shelter,2,0,False,-0.375102521089,0.1,-0.418525213075,0.0434226919861,0.00104728233357
lethal_risky_corridor-sarsa-s18-8db4d4b36e1b,18,sarsa,lethal,0.984,100000,shelter,2,0,False,-0.416800645786,0.1,-0.419399655293,0.00259900950706,0.000168599252142
lethal_risky_corridor-sarsa-s18-8fe03974ac5c,18,sarsa,lethal,0.97,100000,shelter,2,0,False,-0.37474227965,0.1,-0.425276869375,0.0505345897249,2.85831800459e-05
lethal_risky_corridor-sarsa-s18-97175e6250eb,18,sarsa,lethal,0.998,100000,shelter,2,0,False,-0.388003466823,0.1,-0.41315441539,0.0251509485668,0.599024965618
lethal_risky_corridor-sarsa-s18-9beaaa3499bb,18,sarsa,lethal,0.9895,100000,shelter,2,0,False,-0.350843737237,0.1,-0.416980668926,0.0661369316886,0.025835879137
lethal_risky_corridor-sarsa-s18-b342bd392bbb,18,sarsa,lethal,0.989,100000,shelter,2,0,False,-0.40442213457,0.1,-0.417202427945,0.0127802933756,0.00190460648213
lethal_risky_corridor-sarsa-s18-b4ac7b931d55,18,sarsa,lethal,0.996,100000,shelter,2,0,False,-0.409477945243,0.1,-0.414064261659,0.0045863164161,0.461900366118
lethal_risky_corridor-sarsa-s18-bdc44daf37b6,18,sarsa,lethal,0.99,100000,shelter,2,0,False,-0.384412790475,0.1,-0.416758540513,0.0323457500376,0.0586780711615
lethal_risky_corridor-sarsa-s18-d15cd054977a,18,sarsa,lethal,0.991,100000,shelter,2,0,False,-0.40403916358,0.1,-0.416313176337,0.0122740127576,0.159759606696
lethal_risky_corridor-sarsa-s18-e86e45c5393c,18,sarsa,lethal,0.992,100000,shelter,2,0,False,-0.174022108619,0.1,-0.41586633707,0.241844228451,0.230894833203
lethal_risky_corridor-sarsa-s19-3e85b0f83a9f,19,sarsa,lethal,0.994,100000,shelter,2,0,False,-0.347099758791,0.1,-0.414968239796,0.0678684810047,0.326117130083
lethal_risky_corridor-sarsa-s19-43242fed893a,19,sarsa,lethal,0.989,100000,shelter,2,0,False,-0.405765036268,0.1,-0.417202427945,0.0114373916775,0.00416439216023
lethal_risky_corridor-sarsa-s19-4e30e95e60fd,19,sarsa,lethal,0.9895,100000,shelter,2,0,False,-0.384997322993,0.1,-0.416980668926,0.0319833459321,0.0261794982491
lethal_risky_corridor-sarsa-s19-53b4797054c7,19,sarsa,lethal,0.988,100000,shelter,2,0,False,-0.355224857885,0.1,-0.417644836972,0.0624199790866,0.00213515468729
lethal_risky_corridor-sarsa-s19-5c5c54081758,19,sarsa,lethal,0.97,100000,shelter,2,0,False,-0.35187365241,0.1,-0.425276869375,0.073403216965,2.38222806157e-05
lethal_risky_corridor-sarsa-s19-73abb56bccc8,19,sarsa,lethal,0.984,100000,shelter,2,0,False,-0.40787037065,0.1,-0.419399655293,0.011529284643,0.000168599252142
lethal_risky_corridor-sarsa-s19-81b2c7210885,19,sarsa,lethal,0.98,100000,shelter,2,0,False,-0.206448703907,0.1,-0.421130682774,0.214681978867,1.78061814342e-05
lethal_risky_corridor-sarsa-s19-863f2aefb2fd,19,sarsa,lethal,1,100000,shelter,2,0,False,-0.220850337726,0.1,-0.412238713567,0.191388375842,0.737292356516
lethal_risky_corridor-sarsa-s19-91cd4f4e958c,19,sarsa,lethal,0.991,100000,shelter,2,0,False,-0.414526299591,0.1,-0.416313176337,0.00178687674651,0.125477856185
lethal_risky_corridor-sarsa-s19-b6df2e7486df,19,sarsa,lethal,0.992,100000,shelter,2,0,False,-0.381493919198,0.1,-0.41586633707,0.0343724178715,0.191592820936
lethal_risky_corridor-sarsa-s19-b70c4d23f298,19,sarsa,lethal,0.998,100000,shelter,2,0,False,-0.343860078633,0.1,-0.41315441539,0.0692943367573,0.599024958436
lethal_risky_corridor-sarsa-s19-d5764c4339d4,19,sarsa,lethal,0.986,100000,shelter,2,0,False,-0.437070154186,0.1,-0.418525213075,0.0185449411108,0.00204996520959
lethal_risky_corridor-sarsa-s19-dff251bb7f77,19,sarsa,lethal,0.996,100000,shelter,2,0,False,-0.35144935333,0.1,-0.414064261659,0.0626149083284,0.461900366118
lethal_risky_corridor-sarsa-s19-eb2759bb99c9,19,sarsa,lethal,0.99,100000,shelter,2,0,False,-0.376234258424,0.1,-0.416758540513,0.0405242820887,0.0961993609955
lethal_risky_corridor-sarsa-s2-23406ddf0a8d,2,sarsa,lethal,0.99,100000,shelter,2,0,False,-0.311955760327,0.1,-0.416758540513,0.104802780186,0.0586780787159
lethal_risky_corridor-sarsa-s2-282760c9a2a3,2,sarsa,lethal,0.989,100000,shelter,2,0,False,-0.317729244142,0.1,-0.417202427945,0.0994731838036,0.00213477140636
lethal_risky_corridor-sarsa-s2-2d1e8f2456ef,2,sarsa,lethal,1,100000,shelter,2,0,False,-0.323742918045,0.1,-0.412238713567,0.0884957955222,0.737292356516
lethal_risky_corridor-sarsa-s2-310a31ee4e48,2,sarsa,lethal,0.984,100000,shelter,2,0,False,-0.427849417751,0.1,-0.419399655293,0.00844976245811,0.000164886349645
lethal_risky_corridor-sarsa-s2-633e84570159,2,sarsa,lethal,0.994,100000,shelter,2,0,False,-0.309175280369,0.1,-0.414968239796,0.105792959427,0.326046946333
lethal_risky_corridor-sarsa-s2-7a4670203c5c,2,sarsa,lethal,0.986,100000,shelter,2,0,False,-0.33020906847,0.1,-0.418525213075,0.0883161446048,0.00104979412401
lethal_risky_corridor-sarsa-s2-982de2c0f35c,2,sarsa,lethal,0.996,100000,shelter,2,0,False,-0.361095448242,0.1,-0.414064261659,0.0529688134164,0.461931231884
lethal_risky_corridor-sarsa-s2-b0d1c8463249,2,sarsa,lethal,0.991,100000,shelter,2,0,False,-0.313358992234,0.1,-0.416313176337,0.102954184103,0.12493887502
lethal_risky_corridor-sarsa-s2-c06dc065b124,2,sarsa,lethal,0.988,100000,shelter,2,0,False,-0.30116338978,0.1,-0.417644836972,0.116481447192,0.00245319300522
lethal_risky_corridor-sarsa-s2-c927c0bace69,2,sarsa,lethal,0.98,100000,shelter,2,0,False,-0.334375011292,0.1,-0.421130682774,0.0867556714813,1.78061814342e-05
lethal_risky_corridor-sarsa-s2-c9cfc62677fa,2,sarsa,lethal,0.9895,100000,shelter,2,0,False,-0.312990513991,0.1,-0.416980668926,0.103990154934,0.0263895395389
lethal_risky_corridor-sarsa-s2-d16d92ccfc59,2,sarsa,lethal,0.97,100000,shelter,2,0,False,-0.321312901908,0.1,-0.425276869375,0.103963967467,9.15418029512e-05
lethal_risky_corridor-sarsa-s2-ebb179cb847d,2,sarsa,lethal,0.992,100000,shelter,2,0,False,-0.348124237403,0.1,-0.41586633707,0.0677420996669,0.191715895707
lethal_risky_corridor-sarsa-s2-ee975c6d4243,2,sarsa,lethal,0.998,100000,shelter,2,0,False,-0.338635163212,0.1,-0.41315441539,0.0745192521782,0.599024958436
lethal_risky_corridor-sarsa-s3-2445cc1767ae,3,sarsa,lethal,0.996,100000,shelter,2,0,False,-0.359540042168,0.1,-0.414064261659,0.0545242194906,0.461931127648
lethal_risky_corridor-sarsa-s3-253b4bfd7b6f,3,sarsa,lethal,0.991,100000,shelter,2,0,False,-0.387280401474,0.1,-0.416313176337,0.0290327748639,0.124922723341
lethal_risky_corridor-sarsa-s3-3bb252948cb9,3,sarsa,lethal,0.994,100000,shelter,2,0,False,-0.150962972177,0.1,-0.414968239796,0.264005267619,0.324143821449
lethal_risky_corridor-sarsa-s3-3cbb830bda43,3,sarsa,lethal,0.992,100000,shelter,2,0,False,-0.36525673806,0.1,-0.41586633707,0.0506095990094,0.191593300381
lethal_risky_corridor-sarsa-s3-5dd497cf6e30,3,sarsa,lethal,1,100000,shelter,2,0,False,-0.381885874138,0.1,-0.412238713567,0.0303528394295,0.737292356516
lethal_risky_corridor-sarsa-s3-5e143318628f,3,sarsa,lethal,0.99,100000,shelter,2,0,False,-0.362907582835,0.1,-0.416758540513,0.0538509576773,0.0591804924745
lethal_risky_corridor-sarsa-s3-6618bde85e5e,3,sarsa,lethal,0.998,100000,shelter,2,0,False,-0.358877439923,0.1,-0.41315441539,0.0542769754669,0.599015425369
lethal_risky_corridor-sarsa-s3-7842f61dd013,3,sarsa,lethal,0.9895,100000,shelter,2,0,False,-0.384283380668,0.1,-0.416980668926,0.032697288258,0.0263895395389
lethal_risky_corridor-sarsa-s3-9a7c7100ef51,3,sarsa,lethal,0.97,100000,shelter,2,0,False,-0.402361721578,0.1,-0.425276869375,0.0229151477975,0
lethal_risky_corridor-sarsa-s3-a05c1635f8f4,3,sarsa,lethal,0.986,100000,shelter,2,0,False,-0.393885608961,0.1,-0.418525213075,0.0246396041139,0.00141696766347
lethal_risky_corridor-sarsa-s3-a4b2e9158b88,3,sarsa,lethal,0.984,100000,shelter,2,0,False,-0.407173674844,0.1,-0.419399655293,0.0122259804483,0.000168549253026
lethal_risky_corridor-sarsa-s3-db502bb2cc85,3,sarsa,lethal,0.98,100000,shelter,2,0,False,-0.388057071465,0.1,-0.421130682774,0.0330736113085,4.52299691798e-05
lethal_risky_corridor-sarsa-s3-ef3d7df8be66,3,sarsa,lethal,0.988,100000,shelter,2,0,False,-0.419778177939,0.1,-0.417644836972,0.00213334096742,0.00168503318871
lethal_risky_corridor-sarsa-s3-ff4e15932cb6,3,sarsa,lethal,0.989,100000,shelter,2,0,False,-0.382876875982,0.1,-0.417202427945,0.034325551963,0.00228600221427
lethal_risky_corridor-sarsa-s4-01a322390844,4,sarsa,lethal,0.994,100000,shelter,2,0,False,-0.333296898729,0.1,-0.414968239796,0.0816713410673,0.326046946333
lethal_risky_corridor-sarsa-s4-1492bf9d67bd,4,sarsa,lethal,0.996,100000,shelter,2,0,False,-0.336331263942,0.1,-0.414064261659,0.077732997717,0.460274841661
lethal_risky_corridor-sarsa-s4-54dfb1e42dc5,4,sarsa,lethal,0.9895,100000,shelter,2,0,False,-0.362909913846,0.1,-0.416980668926,0.0540707550794,0.0258367993461
lethal_risky_corridor-sarsa-s4-5b5208fa28f5,4,sarsa,lethal,0.97,100000,shelter,2,0,False,-0.34402851639,0.1,-0.425276869375,0.0812483529845,6.08295733322e-05
lethal_risky_corridor-sarsa-s4-731d084ddff5,4,sarsa,lethal,0.989,100000,shelter,2,0,False,-0.41505615648,0.1,-0.417202427945,0.00214627146558,0.00228401053849
lethal_risky_corridor-sarsa-s4-744ee084d6a4,4,sarsa,lethal,0.992,100000,shelter,2,0,False,-0.394166026387,0.1,-0.41586633707,0.0217003106826,0.191716325526
lethal_risky_corridor-sarsa-s4-80861f6012e3,4,sarsa,lethal,0.98,100000,shelter,2,0,False,-0.385289933334,0.1,-0.421130682774,0.0358407494394,1.60955959654e-05
lethal_risky_corridor-sarsa-s4-8a9875048111,4,sarsa,lethal,0.998,100000,shelter,2,0,False,-0.341323980704,0.1,-0.41315441539,0.0718304346858,0.599023120002
lethal_risky_corridor-sarsa-s4-a912e4ca64cd,4,sarsa,lethal,0.984,100000,shelter,2,0,False,-0.401487366953,0.1,-0.419399655293,0.0179122883396,0.000962730567839
lethal_risky_corridor-sarsa-s4-b3e7c737d7a8,4,sarsa,lethal,0.991,100000,shelter,2,0,False,-0.41663579092,0.1,-0.416313176337,0.000322614582478,0.125367191455
lethal_risky_corridor-sarsa-s4-bdad78415dad,4,sarsa,lethal,0.988,100000,shelter,2,0,False,-0.355769062147,0.1,-0.417644836972,0.0618757748248,0.00168747614385
lethal_risky_corridor-sarsa-s4-beb1aafe3302,4,sarsa,lethal,0.99,100000,shelter,2,0,False,-0.432024183136,0.1,-0.416758540513,0.0152656426228,0.0586780711615
lethal_risky_corridor-sarsa-s4-e46c9445eb6a,4,sarsa,lethal,0.986,100000,shelter,2,0,False,-0.402985683801,0.1,-0.418525213075,0.0155395292744,0.00165960349836
lethal_risky_corridor-sarsa-s4-fbb0761833f4,4,sarsa,lethal,1,100000,shelter,2,0,False,-0.369856660968,0.1,-0.412238713567,0.0423820526,0.737292356516
lethal_risky_corridor-sarsa-s5-16c79589b8fc,5,sarsa,lethal,1,100000,shelter,2,0,False,-0.349747412205,0.1,-0.412238713567,0.0624913013622,0.737292356516
lethal_risky_corridor-sarsa-s5-25fdce2e1792,5,sarsa,lethal,0.9895,100000,shelter,2,0,False,-0.370072269259,0.1,-0.416980668926,0.0469083996668,0.0264051504618
lethal_risky_corridor-sarsa-s5-2ef5515871b7,5,sarsa,lethal,0.994,100000,shelter,2,0,False,-0.358306175325,0.1,-0.414968239796,0.0566620644711,0.326004937143
lethal_risky_corridor-sarsa-s5-59115ef9df79,5,sarsa,lethal,0.992,100000,shelter,2,0,False,-0.362426949041,0.1,-0.41586633707,0.0534393880286,0.191594155949
lethal_risky_corridor-sarsa-s5-60662dffeeae,5,sarsa,lethal,0.988,100000,shelter,2,0,False,-0.373194113884,0.1,-0.417644836972,0.044450723088,0.00168444976052
lethal_risky_corridor-sarsa-s5-94f670628fcf,5,sarsa,lethal,0.97,100000,shelter,2,0,False,-0.338221486373,0.1,-0.425276869375,0.0870553830016,3.37433612838e-05
lethal_risky_corridor-sarsa-s5-9ed10313c7c5,5,sarsa,lethal,0.998,100000,shelter,2,0,False,-0.34627867928,0.1,-0.41315441539,0.0668757361098,0.599004338565
lethal_risky_corridor-sarsa-s5-a645fe34b8ef,5,sarsa,lethal,0.99,100000,shelter,2,0,False,-0.376861957223,0.1,-0.416758540513,0.0398965832897,0.0588689241937
lethal_risky_corridor-sarsa-s5-beda3d5d0c7e,5,sarsa,lethal,0.984,100000,shelter,2,0,False,-0.365682399708,0.1,-0.419399655293,0.0537172555843,0.0014235773994
lethal_risky_corridor-sarsa-s5-c7545b94599c,5,sarsa,lethal,0.991,100000,shelter,2,0,False,-0.328470023028,0.1,-0.416313176337,0.0878431533095,0.124937702159
lethal_risky_corridor-sarsa-s5-cc5662e2eb73,5,sarsa,lethal,0.98,100000,shelter,2,0,False,-0.407628398009,0.1,-0.421130682774,0.0135022847647,4.52784707328e-05
lethal_risky_corridor-sarsa-s5-ed2098d5ced4,5,sarsa,lethal,0.989,100000,shelter,2,0,False,-0.361795300209,0.1,-0.417202427945,0.055407127736,0.00190676306384
lethal_risky_corridor-sarsa-s5-f7f63330674d,5,sarsa,lethal,0.996,100000,shelter,2,0,False,-0.359132915828,0.1,-0.414064261659,0.0549313458308,0.461900169127
lethal_risky_corridor-sarsa-s5-fa5081da6e03,5,sarsa,lethal,0.986,100000,shelter,2,0,False,-0.34554482029,0.1,-0.418525213075,0.0729803927849,0.00141696766347
lethal_risky_corridor-sarsa-s6-0fa703694b9b,6,sarsa,lethal,0.98,100000,shelter,2,0,False,-0.372794741156,0.1,-0.421130682774,0.0483359416182,0.00129030247339
lethal_risky_corridor-sarsa-s6-237aafb80a90,6,sarsa,lethal,0.994,100000,shelter,2,0,False,-0.375557052362,0.1,-0.414968239796,0.0394111874338,0.326047290532
lethal_risky_corridor-sarsa-s6-2864a194fb6d,6,sarsa,lethal,0.9895,100000,shelter,2,0,False,-0.358129575673,0.1,-0.416980668926,0.0588510932522,0.0261812299699
lethal_risky_corridor-sarsa-s6-32613a33ce56,6,sarsa,lethal,0.996,100000,shelter,2,0,False,-0.350310588199,0.1,-0.414064261659,0.0637536734596,0.461900264486
lethal_risky_corridor-sarsa-s6-7060571d7920,6,sarsa,lethal,0.986,100000,shelter,2,0,False,-0.417368207134,0.1,-0.418525213075,0.0011570059409,0.0014245082507
lethal_risky_corridor-sarsa-s6-73645e6fedd9,6,sarsa,lethal,1,100000,shelter,2,0,False,-0.376753537002,0.1,-0.412238713567,0.0354851765653,0.737292356516
lethal_risky_corridor-sarsa-s6-73a7e081f426,6,sarsa,lethal,0.989,100000,shelter,2,0,False,-0.374700439565,0.1,-0.417202427945,0.0425019883805,0.00190460648213
lethal_risky_corridor-sarsa-s6-767a584555fd,6,sarsa,lethal,0.984,100000,shelter,2,0,False,-0.326104954438,0.1,-0.419399655293,0.0932947008544,0.000161907341861
lethal_risky_corridor-sarsa-s6-81ab13c3a054,6,sarsa,lethal,0.998,100000,shelter,2,0,False,-0.384750631886,0.1,-0.41315441539,0.0284037835042,0.599032917217
lethal_risky_corridor-sarsa-s6-952abc315903,6,sarsa,lethal,0.988,100000,shelter,2,0,False,-0.358657215891,0.1,-0.417644836972,0.0589876210805,0.00213237224484
lethal_risky_corridor-sarsa-s6-a6da684e01a2,6,sarsa,lethal,0.991,100000,shelter,2,0,False,-0.359864176372,0.1,-0.416313176337,0.0564489999658,0.124937702159
lethal_risky_corridor-sarsa-s6-c8ef246ec911,6,sarsa,lethal,0.97,100000,shelter,2,0,False,-0.353516400774,0.1,-0.425276869375,0.0717604686006,0.00293217861109
lethal_risky_corridor-sarsa-s6-f32dc82fc3eb,6,sarsa,lethal,0.992,100000,shelter,2,0,False,-0.392033311448,0.1,-0.41586633707,0.0238330256216,0.191592817757
lethal_risky_corridor-sarsa-s6-ff97742c078d,6,sarsa,lethal,0.99,100000,shelter,2,0,False,-0.376491633536,0.1,-0.416758540513,0.0402669069772,0.0586780711615
lethal_risky_corridor-sarsa-s7-0c9614ff723e,7,sarsa,lethal,0.99,100000,shelter,2,0,False,-0.375964742247,0.1,-0.416758540513,0.0407937982655,0.0589896533066
lethal_risky_corridor-sarsa-s7-17711c4a4f3e,7,sarsa,lethal,0.97,100000,shelter,2,0,False,-0.402057043383,0.1,-0.425276869375,0.0232198259924,0
lethal_risky_corridor-sarsa-s7-445a76e184b3,7,sarsa,lethal,0.994,100000,shelter,2,0,False,-0.40304708245,0.1,-0.414968239796,0.0119211573464,0.326047290532
lethal_risky_corridor-sarsa-s7-57cf4a1455c8,7,sarsa,lethal,0.992,100000,shelter,2,0,False,-0.372887167256,0.1,-0.41586633707,0.0429791698138,0.191791965507
lethal_risky_corridor-sarsa-s7-6ce8c2a63598,7,sarsa,lethal,0.996,100000,shelter,2,0,False,-0.366772128511,0.1,-0.414064261659,0.0472921331478,0.461900270759
lethal_risky_corridor-sarsa-s7-7296cfbc0efb,7,sarsa,lethal,0.98,100000,shelter,2,0,False,-0.370107811285,0.1,-0.421130682774,0.0510228714886,2.0161333377e-05
lethal_risky_corridor-sarsa-s7-7941e46649d7,7,sarsa,lethal,0.991,100000,shelter,2,0,False,-0.352075090562,0.1,-0.416313176337,0.0642380857754,0.124940072522
lethal_risky_corridor-sarsa-s7-b7fc09e98739,7,sarsa,lethal,0.988,100000,shelter,2,0,False,-0.37609619864,0.1,-0.417644836972,0.0415486383316,0.0021377419754
lethal_risky_corridor-sarsa-s7-b9a14a0363b7,7,sarsa,lethal,0.998,100000,shelter,2,0,False,-0.362637475597,0.1,-0.41315441539,0.0505169397936,0.599024971096
lethal_risky_corridor-sarsa-s7-c45f54399b9c,7,sarsa,lethal,0.986,100000,shelter,2,0,False,-0.374104573814,0.1,-0.418525213075,0.0444206392613,0.00105450708105
lethal_risky_corridor-sarsa-s7-cec81904b89f,7,sarsa,lethal,0.9895,100000,shelter,2,0,False,-0.367163677106,0.1,-0.416980668926,0.0498169918195,0.026161275349
lethal_risky_corridor-sarsa-s7-e5abc1405639,7,sarsa,lethal,0.984,100000,shelter,2,0,False,-0.367399811067,0.1,-0.419399655293,0.0519998442256,0.000645574859975
lethal_risky_corridor-sarsa-s7-eb125e482daa,7,sarsa,lethal,0.989,100000,shelter,2,0,False,-0.123156127999,0.1,-0.417202427945,0.294046299946,3.30293968798e-06
lethal_risky_corridor-sarsa-s7-f4e5954ed9f2,7,sarsa,lethal,1,100000,shelter,2,0,False,-0.406145360055,0.1,-0.412238713567,0.00609335351208,0.737292356516
lethal_risky_corridor-sarsa-s8-1033eb74ccfd,8,sarsa,lethal,0.988,100000,shelter,2,0,False,-0.314368490122,0.1,-0.417644836972,0.10327634685,0.00168588109243
lethal_risky_corridor-sarsa-s8-1a7e39944a2f,8,sarsa,lethal,0.994,100000,shelter,2,0,False,-0.347524163378,0.1,-0.414968239796,0.0674440764178,0.326046946333
lethal_risky_corridor-sarsa-s8-272487279f0f,8,sarsa,lethal,0.9895,100000,shelter,2,0,False,-0.368264449269,0.1,-0.416980668926,0.048716219657,0.0258388999502
lethal_risky_corridor-sarsa-s8-4fddab8ee425,8,sarsa,lethal,0.992,100000,shelter,2,0,False,-0.353369475464,0.1,-0.41586633707,0.0624968616057,0.191592817757
lethal_risky_corridor-sarsa-s8-50575d85a323,8,sarsa,lethal,0.991,100000,shelter,2,0,False,-0.344787963425,0.1,-0.416313176337,0.0715252129124,0.125093590608
lethal_risky_corridor-sarsa-s8-58bc2d1aa681,8,sarsa,lethal,0.984,100000,shelter,2,0,False,-0.37371394287,0.1,-0.419399655293,0.0456857124223,0.000171528259418
lethal_risky_corridor-sarsa-s8-84a65a6bcb9f,8,sarsa,lethal,0.97,100000,shelter,2,0,False,-0.292661809107,0.1,-0.425276869375,0.132615060268,0.00017497194419
lethal_risky_corridor-sarsa-s8-9edb9576cb5a,8,sarsa,lethal,0.998,100000,shelter,2,0,False,-0.3126368931,0.1,-0.41315441539,0.10051752229,0.599016722575
lethal_risky_corridor-sarsa-s8-bf4208020477,8,sarsa,lethal,0.98,100000,shelter,2,0,False,-0.327957429846,0.1,-0.421130682774,0.0931732529282,1.07433350429e-05
lethal_risky_corridor-sarsa-s8-cbd7e76fa458,8,sarsa,lethal,0.99,100000,shelter,2,0,False,-0.373941593869,0.1,-0.416758540513,0.0428169466442,0.0589912579255
lethal_risky_corridor-sarsa-s8-e8334543bec8,8,sarsa,lethal,1,100000,shelter,2,0,False,-0.316132404514,0.1,-0.412238713567,0.0961063090531,0.737292356516
lethal_risky_corridor-sarsa-s8-ee25a94274f8,8,sarsa,lethal,0.986,100000,shelter,2,0,False,-0.365832069905,0.1,-0.418525213075,0.05269314317,0.00105022297206
lethal_risky_corridor-sarsa-s8-eee0c404774c,8,sarsa,lethal,0.989,100000,shelter,2,0,False,-0.285621820238,0.1,-0.417202427945,0.131580607707,0.00190895135492
lethal_risky_corridor-sarsa-s8-f32083370a68,8,sarsa,lethal,0.996,100000,shelter,2,0,False,-0.339770903936,0.1,-0.414064261659,0.0742933577227,0.461881972832
lethal_risky_corridor-sarsa-s9-2bce528b9530,9,sarsa,lethal,0.991,100000,shelter,2,0,False,-0.3680923161,0.1,-0.416313176337,0.0482208602379,0.125093456349
lethal_risky_corridor-sarsa-s9-32b14160a1df,9,sarsa,lethal,1,100000,shelter,2,0,False,-0.214468954,0.1,-0.412238713567,0.197769759567,0.737292356516
lethal_risky_corridor-sarsa-s9-363e724eabd1,9,sarsa,lethal,0.9895,100000,shelter,2,0,False,-0.388065057188,0.1,-0.416980668926,0.0289156117378,0.0258377241461
lethal_risky_corridor-sarsa-s9-3c28ddca4bc1,9,sarsa,lethal,0.984,100000,shelter,2,0,False,-0.371156592579,0.1,-0.419399655293,0.0482430627137,0.000171528259418
lethal_risky_corridor-sarsa-s9-4d3db877894d,9,sarsa,lethal,0.99,100000,shelter,2,0,False,-0.399525861264,0.1,-0.416758540513,0.0172326792484,0.0586790032156
lethal_risky_corridor-sarsa-s9-4ecdc3866a73,9,sarsa,lethal,0.996,100000,shelter,2,0,False,-0.324964318911,0.1,-0.414064261659,0.0890999427474,0.461895560636
lethal_risky_corridor-sarsa-s9-5af1aba70098,9,sarsa,lethal,0.98,100000,shelter,2,0,False,-0.405913965194,0.1,-0.421130682774,0.0152167175798,1.07987914788e-05
lethal_risky_corridor-sarsa-s9-5f585101ad34,9,sarsa,lethal,0.994,100000,shelter,2,0,False,-0.384431885749,0.1,-0.414968239796,0.0305363540469,0.326004937143
lethal_risky_corridor-sarsa-s9-61f996f1c7c9,9,sarsa,lethal,0.97,100000,shelter,2,0,False,-0.397120570327,0.1,-0.425276869375,0.0281562990476,3.28793381081e-05
lethal_risky_corridor-sarsa-s9-88cd3cefed5e,9,sarsa,lethal,0.989,100000,shelter,2,0,False,-0.363358581934,0.1,-0.417202427945,0.0538438460114,0.00190460648213
lethal_risky_corridor-sarsa-s9-890ba52b6c7d,9,sarsa,lethal,0.986,100000,shelter,2,0,False,-0.298623272039,0.1,-0.418525213075,0.119901941036,0.00104935942005
lethal_risky_corridor-sarsa-s9-918ce6e38903,9,sarsa,lethal,0.988,100000,shelter,2,0,False,-0.438170835039,0.1,-0.417644836972,0.0205259980673,0.00195616494752
lethal_risky_corridor-sarsa-s9-94193affa8cc,9,sarsa,lethal,0.998,100000,shelter,2,0,False,-0.342126223421,0.1,-0.41315441539,0.0710281919693,0.599016709915
lethal_risky_corridor-sarsa-s9-a7ffe5f46b93,9,sarsa,lethal,0.992,100000,shelter,2,0,False,-0.351605376546,0.1,-0.41586633707,0.0642609605239,0.191793623906
